Date,CGW_Open,CGW_High,CGW_Low,CGW_Close,CGW_Volume,CGW_ATRPercentOfClose20,CGW_SQN25,CGW_SQN50,CGW_SQN100,CGW_SQN200,CGW_MACD,CGW_MACD_Avg,CGW_MACD_Diff,CGW_LinReg10,CGW_LinReg30,CGW_LinReg90,CGW_LinReg270
1/3/2017, 28.5, 28.61, 28.42, 28.58, 71573, 0, 0, 0, 0, 0, 0, 0, 0, 28.58, 28.58, 28.58, 28.58
1/4/2017, 28.68, 28.87, 28.68, 28.85, 75423, 0, 0, 0, 0, 0, 0.0215384615384622, 0.00430769230769244, 0.0172307692307697, 28.85, 28.85, 28.85, 28.85
1/5/2017, 28.9, 29.04, 28.83, 28.95, 31157, 0, 0, 0, 0, 0, 0.0461450799912306, 0.0126751698444001, 0.0334699101468306, 28.9783333333333, 28.9783333333333, 28.9783333333333, 28.9783333333333
1/6/2017, 28.85, 28.88, 28.78, 28.8, 32573, 0, 0, 0, 0, 0, 0.0529320878389434, 0.0207265534433087, 0.0322055343956347, 28.909, 28.909, 28.909, 28.909
1/9/2017, 28.8, 28.82, 28.53, 28.61, 104489, 0, 0, 0, 0, 0, 0.0424896342969632, 0.0250791696140396, 0.0174104646829235, 28.76, 28.76, 28.76, 28.76
1/10/2017, 28.57, 28.66, 28.52, 28.63, 121850, 0, 0, 0, 0, 0, 0.0354194540655364, 0.027147226504339, 0.00827222756119739, 28.692380952381, 28.692380952381, 28.692380952381, 28.692380952381
1/11/2017, 28.62, 28.87, 28.62, 28.84, 47134, 0, 0, 0, 0, 0, 0.0462286353193626, 0.0309635082673437, 0.0152651270520189, 28.7514285714286, 28.7514285714286, 28.7514285714286, 28.7514285714286
1/12/2017, 28.9, 28.9, 28.71, 28.81, 20889, 0, 0, 0, 0, 0, 0.0517773826228556, 0.0351262831384461, 0.0166510994844095, 28.7758333333333, 28.7758333333333, 28.7758333333333, 28.7758333333333
1/13/2017, 28.77, 28.92, 28.77, 28.92, 33336, 0, 0, 0, 0, 0, 0.0643095648962699, 0.0409629394900109, 0.0233466254062591, 28.8333333333333, 28.8333333333333, 28.8333333333333, 28.8333333333333
1/17/2017, 28.97, 29.15, 28.95, 29.04, 96521, 0, 0, 0, 0, 0, 0.0829680032598148, 0.0493639522439717, 0.0336040510158431, 28.914, 28.914, 28.914, 28.914
1/18/2017, 29.02, 29.11, 28.97, 29, 45467, 0, 0, 0, 0, 0, 0.093450050373594, 0.0581811718698961, 0.0352688785036979, 28.9374545454545, 28.9581818181818, 28.9581818181818, 28.9581818181818
1/19/2017, 28.98, 29.02, 28.89, 29.01, 21722, 0, 0, 0, 0, 0, 0.101395243407197, 0.0668239861773562, 0.0345712572298405, 28.9954545454545, 28.9928205128205, 28.9928205128205, 28.9928205128205
1/20/2017, 29.02, 29.08, 28.98, 29.05, 41017, 0, 0, 0, 0, 0, 0.109655491585578, 0.0753902872590005, 0.0342652043265771, 29.0785454545454, 29.0291208791209, 29.0291208791209, 29.0291208791209
1/23/2017, 29.15, 29.2, 29.04, 29.17, 48390, 0, 0, 0, 0, 0, 0.124450210339745, 0.0852022718751494, 0.0392479384645957, 29.1676363636363, 29.0871428571429, 29.0871428571429, 29.0871428571429
1/24/2017, 29.09, 29.42, 29.09, 29.36, 66797, 0, 0, 0, 0, 0, 0.149779973348394, 0.0981178121697985, 0.051662161178596, 29.2641818181818, 29.17775, 29.17775, 29.17775
1/25/2017, 29.53, 29.71, 29.53, 29.7, 445969, 0, 0, 0, 0, 0, 0.195040842106188, 0.117502418157076, 0.0775384239491116, 29.4412727272727, 29.3265441176471, 29.3265441176471, 29.3265441176471
1/26/2017, 29.69, 29.72, 29.5, 29.54, 36661, 0, 0, 0, 0, 0, 0.215515416294132, 0.137105017784487, 0.0784103985096441, 29.5467272727272, 29.4111764705882, 29.4111764705882, 29.4111764705882
1/27/2017, 29.55, 29.6, 29.49, 29.57, 41616, 0, 0, 0, 0, 0, 0.231493895600423, 0.155982793347674, 0.0755111022527482, 29.6183636363636, 29.4853801169591, 29.4853801169591, 29.4853801169591
1/30/2017, 29.45, 29.45, 29.2, 29.36, 68256, 0, 0, 0, 0, 0, 0.224622403369164, 0.169710715351972, 0.0549116880171916, 29.5979999999999, 29.5046842105263, 29.5046842105263, 29.5046842105263
1/31/2017, 29.46, 29.62, 29.42, 29.58, 92468, 0, 0, 0, 0, 0, 0.234228813690898, 0.182614335019757, 0.0516144786711402, 29.6536363636363, 29.5605714285714, 29.5605714285714, 29.5605714285714
2/1/2017, 29.71, 29.71, 29.48, 29.53, 28202, 0, 0, 0, 0, 0, 0.235097325325405, 0.193110933080887, 0.0419863922445184, 29.6545454545454, 29.5977489177489, 29.5977489177489, 29.5977489177489
2/2/2017, 29.6, 29.68, 29.53, 29.55, 151277, 0.715939086294416, 0, 0, 0, 0, 0.234694052955568, 0.201427557055823, 0.0332664958997448, 29.6354545454545, 29.6317391304348, 29.6317391304348, 29.6317391304348
2/3/2017, 29.58, 29.77, 29.58, 29.7, 72665, 0.713744107744107, 0, 0, 0, 0, 0.24366933468341, 0.209875912581341, 0.0337934221020698, 29.6467272727272, 29.684347826087, 29.684347826087, 29.684347826087
2/6/2017, 29.66, 29.66, 29.4, 29.46, 48103, 0.734497284453496, 0, 0, 0, 0, 0.228779092906841, 0.213656548646441, 0.0151225442604, 29.5636363636363, 29.6911666666667, 29.6911666666667, 29.6911666666667
2/7/2017, 29.56, 29.57, 29.49, 29.51, 81072, 0.715227905794645, 0, 0, 0, 0, 0.218494383903469, 0.214624115697846, 0.00387026820562242, 29.52, 29.7037846153846, 29.7037846153846, 29.7037846153846
2/8/2017, 29.68, 29.75, 29.63, 29.7, 87738, 0.715523795454545, 1.49755878589782, 0, 0, 0, 0.223103294127, 0.216319951383677, 0.00678334274332301, 29.6018181818181, 29.7416239316239, 29.7416239316239, 29.7416239316239
2/9/2017, 29.7, 29.78, 29.65, 29.69, 136254, 0.701869447246548, 1.17614032739537, 0, 0, 0, 0.223374055195269, 0.217730772145995, 0.00564328304927311, 29.6481818181818, 29.7726455026455, 29.7726455026455, 29.7726455026455
2/10/2017, 29.77, 29.92, 29.75, 29.92, 191576, 0.700086186307236, 1.31005741267352, 0, 0, 0, 0.239388195004366, 0.22206225671767, 0.0173259382866967, 29.7718181818181, 29.8304187192118, 29.8304187192118, 29.8304187192118
2/13/2017, 29.93, 30.02, 29.93, 29.95, 124607, 0.681110175612583, 1.60887628377383, 0, 0, 0, 0.251599977532809, 0.227969800880698, 0.0236301766521115, 29.8447272727273, 29.8847586206896, 29.8847586206896, 29.8847586206896
2/14/2017, 30.03, 30.03, 29.75, 29.91, 45389, 0.694727090324876, 1.92053930200067, 0, 0, 0, 0.255109494014832, 0.233397739507524, 0.0217117545073074, 29.9156363636363, 29.9272688172043, 29.9272688172043, 29.9272688172043
2/15/2017, 29.77, 30.03, 29.76, 30.01, 38458, 0.702776504766284, 2.03226678753668, 0, 0, 0, 0.26292909246639, 0.239304010099298, 0.0236250823670923, 29.9930909090909, 29.973935483871, 29.976814516129, 29.976814516129
2/16/2017, 30.04, 30.07, 29.93, 30, 62161, 0.691193558754479, 1.74731622790983, 0, 0, 0, 0.265261494757883, 0.244495507031015, 0.0207659877268686, 30.0449090909091, 30.0281075268817, 30.0193181818182, 30.0193181818182
2/17/2017, 29.9, 29.9, 29.79, 29.85, 55208, 0.695109427956538, 1.52122636211333, 0, 0, 0, 0.252100140487595, 0.246016433722331, 0.00608370676526449, 30.0503636363636, 30.0624946236559, 30.0394830659536, 30.0394830659536
2/21/2017, 29.89, 30.15, 29.85, 30.15, 33514, 0.703534514204893, 1.68692671838959, 0, 0, 0, 0.262847225996769, 0.249382592177218, 0.0134646338195503, 30.1032727272727, 30.1191397849462, 30.0908403361344, 30.0908403361344
2/22/2017, 30.09, 30.11, 29.95, 30.08, 43160, 0.70315782324181, 1.41759701594894, 0, 0, 0, 0.262687851669238, 0.252043644075622, 0.0106442075936156, 30.1043636363636, 30.1455268817204, 30.129, 30.129
2/23/2017, 30.12, 30.16, 29.92, 30.02, 72135, 0.709308392969951, 1.38874703035171, 0, 0, 0, 0.254783067205569, 0.252591528701612, 0.0021915385039572, 30.0916363636363, 30.1561505376344, 30.1566216216216, 30.1566216216216
2/24/2017, 29.87, 29.94, 29.81, 29.92, 22704, 0.711188705184159, 1.22263442253592, 0, 0, 0, 0.237709141290093, 0.249615051219308, -0.0119059099292149, 30.024909090909, 30.1591182795699, 30.1707965860597, 30.1707965860597
2/27/2017, 29.91, 30.08, 29.86, 30.04, 88568, 0.709548194279445, 1.31828018300598, 0, 0, 0, 0.231195847296028, 0.245931210434652, -0.0147353631386236, 30.0330909090909, 30.1683440860215, 30.1953441295546, 30.1953441295546
2/28/2017, 30.06, 30.22, 30.02, 30.08, 69111, 0.706419094692381, 1.21672395749439, 0, 0, 0, 0.226649011861412, 0.242074770720004, -0.0154257588585925, 30.0545454545454, 30.1820430107527, 30.2212179487179, 30.2212179487179
3/1/2017, 30.23, 30.54, 30.23, 30.45, 193271, 0.73847724301903, 1.35013369082683, 0, 0, 0, 0.250019451200536, 0.24366370681611, 0.00635574438442599, 30.1887272727273, 30.2432043010752, 30.2800731707317, 30.2800731707317
3/2/2017, 30.39, 30.43, 30.26, 30.27, 23588, 0.737109363972018, 0.739599426148631, 0, 0, 0, 0.251121425597852, 0.245155250572459, 0.00596617502539284, 30.2512727272727, 30.2697634408602, 30.3166550522648, 30.3166550522648
3/3/2017, 30.25, 30.4, 30.18, 30.35, 62510, 0.734651908568743, 1.07587714969686, 0, 0, 0, 0.255504779606031, 0.247225156379173, 0.00827962322685821, 30.3252727272727, 30.2989462365591, 30.3571760797342, 30.3571760797342
3/6/2017, 30.31, 30.31, 30.21, 30.24, 47168, 0.723606188948686, 0.879210608336551, 0, 0, 0, 0.247252367166787, 0.247230598536696, 2.17686300911513E-05, 30.3121818181818, 30.3081935483871, 30.3841649048626, 30.3841649048626
3/7/2017, 30.19, 30.22, 30.12, 30.14, 41826, 0.709613755677434, 1.0638836177525, 0, 0, 0, 0.229991903094252, 0.243782859448207, -0.0137909563539554, 30.3032727272727, 30.3050752688172, 30.3998484848485, 30.3998484848485
3/8/2017, 30.08, 30.08, 29.86, 29.86, 40030, 0.72733994193945, 0.375135884608803, 0, 0, 0, 0.191511574797033, 0.233328602517972, -0.0418170277209392, 30.1841818181818, 30.2728387096774, 30.3898550724638, 30.3898550724638
3/9/2017, 29.85, 29.97, 29.81, 29.84, 27798, 0.718245714912747, 0.415354222338288, 0, 0, 0, 0.15758525975167, 0.218179933964712, -0.060594674213042, 30.0581818181818, 30.257505376344, 30.3785291396855, 30.3785291396855
3/10/2017, 29.95, 30.1, 29.95, 30.1, 20448, 0.71962888791849, 0.691863039790131, 0, 0, 0, 0.149949710815829, 0.204533889334935, -0.0545841785191066, 30.0118181818182, 30.2635913978494, 30.3890957446808, 30.3890957446808
3/13/2017, 30.17, 30.29, 30.16, 30.29, 30895, 0.710722616376006, 0.731328355180428, 0, 0, 0, 0.157415309674455, 0.195110173402839, -0.0376948637283841, 30.0452727272728, 30.2921720430107, 30.4139115646258, 30.4139115646258
3/14/2017, 30.09, 30.18, 29.97, 30, 23282, 0.735046621584258, 0.664322332276756, 0, 0, 0, 0.138336615792475, 0.183755461880767, -0.0454188460882911, 29.9729090909091, 30.2653118279569, 30.4136979591837, 30.4136979591837
3/15/2017, 29.99, 30.54, 29.99, 30.45, 28281, 0.778286657312032, 1.01998557900186, 0, 0, 0, 0.157709871402975, 0.178546343785208, -0.0208364723822331, 30.1343636363637, 30.3060860215053, 30.4481176470588, 30.4481176470588
3/16/2017, 30.58, 30.58, 30.47, 30.53, 25467, 0.758725426773462, 0.909910354341449, 1.65892354432003, 0, 0, 0.177472850910881, 0.178331645210343, -0.000858794299461729, 30.2874545454546, 30.348064516129, 30.4860105580694, 30.4860105580694
3/17/2017, 30.62, 30.74, 30.55, 30.68, 56328, 0.751489338833901, 1.07392329651333, 1.57248554366556, 0, 0, 0.202899996099003, 0.183245315388075, 0.0196546807109279, 30.4941818181819, 30.4039569892473, 30.5323149492017, 30.5323149492017
3/20/2017, 30.73, 30.73, 30.57, 30.66, 66340, 0.740473198618816, 0.82034098566126, 1.46935843467038, 0, 0, 0.218913856333586, 0.190379023577177, 0.0285348327564089, 30.654, 30.4600215053763, 30.573857442348, 30.573857442348
3/21/2017, 30.84, 30.87, 30.51, 30.56, 39317, 0.764651925921801, 0.673542150645392, 1.5279596424546, 0, 0, 0.220988375248616, 0.196500893911465, 0.0244874813371514, 30.7363636363636, 30.4812043010752, 30.6052592592592, 30.6052592592592
3/22/2017, 30.48, 30.7, 30.48, 30.69, 43483, 0.759184578473826, 0.853305960167233, 1.83594875149063, 0, 0, 0.230465694908553, 0.203293854110883, 0.0271718407976701, 30.7847272727273, 30.5151182795698, 30.6436103896104, 30.6436103896104
3/23/2017, 30.73, 30.89, 30.68, 30.77, 92345, 0.753474357416108, 0.830597744462509, 1.88477923902113, 0, 0, 0.241646322050574, 0.210964347698821, 0.0306819743517532, 30.8114545454546, 30.5642365591397, 30.6848872180451, 30.6848872180451
3/24/2017, 30.85, 30.95, 30.74, 30.81, 44002, 0.748951174255403, 0.884685143888851, 1.74945381016146, 0, 0, 0.250843151611406, 0.218940108481338, 0.0319030431300679, 30.8532727272727, 30.6108602150537, 30.7261282516636, 30.7261282516636
3/27/2017, 30.68, 30.93, 30.65, 30.87, 26833, 0.755472186422693, 1.13457619581036, 1.83106690365627, 0, 0, 0.259976358229029, 0.227147358430876, 0.0328289997981526, 30.9150909090909, 30.6732043010752, 30.7686791350088, 30.7686791350088
3/28/2017, 30.86, 31, 30.85, 30.99, 77075, 0.739120847858183, 0.968026531121725, 1.8326661021839, 0, 0, 0.273741960470989, 0.236466278838899, 0.0372756816320905, 30.9287272727273, 30.7466451612903, 30.816406779661, 30.816406779661
3/29/2017, 30.89, 30.97, 30.82, 30.97, 37839, 0.730064169240195, 1.03166394437637, 1.70922954093815, 0, 0, 0.279811968375991, 0.245135416746317, 0.0346765516296742, 30.9714545454546, 30.8081720430107, 30.859825136612, 30.859825136612
3/30/2017, 30.91, 30.97, 30.9, 30.94, 23911, 0.705545667592126, 1.07103544419773, 1.7211616639812, 0, 0, 0.278985769801555, 0.251905487357365, 0.0270802824441898, 30.9914545454546, 30.8657204301075, 30.8986039132734, 30.8986039132734
3/31/2017, 30.9, 31.15, 30.9, 31.07, 75586, 0.707695648778094, 1.34630959335485, 1.818012813485, 0, 0, 0.285529508584528, 0.258630291602797, 0.0268992169817304, 31.064, 30.9330967741935, 30.9431490015361, 30.9431490015361
4/3/2017, 31.08, 31.14, 30.88, 31.03, 220575, 0.715072465909075, 1.15886809996251, 1.74394867269302, 0, 0, 0.284211588729772, 0.263746551028192, 0.0204650377015794, 31.0974545454546, 30.9784946236559, 30.9825148809524, 30.9825148809524
4/4/2017, 31.01, 31.04, 30.95, 31.04, 60202, 0.69359741257412, 1.12260084533322, 1.6483811773866, 0, 0, 0.280737872732683, 0.26714481536909, 0.0135930573635925, 31.0941818181819, 31.0375483870967, 31.0201105769231, 31.0201105769231
4/5/2017, 31.11, 31.23, 31.02, 31.05, 36789, 0.692521755297445, 0.762745356247191, 1.50037154697449, 0, 0, 0.27561472917106, 0.268838798129484, 0.00677593104157603, 31.0941818181819, 31.0874623655914, 31.0560559440559, 31.0560559440559
4/6/2017, 31.1, 31.18, 31, 31.14, 43026, 0.684895969071495, 1.1383751863908, 1.32137124440836, 0, 0, 0.275639448840206, 0.270198928271629, 0.00544052056857713, 31.1216363636364, 31.1385376344086, 31.0952012663953, 31.0952012663953
4/7/2017, 31.18, 31.3, 31.16, 31.21, 69738, 0.674824654054535, 1.12360639419192, 1.55503772769157, 0, 0, 0.278101671386224, 0.271779476894548, 0.00632219449167648, 31.1610909090909, 31.1846021505376, 31.136167690957, 31.136167690957
4/10/2017, 31.25, 31.26, 31.1, 31.18, 55034, 0.667357715855996, 1.24782465429216, 1.49735115287917, 0, 0, 0.274468350915026, 0.272317251698643, 0.00215109921638224, 31.1803636363637, 31.2265376344085, 31.1730818414322, 31.1730818414322
4/11/2017, 31.21, 31.32, 31.07, 31.3, 31259, 0.671495300363273, 1.55668013646975, 1.84752967619279, 0, 0, 0.278066537430014, 0.273467108844918, 0.0045994285850966, 31.2481818181818, 31.2790107526881, 31.2147122153209, 31.2147122153209
4/12/2017, 31.39, 31.42, 31.25, 31.33, 30526, 0.66444024118423, 2.2111131483433, 1.68798735405024, 0, 0, 0.280109942392698, 0.274795675554474, 0.00531426683822467, 31.3054545454546, 31.3520860215053, 31.2557263581489, 31.2557263581489
4/13/2017, 31.24, 31.29, 31.08, 31.09, 37034, 0.676296787342774, 1.74535825687558, 1.47228726255463, 0, 0, 0.259373465455852, 0.271711233534749, -0.0123377680788977, 31.2541818181819, 31.3770322580645, 31.2812676056338, 31.2812676056338
4/17/2017, 31.26, 31.39, 31.15, 31.37, 79109, 0.684563715733583, 1.75115587479127, 1.66685830772619, 0, 0, 0.262507297309256, 0.269870446289651, -0.00736314898039497, 31.3174545454546, 31.4375483870967, 31.3205821917808, 31.3205821917808
4/18/2017, 31.21, 31.33, 31.19, 31.33, 72017, 0.679892294108981, 1.45179705819188, 1.49722438154478, 0, 0, 0.258780159333327, 0.267652388898386, -0.00887222956505918, 31.3425454545455, 31.4790752688171, 31.3556571640133, 31.3556571640133
4/19/2017, 31.36, 31.41, 31.17, 31.19, 36609, 0.687270737278379, 1.81877615670735, 1.6308706590134, 0, 0, 0.241742884174595, 0.262470487953628, -0.0207276037790326, 31.3049090909091, 31.4891397849462, 31.3814486486486, 31.3814486486486
4/20/2017, 31.37, 31.43, 31.31, 31.36, 28174, 0.687633149902009, 1.72526073177328, 1.72465071488647, 0, 0, 0.239200940569614, 0.257816578476825, -0.0186156379072114, 31.3198181818182, 31.4953333333333, 31.4147122807018, 31.4147122807018
4/21/2017, 31.37, 31.49, 31.37, 31.49, 30038, 0.67119615121882, 1.79375006622101, 1.67269824046088, 0, 0, 0.24485382303785, 0.25522402738903, -0.0103702043511797, 31.3807272727273, 31.5070107526881, 31.452949419002, 31.452949419002
4/24/2017, 31.86, 31.98, 31.85, 31.89, 68152, 0.706464987826486, 1.90685956652683, 1.94497606549838, 0, 0, 0.278401194509684, 0.259859460813161, 0.0185417336965228, 31.5747272727273, 31.576129032258, 31.5096303696304, 31.5096303696304
4/25/2017, 32.06, 32.27, 32.05, 32.24, 51269, 0.722788772912447, 2.27190206555365, 1.99541841127427, 0, 0, 0.329432312392065, 0.273774031128942, 0.0556582812631232, 31.8465454545455, 31.6907741935483, 31.5811911716975, 31.5811911716975
4/26/2017, 32.17, 32.27, 32.09, 32.21, 30727, 0.715230504090731, 2.42470466484553, 1.94048078771959, 0, 0, 0.363266580677216, 0.291672541038596, 0.0715940396386195, 32.0741818181819, 31.7696989247311, 31.647914556962, 31.647914556962
4/27/2017, 32.27, 32.33, 32.22, 32.25, 96617, 0.69723087782711, 2.29668830509031, 2.01410038158902, 0, 0, 0.388826003627944, 0.311103233556466, 0.0777227700714781, 32.2720000000001, 31.869440860215, 31.7135, 31.7135
4/28/2017, 32.25, 32.25, 32.07, 32.11, 35631, 0.693285923993401, 1.90183824077996, 1.79204596248516, 0, 0, 0.393252035812957, 0.327532994007764, 0.0657190418051924, 32.3232727272728, 31.9451397849462, 31.7692803372478, 31.7692803372478
5/1/2017, 32.24, 32.24, 32.06, 32.09, 88471, 0.687078232111458, 1.80751011226753, 1.78380522854965, 0, 0, 0.390642778569724, 0.340154950920156, 0.0504878276495679, 32.3680000000001, 32.0181075268817, 31.821531002057, 31.821531002057
5/2/2017, 32.16, 32.2, 32.07, 32.13, 223298, 0.672142030657761, 1.77653560881337, 1.9755165553302, 0, 0, 0.387337602341329, 0.349591481204391, 0.0377461211369385, 32.3792727272728, 32.0857204301075, 31.8732788296041, 31.8732788296041
5/3/2017, 32.14, 32.14, 31.98, 32.04, 62139, 0.665297355579968, 1.46395904142022, 1.6687731296536, 0, 0, 0.373154485896393, 0.354304082142791, 0.0188504037536017, 32.2878181818182, 32.1257634408602, 31.9184677871148, 31.9184677871148
5/4/2017, 32.17, 32.26, 32.11, 32.24, 25630, 0.662230797429995, 1.7344121336232, 1.8934224354346, 0, 0, 0.373744300808234, 0.35819212587588, 0.0155521749323541, 32.253090909091, 32.1903010752688, 31.9708481532148, 31.9708481532148
5/5/2017, 32.22, 32.5, 32.2, 32.5, 49251, 0.670240149651874, 2.06243680227221, 2.14124094841476, 0, 0, 0.390687952937927, 0.364691291288289, 0.0259966616496382, 32.2861818181819, 32.2831612903225, 32.0327906976744, 32.0327906976744
5/8/2017, 32.47, 32.5, 32.34, 32.36, 72986, 0.66420471633194, 1.66295084219695, 2.1072104803336, 0, 0, 0.388342518533126, 0.369421536737257, 0.018920981795869, 32.2958181818182, 32.3497634408601, 32.0857288401254, 32.0857288401254
5/9/2017, 32.4, 32.42, 32.23, 32.27, 311152, 0.662193411511513, 1.58823535995658, 1.91811990740504, 0, 0, 0.37489988452899, 0.370517206295603, 0.00438267823338651, 32.3187272727273, 32.3989462365591, 32.1323493360572, 32.1323493360572
5/10/2017, 32.36, 32.38, 32.27, 32.29, 177241, 0.645727231960443, 1.6010490374167, 1.89881320762751, 0, 0, 0.361690984559601, 0.368751961948403, -0.00706097738880163, 32.3409090909091, 32.4496344086021, 32.1778277153558, 32.1778277153558
5/11/2017, 32.3, 32.3, 32.05, 32.24, 14523, 0.653163948635315, 1.51592832185861, 1.59650942595168, 0, 0, 0.343231692736754, 0.363647908106073, -0.0204162153693188, 32.3494545454546, 32.4842580645161, 32.21915995116, 32.21915995116
5/12/2017, 32.18, 32.31, 32.1, 32.23, 39705, 0.653276618641093, 1.38662099478425, 1.78446271821267, 0, 0, 0.324060091533823, 0.355730344791623, -0.0316702532577999, 32.327090909091, 32.5074193548387, 32.2572869352869, 32.2582775919733
5/15/2017, 32.32, 32.45, 32.3, 32.4, 117439, 0.651307103329085, 1.49090292725033, 1.84828885473145, 0, 0, 0.318907867326011, 0.348365849298501, -0.0294579819724896, 32.3529090909091, 32.5524946236559, 32.3061709401709, 32.3029873772791
5/16/2017, 32.49, 32.5, 32.32, 32.42, 29518, 0.646120686010772, 1.55980693780901, 1.98600612448469, 0, 0, 0.312832388333266, 0.341259157105454, -0.0284267687721877, 32.3767272727273, 32.5888602150537, 32.3555506715507, 32.3466735300846
5/17/2017, 32.19, 32.26, 32.01, 32.03, 50519, 0.685291008693281, 0.826574943761556, 1.6399081041638, 0, 0, 0.273396245095839, 0.327686574703531, -0.0542903296076923, 32.232, 32.567440860215, 32.3820073260073, 32.3722127659574
5/18/2017, 32.02, 32.07, 31.9, 32.02, 189710, 0.677775685759635, 0.78109381634426, 1.95694463719302, 0, 0, 0.238585634353175, 0.30986638663346, -0.0712807522802849, 32.1243636363637, 32.5390322580645, 32.4014383394383, 32.3962039473684
5/19/2017, 32.25, 32.51, 32.25, 32.46, 22314, 0.710636432074008, 1.46854468270162, 2.23643298205977, 0, 0, 0.243693154319995, 0.296631740170767, -0.0529385858507715, 32.2327272727273, 32.566193548387, 32.4380488400488, 32.4371799828179
5/22/2017, 32.59, 32.59, 32.44, 32.57, 30658, 0.695851877674738, 1.31827144542186, 2.13119248873386, 0, 0, 0.253692571338782, 0.28804390640437, -0.0343513350655882, 32.3532727272728, 32.6034623655913, 32.4813284493285, 32.4809636019356
5/23/2017, 32.71, 32.74, 32.59, 32.7, 27353, 0.684425103152077, 1.50360500661867, 2.08150876099304, 0, 0, 0.269006159358192, 0.284236356995134, -0.0152301976369427, 32.4892727272728, 32.6464516129031, 32.5268913308913, 32.528231292517
5/24/2017, 32.82, 32.92, 32.77, 32.85, 62336, 0.680720420986888, 1.85646103242929, 2.57588019918636, 0, 0, 0.289904199437693, 0.285369925483646, 0.00453427395404693, 32.6576363636364, 32.7066666666666, 32.5786056166056, 32.5796222222222
5/25/2017, 32.93, 32.94, 32.79, 32.84, 30543, 0.669719322105612, 1.65938473503835, 2.30976735514638, 0, 0, 0.302175835403823, 0.288731107467681, 0.0134447279361413, 32.7820000000001, 32.7576129032257, 32.6296703296703, 32.6286475247525
5/26/2017, 32.78, 32.78, 32.63, 32.71, 53496, 0.670862225956921, 1.34836754424669, 2.0834130489109, 2.6066449623885, 0, 0.297976395372686, 0.290580165048682, 0.00739623032400361, 32.8267272727274, 32.7663225806451, 32.6713797313797, 32.6707280139779
5/30/2017, 32.71, 32.8, 32.63, 32.77, 70065, 0.66209057798286, 1.05468845558793, 2.00237560449098, 2.49124533792464, 0, 0.296076818193043, 0.291679495677555, 0.00439732251548874, 32.9000000000001, 32.7908602150537, 32.7132161172161, 32.7135084713497
5/31/2017, 32.8, 32.83, 32.66, 32.76, 21256, 0.655124323213474, 0.674877932857032, 2.01396429769611, 2.41937269538896, 0, 0.290416729882011, 0.291426942518446, -0.00101021263643464, 32.9536363636365, 32.8024301075268, 32.7527496947497, 32.7542793129201
6/1/2017, 32.79, 33, 32.79, 32.99, 41551, 0.654403734072439, 0.974894589993883, 2.31428538455891, 2.66021905907842, 0, 0.301020173742231, 0.293345588763203, 0.00767458497902779, 32.9901818181819, 32.8246236559139, 32.8022857142857, 32.8022252747253
6/2/2017, 33.05, 33.17, 33, 33.09, 77919, 0.647003331148301, 1.04342937600337, 2.28291097783151, 2.88041491322233, 0, 0.31387449387497, 0.297451369785556, 0.0164231240894133, 33.0069090909092, 32.8592258064515, 32.8576166056166, 32.8521599281222
6/5/2017, 32.99, 33.05, 32.9, 32.9, 41023, 0.647078213261776, 0.974111993144602, 1.9872524153752, 2.72748980441629, 0, 0.305211929946204, 0.299003481817686, 0.00620844812851779, 32.9876363636365, 32.8672258064515, 32.9094652014652, 32.8932093105272
6/6/2017, 32.82, 32.89, 32.75, 32.88, 29328, 0.637908441468881, 0.974739845047183, 1.92799214355298, 2.5887778644989, 0, 0.293351380657896, 0.297873061585728, -0.00452168092783195, 32.9594545454546, 32.890258064516, 32.9545396825397, 32.9320093457944
6/7/2017, 32.82, 32.88, 32.74, 32.81, 44572, 0.628640904532824, 0.835298674113714, 1.79966723410075, 2.56441185449988, 0, 0.27513184625073, 0.293324818518728, -0.0181929722679983, 32.9161818181819, 32.9213548387096, 32.9947741147741, 32.9668263676521
6/8/2017, 32.77, 32.89, 32.66, 32.88, 75607, 0.630913098352673, 1.03922822706413, 1.7531304756305, 2.53425306432484, 0, 0.263305922185275, 0.287321039252038, -0.0240151170667628, 32.921090909091, 32.9556559139784, 33.0310280830281, 33.0028907422852
6/9/2017, 32.78, 32.86, 32.73, 32.81, 40567, 0.623505075895889, 0.718522752754626, 1.70407927941978, 2.41012268091795, 0, 0.245455914188867, 0.278948014239403, -0.0334921000505368, 32.8981818181819, 32.9794193548386, 33.0665323565324, 33.0351302211302
6/12/2017, 32.74, 32.8, 32.66, 32.71, 24155, 0.617069442468265, 0.281371733079679, 1.63421911542252, 2.37231973454735, 0, 0.220696438816304, 0.267297699154784, -0.0466012603384792, 32.8163636363637, 32.9775483870967, 33.094188034188, 33.0626319176319
6/13/2017, 32.8, 32.95, 32.8, 32.95, 30053, 0.618364928375724, 0.753059262193114, 1.70462617158771, 2.49148689787459, 0, 0.217928229463823, 0.257423805216591, -0.0394955757527687, 32.8294545454546, 33.0009247311827, 33.1304493284493, 33.0975663716814
6/14/2017, 33.06, 33.06, 32.89, 32.96, 29153, 0.613057286725762, 0.888927231349026, 1.75419266404286, 2.47024122425581, 0, 0.214073612683805, 0.248753766710034, -0.0346801540262291, 32.8341818181819, 33.0226881720429, 33.1679902319902, 33.1316068933396
6/15/2017, 32.57, 32.8, 32.54, 32.79, 105369, 0.649467818296952, 0.630998473634014, 1.57122628148346, 2.27678561523849, 0, 0.195052774891096, 0.238013568346246, -0.0429607934551507, 32.8152727272728, 33.0115268817203, 33.1903785103785, 33.1585553012967
6/16/2017, 33, 33.09, 32.91, 33.08, 24667, 0.656930086876035, 1.00283776262265, 1.77194871501313, 2.30873864756391, 0, 0.201061488587513, 0.2306231523945, -0.0295616638069869, 32.9274545454547, 33.0456559139784, 33.2241147741148, 33.1944797601199
6/19/2017, 33.13, 33.19, 33.06, 33.1, 54014, 0.643343954989917, 1.03931027550317, 1.70994330587548, 2.14174510240534, 0, 0.205073312838692, 0.225513184483338, -0.0204398716446459, 33.009090909091, 33.0942365591396, 33.2603321123321, 33.2298452696729
6/20/2017, 32.94, 32.94, 32.69, 32.77, 27630, 0.679888637920597, 0.423318938873002, 1.31169762169505, 2.02167444645115, 0, 0.179554675852145, 0.2163214827571, -0.0367668069049543, 32.9618181818183, 33.0877419354837, 33.2794114774115, 33.2528596262495
6/21/2017, 32.81, 32.81, 32.6, 32.61, 25970, 0.681261978884547, 0.221139436328823, 1.19513598058735, 1.89612428940749, 0, 0.144751701850119, 0.202007526575704, -0.0572558247255848, 32.8512727272728, 33.0523010752687, 33.2943516483517, 33.2696795328301
6/22/2017, 32.56, 32.71, 32.56, 32.6, 61414, 0.67040354217343, 0.709664828445516, 1.0890076145025, 2.05009470854777, 0, 0.115037101684997, 0.184613441597562, -0.069576339912565, 32.7621818181819, 33.0147311827955, 33.3075506715507, 33.2855168067227
6/23/2017, 32.69, 32.81, 32.69, 32.75, 31648, 0.66602741072095, 0.894693944901874, 1.17908390292982, 2.00506170852931, 0, 0.102411279884002, 0.16817300925485, -0.0657617293708481, 32.7261818181819, 32.9908602150536, 33.3244761904762, 33.30567630854
6/26/2017, 32.94, 32.96, 32.85, 32.87, 39705, 0.662360140433695, 0.576614177417823, 1.51100282445137, 2.10942068472821, 0, 0.100924823716454, 0.154723372147171, -0.0537985484307169, 32.7149090909092, 32.978258064516, 33.3467887667888, 33.3290204579325
6/27/2017, 32.81, 32.81, 32.63, 32.68, 30350, 0.669620224150941, 0.15915898470575, 1.12242830196196, 1.96669359035355, 0, 0.0834533857080757, 0.140469374859352, -0.0570159891512763, 32.6772727272728, 32.9487526881719, 33.3584786324787, 33.345393842463
6/28/2017, 32.81, 32.91, 32.78, 32.87, 25000, 0.667448417371162, 0.235165049691899, 1.30447682776774, 1.9785150439216, 0, 0.0839705965481414, 0.12916961919711, -0.0451990226489685, 32.722, 32.94288172043, 33.373177045177, 33.3672580645162
6/29/2017, 32.65, 32.65, 32.34, 32.51, 30698, 0.722610827592758, -0.400480627684258, 1.08803536638953, 1.90207685704893, 0, 0.0547009401231406, 0.114275883382316, -0.0595749432591754, 32.6132727272728, 32.8624301075267, 33.3765934065934, 33.3768877419355
6/30/2017, 32.62, 32.68, 32.54, 32.62, 57565, 0.710222995241832, -0.251304204785449, 1.03991185467904, 1.932363473238, 0, 0.0399204293614162, 0.0994047925781361, -0.0594843632167199, 32.6158181818182, 32.7921720430106, 33.3815335775336, 33.389580952381
7/3/2017, 32.66, 32.68, 32.6, 32.6, 8896, 0.68739571777758, -0.121188231233362, 0.919642372280399, 1.80720473179432, 0, 0.0262898818488182, 0.0847818104322725, -0.0584919285834543, 32.6405454545455, 32.7448387096772, 33.3824053724054, 33.4011523559555
7/5/2017, 32.48, 32.51, 32.31, 32.4, 40285, 0.701810042579372, -0.427791353724165, 0.446161524907576, 1.6816880209825, 0, -0.000643337790378951, 0.0676967807877422, -0.0683401185781212, 32.5574545454546, 32.6785591397848, 33.3704224664225, 33.4060396161417
7/6/2017, 32.27, 32.31, 32.11, 32.12, 91857, 0.717674754377119, -0.717379638638215, -0.0837120810462614, 1.36124473305673, 0, -0.0440737140001133, 0.0453426818301711, -0.0894163958302844, 32.3658181818182, 32.5865161290321, 33.34705006105, 33.4020058139535
7/7/2017, 32.25, 32.43, 32.23, 32.43, 103416, 0.723068993372292, -0.600549382580963, 0.19903868875716, 1.50306229264286, 0, -0.052868752751337, 0.0257003949138695, -0.0785691476652065, 32.306, 32.5475483870966, 33.3365934065934, 33.4074442456768
7/10/2017, 32.46, 32.51, 32.4, 32.45, 34864, 0.703441327652088, -0.692740908318613, 0.182558297373412, 1.54049336140289, 0, -0.0575615181233573, 0.00904801230642414, -0.0666095304297814, 32.2923636363637, 32.5131612903224, 33.3335115995116, 33.4132108044627
7/11/2017, 32.37, 32.45, 32.27, 32.4, 94117, 0.697078318771443, -0.54972550304112, 0.25826694264163, 1.45006461824389, 0, -0.06457081842197, -0.00567575383925469, -0.0588950645827153, 32.3018181818182, 32.4662795698923, 33.322778998779, 33.4171825121444
7/12/2017, 32.71, 32.85, 32.7, 32.83, 69761, 0.722085612299269, -0.0349025116034428, 0.594233112943804, 1.6594717095136, 0, -0.0350245913804628, -0.0115455213474963, -0.0234790700329665, 32.4474545454546, 32.4799569892471, 33.3310598290599, 33.4338026885395
7/13/2017, 32.85, 32.96, 32.8, 32.92, 37313, 0.708407263645072, 0.125219286944785, 0.630986885051224, 1.80913654528373, 0, -0.00429721017836471, -0.01009585911367, 0.00579864893530528, 32.654, 32.5039999999998, 33.3390134310134, 33.4525373134328
7/14/2017, 33, 33.27, 33, 33.22, 31640, 0.71958846367357, 0.341168752836065, 0.913374365465913, 1.79688159328929, 0, 0.0437575438708961, 0.000674821483243241, 0.0430827223876529, 32.8894545454546, 32.5804086021503, 33.355894993895, 33.4795157545605
7/17/2017, 33.26, 33.34, 33.22, 33.32, 25669, 0.699564595590463, 0.503917313080284, 0.840099488937972, 1.89638209130526, 0, 0.0888858264579682, 0.0183170224781882, 0.0705688039797799, 33.1427272727273, 32.6746881720428, 33.3686691086691, 33.508605664488
7/18/2017, 33.3, 33.35, 33.22, 33.33, 34311, 0.683888920156632, 0.614125296142624, 0.658373233042661, 1.94110861626028, 0, 0.124027519921256, 0.0394591219668018, 0.0845683979544543, 33.3572727272727, 32.7560860215052, 33.3789010989011, 33.5371200085874
7/19/2017, 33.35, 33.44, 33.32, 33.42, 36889, 0.665898169460787, 0.47622799422228, 0.841087981669274, 2.05725738803471, 0, 0.157326253889117, 0.0630325483512649, 0.0942937055378523, 33.5230909090909, 32.8447956989245, 33.3962881562882, 33.5673881307521
7/20/2017, 33.52, 33.6, 33.42, 33.56, 50562, 0.656781912461577, 0.598743315076556, 1.01880180502275, 2.06016144429692, 0, 0.192790204959216, 0.0889840796728552, 0.103806125286361, 33.6256363636364, 32.9431182795697, 33.4215848595849, 33.6007871963299
7/21/2017, 33.49, 33.6, 33.43, 33.59, 32363, 0.648690709529622, 0.809812058550546, 1.02579591706192, 2.05213399804521, 0, 0.220771474829419, 0.115341558704168, 0.105429916125251, 33.722, 33.045075268817, 33.4393528693529, 33.634085303186
7/24/2017, 33.4, 33.4, 33.3, 33.38, 72360, 0.663572345309917, 0.315592902801566, 0.893325286869537, 1.73368675183166, 0, 0.223426071168419, 0.136958461197018, 0.0864676099714005, 33.6865454545455, 33.111139784946, 33.4553113553114, 33.6605015197568
7/25/2017, 33.46, 33.47, 33.19, 33.19, 119453, 0.676183869904272, 0.103984731310829, 0.748844717255675, 1.73864497967355, 0, 0.207803021905029, 0.15112737333862, 0.0566756485664087, 33.5247272727273, 33.1427526881718, 33.4625958485959, 33.6808151033863
7/26/2017, 33.32, 33.44, 33.26, 33.42, 33414, 0.675356538300917, 0.680668179187203, 0.785548265471224, 1.8080761396504, 0, 0.211542193884938, 0.163210337447884, 0.0483318564370541, 33.4852727272728, 33.216451612903, 33.4813186813187, 33.7069250467842
7/27/2017, 33.46, 33.46, 33.16, 33.22, 18969, 0.690604898691025, 0.638320899498962, 0.614608470459981, 1.7563284910557, 0, 0.196106591374779, 0.169789588233263, 0.0263170031415159, 33.3625454545455, 33.2624086021503, 33.4888473748474, 33.7267482517483
7/28/2017, 33.07, 33.24, 33.07, 33.2, 58982, 0.682072289090062, 0.628134113162402, 0.938284187565027, 1.81091726102438, 0, 0.180182896059137, 0.171868249798438, 0.00831464626069889, 33.2765454545455, 33.2928172043008, 33.4914041514042, 33.7454281609196
7/31/2017, 33.44, 33.49, 33.36, 33.45, 69981, 0.686474140445457, 0.71426060709381, 1.12301527167642, 2.14506788694642, 0, 0.185596720002039, 0.174613943839158, 0.0109827761628809, 33.298, 33.3716344086019, 33.5058437118437, 33.7703722248465
8/1/2017, 33.57, 33.58, 33.51, 33.53, 24571, 0.669980077483015, 0.67426588560104, 0.884468974299642, 2.20287052972029, 0, 0.194105024002873, 0.178512159871901, 0.0155928641309721, 33.342, 33.4595483870965, 33.5235360195361, 33.7967794240984
8/2/2017, 33.64, 33.65, 33.55, 33.62, 309422, 0.652623747712826, 0.978121749918123, 0.866701779070398, 2.1106423100226, 0, 0.205738538259901, 0.183957435549501, 0.0217811027104, 33.4241818181818, 33.5341075268815, 33.5440293040293, 33.8248749770179
8/3/2017, 33.65, 33.65, 33.51, 33.58, 29813, 0.641576827820129, 0.748213142838549, 0.730449700041458, 1.97713998007593, 0, 0.209317633039511, 0.189029475047503, 0.0202881579920081, 33.5096363636364, 33.5874408602148, 33.5620488400489, 33.8511300562308
8/4/2017, 33.54, 33.65, 33.54, 33.64, 74483, 0.624760475157252, 1.3021290790288, 0.658955041150883, 2.2378442942682, 0, 0.214522705780922, 0.194128121194187, 0.0203945845867355, 33.6207272727273, 33.6414623655912, 33.5833724053725, 33.8782577181208
8/7/2017, 33.66, 33.68, 33.57, 33.68, 29155, 0.609147721647133, 1.22302706238492, 0.699239230454364, 2.04638370413595, 0, 0.219346934216141, 0.199171883798578, 0.0201750504175631, 33.7009090909091, 33.7038494623653, 33.6040586080587, 33.9057041942605
8/8/2017, 33.69, 33.7, 33.49, 33.54, 44974, 0.612411762129448, 1.06967374091172, 0.693443149454757, 1.9013742152444, 0, 0.209458829039001, 0.201229272846662, 0.00822955619233851, 33.6783636363637, 33.7504731182793, 33.6159731379732, 33.928739107703
8/9/2017, 33.47, 33.56, 33.44, 33.53, 29243, 0.599859110549675, 1.33555081199173, 0.636294229212568, 1.80259705414192, 0, 0.198527022087802, 0.20068882269489, -0.00216180060708804, 33.6792727272728, 33.7788387096772, 33.6284346764348, 33.9508797729618
8/10/2017, 33.36, 33.37, 33.08, 33.08, 67918, 0.645635192802119, 1.06209870306352, 0.265378366391968, 1.48846495614618, 0, 0.151802363968343, 0.190911530949581, -0.0391091669812374, 33.4787272727273, 33.7572903225804, 33.6185347985349, 33.9607613954673
8/11/2017, 33.01, 33.13, 33.01, 33.07, 21746, 0.63168223674023, 0.743357182342244, 0.0816275372660911, 1.54978372716031, 0, 0.112667063573113, 0.175262637474287, -0.0625955739011742, 33.2783636363637, 33.7091182795696, 33.6069181929183, 33.9700578131546
8/14/2017, 33.21, 33.4, 33.21, 33.39, 15302, 0.643762952696898, 1.02881113811596, 0.24548881022829, 1.63430412700299, 0, 0.10624861382103, 0.161459832743636, -0.0552112189226056, 33.2456363636364, 33.705268817204, 33.6080244200245, 33.9872208436725
8/15/2017, 33.35, 33.36, 33.27, 33.34, 82414, 0.630488384553748, 1.0305027245049, 0.355162612603237, 1.55541048101032, 0, 0.0960204994703062, 0.14837196608897, -0.0523514666186637, 33.2149090909092, 33.6887741935481, 33.6072307692309, 34.002629430018
8/16/2017, 33.43, 33.48, 33.39, 33.44, 33344, 0.618105819496735, 0.737829053636377, 0.44530947978189, 1.58649720147794, 0, 0.0948899768368818, 0.137675568238552, -0.0427855914016705, 33.247090909091, 33.6668602150535, 33.6107521367522, 34.0201193259695
8/17/2017, 33.21, 33.25, 32.84, 32.84, 45139, 0.68928092794678, -0.0623143137084018, 0.0428038775820315, 1.1382587684177, 0, 0.0450596246102748, 0.119152379512897, -0.074092754902622, 33.0738181818183, 33.5434408602148, 33.5857460317461, 34.022077860043
8/18/2017, 32.82, 32.99, 32.82, 32.83, 120784, 0.680907291808823, -0.381824117949996, -0.0131464059034072, 1.06473734688047, 0, 0.00470752956538689, 0.0962634095233948, -0.091555879958008, 32.9494545454547, 33.4347741935481, 33.5617533577535, 34.0236454402516
8/21/2017, 32.91, 32.99, 32.8, 32.98, 40554, 0.672725199229214, -0.327023589595367, 0.140127126438598, 1.1558387984989, 0, -0.0149951948095719, 0.0740116886568015, -0.0890068834663734, 32.929090909091, 33.343892473118, 33.5438632478633, 34.0287965838509
8/22/2017, 33.02, 33.23, 33.02, 33.2, 53092, 0.672504614971401, -0.111573945356038, 0.359546534953854, 1.28599465190406, 0, -0.012711059265051, 0.056667139072431, -0.069378198337482, 32.9949090909092, 33.2741720430104, 33.5290476190477, 34.0391557395905
8/23/2017, 33.03, 33.14, 33.03, 33.08, 28322, 0.666892247768984, -0.316436828134378, 0.112074334705573, 1.14547330665167, 0, -0.0203492885761563, 0.0412638535427136, -0.0616131421188698, 33.0358181818183, 33.2127311827954, 33.5136630036631, 34.0462622131334
8/24/2017, 33.1, 33.12, 33.05, 33.07, 47730, 0.644322823658545, -0.467644880267001, 0.0981944923155332, 1.1635530319592, 0, -0.026899476343246, 0.0276311875655217, -0.0545306639087676, 33.0078181818183, 33.1544086021502, 33.4956996336997, 34.0528804429149
8/25/2017, 33.14, 33.32, 33.14, 33.27, 47540, 0.645998436713817, -0.292048480875142, 0.354361800975063, 1.25989884839162, 0, -0.0157704271426056, 0.0189508646238962, -0.0347212917665018, 33.0474545454546, 33.1404946236556, 33.4820927960929, 34.0640997782705
8/28/2017, 33.32, 33.33, 33.2, 33.28, 33852, 0.633045360276299, -0.082959198743827, 0.162122360833275, 1.25951220687634, 0, -0.00607364583564163, 0.0139459625319886, -0.0200196083676303, 33.1436363636365, 33.1341935483868, 33.4711770451771, 34.0752318364367
8/29/2017, 33.06, 33.2, 33.06, 33.2, 46497, 0.635974762364321, 0.0251266509282913, 0.0917797000767517, 1.16456297556292, 0, -0.00478900354858069, 0.0101989693158748, -0.0149879728644555, 33.2081818181819, 33.1186666666664, 33.4582466422467, 34.0841302936296
8/30/2017, 33.2, 33.26, 33.17, 33.22, 26436, 0.61735833850002, -0.19038150084878, 0.347891980078737, 1.13583803389677, 0, -0.00213250029178624, 0.00773267539434257, -0.00986517568612882, 33.3072727272729, 33.1125161290319, 33.4538266178267, 34.0932292557742
8/31/2017, 33.25, 33.49, 33.25, 33.46, 41203, 0.622630358778307, 0.258688711972633, 0.634776554024747, 1.27305195605487, 0, 0.0191184068215691, 0.0100098216797879, 0.0091085851417812, 33.3812727272729, 33.1474408602147, 33.466700854701, 34.1077155536771
9/1/2017, 33.64, 33.64, 33.51, 33.52, 28070, 0.61728971403598, 0.339590128959771, 0.684694741538887, 1.23848394394488, 0, 0.0403364291260857, 0.0160751431690474, 0.0242612859570383, 33.4401818181819, 33.1926236559137, 33.4806373626374, 34.1232245040028
9/5/2017, 33.55, 33.6, 33.35, 33.41, 57903, 0.625769938753719, -0.0270206985059647, 0.497126562402196, 1.16080684132218, 0, 0.0477256325939948, 0.0224052410540369, 0.0253203915399579, 33.4534545454547, 33.2103010752685, 33.4896947496948, 34.1357647058824
9/6/2017, 33.58, 33.6, 33.5, 33.53, 117178, 0.620686697616274, 0.0145498411300808, 0.495465186380074, 1.37220339103356, 0, 0.0625436622900111, 0.0304329253012317, 0.0321107369887793, 33.5287272727274, 33.2303440860212, 33.5000366300367, 34.1507473140215
9/7/2017, 33.7, 33.83, 33.7, 33.82, 50761, 0.628948661221762, 0.212385499988208, 0.833801145044336, 1.36709708927038, 0, 0.0965743845613645, 0.0436612171532583, 0.0529131674081062, 33.662181818182, 33.3003225806448, 33.5215702075703, 34.1720284984541
9/8/2017, 33.82, 34.03, 33.82, 33.95, 41463, 0.626141135092607, 0.377757115566392, 0.790758904513269, 1.45705072195564, 0, 0.132506438938499, 0.0614302615103065, 0.0710761774281927, 33.798181818182, 33.3708817204298, 33.5484078144079, 34.1957783535978
9/11/2017, 34.13, 34.27, 34.13, 34.22, 42343, 0.636897047328296, 0.565588373949686, 1.27322801918341, 1.67231772989989, 0, 0.180686750043797, 0.0852815592170046, 0.0954051908267928, 34.0194545454547, 33.4696559139782, 33.5837142857144, 34.2251244663383
9/12/2017, 34.25, 34.28, 34.14, 34.18, 36467, 0.626240085184189, 0.488982037996368, 1.16238273573305, 1.55898362977356, 0, 0.213184865581638, 0.110862220489931, 0.102322645091707, 34.1770909090911, 33.5734408602147, 33.6201196581197, 34.2528987012987
9/13/2017, 34.1, 34.1, 33.98, 34, 31243, 0.627489464882818, 0.450632524631951, 1.03767451743332, 1.38601694121097, 0, 0.221857920597536, 0.133061360511452, 0.0887965600860836, 34.2074545454547, 33.6550107526879, 33.6530134310135, 34.2759861325116
9/14/2017, 33.96, 34.18, 33.96, 34.18, 87973, 0.625158271378438, 0.622699388509285, 1.32637768674636, 1.27964916132178, 0, 0.240483728138791, 0.15454583403692, 0.0859378941018711, 34.2603636363638, 33.7623870967739, 33.6895653235654, 34.3025722084682
9/15/2017, 34.19, 34.29, 34.16, 34.25, 38785, 0.61166464904903, 1.25000183751759, 1.63467350797714, 1.13805824946046, 0, 0.257920087572664, 0.175220684744069, 0.0826994028285952, 34.3330909090911, 33.8723655913975, 33.7258437118438, 34.3301180089135
9/18/2017, 34.36, 34.41, 34.29, 34.39, 91405, 0.601978439035557, 1.40289560678852, 1.52529474512714, 1.22825871324301, 0, 0.279809883851939, 0.196138524565643, 0.0836713592862963, 34.4230909090911, 33.9997849462362, 33.7672356532357, 34.3601508379889
9/19/2017, 34.49, 34.53, 34.42, 34.49, 25582, 0.590517152580782, 1.21403830420935, 1.58273874405636, 1.2578167914497, 0, 0.301748500494085, 0.217260519751331, 0.0844879807427537, 34.478181818182, 34.1377204301072, 33.8103492063493, 34.3917274401473
9/20/2017, 34.34, 34.55, 34.29, 34.38, 30975, 0.600598887809354, 1.14187263988581, 1.53455748548351, 1.2811236299855, 0, 0.306723217230875, 0.23515305924724, 0.0715701579836347, 34.4603636363639, 34.2471397849459, 33.846783882784, 34.4202070305385
9/21/2017, 34.4, 34.44, 34.33, 34.37, 39202, 0.586737278869401, 1.02189715256915, 1.24978256412359, 1.28738204756873, 0, 0.306327645247102, 0.249387976447212, 0.0569396687998891, 34.4507272727275, 34.3492043010749, 33.8849841269842, 34.4478454332553
9/22/2017, 34.41, 34.51, 34.41, 34.5, 50185, 0.575589920608819, 2.58895986023127, 1.27550778001676, 1.33187425782179, 0, 0.312897181211412, 0.262089817400052, 0.0508073638113593, 34.4820000000002, 34.4323440860212, 33.9278681318682, 34.4776983844144
9/25/2017, 34.39, 34.47, 34.29, 34.37, 33559, 0.579428561185745, 2.32277517495293, 0.946668916013679, 1.31244889863912, 0, 0.30410810333489, 0.27049347458702, 0.0336146287478704, 34.4923636363639, 34.4891612903222, 33.9548791208792, 34.5041057579319
9/26/2017, 34.3, 34.37, 34.22, 34.26, 56184, 0.574115927190786, 1.8939774361024, 0.77472255735321, 1.14272619788195, 0, 0.284981525473398, 0.273391084764296, 0.0115904407091027, 34.4485454545457, 34.5449677419351, 33.9751452991454, 34.5275797733217
9/27/2017, 34.13, 34.14, 33.94, 34.11, 32978, 0.594715657645222, 1.34176755304493, 0.641923271661733, 0.919359981678695, 0, 0.254782850220394, 0.269669437855515, -0.0148865876351212, 34.3125454545457, 34.5727956989244, 33.9969914529915, 34.5473377034098
9/28/2017, 34.19, 34.28, 34.13, 34.26, 19831, 0.587316506951681, 1.76580111597539, 0.685072092275143, 1.08155590518631, 0, 0.240185223167806, 0.263772594917974, -0.0235873717501672, 34.2583636363639, 34.6213548387093, 34.0266300366301, 34.5698344521561
9/29/2017, 34.39, 34.47, 34.31, 34.42, 29824, 0.585862590114944, 1.9980246454941, 0.697037989783779, 1.21823195094602, 0, 0.238774715099048, 0.258773018954188, -0.0199983038551406, 34.2690909090912, 34.6449247311824, 34.0649133089134, 34.5952161431948
10/2/2017, 34.42, 34.67, 34.39, 34.67, 73225, 0.592936857057068, 2.02808481799444, 0.85419448199747, 1.33112257496291, 0, 0.254891556753449, 0.257996726514041, -0.00310516976059128, 34.3849090909093, 34.6893548387093, 34.1161978021979, 34.6253043720412
10/3/2017, 34.72, 34.72, 34.63, 34.7, 125774, 0.575771319667438, 2.05873418461218, 1.06003830783206, 1.3765649173252, 0, 0.267007127203442, 0.259798806651921, 0.0072083205515211, 34.5158181818185, 34.7357204301071, 34.1672380952382, 34.6553932212731
10/4/2017, 34.71, 34.81, 34.67, 34.79, 83836, 0.565688460846137, 2.35158899840476, 1.301382856848, 1.42930340853158, 0, 0.280636054169072, 0.263966256155351, 0.016669798013721, 34.6443636363639, 34.7970752688168, 34.217960927961, 34.6867293848168
10/5/2017, 34.81, 34.87, 34.75, 34.8, 36599, 0.55449099066653, 2.33321154158516, 1.13578719126701, 1.34242773018598, 0, 0.288913577527673, 0.268955720429816, 0.0199578570978572, 34.7520000000003, 34.8414408602147, 34.2689304029305, 34.7176300734024
10/6/2017, 34.69, 34.78, 34.65, 34.78, 16871, 0.54863347186416, 2.00764377913188, 1.30775920623029, 1.32012244756411, 0, 0.290510912608887, 0.27326675886563, 0.0172441537432575, 34.855272727273, 34.8715053763437, 34.3173162393163, 34.7474883820309
10/9/2017, 34.86, 34.92, 34.81, 34.85, 34845, 0.540240991215601, 2.01856423206309, 1.38193877282664, 1.62375600845505, 0, 0.294035765876409, 0.277420560267786, 0.0166152056086229, 34.9414545454548, 34.9127526881717, 34.3723931623932, 34.7781697065821
10/10/2017, 34.97, 34.98, 34.9, 34.97, 26511, 0.53005515060539, 2.43715115105948, 1.28607236842688, 1.69325081352779, 0, 0.303019217685701, 0.282540291751369, 0.0204789259343326, 35.0209090909094, 34.9596989247308, 34.4335750915751, 34.8106729461015
10/11/2017, 34.96, 35.05, 34.96, 35.04, 40099, 0.515388903705393, 2.36321961754799, 1.275473429405, 1.51676449313629, 0, 0.312188369756392, 0.288469907352373, 0.0237184624040183, 35.0558181818185, 34.9992903225803, 34.4922173382174, 34.8439438516523
10/12/2017, 35.01, 35.11, 34.98, 35.06, 35861, 0.507879801099404, 2.08107478569348, 1.21673211959528, 1.46375169421745, 0, 0.317409917734778, 0.294257909428854, 0.023152008305924, 35.0769090909094, 35.0308817204297, 34.5497216117217, 34.8769573911706
10/13/2017, 35.25, 35.28, 35.11, 35.12, 36021, 0.512982703166796, 1.9776744152539, 1.30156138888075, 1.42186978127235, 0, 0.322669991874719, 0.299940325918027, 0.0227296659566914, 35.1070909090912, 35.0742150537631, 34.606695970696, 34.9105212933354
10/16/2017, 35.07, 35.12, 35, 35.11, 36964, 0.504561518326886, 1.62285931198366, 1.24197825489461, 1.33021791682737, 0, 0.32231626088037, 0.304415512910496, 0.0179007479698745, 35.1456363636366, 35.1095698924728, 34.6630964590965, 34.9432266331658
10/17/2017, 34.99, 34.99, 34.87, 34.9, 40850, 0.516601637909287, 1.21982334596653, 1.01788779873171, 1.20897622775812, 0, 0.301613864678181, 0.303855183264033, -0.00224131858585186, 35.0936363636367, 35.1006881720426, 34.7071282051283, 34.9711223880597
10/18/2017, 34.95, 35.06, 34.92, 35, 54710, 0.512226494425212, 1.804658662648, 1.22499015469244, 1.34583066286961, 1.97843319717879, 0.289934051531986, 0.301070956917624, -0.0111369053856374, 35.083272727273, 35.1028817204297, 34.7517777777779, 35.0004388946357
10/19/2017, 35.02, 35.17, 34.97, 35.15, 28747, 0.512988077941346, 1.76729595825701, 1.34945002394962, 1.39058679698903, 1.93962459852672, 0.289444920986888, 0.298745749731477, -0.00930082874458854, 35.115272727273, 35.133956989247, 34.8066398046399, 35.0321274935375
10/20/2017, 35.2, 35.27, 35.18, 35.23, 154510, 0.503262968852013, 1.77996765360497, 1.96374085592424, 1.44045284289047, 1.92890410184739, 0.292144947813519, 0.297425589347885, -0.00528064153436636, 35.1518181818185, 35.1752688172039, 34.8636092796094, 35.0647667342799
10/23/2017, 35.28, 35.28, 35.06, 35.11, 67552, 0.51106398954781, 1.2853355859021, 1.85090024614881, 1.24309546529696, 1.94954572772642, 0.281358416719705, 0.294212154822249, -0.0128537381025441, 35.1363636363639, 35.2110967741932, 34.9098925518926, 35.0944428503109
10/24/2017, 35.08, 35.16, 35.02, 35.04, 43747, 0.506457872128207, 0.978249592199957, 1.54054752141477, 1.14469602730342, 2.00347754297849, 0.264117021512639, 0.288193128160327, -0.0240761066476878, 35.1065454545457, 35.2296344086018, 34.9578608058609, 35.1221889651906
10/25/2017, 35.01, 35.06, 34.75, 34.95, 36069, 0.526723022815559, 1.02477873109076, 1.50190280905924, 1.21371417877854, 1.96922657219, 0.24041943812805, 0.278638390153872, -0.0382189520258214, 35.0558181818185, 35.2192043010749, 35.0009035409036, 35.1476614605319
10/26/2017, 35.13, 35.2, 35, 35.12, 50571, 0.533556980781139, 1.30490030858347, 1.55215699522521, 1.31712774219307, 1.94982427208779, 0.232674386323843, 0.269445589387866, -0.0367712030640227, 35.0727272727276, 35.2362150537631, 35.0426886446887, 35.1758974358974
10/27/2017, 35.11, 35.23, 35.05, 35.23, 29344, 0.530842892613736, 1.27364878336444, 2.75661478012688, 1.42076091223986, 1.99049817781855, 0.232729694610306, 0.262102410432354, -0.029372715822048, 35.1363636363639, 35.2657849462362, 35.0840048840049, 35.2056919396393
10/30/2017, 35.19, 35.19, 35.03, 35.11, 39802, 0.53450627603084, 1.30317203876667, 2.59614910234435, 1.30848407605436, 1.91787372199945, 0.22054818748876, 0.253791565843635, -0.0332433783548756, 35.1505454545458, 35.2831397849459, 35.1179340659341, 35.2326411483253
10/31/2017, 35.06, 35.26, 35.06, 35.13, 320917, 0.535957574263326, 1.58259909240407, 2.46076807043153, 1.36327960960561, 1.88474401424315, 0.210086343590241, 0.245050521392956, -0.0349641778027153, 35.1296363636367, 35.3050537634405, 35.154231990232, 35.2594533965245
11/1/2017, 35.31, 35.31, 35.01, 35.03, 68446, 0.553433631306798, 1.7279247516766, 2.11447145217215, 1.36760361250426, 1.86879663227646, 0.191518387902327, 0.234344094694831, -0.0428257067925032, 35.0816363636367, 35.3028172043007, 35.1870818070819, 35.2838728427077
11/2/2017, 35.01, 35.24, 35.01, 35.2, 58155, 0.555893213052366, 1.74562021148865, 2.46347705979035, 1.32581350005067, 1.91009441125789, 0.18834955210238, 0.225145186176341, -0.0367956340739602, 35.1207272727276, 35.3172903225803, 35.2215579975581, 35.3110085038533
11/3/2017, 35.25, 35.25, 35.13, 35.21, 25125, 0.544989180473477, 1.50485525363972, 2.48947000160419, 1.32542794655445, 1.89937523973106, 0.184518133146838, 0.21701977557044, -0.032501642423602, 35.1765454545458, 35.3363440860211, 35.2588473748474, 35.3378197534114
11/6/2017, 35.27, 35.4, 35.25, 35.39, 192069, 0.541950143889448, 1.43632987091049, 2.46816076402457, 1.53209991262977, 1.9076388289581, 0.193772512789678, 0.212370323014288, -0.0185978102246095, 35.2716363636367, 35.3649892473115, 35.2942905982907, 35.367468811128
11/7/2017, 35.38, 35.38, 35.23, 35.28, 258989, 0.539133639813922, 1.12067100092168, 2.30063034867938, 1.30936346155994, 1.81647491980658, 0.190039932592029, 0.207904244929836, -0.0178643123378071, 35.2994545454549, 35.3657634408599, 35.3252600732602, 35.3945387596899
11/8/2017, 35.32, 35.43, 35.23, 35.39, 32655, 0.538841567448529, 1.1499647069611, 2.53579990190063, 1.35786073093052, 1.75223492596933, 0.193724777934698, 0.205068351530808, -0.0113435735961108, 35.3341818181822, 35.3639139784942, 35.3586446886448, 35.4231289469193
11/9/2017, 35.19, 35.31, 35.03, 35.2, 31370, 0.565798946545547, 0.717798402666102, 2.22656420730292, 1.47216487331674, 1.75245600301122, 0.179247380092804, 0.199904157243207, -0.0206567771504038, 35.3132727272731, 35.3396989247308, 35.3772356532358, 35.4477161459434
11/10/2017, 35.14, 35.23, 35.08, 35.14, 51070, 0.559769970759337, 0.64323989776367, 1.92817669029962, 1.54457501532361, 1.7245525229631, 0.161075659503368, 0.19213845769524, -0.0310627981918717, 35.2892727272731, 35.3124731182792, 35.3849304029305, 35.4707515395249
11/13/2017, 35, 35.2, 34.97, 35.19, 31195, 0.563705624718925, 0.608665706421281, 1.91438219211672, 1.57998089245018, 1.81971085183043, 0.148991540414734, 0.183509074239138, -0.0345175338244045, 35.2634545454549, 35.3036129032254, 35.3994871794873, 35.4942623495226
11/14/2017, 35.15, 35.33, 35.15, 35.33, 99780, 0.558872371558619, 0.637459090417263, 2.21556100002647, 1.56873594318499, 1.79087255048898, 0.148994107619771, 0.176606080915265, -0.027611973295494, 35.2856363636367, 35.3111612903222, 35.4185860805862, 35.5198642533937
11/15/2017, 35.14, 35.28, 35.12, 35.15, 141728, 0.563519568785426, 0.192342857504352, 1.82966748433559, 1.38322166641454, 1.75200689531079, 0.132939206055404, 0.167872705943293, -0.0349334998878886, 35.2147272727277, 35.2978064516125, 35.426595848596, 35.5417622599976
11/16/2017, 35.26, 35.5, 35.26, 35.49, 24867, 0.579524575955687, 0.636582362335342, 1.8462547374765, 1.68354191424998, 1.82740582883647, 0.145968109888962, 0.163491786732427, -0.0175236768434648, 35.2887272727277, 35.3259354838706, 35.4570085470087, 35.569337454046
11/17/2017, 35.22, 35.35, 35.14, 35.3, 27613, 0.603086709366402, 0.262890171902801, 1.46513373345023, 1.45546330367942, 1.72123205149346, 0.139355791127343, 0.15866458761141, -0.0193087964840666, 35.2832727272731, 35.3241720430104, 35.4791672771674, 35.5930329115951
11/20/2017, 35.28, 35.34, 35.24, 35.33, 21794, 0.58659815450332, 0.31894594050314, 1.24684707217604, 1.74098053760498, 1.82307902164251, 0.134980261714368, 0.153927722432002, -0.0189474607176335, 35.3192727272731, 35.32752688172, 35.5075604395606, 35.6168285714286
11/21/2017, 35.47, 35.62, 35.47, 35.59, 69473, 0.593938947981797, 0.97325061315085, 1.53096284142728, 1.80924773501171, 1.87164319789107, 0.150754644519417, 0.153293106849485, -0.00253846233006802, 35.4263636363641, 35.368774193548, 35.5479951159953, 35.6447842674533
11/22/2017, 35.67, 35.78, 35.6, 35.67, 50912, 0.589609554267971, 0.945397602787165, 1.86083341486849, 1.86800136973629, 1.83544962388911, 0.167777256181274, 0.156189936715843, 0.0115873194654319, 35.5661818181823, 35.420838709677, 35.5904859584861, 35.6736528790301
11/24/2017, 35.84, 35.87, 35.78, 35.81, 17463, 0.585864399907891, 0.930340389184698, 1.82167582810024, 2.09230507431329, 1.87621354296157, 0.190370159834515, 0.163025981339577, 0.027344178494938, 35.7010909090913, 35.4879354838706, 35.6393821733823, 35.7044667284953
11/27/2017, 35.86, 35.88, 35.71, 35.75, 44475, 0.581281509165497, 0.732302895945652, 1.67048430377247, 2.278638134872, 1.79015025580875, 0.201115367427974, 0.170643858557256, 0.0304715088707175, 35.7700000000004, 35.5465806451609, 35.687015873016, 35.7337018309967
11/28/2017, 35.86, 35.92, 35.72, 35.84, 1395553, 0.578732512696239, 1.04166258803002, 1.61914139796893, 2.16320274686119, 1.80470350361883, 0.214421551526229, 0.179399397151051, 0.0350221543751779, 35.8467272727277, 35.6119139784942, 35.7376459096461, 35.7639920258212
11/29/2017, 35.96, 35.96, 35.88, 35.93, 88259, 0.565117856729238, 1.27703299066758, 1.60553111242866, 2.20269074855446, 1.84327648938377, 0.229582561272423, 0.189436029975325, 0.0401465312970976, 35.9470909090913, 35.6699569892469, 35.7858949938952, 35.7953167701863
11/30/2017, 35.94, 36.13, 35.94, 36.12, 48749, 0.561723431967538, 1.6673738139649, 1.9320297231508, 2.34279044043615, 1.86014729202174, 0.254001214933716, 0.202349066967003, 0.0516521479667124, 36.0443636363641, 35.7521290322576, 35.8363589743591, 35.8293763994626
12/1/2017, 36.09, 36.09, 35.56, 35.87, 50821, 0.615416165166827, 1.01247281423661, 1.60323547741699, 1.95155527353787, 1.78449574247596, 0.250295018059418, 0.211938257185486, 0.0383567608739319, 36.0703636363641, 35.8053548387093, 35.8788595848597, 35.8585807310937
12/4/2017, 36.09, 36.15, 35.94, 35.98, 307730, 0.621768453371522, 1.00970259542662, 1.58063770994571, 1.95802964325317, 1.86940244755575, 0.253313866456367, 0.220213379039662, 0.0331004874167041, 36.0756363636368, 35.8732258064512, 35.9199291819294, 35.8891636403653
12/5/2017, 36, 36.02, 35.87, 35.88, 41698, 0.613229306150837, 1.04526839467876, 1.62678584038843, 1.72195411554437, 1.75476372306767, 0.244815085383244, 0.225133720308379, 0.0196813650748656, 36.0152727272732, 35.9155698924727, 35.9541611721613, 35.9175319148936
12/6/2017, 35.78, 35.85, 35.71, 35.81, 86081, 0.607443008362397, 0.91715192435372, 1.68391627107947, 1.61167240705486, 1.75883681372931, 0.229782535136408, 0.226063483273985, 0.00371905186242344, 35.9527272727277, 35.9393978494619, 35.9889255189257, 35.944235124414
12/7/2017, 35.76, 35.93, 35.74, 35.9, 73723, 0.602086557743303, 1.18550969625827, 1.98117831808516, 1.65926433567708, 1.8046624886339, 0.222565778844597, 0.225363942388107, -0.00279816354351012, 35.9252727272732, 35.9636774193544, 36.0276727716729, 35.9719995709075
12/8/2017, 35.81, 35.88, 35.76, 35.82, 41477, 0.592801843993169, 0.852926185394116, 1.72837876614144, 1.54889248159618, 1.81709062494483, 0.207993496520871, 0.22188985321466, -0.0138963566937892, 35.8856363636368, 35.9830107526877, 36.063186813187, 35.9979541183562
12/11/2017, 35.86, 35.88, 35.78, 35.88, 30008, 0.576155349755952, 0.919297577706585, 1.62981469674747, 1.49767632226141, 1.79545476886417, 0.198992494739933, 0.217310381519715, -0.0183178867797816, 35.8541818181823, 36.012774193548, 36.0988229548231, 36.0244710101614
12/12/2017, 35.83, 35.83, 35.63, 35.64, 61724, 0.586106376312609, 0.33847375505426, 1.07765426049145, 1.31337617178628, 1.70592372815209, 0.170527407934479, 0.207953786802668, -0.0374263788681886, 35.7507272727277, 35.9998924731178, 36.1236166056168, 36.046550209205
12/13/2017, 35.6, 35.76, 35.59, 35.61, 53990, 0.581139839629101, 0.44910928610487, 1.01044756530948, 1.44677130020493, 1.59605016690366, 0.143889207070558, 0.195140870856246, -0.0512516637856878, 35.6658181818187, 35.9811182795694, 36.1465225885227, 36.0677527662517
12/14/2017, 35.61, 35.64, 35.36, 35.39, 35097, 0.595074037997533, 0.0109848541114138, 0.65383984512355, 1.433849423192, 1.59278956619937, 0.103829201184901, 0.176878536921977, -0.0730493357370758, 35.5603636363641, 35.9246666666662, 36.1552869352871, 36.0849610781523
12/15/2017, 35.48, 35.69, 35.48, 35.52, 40244, 0.605481044327028, 0.430844865056191, 0.774789557101129, 1.37238642671676, 1.6023399976959, 0.0816302882980224, 0.157828887197186, -0.0761985988991634, 35.4896363636368, 35.8937204301071, 36.1681562881565, 36.1039985715743
12/18/2017, 35.8, 35.93, 35.8, 35.87, 92414, 0.626745256754146, 0.893132058567292, 1.09902539004655, 1.70677194342607, 1.72680524687455, 0.0912279458561969, 0.144508698928988, -0.0532807530727911, 35.5809090909096, 35.9057849462361, 36.1848669108671, 36.1284308169736
12/19/2017, 35.87, 35.87, 35.61, 35.61, 76209, 0.636261857393503, 0.494180851856159, 0.747108656097703, 1.53820393113499, 1.67949517092471, 0.0769671026797667, 0.131000379679144, -0.054033276999377, 35.5683636363641, 35.8926021505372, 36.1879462759465, 36.1482201405152
12/20/2017, 35.75, 35.78, 35.7, 35.75, 51359, 0.625857916215204, 0.492407709412695, 0.762288475565653, 1.47295407539346, 1.82757784477967, 0.0760850505879205, 0.120017313860899, -0.0439322632729786, 35.6049090909096, 35.8884301075264, 36.2023956043958, 36.1699422598307
12/21/2017, 35.78, 35.96, 35.78, 35.86, 67255, 0.622021736738953, 0.843369084362723, 0.796674884254157, 1.48689706666593, 1.86468244184942, 0.0833018468055542, 0.11267422044983, -0.0293723736442759, 35.7007272727278, 35.9025161290318, 36.2188131868134, 36.19307725223
12/22/2017, 35.86, 35.88, 35.73, 35.85, 87847, 0.612005983416623, 0.463593770916402, 0.767727000939478, 1.42342485586749, 1.78537303414813, 0.0872090022831244, 0.107581176816489, -0.0203721745333646, 35.7792727272732, 35.8996344086017, 36.2351697191699, 36.2156680161943
12/26/2017, 35.35, 35.35, 35.25, 35.3, 67226, 0.675450248731208, 0.0133512965392692, 0.169623929596655, 1.05397190805779, 1.53186280914639, 0.0454016853235828, 0.0951452785179078, -0.049743593194325, 35.6781818181823, 35.818774193548, 36.212385836386, 36.2290672366887
12/27/2017, 35.24, 35.45, 35.24, 35.39, 53054, 0.669715289381211, 0.0768910354859153, 0.253741419271716, 1.06911892551687, 1.66813963124551, 0.019308753969824, 0.079977973608291, -0.060669219638467, 35.5918181818187, 35.7516344086017, 36.1915115995118, 36.2436597590361
12/28/2017, 35.47, 35.53, 35.42, 35.52, 41183, 0.653608189376155, -0.0628199118690047, 0.548450913878607, 1.11805034991443, 1.58611793312006, 0.00901590172434652, 0.0657855592315021, -0.0567696575071556, 35.5580000000005, 35.7090322580641, 36.1777777777779, 36.2600605577689
12/29/2017, 35.69, 35.69, 35.51, 35.54, 41764, 0.645901934223663, -0.128207076990591, 0.480313005098564, 1.22083802115319, 1.56574114357331, 0.00244439752376735, 0.0531173268899552, -0.0506729293661878, 35.4920000000005, 35.6557419354835, 36.1679462759464, 36.276494972491
1/2/2018, 35.57, 35.58, 35.39, 35.49, 252327, 0.641239419701141, -0.338452178496968, 0.30981973773718, 1.19712595023445, 1.50361584203913, -0.00672067724903513, 0.0411497260621571, -0.0478704033111923, 35.4265454545459, 35.6162580645157, 36.1515482295484, 36.2918580212058
1/3/2018, 35.36, 35.52, 35.36, 35.49, 127851, 0.631719009719184, -0.273240952175754, 0.240949211462059, 1.54032842982832, 1.51045015820302, -0.0138247024727534, 0.030154840355175, -0.0439795428279284, 35.4327272727278, 35.5641075268813, 36.1331623931626, 36.3069546543836
1/4/2018, 35.63, 35.76, 35.58, 35.61, 329602, 0.636021406127131, -0.238374367687237, 0.448889099551546, 1.61753295340984, 1.57940915084907, -0.00966033816116152, 0.0221918046519077, -0.0318521428130692, 35.4490909090914, 35.5279569892469, 36.1226935286937, 36.3236683649838
1/5/2018, 35.81, 35.86, 35.73, 35.83, 88546, 0.635397325106832, -0.0929506756732965, 0.689808786299395, 1.56051307760716, 1.5961526177165, 0.0112622873041701, 0.0200059011823602, -0.00874361387819008, 35.569454545455, 35.5352473118276, 36.1203492063494, 36.3435303308823
1/8/2018, 35.81, 35.92, 35.77, 35.92, 64968, 0.622994761989111, -0.201987725940118, 0.845279708810025, 1.64860300123086, 1.59524560448568, 0.0347057997080142, 0.022945880887491, 0.0117599188205232, 35.7385454545459, 35.5577419354835, 36.1182930402932, 36.364466196498
1/9/2018, 35.9, 35.9, 35.67, 35.7, 89407, 0.630506253728752, -0.172453381567025, 0.507234338885083, 1.43559941014882, 1.51258862733131, 0.0351278587172033, 0.0253822764534335, 0.0097455822637698, 35.8263636363641, 35.5600430107523, 36.1050720390722, 36.3816604832142
1/10/2018, 35.58, 35.58, 35.3, 35.37, 84123, 0.661114492372368, -0.622359418718746, 0.131988567887554, 1.72661465422751, 1.38585635427629, 0.00873342792706211, 0.0220525067481592, -0.0133190788210971, 35.6983636363641, 35.5171827956985, 36.0809426129428, 36.3934826853431
1/11/2018, 35.37, 35.57, 35.37, 35.57, 167016, 0.652640950673324, -0.301883261164822, 0.391151827021919, 1.85246037820219, 1.40150819668067, 0.00390892029458456, 0.0184237894574443, -0.0145148691628597, 35.6536363636368, 35.5081505376341, 36.0654896214898, 36.4081639441639
1/12/2018, 35.61, 35.64, 35.5, 35.57, 86763, 0.63968840834067, -0.231307379109016, 0.374803036756185, 1.75442332419162, 1.40813651130427, 8.44892971230138E-05, 0.01475592942538, -0.014671440128257, 35.6250909090914, 35.5068602150534, 36.0460903540905, 36.4225959328028
1/16/2018, 35.72, 35.89, 35.61, 35.65, 108875, 0.651221061723527, -0.241159903730775, 0.52242113009897, 1.6675725195694, 1.44032970469608, 0.0034689437658102, 0.0124985322934661, -0.00902958852765585, 35.6254545454551, 35.530709677419, 36.0312722832724, 36.4380021058172
1/17/2018, 35.82, 35.99, 35.77, 35.88, 117888, 0.662074395427023, 0.0736584057039205, 0.564501758867645, 1.89361661606935, 1.45978483501057, 0.024428628107195, 0.0148845514562118, 0.00954407665098319, 35.6892727272732, 35.5701075268813, 36.0313992673994, 36.4566429628769
1/18/2018, 35.86, 35.99, 35.83, 35.86, 31368, 0.651630447365463, -0.00579931229010739, 0.540256309553381, 1.88742218323867, 1.46741084591865, 0.0389762026982226, 0.019702881704614, 0.0192733209936086, 35.7249090909096, 35.6142365591394, 36.0320317460319, 36.4746828551676
1/19/2018, 36.09, 36.22, 36.08, 36.21, 63946, 0.662775323126187, 0.566283734759557, 0.65583275171199, 1.94602398542842, 1.54908575435655, 0.0778499297687105, 0.0313322913174333, 0.0465176384512772, 35.8852727272732, 35.6968817204297, 36.0525641025642, 36.4977064036592
1/22/2018, 36.35, 36.38, 36.23, 36.35, 71229, 0.65059531576009, 0.726820392557475, 0.850747970801642, 2.02251571578499, 1.58270017376218, 0.118587466023158, 0.0487833262585782, 0.0698041397645794, 36.1052727272732, 35.7904946236555, 36.0768693528695, 36.522477514541
1/23/2018, 36.24, 36.4, 36.23, 36.29, 93000, 0.642509857852999, 0.907742493846738, 0.718330562367956, 2.04189489545264, 1.53753620625775, 0.144366590256425, 0.0678999790581475, 0.0764666111982773, 36.2941818181823, 35.8790107526878, 36.0929621489623, 36.545976176396
1/24/2018, 36.27, 36.35, 36.1, 36.19, 38778, 0.646610903686407, 0.676702540803795, 0.798695218075872, 1.9590886598121, 1.48663880066035, 0.154941498527435, 0.0853082829520051, 0.0696332155754302, 36.3843636363642, 35.9469892473114, 36.1070061050062, 36.5676278718765
1/25/2018, 36.28, 36.33, 36.13, 36.22, 47701, 0.641380623252084, 0.37780719936254, 0.871809354969537, 1.83372285225977, 1.50473473999319, 0.163854130380479, 0.1010174524377, 0.0628366779427788, 36.3921818181823, 36.0203870967738, 36.1224444444445, 36.589392997836
1/26/2018, 36.31, 36.4, 36.22, 36.4, 62445, 0.631023787513213, 0.863230705550639, 0.964946797715668, 1.89825259937623, 1.51459393556283, 0.183328652426248, 0.117479692435409, 0.0658489599908383, 36.4558181818187, 36.0984301075265, 36.1474188034189, 36.6134878149524
1/29/2018, 36.13, 36.13, 35.82, 35.95, 114129, 0.687644021480025, 0.208959964193013, 0.479177992962052, 1.62704111397019, 1.36071350289069, 0.160599817534177, 0.126103717455163, 0.0344961000790139, 36.3187272727278, 36.1124731182792, 36.1534725274726, 36.6305920459204
1/30/2018, 35.78, 35.85, 35.64, 35.68, 67094, 0.701646929472998, -0.155799033537186, 0.410698993822852, 1.36499241884891, 1.36248707391901, 0.119423666920341, 0.124767707348198, -0.00534404042785781, 36.0836363636369, 36.075397849462, 36.1442100122101, 36.6380240535738
1/31/2018, 36, 36.07, 35.65, 35.76, 77775, 0.723798219278992, -0.0700965215405833, 0.222897755979469, 1.24484676725096, 1.30508825627919, 0.0921839629702319, 0.118250958472605, -0.0260669955023732, 35.920545454546, 36.0552688172039, 36.1372698412699, 36.6480524805247
2/1/2018, 35.79, 35.97, 35.76, 35.8, 176020, 0.716169639814132, 0.571674473572588, 0.401811784647902, 1.1881530740575, 1.32891993600283, 0.0729826682746193, 0.109197300433008, -0.0362146321583886, 35.7738181818187, 36.0619999999996, 36.1339487179488, 36.6588443351099
2/2/2018, 35.51, 35.51, 35.18, 35.19, 60375, 0.780248066214226, -0.171121099442532, -0.0777231177001382, 0.604302034836295, 1.17442134727994, 0.00844623888888663, 0.0890470881241837, -0.080600849235297, 35.4896363636369, 35.9744516129028, 36.1001221001222, 36.6589763564302
2/5/2018, 34.86, 34.89, 33.75, 33.75, 304514, 0.986195051187398, -0.998488447599971, -0.90806229010127, -0.168055406503087, 0.641690492292358, -0.15708453899326, 0.0398207627006949, -0.196905301693955, 34.7916363636369, 35.7162365591394, 36.0003052503053, 36.6359617329506
2/6/2018, 33.34, 34.1, 33.22, 33.97, 158828, 1.0603437983131, -0.867895506263993, -0.826764162402323, 0.0181835049476329, 0.660370516698661, -0.267433900137469, -0.0216301698669379, -0.245803730270531, 34.2994545454551, 35.5061720430103, 35.9071452991454, 36.6159149924832
2/7/2018, 33.82, 34.17, 33.7, 33.7, 110197, 1.085130115349, -0.990324510556939, -1.03135772701156, -0.189921580215683, 0.491626019376764, -0.372380734080785, -0.0917802827097073, -0.280600451371078, 33.820545454546, 35.2733763440856, 35.8056190476191, 36.5930080634139
2/8/2018, 33.7, 33.7, 32.78, 32.79, 157308, 1.19976946150955, -1.37242077392451, -1.34570585319741, -0.596203865859736, 0.167064695611061, -0.522952974531194, -0.178014821074005, -0.344938153457189, 33.1690909090915, 34.9023225806447, 35.6682808302809, 36.5560735274018
2/9/2018, 32.95, 33.18, 32.25, 32.99, 93113, 1.27382293454844, -1.31549151994791, -1.28162128842434, -0.565736789161954, 0.22292282441456, -0.619008684576031, -0.26621359377441, -0.352795090801621, 32.8098181818188, 34.578838709677, 35.5464346764348, 36.52257400574
2/12/2018, 33.1, 33.37, 32.97, 33.24, 84218, 1.26119878701009, -1.28534329656035, -1.19122617185179, -0.49550611856044, 0.272663694523148, -0.667268757294053, -0.346424626478338, -0.320844130815715, 32.6329090909097, 34.3112258064512, 35.437413919414, 36.4933128331283
2/13/2018, 33.08, 33.26, 32.95, 33.23, 55321, 1.24514400530258, -1.33944079950282, -1.28641804096419, -0.454354436655084, 0.305260853114225, -0.698272874012787, -0.416794275985228, -0.281478598027559, 32.5463636363642, 34.0583870967738, 35.3310256410258, 36.4632636326363
2/14/2018, 33.14, 33.74, 33.14, 33.7, 120133, 1.25541034217788, -0.94396678101734, -0.928782952319739, -0.241488284155088, 0.418011860854905, -0.677113445527326, -0.468858109893648, -0.208255335633678, 32.7718181818188, 33.8767526881716, 35.2465470085471, 36.4398660653273
2/15/2018, 33.77, 33.97, 33.62, 33.97, 76112, 1.23467654120768, -0.648059575899419, -0.845894012932337, -0.180964930362489, 0.469642109356008, -0.631280691636697, -0.501342626242257, -0.129938065394439, 33.2109090909097, 33.7409247311824, 35.1742319902321, 36.4203580702473
2/16/2018, 33.95, 34.3, 33.95, 34.08, 41166, 1.22050657275773, -0.691530466381598, -0.752475537069956, -0.0827428543128207, 0.517125053151746, -0.579402828142477, -0.516954666622301, -0.0624481615201758, 33.6658181818188, 33.6368602150533, 35.1088742368744, 36.4029561295612
2/20/2018, 33.95, 34.06, 33.78, 33.88, 71887, 1.21059978747356, -0.78902783143176, -0.810174777460206, -0.119882927928307, 0.421902414211228, -0.548109313118317, -0.523185595921505, -0.0249237171968126, 33.8241818181824, 33.5319569892469, 35.0380048840051, 36.3836124094574
2/21/2018, 33.94, 34.29, 33.76, 33.76, 48120, 1.23265298458602, -0.888539885267391, -0.903185450253396, -0.108248757022416, 0.33168997798533, -0.526917991511148, -0.523932075039433, -0.00298591647171464, 33.9780000000006, 33.4304086021501, 34.9642442002443, 36.3646486264862
2/22/2018, 33.85, 34.17, 33.85, 33.91, 32383, 1.2262945007857, -0.926483255107064, -0.798721448728743, -0.107606098726471, 0.400703781554484, -0.492344528810243, -0.517614565793595, 0.0252700369833524, 34.1410909090915, 33.3471612903221, 34.8984224664226, 36.3463766570999
2/23/2018, 34.18, 34.41, 34.17, 34.39, 30581, 1.22141506820473, -0.653422778608612, -0.594160739898735, 0.0247603939003411, 0.528203544967365, -0.421355695881502, -0.498362791811177, 0.0770070959296747, 34.2765454545461, 33.3143655913974, 34.8557582417584, 36.3350403170698
2/26/2018, 34.57, 34.66, 34.38, 34.64, 41258, 1.19238570975123, -0.698936037229462, -0.386161747425289, 0.0248473703746668, 0.57834452091647, -0.340992870129561, -0.466888807474854, 0.125895937345292, 34.4510909090915, 33.3329462365587, 34.8243345543347, 36.3254363810305
2/27/2018, 34.59, 34.63, 34.18, 34.18, 52238, 1.21530219240765, -0.969489284805186, -0.560282836987225, -0.167070004286604, 0.481935683116496, -0.310839740322436, -0.43567899404437, 0.124839253721934, 34.4267272727279, 33.2991612903221, 34.7684810744813, 36.3102520158535
2/28/2018, 34.15, 34.15, 33.6, 33.6, 49981, 1.26077611576395, -1.1873329475141, -0.700190003109499, -0.42154159483308, 0.347856880192103, -0.32994096636731, -0.414531388508958, 0.0845904221416478, 34.1487272727279, 33.2060860215049, 34.6900244200246, 36.2857750444171
3/1/2018, 33.51, 33.7, 32.96, 33.23, 69654, 1.32241870644554, -1.30817335902227, -0.901773404303553, -0.565313445086961, 0.223559268071998, -0.370661972911101, -0.405757505389387, 0.0350955324782856, 33.8167272727279, 33.0946236559135, 34.5997533577535, 36.2556613366134
3/2/2018, 33.05, 33.17, 32.9, 33.17, 46616, 1.30831398656696, -1.35217893534733, -1.07955097407616, -0.581328199337227, 0.205318292794438, -0.403128152135885, -0.405231634738686, 0.00210348260280147, 33.543636363637, 32.9913118279565, 34.5100439560441, 36.2254730080634
3/5/2018, 33, 33.56, 32.96, 33.48, 28521, 1.32099570453121, -1.26878198318087, -0.836182231218124, -0.481717976968451, 0.367207524818969, -0.399241219595346, -0.404033551710018, 0.00479233211467206, 33.4432727272734, 32.9680215053758, 34.4327277167279, 36.1977895312287
3/6/2018, 33.74, 33.78, 33.64, 33.72, 559352, 1.29049790564412, -0.96311503105723, -0.786983835361494, -0.431816399945296, 0.422460891983479, -0.372500845444264, -0.397727010456868, 0.0252261650126032, 33.4185454545461, 33.0021290322575, 34.3655409035411, 36.1736826568265
3/7/2018, 33.66, 34.08, 33.62, 34.05, 30242, 1.28163905754489, -0.684530276133484, -0.685684208223264, -0.328452251434815, 0.394762156751654, -0.320980599651314, -0.382377728295757, 0.0613971286444429, 33.4925454545461, 33.0910752688167, 34.3117460317462, 36.1554997949979
3/8/2018, 34.23, 34.25, 34.05, 34.17, 45348, 1.24254666122135, -0.663907981431763, -0.631444795223809, -0.290219627162377, 0.395766093810131, -0.267385186569648, -0.359379219950535, 0.0919940333808874, 33.6221818181825, 33.203032258064, 34.2676336996339, 36.1386540932076
3/9/2018, 34.39, 34.77, 34.39, 34.77, 40718, 1.24633098772611, -0.395643454116261, -0.171614201435339, -0.0848903425009724, 0.490389981565915, -0.174484105818259, -0.32240019712408, 0.147916091305821, 34.0409090909097, 33.4061505376339, 34.252888888889, 36.1319844198442
3/12/2018, 34.83, 34.9, 34.69, 34.76, 54254, 1.21456219853495, -0.153255088483321, -0.210850735407836, -0.0849261809291988, 0.45458809767842, -0.100507656730208, -0.278021689045306, 0.177514032315097, 34.4854545454552, 33.6293548387091, 34.2353772893774, 36.124991936586
3/13/2018, 34.88, 34.88, 34.4, 34.49, 33361, 1.23245209973967, 0.443148903668353, -0.367250253871689, -0.107064228517851, 0.397614521782817, -0.062941975459168, -0.235005746328078, 0.17206377086891, 34.7381818181825, 33.7988817204296, 34.2067643467645, 36.1133308733087
3/14/2018, 34.67, 34.67, 34.45, 34.51, 25629, 1.2020257685894, 0.331016127669975, -0.367018009389594, -0.135681379170505, 0.431702743654095, -0.0311974448284786, -0.194244086028158, 0.16304664119968, 34.8649090909097, 33.9623655913973, 34.1772722832724, 36.1023296432964
3/15/2018, 34.51, 34.67, 34.45, 34.5, 62091, 1.17413953073389, 0.48604251288878, -0.351698832443357, -0.193127837260016, 0.415979582031668, -0.00676856818245852, -0.156748982459018, 0.14998041427656, 34.8645454545461, 34.1374623655908, 34.151501831502, 36.09073800738
3/16/2018, 34.49, 34.61, 34.44, 34.58, 224737, 1.13743271023144, 1.28135803115274, -0.319617010187062, -0.192588231141987, 0.435373466624226, 0.0188297661491248, -0.12163323273739, 0.140462998886514, 34.8105454545461, 34.3335053763435, 34.1299633699635, 36.0788448817821
3/19/2018, 34.48, 34.48, 34.15, 34.36, 49195, 1.15005244364997, 0.972396994150049, -0.452583993203494, -0.229066714393832, 0.336054004396927, 0.0211209994157642, -0.0930823863067589, 0.114203385722523, 34.665636363637, 34.4688387096769, 34.10326984127, 36.0655448954489
3/20/2018, 34.33, 34.4, 34.26, 34.34, 28570, 1.11357052608103, 0.788868372963903, -0.547672708469235, -0.211497100373086, 0.309350338821852, 0.0210799884489887, -0.0702499113556094, 0.0913298998045981, 34.5138181818189, 34.5109892473112, 34.0740122100124, 36.0510865108651
3/21/2018, 34.41, 34.61, 34.38, 34.45, 172835, 1.09370134317391, 0.871366348037009, -0.53789908702347, -0.139375083450217, 0.376350372204369, 0.0295825583360028, -0.0502834174172869, 0.0798659757532897, 34.4321818181825, 34.5779569892467, 34.0526959706961, 36.037454967883
3/22/2018, 34.12, 34.27, 33.75, 33.75, 58054, 1.16426994692516, 0.0553907660132648, -0.710098979003907, -0.440909347754924, 0.224555931585527, -0.01993346307259, -0.0442134265483476, 0.0242799634757575, 34.1109090909098, 34.5350107526876, 33.997247863248, 36.0124064507311
3/23/2018, 33.85, 33.92, 33.26, 33.29, 36070, 1.22046876459261, -0.409948544956425, -0.762433272300483, -0.636722892245655, 0.139576767797834, -0.0951960614631062, -0.0544099535312993, -0.0407861079318069, 33.7736363636371, 34.3727096774188, 33.9214212454214, 35.9811556648899
3/26/2018, 33.63, 33.88, 33.47, 33.84, 63542, 1.22777585445105, -0.117926742757213, -0.605003630120257, -0.39009444084318, 0.23992462234597, -0.109202985427608, -0.065368559910561, -0.0438344255170468, 33.7050909090916, 34.2903010752682, 33.8721025641027, 35.9580377203772
3/27/2018, 33.94, 33.97, 33.4, 33.49, 41659, 1.26367686380688, -0.205394894185243, -0.733460750215262, -0.514890050479812, 0.180612771600227, -0.146852820608601, -0.0816654120501689, -0.0651874085584317, 33.5118181818189, 34.1746666666661, 33.8115848595851, 35.9321957086237
3/28/2018, 33.8, 33.99, 33.68, 33.86, 64019, 1.26120824750289, 0.0833292609268151, -0.613729000516068, -0.349702661241719, 0.278734318730187, -0.145161348791902, -0.0943645993985155, -0.0507967493933864, 33.5049090909098, 34.1036989247306, 33.7645885225887, 35.9102222222222
3/29/2018, 33.91, 34.2, 33.91, 34.08, 97990, 1.24029594182586, 0.122850534064047, -0.613114990458156, -0.33022910920857, 0.272982695665187, -0.124632003650134, -0.100418080248839, -0.0242139234012952, 33.6074545454553, 34.0879139784941, 33.7357094017096, 35.8917881645483
4/2/2018, 34.05, 34.08, 33.25, 33.43, 107428, 1.32533118194897, -0.509040579123378, -0.827003442681862, -0.541571160308076, 0.134266880594394, -0.158979302998894, -0.11213032479885, -0.0468489782000437, 33.5243636363644, 34.0052043010747, 33.6752283272285, 35.8626570999043
4/3/2018, 33.55, 33.78, 33.47, 33.72, 231525, 1.30013435177718, -0.480268986337464, -0.841915158496992, -0.499633705028839, 0.229337351576831, -0.160943947183831, -0.121893049275846, -0.0390508979079849, 33.5601818181826, 33.9701075268811, 33.6294603174605, 35.8367962279623
4/4/2018, 33.35, 33.84, 33.26, 33.82, 72862, 1.31722364946275, -0.178870212111497, -0.853647550818975, -0.431098066753399, 0.189422168317044, -0.152671871292441, -0.128048813679165, -0.0246230576132753, 33.6614545454553, 33.9366881720424, 33.595020757021, 35.81004100041
4/5/2018, 33.93, 34.08, 33.87, 34.03, 32052, 1.28184186404904, 0.283291073425689, -0.752887956645328, -0.395502627781753, 0.227787152404114, -0.127698913015223, -0.127978833546377, 0.000279920531153804, 33.8856363636371, 33.9223010752682, 33.5728351648354, 35.7859067924012
4/6/2018, 34.03, 34.21, 33.59, 33.67, 88964, 1.32284005648676, 0.292691778809664, -0.844131231521035, -0.451811148490631, 0.223446496497877, -0.135395895413239, -0.129462245919749, -0.00593364949349007, 33.8683636363644, 33.8704946236553, 33.5392258852261, 35.7580511138444
4/9/2018, 33.94, 34.06, 33.83, 33.83, 30754, 1.308395609424, 0.425418753604967, -0.794045446395299, -0.379020185335498, 0.289989130237211, -0.127119788797295, -0.128993754495258, 0.00187396569796389, 33.8187272727281, 33.872537634408, 33.5128449328451, 35.7336673500068
4/10/2018, 34, 34.16, 33.98, 34.06, 48333, 1.28302619769445, 0.376528566901739, -0.770138790798585, -0.318046170126403, 0.338335161193385, -0.100839422772864, -0.12336288815078, 0.0225234653779153, 33.9290909090917, 33.9240430107521, 33.4999242979245, 35.710233702337
4/11/2018, 33.92, 34.05, 33.85, 33.92, 32841, 1.25486081010611, 0.14612122539458, -0.675193678142979, -0.408214357230498, 0.278340693182521, -0.0902683163688494, -0.116743973794394, 0.0264756574255443, 33.9090909090917, 33.9308602150531, 33.4841880341882, 35.687737870712
4/12/2018, 33.89, 34.1, 33.89, 34.04, 45498, 1.21876130272795, 0.0177644377378159, -0.539901484201547, -0.31222548646685, 0.277481528916804, -0.0713847621620687, -0.107672131467929, 0.0362873693058599, 33.9810909090917, 33.915913978494, 33.4793919413922, 35.6673180265136
4/13/2018, 34.2, 34.25, 34.07, 34.12, 22886, 1.18588226868747, -0.00684797875020343, -0.538539415368182, -0.396103427633952, 0.333981443861187, -0.0493946867902437, -0.0960166425323917, 0.0466219557421479, 34.1149090909099, 33.8836129032252, 33.4740610500612, 35.6489000956676
4/16/2018, 34.32, 34.38, 34.25, 34.34, 46705, 1.15722736916819, -0.255851098248981, -0.470975447444821, -0.263514512072655, 0.338233838113074, -0.0140532352961884, -0.079623961085151, 0.0655707257889626, 34.1925454545463, 33.8694838709671, 33.4820732600734, 35.6332931529315
4/17/2018, 34.39, 34.74, 34.39, 34.67, 24763, 1.14658864910222, -0.0336458969882414, -0.145030587173054, -0.164487285212115, 0.480931485421246, 0.0401208732566687, -0.0556749942167871, 0.0957958674734558, 34.3925454545463, 33.9103440860209, 33.5034896214898, 35.6215055350553
4/18/2018, 34.65, 34.79, 34.65, 34.71, 115659, 1.10817104699381, 0.16362452430156, 0.441791361781268, -0.2343362758929, 0.465717303440478, 0.0852986406612501, -0.0274802672411796, 0.11277890790243, 34.5745454545463, 33.964602150537, 33.5259853479855, 35.6109331693317
4/19/2018, 34.69, 34.76, 34.5, 34.57, 50515, 1.09463078360131, 0.0610878196000956, 0.289117493277431, -0.304312891002282, 0.441695433931841, 0.108554171925114, -0.000273379407920913, 0.108827551333035, 34.7016363636372, 34.0167096774187, 33.5451672771675, 35.5985611589449
4/20/2018, 34.51, 34.51, 34.29, 34.45, 177036, 1.0841601416442, -0.00910644979121769, 0.356282737799874, -0.38704145307544, 0.460690704511609, 0.115964583349218, 0.0229742131435068, 0.092990370205711, 34.6858181818191, 34.0582365591391, 33.5583003663006, 35.584405904059
4/23/2018, 34.37, 34.53, 34.29, 34.33, 92933, 1.068507166783, -0.136619081032336, 0.764266262333476, -0.40702180472005, 0.497936974042817, 0.110876277959569, 0.0405546261067193, 0.07032165185285, 34.6180000000009, 34.122731182795, 33.5685250305252, 35.5686286729534
4/24/2018, 34.51, 34.56, 33.96, 34.14, 33444, 1.10860452501106, -0.118702302275371, 0.577623353243898, -0.496329309481179, 0.393601452887857, 0.0904694714239795, 0.0505375951701714, 0.0399318762538082, 34.5032727272736, 34.16529032258, 33.5662466422468, 35.5506573732404
4/25/2018, 34.02, 34.13, 33.96, 34.08, 16220, 1.08143692956818, -0.144518617121158, 0.431202479008657, -0.54415602322456, 0.377017660285313, 0.0686639167716052, 0.0541628594904581, 0.0145010572811471, 34.3354545454555, 34.1862365591391, 33.561777777778, 35.5313956539566
4/26/2018, 34.34, 34.39, 34.17, 34.34, 39140, 1.06472341385263, -0.0465180014740408, 0.554819868385089, -0.517005392100456, 0.439703679198518, 0.0715380387189271, 0.0576378953361519, 0.0139001433827751, 34.2727272727282, 34.2441505376337, 33.5649059829062, 35.5154872215389
4/27/2018, 34.36, 34.38, 34.26, 34.32, 21716, 1.02955920542292, 0.428404686242377, 0.328060268473389, -0.447622574824607, 0.346424177094384, 0.0713791537634734, 0.0603861470216162, 0.0109930067418571, 34.2027272727282, 34.2999569892466, 33.5708180708183, 35.4999682930163
4/30/2018, 34.33, 34.35, 34.04, 34.06, 37263, 1.03105544138605, 0.600934020007808, 0.0738696822223323, -0.565032996411758, 0.273552530909782, 0.0497004928580509, 0.0582490161889032, -0.00854852333085226, 34.076000000001, 34.3292688172036, 33.5740219780222, 35.4800560338937
5/1/2018, 33.95, 34.11, 33.77, 34.05, 50211, 1.02971691385986, 0.189874489140924, 0.0163071743350165, -0.537533595806599, 0.208760898296164, 0.031351678839755, 0.0528695487190735, -0.0215178698793185, 34.0270909090919, 34.3459999999993, 33.5723369963372, 35.4598220582206
5/2/2018, 34.07, 34.2, 33.91, 34, 40133, 1.02231670209064, 0.456617777666681, 0.0885339036958698, -0.532199468571355, 0.177453759303398, 0.0126299393229701, 0.0448216268398528, -0.0321916875168828, 34.0027272727283, 34.3570537634402, 33.5727203907206, 35.4386786934536
5/3/2018, 34.16, 34.23, 33.78, 34.12, 64735, 1.03372888269425, 0.249131734277549, 0.204564278922068, -0.520653700929585, 0.199956574030226, 0.00739062842721694, 0.0373354271573257, -0.0299447987301087, 34.0305454545465, 34.392860215053, 33.5820757020759, 35.4197280306136
5/4/2018, 33.97, 34.45, 33.97, 34.4, 44086, 1.04381651173405, 0.297824486466088, 0.264683104251378, -0.402727108852658, 0.237816559712988, 0.025537713868701, 0.0349758844996007, -0.00943817063089976, 34.1556363636374, 34.4196559139778, 33.604722832723, 35.4051767117671
5/7/2018, 34.43, 34.46, 34.28, 34.33, 39562, 1.01986378105065, 1.00347142592448, 0.000727333018370136, -0.443885558318758, 0.194485712518039, 0.0338804421904513, 0.0347567960377708, -0.000876353847319558, 34.2352727272738, 34.4027096774186, 33.6131501831504, 35.3891102911029
5/8/2018, 34.26, 34.29, 34.16, 34.22, 78810, 0.996824296414243, 0.579391357883432, -0.175656203530342, -0.406053984489927, 0.165782300091676, 0.0312557371184283, 0.0340565842539023, -0.00280084713547401, 34.2389090909102, 34.4017634408595, 33.6194798534801, 35.3720538472051
5/9/2018, 34.34, 34.41, 34.24, 34.36, 29891, 0.970773022471788, 0.619701314846523, 0.119599215320791, -0.350850198846311, 0.238268011869401, 0.0400112446874275, 0.0352475163406074, 0.00476372834682009, 34.2745454545465, 34.392795698924, 33.6356752136754, 35.3570427770944
5/10/2018, 34.48, 34.56, 34.35, 34.54, 41700, 0.94782782280035, 0.58680898218678, 0.524279737523944, -0.224275623457481, 0.314798061265458, 0.060773978598327, 0.0403528087921513, 0.0204211698061757, 34.409090909092, 34.4257204301068, 33.6610329670332, 35.3426573732404
5/11/2018, 34.49, 34.57, 34.45, 34.53, 21999, 0.918073395584937, 1.0937496898529, 0.733456368748563, -0.268498077812386, 0.264906787813051, 0.0755507760658602, 0.0473924022468931, 0.0281583738189672, 34.5252727272738, 34.4676559139777, 33.6855750915753, 35.3299158124915
5/14/2018, 34.64, 34.64, 34.39, 34.42, 99801, 0.911273115400072, 0.752501562697946, 0.706987231160405, -0.415757217426356, 0.284892385465367, 0.0774921327590405, 0.0534123483493226, 0.024079784409718, 34.5400000000011, 34.4493978494616, 33.7060122100124, 35.3149982233155
5/15/2018, 34.18, 34.18, 33.95, 34.03, 26558, 0.94468761682242, -0.0222011296576621, 0.32371078157489, -0.45928608641279, 0.208272164287897, 0.0470189263761043, 0.0521336639546789, -0.00511473757857465, 34.3983636363648, 34.3946021505369, 33.7128522588525, 35.2930444171108
5/16/2018, 33.96, 34.08, 33.89, 33.96, 19307, 0.927277197303993, 0.0595925851528013, 0.157168474262646, -0.526425993777365, 0.14178503916777, 0.017024033325356, 0.0451117378288143, -0.0280877045034584, 34.2236363636375, 34.3355913978487, 33.7226788766791, 35.2710856908569
5/17/2018, 34.05, 34.19, 34.05, 34.12, 88540, 0.910487014637204, 0.105676449425093, 0.0650882926370495, -0.507780938289529, 0.157872830620479, 0.00609328767789918, 0.0373080477986313, -0.0312147601207321, 34.1303636363648, 34.3099784946229, 33.7428693528695, 35.2522339756731
5/18/2018, 34.1, 34.25, 34.1, 34.2, 28394, 0.884869183989776, 0.10546004245153, 0.0432863385995506, -0.47836985791033, 0.155514608804767, 0.0038416403737358, 0.0306147663136522, -0.0267731259399164, 34.1207272727285, 34.2699354838702, 33.7629865689868, 35.2373081864152
5/21/2018, 34.37, 34.58, 34.37, 34.55, 26231, 0.887102743497186, 0.243987599298905, -0.0960098548242852, -0.195420501103994, 0.234148041146735, 0.0299539777807425, 0.0304826086070703, -0.000528630826327765, 34.2289090909103, 34.281548387096, 33.7921684981687, 35.2299420527538
5/22/2018, 34.69, 34.75, 34.47, 34.47, 39624, 0.8853185320115, -0.221567774175255, -0.134895749506015, -0.249946704253361, 0.205605557215889, 0.0436892395351762, 0.0331239347926914, 0.0105653047424848, 34.2754545454558, 34.2936989247304, 33.8228986568988, 35.2209856498565
5/23/2018, 34.29, 34.49, 34.29, 34.48, 33379, 0.869811000826989, -0.256839896268177, 0.020174698173748, -0.288110766555841, 0.199369738322348, 0.0547503222255656, 0.0374492122792663, 0.0173011099462994, 34.3398181818194, 34.2951397849454, 33.854871794872, 35.2122875495421
5/24/2018, 34.36, 34.52, 34.27, 34.5, 30895, 0.862073308495329, -0.07086702992631, 0.0201779654024848, -0.287919864881337, 0.232490508262584, 0.0643879189519296, 0.042836953613799, 0.0215509653381307, 34.4405454545467, 34.3035053763433, 33.8902954822957, 35.202664206642
5/25/2018, 34.47, 34.52, 34.37, 34.5, 39623, 0.840708773505346, 0.0721241634899848, 0.0258091136590678, -0.272169990895279, 0.234566216050992, 0.0712049771398071, 0.0485105583190006, 0.0226944188208065, 34.5414545454558, 34.314236559139, 33.931672771673, 35.192696733634
5/29/2018, 34.08, 34.23, 33.92, 34.08, 35674, 0.893610036726459, -0.259389229931352, -0.249333562426426, -0.405087739217653, 0.243619591013026, 0.0422302509093413, 0.0472544968370687, -0.00502424592772744, 34.4769090909104, 34.2838924731175, 33.9552576312578, 35.1766401530682
5/30/2018, 34.25, 34.48, 34.16, 34.39, 20517, 0.899433514075482, 0.276972099676088, 0.0430916248404452, -0.339999709483051, 0.307910171282937, 0.0437773428836508, 0.0465590660463851, -0.00278172316273438, 34.4600000000013, 34.3165591397841, 34.0014749694752, 35.1643241765751
5/31/2018, 34.4, 34.4, 34.13, 34.13, 22105, 0.900525714081541, 0.0654051039735125, -0.0871421360467458, -0.491717165491197, 0.188576509621163, 0.0237498241412055, 0.0419972176653492, -0.0182473935241437, 34.3196363636377, 34.3207096774185, 34.0407716727719, 35.1494664479978
6/1/2018, 34.36, 34.46, 34.3, 34.36, 70824, 0.897793815207301, 0.0346920261920959, -0.0212407221664664, -0.443824332621484, 0.245333405639358, 0.0261356732844078, 0.0388249087891609, -0.0126892355047531, 34.2814545454559, 34.3484516129024, 34.0904151404154, 35.1397682110154
6/4/2018, 34.56, 34.65, 34.45, 34.48, 19025, 0.891989144895496, 0.176436122229802, 0.451949860866719, -0.338149829444883, 0.248716765719239, 0.0372797354531826, 0.0385158741219653, -0.00123613866878264, 34.2876363636377, 34.3847741935476, 34.1444957264959, 35.1306483531502
6/5/2018, 34.31, 34.41, 34.22, 34.27, 26877, 0.89051638255608, 0.23114880495266, 0.621982796948357, -0.304201641222263, 0.335618297285534, 0.0288338612497725, 0.0365794715475267, -0.00774561029775422, 34.2760000000014, 34.3862580645153, 34.1913162393165, 35.117594095941
6/6/2018, 34.4, 34.4, 34.16, 34.39, 50837, 0.877932439915296, 0.362930937906107, 0.374101315393765, -0.32845949550462, 0.362204242776603, 0.0314607819023678, 0.0355557336184949, -0.00409495171612715, 34.3050909090923, 34.3906881720422, 34.248810744811, 35.1062919229193
6/7/2018, 34.49, 34.49, 34.28, 34.35, 30156, 0.86557472425772, 0.373886234365172, 0.590077381738734, -0.341340066511415, 0.322174685954445, 0.0299694999988134, 0.0344384868945586, -0.00446898689574525, 34.3267272727287, 34.384430107526, 34.2960293040295, 35.0938578652453
6/8/2018, 34.3, 34.43, 34.27, 34.42, 9587, 0.843865984582801, 0.322941560140706, 0.399564171753249, -0.343703624016216, 0.290130292631729, 0.0340436295615802, 0.034359515427963, -0.000315885866382704, 34.3836363636378, 34.4026451612895, 34.34147985348, 35.0822080087468
6/11/2018, 34.38, 34.49, 34.33, 34.33, 44981, 0.827077594811332, -0.0608451712116729, 0.191299275593813, -0.44534369188754, 0.297275409913867, 0.029668162642821, 0.0334212448709346, -0.00375308222811355, 34.4138181818196, 34.4075913978486, 34.3856971916974, 35.0703118764521
6/12/2018, 34.35, 34.41, 34.26, 34.31, 51856, 0.808041245653727, -0.00772543925117049, 0.695094956732968, -0.445623172467739, 0.295293645558324, 0.0243065499555541, 0.0315983058878585, -0.00729175593230433, 34.3623636363651, 34.3926021505368, 34.430976800977, 35.0581109744431
6/13/2018, 34.28, 34.36, 34.12, 34.21, 93252, 0.804960549004982, 0.00290031012750704, 0.401538073257949, -0.5900960796397, 0.232383261070827, 0.0118516505571975, 0.0276489748217263, -0.0157973242645288, 34.3258181818197, 34.3626451612894, 34.4594212454215, 35.0413929205959
6/14/2018, 34.14, 34.23, 34.11, 34.12, 201034, 0.784314635474425, -0.245885094278373, 0.25303513145744, -0.663385653248591, 0.21160604712342, -0.00522101023133814, 0.0210749778111134, -0.0262959880424515, 34.2160000000015, 34.3169032258056, 34.4526495726498, 35.0230960776275
6/15/2018, 34.03, 34.07, 33.88, 34.07, 34446, 0.781413988678251, -0.504743724469772, 0.0501693093091838, -0.661327464084896, 0.218271359644086, -0.0225261318151624, 0.0123547558858582, -0.0348808877010206, 34.1354545454561, 34.2720430107518, 34.4483101343103, 35.0071496514965
6/18/2018, 33.75, 34.02, 33.75, 33.99, 17693, 0.791163161652092, -0.581321439082569, 0.282346524996376, -0.656832253973877, 0.197385592195484, -0.0422093338330853, 0.00144193794206953, -0.0436512717751549, 34.0670909090925, 34.2360215053754, 34.4344004884007, 34.9907073937406
6/19/2018, 33.78, 33.8, 33.6, 33.78, 22471, 0.814003968955799, -0.682691434724791, -0.0230570300534186, -0.73395364600161, 0.102865551874777, -0.0739017646581388, -0.0136268025779721, -0.0602749620801667, 33.9109090909107, 34.1713333333324, 34.3908766788769, 34.9720177668443
6/20/2018, 33.84, 33.92, 33.79, 33.85, 27397, 0.792384087673871, -0.201479306964224, -0.15688083292235, -0.767495509762148, 0.104830316949578, -0.0923057857927816, -0.029362599220934, -0.0629431865718476, 33.8296363636379, 34.111741935483, 34.3541318681321, 34.9553819871532
6/21/2018, 33.59, 33.59, 33.3, 33.34, 58542, 0.846763386303915, -0.626647242123608, -0.432175335388567, -0.794262207111677, 0.0213979845211445, -0.146356733567302, -0.0527614260902076, -0.0935953074770943, 33.593636363638, 33.9991612903217, 34.3000195360197, 34.9310763974307
6/22/2018, 33.44, 33.61, 33.44, 33.52, 40536, 0.840379974176727, -0.599848197259536, -0.381149088662319, -0.650845508317577, 0.0339940111662354, -0.17267748485996, -0.0767446378441582, -0.0959328470158022, 33.4889090909107, 33.9279999999991, 34.25347985348, 34.9084187508542
6/25/2018, 33.43, 33.58, 33.34, 33.51, 31648, 0.834409426967582, -0.695308233322966, -0.451136029713469, -0.67950788186516, -0.0285561202527234, -0.19212904231307, -0.0998215187379405, -0.0923075235751294, 33.4118181818198, 33.8614838709668, 34.2167350427352, 34.885991799918
6/26/2018, 33.53, 33.66, 33.51, 33.51, 109865, 0.81507033431213, -1.14218165902597, -0.629385190260437, -0.692098919939242, -0.0555228046896864, -0.205179361772764, -0.120893087344905, -0.0842862744278587, 33.3754545454562, 33.7942150537625, 34.1861294261296, 34.8634300943009
6/27/2018, 33.48, 33.69, 33.24, 33.24, 53757, 0.848295925320682, -1.31817885981431, -1.11758800364581, -0.599973976012841, -0.167761490175242, -0.234604206229527, -0.14363531112183, -0.0909688951076973, 33.2694545454562, 33.672559139784, 34.1465030525032, 34.838532731994
6/28/2018, 33.17, 33.33, 33.12, 33.25, 52445, 0.837217706158692, -1.31775210780827, -1.14171291361884, -0.150583391550188, -0.157465321719044, -0.254186586288483, -0.16574556615516, -0.088441020133323, 33.2018181818199, 33.5526021505367, 34.1034847374849, 34.8145029383627
6/29/2018, 33.41, 33.64, 33.41, 33.49, 28348, 0.847883376927073, -1.02757732904275, -0.822249424810176, -0.14156625381253, -0.0698520229901379, -0.247486894468139, -0.182093831817756, -0.0653930626503829, 33.2545454545471, 33.4783440860206, 34.0687521367523, 34.7925884925516
7/2/2018, 33.21, 33.43, 33.18, 33.43, 47937, 0.853300436094027, -1.09118663247809, -0.779590660286164, -0.0635572955080888, -0.119614188539632, -0.244203809486741, -0.194515827351553, -0.0496879821351883, 33.3021818181835, 33.405870967741, 34.0349279609281, 34.7695935492688
7/3/2018, 33.64, 33.76, 33.64, 33.65, 15881, 0.854369744418786, -0.453388697639531, -0.504897929136878, 0.388356468041188, -0.0876651617917223, -0.221298784963011, -0.199872418873845, -0.0214263660891663, 33.4143636363654, 33.3896129032249, 34.0217387057389, 34.7492762060954
7/5/2018, 33.87, 33.88, 33.68, 33.87, 32230, 0.840332589451065, -0.564080806455874, -0.187444885992055, 0.39411612122932, -0.0704303550625225, -0.183281471903527, -0.196554229479781, 0.0132727575762542, 33.6236363636381, 33.4017419354829, 34.0242637362639, 34.7326497198305
7/6/2018, 33.99, 34.23, 33.99, 34.16, 30076, 0.844231895915462, 0.046177148235197, 0.0793149887415233, 0.406894708746622, -0.0308212047594201, -0.128273246892206, -0.182898032962266, 0.0546247860700599, 33.8300000000018, 33.4552043010743, 34.0298070818072, 34.7196960502938
7/9/2018, 34.34, 34.39, 34.09, 34.11, 19358, 0.847171312994681, -0.267815145441588, -0.154750075254349, 0.391042203648176, -0.0188084332395148, -0.087702435309069, -0.163858913431627, 0.0761564781225578, 34.0103636363654, 33.5057204301066, 34.0202905982907, 34.7051542982096
7/10/2018, 33.88, 34.07, 33.88, 34.07, 59211, 0.839511676311597, -0.452060438158433, -0.169990758168585, 0.186911749851123, -0.0249516118336988, -0.0581076121563697, -0.142708653176575, 0.0846010410202056, 34.142727272729, 33.5536774193539, 34.0004297924299, 34.6916862101954
