Date,EMB_Open,EMB_High,EMB_Low,EMB_Close,EMB_Volume,EMB_ATRPercentOfClose20,EMB_SQN25,EMB_SQN50,EMB_SQN100,EMB_SQN200,EMB_MACD,EMB_MACD_Avg,EMB_MACD_Diff,EMB_LinReg10,EMB_LinReg30,EMB_LinReg90,EMB_LinReg270
1/3/2017, 110.53, 110.78, 110.43, 110.6, 2818119, 0, 0, 0, 0, 0, 0, 0, 0, 110.6, 110.6, 110.6, 110.6
1/4/2017, 111.12, 111.34, 111.11, 111.29, 1975571, 0, 0, 0, 0, 0, 0.0550427350427327, 0.0110085470085465, 0.0440341880341862, 111.29, 111.29, 111.29, 111.29
1/5/2017, 111.79, 112.16, 111.46, 112.15, 3175863, 0, 0, 0, 0, 0, 0.16614410597316, 0.0420356588014693, 0.124108447171691, 112.121666666667, 112.121666666667, 112.121666666667, 112.121666666667
1/6/2017, 112.15, 112.15, 111.73, 112.09, 1433339, 0, 0, 0, 0, 0, 0.246509634696736, 0.0829304539805226, 0.163579180716213, 112.332, 112.332, 112.332, 112.332
1/9/2017, 111.97, 111.99, 111.79, 111.96, 2148080, 0, 0, 0, 0, 0, 0.296294483301267, 0.125603259844671, 0.170691223456596, 112.322, 112.322, 112.322, 112.322
1/10/2017, 112.07, 112.11, 111.72, 111.78, 1443796, 0, 0, 0, 0, 0, 0.317564156899692, 0.163995439255676, 0.153568717644017, 112.205714285714, 112.205714285714, 112.205714285714, 112.205714285714
1/11/2017, 111.93, 111.94, 111.35, 111.89, 2419750, 0, 0, 0, 0, 0, 0.339384395110429, 0.199073230426626, 0.140311164683802, 112.179285714286, 112.179285714286, 112.179285714286, 112.179285714286
1/12/2017, 112.36, 112.37, 112, 112.11, 2753142, 0, 0, 0, 0, 0, 0.370162252453767, 0.233291034832054, 0.136871217621712, 112.2475, 112.2475, 112.2475, 112.2475
1/13/2017, 112.37, 112.47, 112.03, 112.16, 3549902, 0, 0, 0, 0, 0, 0.394046189090801, 0.265442065683804, 0.128604123406997, 112.305777777778, 112.305777777778, 112.305777777778, 112.305777777778
1/17/2017, 112.89, 112.92, 112.52, 112.62, 2269864, 0, 0, 0, 0, 0, 0.444963276893716, 0.301346307925786, 0.14361696896793, 112.500181818182, 112.500181818182, 112.500181818182, 112.500181818182
1/18/2017, 112.67, 112.67, 111.73, 111.83, 3014266, 0, 0, 0, 0, 0, 0.416764832558172, 0.324430012852264, 0.0923348197059088, 112.235090909091, 112.383181818182, 112.383181818182, 112.383181818182
1/19/2017, 111.85, 111.89, 111.43, 111.56, 2110824, 0, 0, 0, 0, 0, 0.368384115969846, 0.33322083347578, 0.035163282494066, 111.947636363636, 112.213974358974, 112.213974358974, 112.213974358974
1/20/2017, 111.45, 111.73, 111.3, 111.7, 1487075, 0, 0, 0, 0, 0, 0.337448977720058, 0.334066462324636, 0.00338251539542234, 111.865818181818, 112.122527472527, 112.122527472527, 112.122527472527
1/23/2017, 111.73, 112.3, 111.69, 112.23, 2536559, 0, 0, 0, 0, 0, 0.351645675926434, 0.337582305044995, 0.0140633708814389, 111.979636363636, 112.186857142857, 112.186857142857, 112.186857142857
1/24/2017, 112.13, 112.2, 111.85, 111.86, 1188572, 0, 0, 0, 0, 0, 0.329245417530544, 0.335914927542105, -0.00666951001156141, 111.932, 112.146583333333, 112.146583333333, 112.146583333333
1/25/2017, 111.82, 111.82, 111.52, 111.73, 2217619, 0, 0, 0, 0, 0, 0.297572902633135, 0.328246522560311, -0.030673619927176, 111.808909090909, 112.08375, 112.08375, 112.08375
1/26/2017, 111.72, 112.32, 111.36, 111.64, 1642447, 0, 0, 0, 0, 0, 0.262187622840187, 0.315034742616286, -0.052847119776099, 111.679454545455, 112.012745098039, 112.012745098039, 112.012745098039
1/27/2017, 111.83, 112.05, 111.77, 111.97, 1899975, 0, 0, 0, 0, 0, 0.257801006217917, 0.303587995336613, -0.0457869891186952, 111.721636363636, 112.021637426901, 112.021637426901, 112.021637426901
1/30/2017, 111.96, 112, 111.72, 111.72, 2616701, 0, 0, 0, 0, 0, 0.231483275175194, 0.289167051304329, -0.0576837761291352, 111.695090909091, 111.979842105263, 111.979842105263, 111.979842105263
1/31/2017, 111.87, 112.13, 111.73, 112.13, 3715070, 0, 0, 0, 0, 0, 0.240932536891862, 0.279520148421835, -0.0385876115299739, 111.926181818182, 112.020714285714, 112.020714285714, 112.020714285714
2/1/2017, 111.63, 111.85, 111.31, 111.71, 1830410, 0, 0, 0, 0, 0, 0.21208586117821, 0.26603329097311, -0.0539474297949006, 111.880909090909, 111.98025974026, 111.98025974026, 111.98025974026
2/2/2017, 112.33, 112.36, 112.02, 112.04, 3683572, 0.489084255622992, 0, 0, 0, 0, 0.213393042756664, 0.255505241329821, -0.0421121985731571, 111.902181818182, 112.001699604743, 112.001699604743, 112.001699604743
2/3/2017, 112.34, 112.78, 112.22, 112.69, 5082639, 0.494783476794746, 0, 0, 0, 0, 0.263837210172753, 0.257171635098407, 0.00666557507434529, 112.149818181818, 112.125760869565, 112.125760869565, 112.125760869565
2/6/2017, 112.77, 113.41, 112.58, 112.69, 1677311, 0.506870995651788, 0, 0, 0, 0, 0.30035230190704, 0.265807768460134, 0.0345445334469061, 112.449454545454, 112.232266666667, 112.232266666667, 112.232266666667
2/7/2017, 112.69, 112.77, 112.11, 112.55, 2529511, 0.511446715904042, 0, 0, 0, 0, 0.314370082588809, 0.275520231285869, 0.0388498513029401, 112.601636363636, 112.303015384615, 112.303015384615, 112.303015384615
2/8/2017, 112.84, 113.13, 112.58, 112.99, 2622156, 0.509648300568634, 1.24643267526702, 0, 0, 0, 0.356869824347015, 0.291790149898098, 0.065079674448917, 112.842181818182, 112.42811965812, 112.42811965812, 112.42811965812
2/9/2017, 113.03, 113.03, 112.76, 112.84, 1482466, 0.496773337532678, 0.84687935731098, 0, 0, 0, 0.374134638267577, 0.308259047571994, 0.0658755906955832, 112.944181818182, 112.516137566138, 112.516137566138, 112.516137566138
2/10/2017, 112.73, 113.05, 112.73, 113.01, 1131919, 0.485382782380568, 0.522378050308238, 0, 0, 0, 0.396958812840481, 0.325999000625691, 0.0709598122147895, 113.105454545454, 112.6160591133, 112.6160591133, 112.6160591133
2/13/2017, 112.98, 113.2, 112.98, 113.13, 1544079, 0.470347854901323, 0.630366728467177, 0, 0, 0, 0.419889903313944, 0.344777181163342, 0.0751127221506021, 113.201454545454, 112.719517241379, 112.719517241379, 112.719517241379
2/14/2017, 113.33, 113.47, 112.83, 113.01, 3047130, 0.475621008616382, 0.637473943953392, 0, 0, 0, 0.423498137692718, 0.360521372469217, 0.0629767652235009, 113.261090909091, 112.795505376344, 112.795505376344, 112.795505376344
2/15/2017, 112.54, 113.05, 112.43, 112.98, 3054269, 0.479398421619317, 0.73409941487578, 0, 0, 0, 0.41910574995309, 0.372238247965992, 0.0468675019870982, 113.178363636363, 112.802774193548, 112.858891129032, 112.858891129032
2/16/2017, 112.94, 113.04, 112.84, 112.92, 2771970, 0.464526319436972, 0.630229517546382, 0, 0, 0, 0.406101961838516, 0.379010990740497, 0.0270909710980194, 113.071636363636, 112.833075268817, 112.907784090909, 112.907784090909
2/17/2017, 112.79, 112.99, 112.73, 112.95, 1661078, 0.452692309794437, 0.517836103058124, 0, 0, 0, 0.393679028565415, 0.38194459830548, 0.0117344302599351, 113.057272727272, 112.914, 112.954509803922, 112.954509803922
2/21/2017, 112.93, 113.16, 112.82, 113.12, 1661418, 0.444439679735835, 0.588363713749581, 0, 0, 0, 0.393020844051549, 0.384159847454694, 0.00886099659685452, 113.087454545454, 113.007333333333, 113.015109243697, 113.015109243697
2/22/2017, 113.35, 113.46, 113.1, 113.28, 2431647, 0.437511173579906, 0.418305863468652, 0, 0, 0, 0.400789835169718, 0.387485844997699, 0.0133039901720191, 113.121454545454, 113.105655913978, 113.086761904762, 113.086761904762
2/23/2017, 113.51, 113.66, 113.48, 113.61, 2271075, 0.431152208925052, 1.28492926179905, 0, 0, 0, 0.428634032368635, 0.395715482471886, 0.0329185498967486, 113.317636363636, 113.225333333333, 113.186246246246, 113.186246246246
2/24/2017, 113.7, 113.86, 113.58, 113.83, 2952583, 0.421102014698905, 1.68391749580235, 0, 0, 0, 0.46311442581657, 0.409195271140823, 0.0539191546757475, 113.526, 113.368451612903, 113.298847795164, 113.298847795164
2/27/2017, 113.9, 113.93, 113.52, 113.56, 1941878, 0.419050195636823, 1.33901427950301, 0, 0, 0, 0.463312860275039, 0.420018788967666, 0.0432940713073727, 113.621090909091, 113.479462365591, 113.373441295547, 113.373441295547
2/28/2017, 113.7, 113.86, 113.52, 113.56, 1596500, 0.413067745735221, 1.01437179970718, 0, 0, 0, 0.458188410232253, 0.427652713220584, 0.0305356970116696, 113.710181818181, 113.584451612903, 113.44091025641, 113.44091025641
3/1/2017, 113.01, 113.19, 112.89, 113.16, 2632900, 0.42340557215807, 0.988749156435737, 0, 0, 0, 0.417043175466731, 0.425530805669813, -0.00848763020308257, 113.613636363636, 113.660322580645, 113.463487804878, 113.463487804878
3/2/2017, 113, 113, 112.58, 112.63, 2339273, 0.429876105994289, 0.637508252685491, 0, 0, 0, 0.33777504936306, 0.407979654408463, -0.0702046050454025, 113.319818181818, 113.612795698925, 113.433728222996, 113.433728222996
3/3/2017, 112.87, 113.19, 112.75, 113.15, 2121045, 0.431251423130623, 1.01503805378507, 0, 0, 0, 0.313302585328984, 0.389044240592567, -0.0757416552635831, 113.212727272727, 113.608086021505, 113.453610188261, 113.453610188261
3/6/2017, 113.15, 113.23, 112.92, 113.11, 1129220, 0.423537208035262, 0.778795359160955, 0, 0, 0, 0.287367719372611, 0.368708936348576, -0.0813412169759646, 113.085272727272, 113.597376344086, 113.467790697674, 113.467790697674
3/7/2017, 113.19, 113.31, 112.93, 113.03, 1074823, 0.419454825451872, 0.910603869510454, 0, 0, 0, 0.257391767761519, 0.346445502631164, -0.0890537348696457, 112.955454545454, 113.602752688172, 113.473333333333, 113.473333333333
3/8/2017, 112.51, 112.55, 112.12, 112.15, 2115362, 0.442179491527274, 0.0194575567395291, 0, 0, 0, 0.160773665869499, 0.309311135278831, -0.148537469409332, 112.558545454545, 113.46664516129, 113.402299516908, 113.402299516908
3/9/2017, 111.55, 111.73, 111.4, 111.45, 4940379, 0.456356289601118, -0.141441026837717, 0, 0, 0, 0.0274030884228154, 0.252929525907628, -0.225526437484813, 112.047454545454, 113.231182795699, 113.277160037003, 113.277160037003
3/10/2017, 111.99, 112.1, 111.71, 111.92, 2324562, 0.460756460438191, -0.0594203959222273, 0, 0, 0, -0.0399089376498978, 0.194361833196123, -0.234270770846021, 111.860545454545, 113.051161290323, 113.199468085106, 113.199468085106
3/13/2017, 112.1, 112.2, 111.65, 111.74, 1672727, 0.463034454086542, -0.56443739915648, 0, 0, 0, -0.106550451665271, 0.134179376223844, -0.240729827889115, 111.661636363636, 112.868494623656, 113.112423469388, 113.112423469388
3/14/2017, 111.62, 111.65, 111.32, 111.4, 1965884, 0.46007626934155, -0.758233796612389, 0, 0, 0, -0.184670721031566, 0.0704093567727622, -0.255080077804328, 111.444545454545, 112.627505376344, 113.004228571429, 113.004228571429
3/15/2017, 111.45, 112.98, 111.45, 112.92, 2631167, 0.501150120301242, 0.17122284364557, 0, 0, 0, -0.122517989383709, 0.0318238875414679, -0.154341876925177, 111.790363636363, 112.608774193548, 113.0212, 113.0212
3/16/2017, 112.9, 112.9, 112.57, 112.58, 2371395, 0.493074951192001, -0.169635876119582, 0.674725530351827, 0, 0, -0.0995491199800256, 0.00554928603716918, -0.105098406017195, 111.925818181817, 112.513806451613, 113.010904977376, 113.010904977376
3/17/2017, 112.84, 113.09, 112.82, 113.04, 2351809, 0.489073417418044, 0.0962394832321734, 0.603264995406874, 0, 0, -0.0437239474275088, -0.00430536065576642, -0.0394185867717424, 112.326909090908, 112.493591397849, 113.035449927431, 113.035449927431
3/20/2017, 113.27, 113.29, 113.04, 113.25, 1591838, 0.474795727591072, 0.113138741146624, 0.39669646484332, 0, 0, 0.0172641387310364, 8.53922159413899E-06, 0.0172555995094422, 112.798545454545, 112.536903225806, 113.073605870021, 113.073605870021
3/21/2017, 113.31, 113.46, 113.28, 113.29, 2333122, 0.460164933729406, 0.0788651664766875, 0.431816594379715, 0, 0, 0.0680409681859686, 0.013615025014469, 0.0544259431714996, 113.260363636363, 112.581677419355, 113.112013468013, 113.112013468013
3/22/2017, 113.39, 113.45, 113.03, 113.4, 3487251, 0.455251155865029, 0.17759454674395, 0.516244690775709, 0, 0, 0.115822917551654, 0.034056603521906, 0.0817663140297479, 113.569999999999, 112.627204301075, 113.155603896104, 113.155603896104
3/23/2017, 113.53, 113.67, 113.47, 113.57, 2970573, 0.443728159032663, 0.262818929671002, 0.639724506606436, 0, 0, 0.165500252039863, 0.0603453332254973, 0.105154918814365, 113.730181818181, 112.718150537634, 113.208139097744, 113.208139097744
3/24/2017, 113.63, 113.87, 113.59, 113.74, 2324660, 0.434099671797719, 0.360744146581448, 0.659482569478823, 0, 0, 0.216096451401953, 0.0914955568607884, 0.124600894541164, 113.927454545454, 112.816924731183, 113.268923169994, 113.268923169994
3/27/2017, 113.74, 113.9, 113.66, 113.73, 2234252, 0.422982254785536, 0.343563053412447, 0.579633029770644, 0, 0, 0.25247698991754, 0.123691843472139, 0.128785146445401, 113.985999999999, 112.919956989247, 113.325225014611, 113.325225014611
3/28/2017, 114.08, 114.08, 113.65, 113.69, 1393171, 0.420885594554675, 0.254023902762918, 0.54794868275651, 0, 0, 0.274912146989095, 0.15393590417553, 0.120976242813565, 113.854181818181, 113.021268817204, 113.375389830508, 113.375389830508
3/29/2017, 113.6, 114.08, 113.6, 114.06, 2221501, 0.419585823975758, 0.340185471549521, 0.516829436346149, 0, 0, 0.318872316808807, 0.186923186702185, 0.131949130106622, 114.029272727272, 113.157913978494, 113.446524590164, 113.446524590164
3/30/2017, 114.06, 114.1, 113.77, 113.86, 1982200, 0.413798183106809, 0.11641559195583, 0.75561606695769, 0, 0, 0.333725756789406, 0.216283700719629, 0.117442056069776, 114.00509090909, 113.26040860215, 113.500634584876, 113.500634584876
3/31/2017, 113.69, 113.8, 113.56, 113.7, 2005333, 0.406854072753862, -0.0449357900246902, 0.800477089744463, 0, 0, 0.328796392024458, 0.238786238980595, 0.0900101530438627, 113.947818181817, 113.332924731183, 113.541443932412, 113.541443932412
4/3/2017, 113.5, 113.62, 113.29, 113.57, 3490066, 0.405004338016276, 0.0145382788434364, 0.700093313219005, 0, 0, 0.310817016302366, 0.253192394444949, 0.0576246218574165, 113.851636363635, 113.385913978494, 113.571741071429, 113.571741071429
4/4/2017, 113.45, 113.47, 113.27, 113.36, 1971467, 0.398699060824656, -0.0750195419763431, 0.43266971243477, 0, 0, 0.276436399810095, 0.257841195517978, 0.0185952042921163, 113.673454545454, 113.419591397849, 113.587365384615, 113.587365384615
4/5/2017, 113.48, 113.84, 113.43, 113.78, 1673255, 0.398459300916935, 0.274766588576492, 0.727380593000947, 0, 0, 0.279854020509191, 0.262243760516221, 0.0176102599929701, 113.658545454545, 113.515677419355, 113.627202797203, 113.627202797203
4/6/2017, 113.7, 113.83, 113.64, 113.72, 1428430, 0.387089907627615, 0.490026117204636, 0.755080952447605, 0, 0, 0.274556099170752, 0.264706228247127, 0.00984987092362488, 113.636181818181, 113.622924731182, 113.661194029851, 113.661194029851
4/7/2017, 113.72, 113.87, 113.58, 113.65, 1374383, 0.38072037906416, 0.234566169829655, 0.763352328958487, 0, 0, 0.261692416080308, 0.264103465813763, -0.00241104973345535, 113.615454545454, 113.735247311828, 113.689139596137, 113.689139596137
4/10/2017, 114.03, 114.03, 113.59, 113.64, 1210563, 0.381075567815995, 0.248172187487982, 0.638991919136445, 0, 0, 0.24783406133902, 0.260849584918815, -0.0130155235797945, 113.594181818181, 113.829462365591, 113.714884910486, 113.714884910486
4/11/2017, 113.76, 113.9, 113.61, 113.83, 1444631, 0.374155812617757, 0.368946222730296, 0.807918508938138, 0, 0, 0.249308751369782, 0.258541418209008, -0.00923266683922652, 113.635454545453, 113.947268817204, 113.749917184265, 113.749917184265
4/12/2017, 113.94, 114.23, 113.86, 114.16, 2048161, 0.371939806786662, 0.998064022906204, 0.778292271695224, 0, 0, 0.273947796250042, 0.261622693817215, 0.0123251024328268, 113.85709090909, 114.078537634408, 113.801480885312, 113.801480885312
4/13/2017, 114.3, 114.34, 114.08, 114.11, 2477470, 0.364890157967111, 1.43300888083584, 0.933732023318482, 0, 0, 0.286141375045119, 0.266526430062796, 0.0196149449823235, 114.015999999999, 114.161677419354, 113.847582159625, 113.847582159625
4/17/2017, 114.23, 114.43, 114.21, 114.29, 1765640, 0.360099178662576, 1.29888291069767, 0.878234067271543, 0, 0, 0.306792852733054, 0.274579714596847, 0.0322131381362064, 114.191454545453, 114.292774193548, 113.901069254186, 113.901069254186
4/18/2017, 114.36, 114.55, 114.32, 114.5, 1632822, 0.352820509806799, 1.52705617934943, 0.724567760243504, 0, 0, 0.33622870730072, 0.286909513137622, 0.0493191941630978, 114.381272727272, 114.440494623656, 113.96310255461, 113.96310255461
4/19/2017, 114.58, 114.61, 114.14, 114.17, 3407436, 0.356731636631642, 1.54084363024597, 0.589664243040842, 0, 0, 0.329134534015537, 0.295354517313205, 0.0337800167023325, 114.364363636362, 114.532043010752, 114.004562162162, 114.004562162162
4/20/2017, 114.41, 114.47, 114.22, 114.25, 1225192, 0.351786856949871, 1.23806449647869, 0.677228094792865, 0, 0, 0.32620736652413, 0.30152508715539, 0.0246822793687403, 114.414909090908, 114.567720430107, 114.048094736842, 114.048094736842
4/21/2017, 114.5, 114.61, 114.45, 114.54, 1232131, 0.349066404628921, 1.92165944231092, 0.621275150015218, 0, 0, 0.343330441947955, 0.309886158113903, 0.0334442838340524, 114.527999999999, 114.579978494623, 114.104415584416, 114.104415584416
4/24/2017, 114.59, 114.9, 114.59, 114.89, 2649875, 0.34627002077541, 1.87773400001574, 0.813664350520887, 0, 0, 0.380753587172364, 0.324059643925595, 0.056693943246769, 114.703272727271, 114.648043010752, 114.175844155844, 114.175844155844
4/25/2017, 114.68, 114.82, 114.51, 114.6, 1446483, 0.346368364332831, 1.30563282067393, 0.629854309268641, 0, 0, 0.38260073984479, 0.335767863109434, 0.0468328767353556, 114.708727272726, 114.648150537634, 114.229321648815, 114.229321648815
4/26/2017, 114.52, 114.73, 114.48, 114.58, 1123438, 0.340016790233159, 1.24473373789007, 0.575360828931377, 0, 0, 0.378092375245188, 0.344232765536585, 0.0338596097086032, 114.692909090908, 114.604602150537, 114.279265822785, 114.279265822785
4/27/2017, 114.57, 114.85, 114.53, 114.84, 1377451, 0.336217064034043, 1.36293089219919, 0.721367457426686, 0, 0, 0.390992176482015, 0.353584647725671, 0.0374075287563442, 114.791999999999, 114.674860215053, 114.339611111111, 114.339611111111
4/28/2017, 114.9, 115.2, 114.82, 115.2, 1998582, 0.334901121979046, 1.48961147156043, 0.865496353814161, 0, 0, 0.425361055781735, 0.367939929336884, 0.0574211264448513, 114.968363636362, 114.755741935483, 114.414634146342, 114.414634146342
5/1/2017, 114.62, 114.81, 114.48, 114.6, 1754288, 0.351235417010356, 0.685061488212365, 0.641891604643905, 0, 0, 0.399577573115906, 0.374267458092688, 0.0253101150232173, 114.913999999999, 114.774258064516, 114.457555098443, 114.457555098443
5/2/2017, 114.73, 115.01, 114.6, 115.01, 2119493, 0.350308667506456, 0.976628527919887, 0.775810431990186, 0, 0, 0.407529800963289, 0.380919926666808, 0.0266098742964804, 115.026363636362, 114.848731182795, 114.517891566265, 114.517891566265
5/3/2017, 115.11, 115.14, 114.82, 114.87, 1898628, 0.347127621288602, 0.894495954666402, 0.660124264669631, 0, 0, 0.397947873482323, 0.384325516029911, 0.0136223574524117, 114.996545454544, 114.896752688172, 114.568994397759, 114.568994397759
5/4/2017, 114.61, 114.65, 114.25, 114.35, 1877917, 0.358380606598606, 0.214139080880402, 0.401637932129039, 0, 0, 0.344424165359243, 0.376345245895778, -0.0319210805365349, 114.764909090908, 114.875935483871, 114.593772913817, 114.593772913817
5/5/2017, 114.3, 114.54, 114.18, 114.47, 2612848, 0.355829311141112, 0.448096350407258, 0.32630275938267, 0, 0, 0.30813722406215, 0.362703641529052, -0.0545664174669018, 114.627272727271, 114.875548387096, 114.622838813152, 114.622838813152
5/8/2017, 114.36, 114.5, 114.12, 114.16, 2107441, 0.355599090609731, 0.333696243274912, 0.132197067779068, 0, 0, 0.251466404253165, 0.340456194073875, -0.08898978982071, 114.456363636362, 114.841354838709, 114.636541274817, 114.636541274817
5/9/2017, 114.23, 114.43, 113.95, 114.05, 2216171, 0.35918836102417, 0.348784878732953, 0.191475978388262, 0, 0, 0.195425546519601, 0.31145006456302, -0.116024518043419, 114.229272727271, 114.789827956989, 114.644593973442, 114.644593973442
5/10/2017, 114.28, 114.43, 114.21, 114.38, 2248233, 0.356855752282447, 0.728225982678974, 0.310042389321822, 0, 0, 0.175616606169726, 0.284283372884361, -0.108666766714636, 114.14218181818, 114.775440860215, 114.66672659176, 114.66672659176
5/11/2017, 114.45, 114.62, 114.37, 114.57, 1078455, 0.349361114591629, 0.582060512864426, 0.530075160418181, 0, 0, 0.173252147420726, 0.262077127791634, -0.0888249803709082, 114.183636363635, 114.805376344086, 114.696126984127, 114.696126984127
5/12/2017, 114.74, 114.98, 114.73, 114.97, 2239585, 0.348569085446855, 0.889221080457403, 0.883953235291292, 0, 0, 0.201334099712284, 0.249928522175764, -0.0485944224634803, 114.449999999999, 114.869440860215, 114.719968253968, 114.741521739131
5/15/2017, 115.06, 115.1, 114.93, 115.06, 2757247, 0.338269062803177, 1.00568387806993, 0.733194267884479, 0, 0, 0.228220710770231, 0.245586959894658, -0.017366249124427, 114.639999999998, 114.927096774193, 114.759875457876, 114.788877980365
5/16/2017, 115.1, 115.2, 115, 115.08, 1947316, 0.329989367812191, 1.0277125643278, 0.756245966077859, 0, 0, 0.248280355208564, 0.246125638957439, 0.00215471625112534, 114.893818181817, 114.969849462365, 114.817006105006, 114.835138412263
5/17/2017, 114.98, 115.11, 114.87, 115.07, 3192923, 0.323945577695625, 0.888363780412249, 0.783678815354172, 0, 0, 0.260369474296041, 0.248974406025159, 0.011395068270882, 115.112363636362, 114.987591397849, 114.87021978022, 114.879097424412
5/18/2017, 114.28, 114.64, 114.04, 114.48, 2981214, 0.354320376870752, 0.219289704451035, 0.93049635465595, 0, 0, 0.219808305782848, 0.243141185976697, -0.0233328801938488, 115.01218181818, 114.947440860215, 114.892571428572, 114.896822368421
5/19/2017, 114.78, 115, 114.75, 114.92, 2240959, 0.357940018334106, 0.525454980539294, 1.43169622908726, 0, 0, 0.220624389645351, 0.238637826710428, -0.0180134370650766, 115.080909090908, 114.954602150537, 114.92831013431, 114.931780498282
5/22/2017, 114.91, 115.05, 114.87, 114.87, 1351229, 0.348025973375186, 0.37924964168173, 1.23250524921492, 0, 0, 0.214760929541683, 0.233862447276679, -0.0191015177349962, 115.045818181817, 114.943010752688, 114.962007326007, 114.963286345466
5/23/2017, 114.88, 114.99, 114.79, 114.94, 1353377, 0.339123511253935, 0.290923621305165, 1.3435250892601, 0, 0, 0.21330367812665, 0.229750693446673, -0.0164470153200234, 114.97418181818, 114.93176344086, 115.00147008547, 114.996320346321
5/24/2017, 115.23, 115.48, 115.05, 115.38, 1968457, 0.344339691145354, 0.782825250109917, 1.67409767948093, 0, 0, 0.2448308608855, 0.232766726934439, 0.0120641339510615, 115.071999999998, 114.980623655914, 115.059203907204, 115.04553939394
5/25/2017, 115.38, 115.42, 115.2, 115.29, 2585298, 0.336919228780756, 0.671510149830184, 1.25829460581547, 0, 0, 0.259562062638054, 0.238125794075162, 0.0214362685628921, 115.12218181818, 115.030064516129, 115.120866910867, 115.089338613862
5/26/2017, 115.42, 115.49, 115.37, 115.49, 614158, 0.328177738261552, 0.617364829689718, 1.57396502614426, 1.39345343910462, 0, 0.284100046203292, 0.247320644500788, 0.0367794017025046, 115.28218181818, 115.094258064516, 115.171760683761, 115.139271986022
5/30/2017, 115.68, 115.68, 115.43, 115.55, 1053507, 0.322424791365083, 0.439163024180209, 1.38966071285019, 1.23277477098004, 0, 0.304873679524164, 0.258831251505463, 0.0460424280187008, 115.452545454544, 115.169161290322, 115.216595848596, 115.189661146012
5/31/2017, 115.52, 115.74, 115.39, 115.63, 2408873, 0.321226112688087, 0.697705764209222, 1.32151351425759, 1.03479365987249, 0, 0.324056740621444, 0.271876349328659, 0.0521803912927847, 115.627818181816, 115.260086021505, 115.265115995116, 115.241250933533
6/1/2017, 115.32, 116.02, 115.04, 115.38, 7100933, 0.348294389318923, 0.534824032793655, 1.14783531707318, 0.977582542881848, 0, 0.315450230191999, 0.280591125501327, 0.0348591046906719, 115.684727272725, 115.29, 115.311606837607, 115.281478021978
6/2/2017, 115.55, 116.02, 115.44, 116.01, 4552033, 0.35666663483869, 0.731181879693603, 1.36262907545754, 1.18213384094656, 0, 0.355368773528568, 0.295546655106775, 0.0598221184217925, 115.824363636362, 115.397376344086, 115.375106227106, 115.343872416891
6/5/2017, 115.89, 115.89, 115.67, 115.81, 2083331, 0.354097672845649, 0.38792749272515, 1.16372977484754, 1.17801724938203, 0, 0.366639782997055, 0.309765280684831, 0.0568745023122237, 115.899454545453, 115.487354838709, 115.423934065934, 115.396621407159
6/6/2017, 115.95, 116.06, 115.92, 116.05, 2215898, 0.346468323288599, 0.988169598250499, 1.19443709329178, 1.21208682866184, 0, 0.390437413971, 0.325899707342065, 0.0645377066289351, 115.998909090907, 115.622924731182, 115.478263736264, 115.456344755971
6/7/2017, 116.26, 116.3, 115.8, 115.95, 3462230, 0.350989792770675, 0.65859196250741, 1.14611791758541, 1.12005706817333, 0, 0.396655644346922, 0.340050894743036, 0.0566047496038853, 116.013454545452, 115.718989247311, 115.532324786325, 115.510334692491
6/8/2017, 115.81, 115.81, 115.49, 115.78, 2416264, 0.353795155883329, 0.636957982449529, 1.07522248265882, 1.05551285158152, 0, 0.383445931457999, 0.348729902086029, 0.0347160293719699, 116.00218181818, 115.783440860215, 115.570483516484, 115.556290241868
6/9/2017, 115.9, 115.9, 115.49, 115.53, 4241265, 0.354577018876165, 0.876806539227624, 0.761593067558227, 0.854431986391642, 0, 0.348783667155189, 0.348740655099861, 4.30120553280844E-05, 115.864727272725, 115.82576344086, 115.603851037851, 115.591665847666
6/12/2017, 115.69, 116.08, 115.5, 115.52, 3099893, 0.361981205343015, 0.781038397159489, 0.865596217202725, 1.11493678130542, 0, 0.316854159030143, 0.342363355885917, -0.0255091968557742, 115.750727272725, 115.886365591397, 115.624957264957, 115.625418275418
6/13/2017, 115.63, 115.7, 115.53, 115.7, 914922, 0.351125889361832, 1.18109339056237, 1.04372942325373, 1.25399727305544, 0, 0.302586263387667, 0.334407937386267, -0.0318216739986003, 115.709272727271, 115.927741935483, 115.658473748474, 115.66430783818
6/14/2017, 116.07, 116.35, 115.84, 115.95, 3760605, 0.360879707884482, 1.45517124410822, 1.23808523545493, 1.2830080887812, 0, 0.307902456107797, 0.329106841130573, -0.0212043850227761, 115.761999999998, 116.021075268817, 115.714681318681, 115.71057755007
6/15/2017, 115.94, 115.94, 115.57, 115.58, 1868679, 0.360372054185373, 0.89313844378995, 1.14288533017495, 1.01761627170625, 0, 0.279043034949979, 0.319094079894454, -0.0400510449444758, 115.619454545452, 116.052064516129, 115.752327228327, 115.742468344775
6/16/2017, 115.66, 115.79, 115.49, 115.57, 1139350, 0.355362221351633, 0.748403535621931, 0.939070795779338, 1.13560519956254, 0, 0.252454678943721, 0.305766199704308, -0.0533115207605867, 115.588545454543, 116.042537634408, 115.784307692308, 115.772896551724
6/19/2017, 115.54, 115.78, 115.24, 115.45, 1569006, 0.361331756825707, 0.373570206269222, 0.906810995386422, 1.14009787147196, 0, 0.21917371991951, 0.288447703747348, -0.0692739838278379, 115.50018181818, 116.017913978494, 115.818608058608, 115.79817418214
6/20/2017, 115.17, 115.24, 114.82, 114.91, 2963368, 0.372291043070677, -0.100319463741927, 0.638952729417176, 0.993288981860229, 0, 0.147524265186348, 0.260263016035148, -0.1127387508488, 115.292909090907, 115.897784946236, 115.824168498169, 115.804321309576
6/21/2017, 115.11, 115.11, 114.53, 114.67, 2164143, 0.379706685020397, -0.2812999860069, 0.520242203999927, 0.823118333418041, 0, 0.0705621651511166, 0.222322845858342, -0.151760680707225, 115.044909090907, 115.735032258064, 115.8214993895, 115.802102264635
6/22/2017, 114.79, 115.07, 114.75, 114.92, 2058875, 0.377340039094365, -0.0970497070177596, 0.54749509011721, 0.974259105108599, 0, 0.0294031162328992, 0.183738899933253, -0.154335783700354, 114.919090909089, 115.621999999999, 115.831208791209, 115.808096638656
6/23/2017, 115.26, 115.32, 115.12, 115.3, 2985070, 0.374637653322534, 0.605229905405664, 0.568384417187724, 0.96321302058954, 0, 0.0271343102002959, 0.152417981986662, -0.125283671786366, 114.921454545452, 115.566365591397, 115.853550671551, 115.826280991736
6/26/2017, 115.39, 115.58, 115.39, 115.51, 2732704, 0.36737888803293, 0.452451781040218, 0.693273514288794, 1.16216921987285, 0, 0.0417996694602323, 0.130294319481376, -0.0884946500211437, 115.006909090907, 115.559333333333, 115.882727716728, 115.850657092535
6/27/2017, 115.46, 115.47, 114.91, 114.91, 2162375, 0.376939679652333, 0.0338966879997744, 0.30078544739176, 0.870902107335558, 0, 0.00495002592359128, 0.105225460769819, -0.100275434846228, 114.921636363634, 115.478688172043, 115.882490842491, 115.854766093563
6/28/2017, 115.13, 115.13, 114.79, 115.04, 4264585, 0.372465504688866, 0.0750438103498846, 0.26348812057179, 0.725497465740437, 0, -0.0136068175985287, 0.0814590050961495, -0.0950658226946782, 114.974363636361, 115.416838709677, 115.887145299145, 115.862795698925
6/29/2017, 114.81, 114.81, 114.46, 114.5, 5172572, 0.380838515951413, -0.588980467303934, 0.162301807996152, 0.556017024946646, 0, -0.0710675147443709, 0.0509537011280454, -0.122021215872416, 114.816181818179, 115.286064516128, 115.870442002442, 115.853252903226
6/30/2017, 114.62, 114.66, 114.34, 114.36, 4519790, 0.376230408994534, -0.622263806840432, 0.0603427218931383, 0.556701758971711, 0, -0.126444784419959, 0.0154740040184445, -0.141918788438404, 114.666545454543, 115.101870967741, 115.850163614164, 115.839413333333
7/3/2017, 113.96, 114.08, 113.44, 113.55, 6778103, 0.400479296292243, -1.17765855967654, -0.423972964826795, 0.179470106833832, 0, -0.233005952576946, -0.0342219873006336, -0.198783965276312, 114.279090909088, 114.845010752688, 115.801020757021, 115.800412448444
7/5/2017, 113.42, 113.63, 113.4, 113.45, 6692460, 0.390927306207888, -1.28019701011555, -0.628855901484296, 0.194446088908207, 0, -0.321815916773133, -0.0917407731951334, -0.230075143577999, 113.852727272725, 114.580967741935, 115.75243956044, 115.75923597441
7/6/2017, 112.96, 113.12, 112.8, 112.83, 5343628, 0.402226072363917, -1.63795720667434, -0.756869105001151, -0.0370091481641468, 0, -0.437187644655921, -0.160830147487291, -0.27635749716863, 113.243818181816, 114.252086021505, 115.671035409036, 115.699901889535
7/7/2017, 112.68, 113.05, 112.6, 112.9, 2759950, 0.40180699165261, -1.44838849468305, -0.716969092500329, -0.0515001180089166, 0, -0.517012358585134, -0.23206658970686, -0.284945768878275, 112.809454545452, 113.975032258064, 115.593225885226, 115.644189624329
7/10/2017, 113.34, 113.58, 113.33, 113.4, 2521604, 0.410015951408295, -1.56027341507888, -0.599394989475794, 0.127257987539003, 0, -0.533775170255183, -0.292408305816524, -0.241366864438658, 112.733999999997, 113.771419354838, 115.528866910867, 115.605058132707
7/11/2017, 113.57, 113.6, 113.35, 113.51, 1543459, 0.400149929038989, -1.36633060384384, -0.712428917363186, 0.167310664999672, 0, -0.532050590563557, -0.340336762765931, -0.191713827797626, 112.842181818179, 113.60729032258, 115.457362637363, 115.570173490632
7/12/2017, 114.2, 114.53, 114.06, 114.18, 1957711, 0.422578100568881, -1.02091610513554, -0.166721619266577, 0.369681275283442, 0, -0.471188876097884, -0.366507185432321, -0.104681690665562, 113.170909090906, 113.544946236559, 115.426056166056, 115.556173388016
7/13/2017, 114.3, 114.37, 114.04, 114.19, 1629710, 0.41586364083376, -0.959905521285719, -0.340460441865958, 0.364003788737445, 0, -0.417337802073803, -0.376673308760618, -0.0406644933131851, 113.568909090906, 113.498043010752, 115.393543345544, 115.542732577713
7/14/2017, 114.58, 114.67, 114.43, 114.48, 2062773, 0.415034029432798, -0.694609916331699, -0.155264299587697, 0.396214824398427, 0, -0.34725690017946, -0.370790027044386, 0.0235331268649265, 114.005454545452, 113.480559139784, 115.371137973138, 115.538099502488
7/17/2017, 114.51, 114.6, 114.39, 114.52, 1854132, 0.403313315621668, -0.541148991594117, 0.0841408309639988, 0.362604726380627, 0, -0.285201983878423, -0.353672418411194, 0.0684704345327705, 114.428909090906, 113.515956989247, 115.329863247863, 115.534659041394
7/18/2017, 114.74, 114.9, 114.6, 114.85, 3067384, 0.398590064081356, -0.348731964916223, 0.17403199253869, 0.361631859560353, 0, -0.207008508327732, -0.324339636394501, 0.117331128066769, 114.795636363633, 113.589505376343, 115.285721611722, 115.540809360241
7/19/2017, 115.05, 115.05, 114.89, 114.98, 1688384, 0.386929600076158, -0.375843268762547, 0.367057729425823, 0.336384851530811, 0, -0.133016372117609, -0.286074983539123, 0.153058611421514, 115.116363636361, 113.701741935483, 115.255216117216, 115.55046334497
7/20/2017, 115.21, 115.3, 115.01, 115.02, 1285938, 0.381365911545112, -0.492584329891128, 0.433134571351091, 0.424492611758308, 0, -0.0703385859459473, -0.242927704020488, 0.17258911807454, 115.243454545451, 113.81929032258, 115.220217338218, 115.56092795329
7/21/2017, 115.27, 115.41, 115.17, 115.29, 1105894, 0.378363013172199, -0.148908740211611, 0.407219237960781, 0.49839034690504, 0, 0.00110798254689826, -0.194120566707011, 0.195228549253909, 115.35836363636, 113.96576344086, 115.187062271062, 115.578725590956
7/24/2017, 115.25, 115.28, 114.92, 115.06, 1191959, 0.376241945065111, -0.266329195465522, 0.223360888004725, 0.54966116664494, 0, 0.0387244338441803, -0.147551566596772, 0.186276000440953, 115.363454545451, 114.069548387096, 115.174781440782, 115.589489361702
7/25/2017, 114.85, 114.85, 114.65, 114.72, 1255394, 0.376358771698327, -0.380273513029907, -0.099277418668226, 0.609453300063666, 0, 0.0406322012839979, -0.109914813020618, 0.150547014304616, 115.182545454542, 114.132559139784, 115.138515262515, 115.590354609929
7/26/2017, 114.95, 115.38, 114.89, 115.34, 1598380, 0.384229966835187, 0.233603252100737, 0.128143447059782, 0.632395375616474, 0, 0.0911225353034126, -0.0697073433558122, 0.160829878659225, 115.283818181815, 114.291397849462, 115.138004884005, 115.608391608392
7/27/2017, 115.38, 115.39, 114.99, 115.17, 1760256, 0.38292289794245, 0.271866964020607, 0.0481420391130204, 0.595583040387957, 0, 0.11608080229523, -0.0325497142256038, 0.148630516520833, 115.265090909087, 114.447655913978, 115.133045177045, 115.621197552448
7/28/2017, 115.13, 115.21, 115, 115.17, 1821231, 0.372893710586354, 0.140867350460789, 0.0523438649258037, 0.618556404182268, 0, 0.134312141935027, 0.000822657006522298, 0.133489484928505, 115.250909090906, 114.584279569892, 115.127567765568, 115.633608237548
7/31/2017, 115.25, 115.28, 115.1, 115.26, 966959, 0.361780845183228, -0.0135537415176087, 0.349056872719969, 0.925099322301277, 0, 0.154244819522503, 0.0315070895097185, 0.122737730012785, 115.238181818178, 114.734301075268, 115.127091575092, 115.648093528578
8/1/2017, 114.85, 115.07, 114.78, 114.94, 1364999, 0.365529121324412, -0.297694361496792, 0.0186966461516398, 1.06009642005632, 0, 0.142576748464009, 0.0537210213005766, 0.0888557271634324, 115.140545454542, 114.837720430107, 115.115042735043, 115.653472183394
8/2/2017, 114.83, 115.12, 114.8, 115.1, 2062951, 0.360670906557572, 0.114933568579183, 0.110387359247347, 0.972273667691214, 0, 0.144573823863041, 0.0718915818130696, 0.0726822420499716, 115.119272727269, 114.928731182795, 115.112761904762, 115.662949990807
8/3/2017, 115.03, 115.51, 115.03, 115.5, 926900, 0.362229959112881, 0.261471738083399, 0.250724382191224, 1.14179270043121, 0, 0.176399751040464, 0.0927932156585484, 0.0836065353819152, 115.237636363633, 115.053268817204, 115.126747252747, 115.682825140577
8/4/2017, 115.35, 115.36, 115.08, 115.23, 1184865, 0.363149199545786, 0.426611022174308, -0.0551031301389943, 1.16870038228906, 0, 0.17778587915906, 0.109791748358651, 0.0679941308004095, 115.290545454542, 115.154860215053, 115.126744810745, 115.694979865772
8/7/2017, 115.15, 115.5, 115.15, 115.44, 1292980, 0.35952354600206, 0.627526072974964, 0.0748770060189371, 0.858287004149581, 0, 0.193597963819968, 0.126552991450914, 0.067044972369054, 115.373272727269, 115.306430107526, 115.143015873016, 115.712316997793
8/8/2017, 115.34, 115.56, 115.2, 115.2, 1029105, 0.357883925720086, 1.0843337741753, -0.115150727781781, 0.897381150755243, 0, 0.184634805490816, 0.138169354258895, 0.0464654512319216, 115.28436363636, 115.44064516129, 115.143340659341, 115.722880794702
8/9/2017, 115.2, 115.3, 115.15, 115.24, 1040043, 0.34637987531071, 1.18311591242398, -0.12375626899927, 0.76214929128937, 0, 0.178699170839877, 0.146275317575091, 0.0324238532647861, 115.307090909087, 115.54193548387, 115.140876678877, 115.734166666667
8/10/2017, 115.1, 115.11, 114.73, 114.76, 1487209, 0.352657511234453, 1.33548240241137, -0.358683267400477, 0.521812932546025, 0, 0.133721688753383, 0.14376459181075, -0.0100429030573668, 115.135454545451, 115.588860215053, 115.113413919414, 115.732691622104
8/11/2017, 114.84, 115.05, 114.79, 114.97, 935498, 0.347024677653323, 1.42475300876621, -0.163760997953517, 0.577342374357806, 0, 0.113711163600101, 0.13775390616862, -0.0240427425685189, 115.058727272723, 115.628236559139, 115.089592185592, 115.736574780059
8/14/2017, 115.28, 115.58, 114.97, 115.23, 1168371, 0.355398384364422, 1.30214049545471, -0.330264484691126, 0.62508205469948, 0, 0.117478288752366, 0.133698782685369, -0.0162204939330029, 115.100727272723, 115.688236559139, 115.08528937729, 115.74694044665
8/15/2017, 115.26, 115.34, 115.08, 115.26, 1926532, 0.348819434659004, 1.24462625024581, -0.230920415798453, 0.578486019416692, 0, 0.121484118558243, 0.131255849859944, -0.00977173130170095, 115.090727272723, 115.692430107526, 115.079902319903, 115.757762534705
8/16/2017, 115.4, 115.47, 115.31, 115.36, 1787152, 0.340193148724488, 0.929798980549364, -0.293292604789444, 0.554929490467013, 0, 0.131215362781546, 0.131247752444264, -3.23896627181242E-05, 115.129818181814, 115.691612903225, 115.076202686203, 115.770794968959
8/17/2017, 115.46, 115.53, 115.21, 115.26, 790791, 0.337345545332415, 0.838961855071148, -0.293551683370726, 0.524715874346565, 0, 0.129367017226798, 0.130871605400771, -0.00150458817397309, 115.200181818178, 115.624451612902, 115.066656898657, 115.780960114641
8/18/2017, 115.46, 115.69, 115.41, 115.55, 974521, 0.338280615986702, 0.837194817806165, -0.0905603938625237, 0.632041187930239, 0, 0.149578518376472, 0.134612987995911, 0.0149655303805611, 115.329818181814, 115.583075268816, 115.072822954823, 115.798058176101
8/21/2017, 115.65, 115.73, 115.56, 115.66, 3495064, 0.328842373494728, 0.889917416811571, 0.066948488706233, 0.547819313042659, 0, 0.172484070349881, 0.142187204466705, 0.030296865883176, 115.521999999996, 115.571892473118, 115.089870573871, 115.817437888199
8/22/2017, 115.81, 115.85, 115.66, 115.7, 800422, 0.32050314150804, 0.681226085148353, 0.0888895288848556, 0.630079802988007, 0, 0.19165526838772, 0.152080817250908, 0.0395744511368117, 115.667999999996, 115.558537634408, 115.106456654457, 115.837313089487
8/23/2017, 115.72, 115.96, 115.57, 115.95, 723475, 0.320639092702511, 0.766753139342696, 0.119140842301475, 0.766540795376254, 0, 0.224434352110947, 0.166551524222916, 0.0578828278880311, 115.881090909087, 115.607440860214, 115.136805860806, 115.862807695221
8/24/2017, 116.04, 116.1, 115.87, 116.07, 1635191, 0.314200031523334, 0.827417379954537, 0.0624366159368876, 0.851021515673312, 0, 0.257130963550964, 0.184667412088526, 0.072463551462438, 116.000909090905, 115.6608172043, 115.175851037851, 115.89060676343
8/25/2017, 116.22, 116.4, 116.18, 116.38, 982221, 0.311872639422304, 0.851860375649778, 0.36238096641737, 1.02381538475509, 0, 0.304547044154376, 0.208643338501696, 0.0959037056526801, 116.198363636359, 115.760731182795, 115.219963369964, 115.925239467849
8/28/2017, 116.27, 116.42, 116.09, 116.2, 2026239, 0.310937615207998, 0.899236559096054, 0.286718287210829, 0.827346100085125, 0, 0.323866799109709, 0.231688030623298, 0.0921787684864106, 116.308727272723, 115.828215053763, 115.256366300367, 115.954749178532
8/29/2017, 116.31, 116.37, 116.18, 116.27, 1404927, 0.303383532663721, 1.28494535743523, 0.370829484862669, 0.871327155635558, 0, 0.340896615110495, 0.253529747520738, 0.0873668675897573, 116.396363636359, 115.915741935483, 115.300844932845, 115.985243488926
8/30/2017, 116.39, 116.67, 116.39, 116.65, 923255, 0.304420773044752, 1.17220961597435, 0.791453459046389, 1.015278156062, 0, 0.380667592146892, 0.278957316445969, 0.101710275700924, 116.580181818177, 116.050989247311, 115.368444444445, 116.024054747648
8/31/2017, 116.9, 117.27, 116.8, 117.09, 1918818, 0.314588342445015, 1.66028915147396, 1.08805958398463, 1.15352260091003, 0, 0.442588812421604, 0.311683615641096, 0.130905196780509, 116.825636363632, 116.233956989246, 115.447543345544, 116.072377430262
9/1/2017, 116.58, 116.67, 116.38, 116.53, 1325920, 0.330759388707135, 1.04297812926547, 0.70723741025643, 0.892283575141879, 0, 0.441386477167654, 0.337624187946407, 0.103762289221247, 116.835818181814, 116.350516129031, 115.499894993895, 116.106499825966
9/5/2017, 116.71, 117.03, 116.65, 116.92, 1983767, 0.334555439511977, 1.23216684668246, 0.709030847824001, 0.907423520362258, 0, 0.466525542399836, 0.363404458837093, 0.103121083562743, 116.949272727268, 116.493225806451, 115.573643467644, 116.148951496388
9/6/2017, 117.04, 117.04, 116.7, 116.7, 2191967, 0.332994095015881, 1.33477445382588, 0.522194070593148, 0.851004204563038, 0, 0.463355003280881, 0.383394567725851, 0.0799604355550305, 116.925999999995, 116.573354838709, 115.644251526252, 116.185369917041
9/7/2017, 117, 117.25, 116.9, 117.15, 1851470, 0.338603417361807, 1.49585611742378, 0.996464981792691, 0.928760931414529, 0, 0.491487999660251, 0.405013254112731, 0.0864747455475199, 117.053636363632, 116.739139784945, 115.720097680098, 116.23135770937
9/8/2017, 117.46, 117.46, 117.12, 117.26, 677944, 0.335869186651363, 1.31929195862944, 0.986957016317103, 0.896756562789425, 0, 0.516703446969913, 0.427351292684167, 0.0893521542857458, 117.177818181814, 116.895870967741, 115.807995115995, 116.278873828982
9/11/2017, 117.3, 117.3, 117.03, 117.06, 1789773, 0.331153423760481, 1.39180701822738, 1.17331210653694, 0.944268162604353, 0, 0.514616364982075, 0.444804307143749, 0.069812057838326, 117.229999999995, 117.013741935483, 115.882390720391, 116.320813136289
9/12/2017, 116.84, 116.94, 116.78, 116.82, 1215858, 0.327226320802361, 1.03076444620859, 1.12443542192834, 0.838925598136966, 0, 0.487971313681271, 0.453437708451253, 0.0345336052300177, 117.126181818177, 117.094967741935, 115.933135531136, 116.356411038961
9/13/2017, 116.88, 116.93, 116.77, 116.82, 881630, 0.317713147203606, 1.24030573248835, 1.62873502010572, 0.747511575071459, 0, 0.461534634585988, 0.4550570936782, 0.00647754090778735, 117.002545454541, 117.144795698924, 115.984737484738, 116.39123651772
9/14/2017, 116.79, 116.93, 116.73, 116.9, 814271, 0.31017525546201, 1.27031925845879, 1.72405821293866, 0.662894731663016, 0, 0.441944249145678, 0.452434524771696, -0.010490275626018, 116.952545454541, 117.203311827956, 116.031225885226, 116.427101504475
9/15/2017, 117.03, 117.08, 116.93, 117.06, 959516, 0.301952101446553, 1.94333110781505, 2.25711162039801, 0.812111932085341, 0, 0.434322787628105, 0.448812177342978, -0.0144893897148728, 117.032181818177, 117.297182795698, 116.080256410257, 116.465762350135
9/18/2017, 117.03, 117.04, 116.79, 116.83, 2226424, 0.298974470132387, 1.52984498377483, 2.07169941614664, 0.742389118580981, 0, 0.405054431309466, 0.440060628136275, -0.0350061968268092, 116.921999999995, 117.333806451612, 116.124361416362, 116.498506517691
9/19/2017, 116.64, 117.04, 116.57, 116.66, 1706913, 0.304583644593593, 1.17036696923959, 1.74941530933921, 0.603501148459525, 0, 0.363946124435216, 0.424837727396064, -0.0608916029608473, 116.814727272722, 117.352537634408, 116.163462759463, 116.526802946593
9/20/2017, 116.53, 116.6, 115.73, 115.91, 3079878, 0.331344073672453, 0.453413592985723, 1.19209832553184, 0.238968185888535, 0, 0.267762167488897, 0.39342261541463, -0.125660447925733, 116.418545454541, 117.252236559139, 116.177137973138, 116.538049298768
9/21/2017, 116.07, 116.27, 116.01, 116.24, 2297043, 0.329368435997981, 0.598980826481446, 1.06147827863257, 0.541972351075217, 0, 0.215677732075221, 0.357873638746748, -0.142195906671527, 116.26945454545, 117.191892473117, 116.20654945055, 116.556206088993
9/22/2017, 116.46, 116.48, 116.32, 116.44, 2095065, 0.322668306856623, 0.799853423780609, 1.15418686942833, 0.475984216467127, 0, 0.188367388294424, 0.323972388656284, -0.13560500036186, 116.261090909086, 117.118473118279, 116.244283272284, 116.578286410074
9/25/2017, 116.41, 116.45, 116.1, 116.33, 2725970, 0.32186815755064, 0.53534279603653, 0.954692401167039, 0.486413657627339, 0, 0.156048829625206, 0.290387676850068, -0.134338847224862, 116.21945454545, 117.034258064515, 116.275990231991, 116.597510575793
9/26/2017, 116.37, 116.47, 116.2, 116.29, 1232619, 0.317488835062968, 0.43366984017276, 0.913088122323564, 0.65306504639835, 0, 0.125758804119428, 0.25746190230394, -0.131703098184512, 116.155818181813, 116.953526881719, 116.291914529915, 116.615448997385
9/27/2017, 115.98, 115.98, 115.7, 115.8, 2150569, 0.328365611381684, 0.0710353229115, 0.48399374657795, 0.447048107212551, 0, 0.0615058348015509, 0.218270688803462, -0.156764854001911, 115.951818181813, 116.805784946236, 116.294871794872, 116.622532919326
9/28/2017, 115.7, 116.12, 115.65, 116.04, 2359424, 0.331553782386238, 0.0645337457257412, 0.53587898015404, 0.628487089844512, 0, 0.029609567275557, 0.180538464497881, -0.150928897222324, 115.902363636359, 116.691677419354, 116.306564102564, 116.634512458755
9/29/2017, 116.25, 116.51, 116.12, 116.42, 2763436, 0.334133532577685, 0.225683050812354, 0.693397482756432, 0.783560952309417, 0, 0.0345955734329522, 0.151349886284895, -0.116754312851943, 116.063090909086, 116.614731182795, 116.335565323566, 116.654226612631
10/2/2017, 115.74, 116.04, 115.71, 115.86, 2066211, 0.349601541252886, -0.305559957351639, 0.279591658110106, 0.489178162344392, 0, -0.00656462770790256, 0.119766983486336, -0.126331611194238, 116.019272727268, 116.47858064516, 116.348781440782, 116.661755499861
10/3/2017, 115.92, 115.98, 115.81, 115.83, 2161349, 0.339545824407161, -0.216652885858199, 0.377255610515665, 0.418781940931714, 0, -0.0411310003657519, 0.0875873867159183, -0.12871838708167, 115.983999999995, 116.343956989246, 116.358334554335, 116.668456324056
10/4/2017, 116.11, 116.11, 115.81, 115.92, 1800972, 0.335258050371182, -0.204259135052022, 0.591817245820162, 0.320652459508195, 0, -0.0605646997373981, 0.057956969425255, -0.118521669162653, 115.875090909086, 116.222322580644, 116.375870573871, 116.676842277487
10/5/2017, 116.04, 116.1, 115.9, 115.98, 1230619, 0.326952556812174, -0.408724327697139, 0.332703177687787, 0.310815455989548, 0, -0.0703140117836938, 0.0323027731834653, -0.102616784967159, 115.852363636358, 116.123548387096, 116.397047619048, 116.686254317789
10/6/2017, 115.74, 115.86, 115.57, 115.69, 1313724, 0.329103290363231, -0.890612094856538, 0.270585605232468, 0.209985576036231, 0, -0.100284965531841, 0.00578522544040393, -0.106070190972245, 115.783636363631, 115.995784946235, 116.407010989011, 116.689471182095
10/9/2017, 115.71, 115.71, 115.47, 115.53, 1337919, 0.323468031498451, -0.671846119560719, 0.189479606489226, 0.161578163301474, 0, -0.135387166154672, -0.0224492528786112, -0.112937913276061, 115.67854545454, 115.870838709676, 116.404380952381, 116.689295796987
10/10/2017, 115.6, 115.94, 115.59, 115.74, 1717343, 0.324449184336143, -0.815335320878343, 0.24846797247813, 0.426517494404895, 0, -0.144593879848856, -0.0468781782726601, -0.0977157015761954, 115.681636363631, 115.766021505375, 116.424820512821, 116.69333804291
10/11/2017, 115.8, 115.94, 115.78, 115.87, 2132937, 0.316511272678968, -0.572344080092015, 0.479424155288616, 0.326856450739062, 0, -0.139788953200721, -0.0654603332582723, -0.0743286199424489, 115.661636363631, 115.685333333332, 116.446695970696, 116.699881901999
10/12/2017, 116.01, 116.14, 115.94, 116.09, 1418923, 0.311744793755245, -0.763085798168473, 0.507730302384345, 0.414896394635469, 0, -0.116881515476948, -0.0757445697020074, -0.0411369457749402, 115.761818181813, 115.660473118278, 116.483477411478, 116.710684510075
10/13/2017, 116.32, 116.46, 116.27, 116.42, 1276330, 0.311208816798609, -0.584618507567241, 0.473919231765967, 0.497242758299242, 0, -0.071277323351751, -0.0748511204319561, 0.00357379708020514, 116.049272727267, 115.710430107526, 116.532432234432, 116.72785543881
10/16/2017, 116.06, 116.34, 116.06, 116.21, 1054878, 0.311671834860247, -0.592112221135755, 0.507320811911198, 0.286299016466788, 0, -0.0514874027596335, -0.0701783768974916, 0.0186909741378581, 116.152181818176, 115.700731182795, 116.568085470086, 116.740478894472
10/17/2017, 116.28, 116.35, 116.12, 116.27, 1149198, 0.305826221146072, -0.384952047398548, 0.43237741148431, 0.335836257522732, 0, -0.0306094034038864, -0.0622645821987706, 0.0316551787948842, 116.250727272722, 115.726709677418, 116.600490842491, 116.754016417911
10/18/2017, 116.3, 116.35, 116.19, 116.29, 1813623, 0.297364296121946, -0.370581630040689, 0.570634066079684, 0.276807137479086, 0.880454876826226, -0.0123077297957508, -0.0522732117181666, 0.0399654819224158, 116.350181818176, 115.744752688171, 116.633006105006, 116.76765775085
10/19/2017, 116.45, 116.57, 116.23, 116.42, 1315331, 0.296782935030235, -0.333647303672623, 0.615739966046273, 0.299470699890494, 0.800507420006801, 0.0125418176726555, -0.0393102058400022, 0.0518520235126577, 116.486363636358, 115.81193548387, 116.67463980464, 116.783562893235
10/20/2017, 116.27, 116.27, 115.99, 116.04, 940299, 0.301395172625035, -0.700988217836025, 0.678048043764733, 0.147296345572598, 0.617212108090699, 0.00155451933396478, -0.0311372608052088, 0.0326917801391736, 116.409272727267, 115.842946236558, 116.704691086691, 116.791706751666
10/23/2017, 116.1, 116.16, 115.93, 115.94, 2075097, 0.296491297566315, -0.616696500761985, 0.516991034117596, 0.197129086259369, 0.61132402551405, -0.0150486861374617, -0.0279195458716594, 0.0128708597341977, 116.24654545454, 115.855806451612, 116.722083028083, 116.797709708274
10/24/2017, 115.8, 115.95, 115.76, 115.79, 1683378, 0.290236125639922, -0.604249856738458, 0.303116354543663, -0.0607135455971084, 0.60888339673175, -0.0398512125194799, -0.0303058792012235, -0.00954533331825639, 116.05163636363, 115.840860215053, 116.732432234432, 116.800650248638
10/25/2017, 115.52, 115.63, 115.38, 115.59, 2402984, 0.29393649051349, -0.253682240775333, 0.181143794891807, -0.0608400671290153, 0.606686377450089, -0.0747836623912121, -0.0392014358392212, -0.0355822265519909, 115.810909090903, 115.807182795698, 116.731211233211, 116.799631349374
10/26/2017, 115.62, 115.62, 115.23, 115.25, 3819182, 0.29698319298509, -0.803305412105154, -0.0484507761659717, -0.254530272257704, 0.535795313595502, -0.128422662576867, -0.0570456811867503, -0.0713769813901164, 115.511999999994, 115.743634408601, 116.703025641026, 116.792053140097
10/27/2017, 115.42, 115.86, 115.28, 115.8, 2868188, 0.307132533177504, -0.471418904996019, 0.277165226980021, -0.0360802833892214, 0.582011625582724, -0.125109370271318, -0.0706584190036638, -0.0544509512676539, 115.514909090903, 115.771182795698, 116.693299145299, 116.795049687155
10/30/2017, 115.97, 116.22, 115.96, 116.14, 2215183, 0.309003357799701, -0.131116033859925, 0.300199117433573, 0.130755107712329, 0.624215261252889, -0.0939652310544687, -0.0753197814138248, -0.0186454496406439, 115.627090909085, 115.834666666665, 116.703162393162, 116.804404647984
10/31/2017, 116.21, 116.44, 116.13, 116.25, 1250288, 0.306608752482705, -0.0227806250903228, 0.299926391578404, 0.249093300147312, 0.57165153188435, -0.0597187945620163, -0.0721995840434631, 0.0124807894814468, 115.793090909085, 115.90522580645, 116.725384615385, 116.815633039946
11/1/2017, 115.84, 115.97, 115.69, 115.83, 2355955, 0.316507848591114, 0.0279043053103048, 0.07182489255977, 0.114097252959242, 0.638823917381112, -0.0657112583407127, -0.070901918902913, 0.00519066056220036, 115.819090909085, 115.875139784945, 116.733218559219, 116.818719037825
11/2/2017, 115.96, 116.17, 115.81, 116.15, 4631312, 0.315351260414923, 0.0855617884473804, 0.105053576089471, 0.158825007464102, 0.730894947115205, -0.0441302968187216, -0.0655475944860748, 0.0214172976673531, 116.006727272721, 115.908172043009, 116.741472527473, 116.827698644698
11/3/2017, 115.5, 115.69, 115.35, 115.42, 2022373, 0.336134521333683, -0.659848106371542, -0.286610675715042, -0.153957338744695, 0.589318599978328, -0.0849528449502941, -0.0694286445789186, -0.0155242003713755, 115.880909090903, 115.862494623655, 116.719797313798, 116.822868237462
11/6/2017, 115.21, 115.27, 115.14, 115.26, 2305282, 0.331917526719738, -0.420347762704639, -0.505065806006273, -0.0884022054651237, 0.484505581156194, -0.128731732005519, -0.0812892620642388, -0.0474424699412807, 115.71363636363, 115.795763440859, 116.67884981685, 116.815096718105
11/7/2017, 115.02, 115.15, 114.62, 114.65, 1668222, 0.344910365662722, -0.771576347959661, -0.681666340734383, -0.274868819319599, 0.446820607782446, -0.21022537021679, -0.107076483694749, -0.103148886522041, 115.342727272721, 115.655870967741, 116.60757020757, 116.796131782946
11/8/2017, 114.65, 114.81, 114.51, 114.6, 2401760, 0.340896812845284, -0.86744606001385, -0.735868231546213, -0.253245251899322, 0.459759902602775, -0.275666535536544, -0.140794494063108, -0.134872041473436, 114.976727272721, 115.487548387095, 116.515892551893, 116.776504522956
11/9/2017, 114.45, 114.52, 114.29, 114.36, 2012154, 0.338085309675289, -1.06227390024111, -1.02589380169212, -0.161706226269011, 0.43657547316678, -0.342941903971848, -0.181223976044856, -0.161717927926992, 114.513818181812, 115.312516129031, 116.410732600733, 116.75275102524
11/10/2017, 114.36, 114.47, 114.18, 114.45, 1948783, 0.333597765082942, -0.818070118559558, -1.20872152936125, -0.056717052150662, 0.399460466793609, -0.384562868939994, -0.221891754623884, -0.162671114316111, 114.240545454539, 115.185075268816, 116.295062271062, 116.730970214905
11/13/2017, 114.5, 114.69, 114.5, 114.58, 1841768, 0.327031340574756, -0.622953633140592, -0.914896421619868, -0.0952102102785134, 0.459338232945432, -0.402419033870146, -0.257997210473136, -0.14442182339701, 114.153818181812, 115.049505376343, 116.185443223443, 116.711848069739
11/14/2017, 114.41, 114.57, 114.32, 114.49, 1950142, 0.322278700785246, -0.832814425876415, -1.16537053889794, -0.24731272876826, 0.382282509854285, -0.41900242196219, -0.290198252770947, -0.128804169191243, 114.143090909084, 114.908774193547, 116.081770451771, 116.69135828877
11/15/2017, 114.55, 114.64, 114.43, 114.57, 1337626, 0.315115684998321, -0.86860877787777, -1.02271833437778, -0.289441494136793, 0.462949185281123, -0.420838382182893, -0.316326278653336, -0.104512103529557, 114.171999999993, 114.792838709676, 115.983240537241, 116.672585300232
11/16/2017, 114.86, 115.16, 114.79, 115.03, 3362808, 0.32380825722633, -0.676080127375037, -1.01164627836446, 0.0523745426711893, 0.480709758791203, -0.380785776860833, -0.329218178294836, -0.0515675985659973, 114.492545454539, 114.747978494622, 115.918930402931, 116.662295883327
11/17/2017, 115.12, 115.33, 115.07, 115.24, 1191691, 0.320073591090832, -0.763587398504661, -0.957494218113701, 0.0781891067370921, 0.414103801819989, -0.32831395472121, -0.329037333580111, 0.000723378858900392, 114.80072727272, 114.716559139784, 115.863399267399, 116.65586603139
11/20/2017, 115.2, 115.28, 115.17, 115.21, 829122, 0.308922980691278, -0.650666428782952, -0.879667534062678, 0.247385018996142, 0.409432241977144, -0.285855245583647, -0.320400915980818, 0.0345456703971705, 115.076363636357, 114.673569892472, 115.812231990232, 116.648961904762
11/21/2017, 115.3, 115.46, 115.25, 115.37, 1248437, 0.303904531292104, -0.580573743383038, -0.68816360926618, 0.346303887029524, 0.456513502476384, -0.236568732776917, -0.303634479340038, 0.0670657465631211, 115.287999999993, 114.666946236558, 115.768412698413, 116.644948672566
11/22/2017, 115.61, 115.93, 115.48, 115.86, 1209886, 0.311655381377624, -0.258332462586171, -0.437789276668306, 0.796020181658982, 0.462160227246829, -0.156169684477888, -0.274141520367608, 0.11797183588972, 115.619636363629, 114.733548387095, 115.752722832723, 116.649571556664
11/24/2017, 115.87, 115.9, 115.78, 115.82, 388552, 0.301355317407106, -0.364666236951192, -0.494106814617098, 0.817382106852449, 0.480001911765648, -0.094590148807967, -0.23823124605568, 0.143641097247713, 115.82072727272, 114.809806451612, 115.737433455434, 116.653382796198
11/27/2017, 116.02, 116.03, 115.81, 115.87, 1518859, 0.295657411055376, -0.10136338732701, -0.546570772350626, 1.07356221529723, 0.461052001683259, -0.0412775194505457, -0.198840500734653, 0.157562981284107, 115.977454545447, 114.916150537633, 115.724603174603, 116.657967133992
11/28/2017, 116.01, 116.14, 115.86, 116.03, 1863959, 0.292553072550522, 0.063858897490243, -0.365022655744917, 1.10293518371818, 0.466654192960807, 0.0137255664500202, -0.156327287297718, 0.170052853747738, 116.137999999993, 115.03234408602, 115.724144078144, 116.665218530473
11/29/2017, 115.83, 115.83, 115.59, 115.61, 1885095, 0.297964590931885, -0.104009939687296, -0.475700521112888, 0.783747099270632, 0.419202464438944, 0.0231584620536012, -0.120430137427454, 0.143588599481056, 116.056363636357, 115.100408602149, 115.699672771673, 116.66506380576
11/30/2017, 115.69, 115.79, 115.41, 115.49, 5257426, 0.299812122605884, -0.0550784919258542, -0.19788385672744, 0.703024233126286, 0.405290300175866, 0.0207123436569248, -0.0922016412105786, 0.112913984867503, 115.888181818175, 115.158838709676, 115.661997557998, 116.662807881773
12/1/2017, 115.35, 115.58, 115.2, 115.42, 2354924, 0.301455873659382, 0.114863253886814, -0.400010753110701, 0.455146012600087, 0.403940997770717, 0.0129757854412134, -0.0711661558802202, 0.0841419413214335, 115.737636363629, 115.222215053762, 115.634476190476, 116.659348083469
12/4/2017, 115.44, 115.52, 115.34, 115.49, 2186125, 0.294002381945428, -0.203181817204305, -0.466610875309657, 0.476326781530903, 0.409980356980014, 0.0123505528170398, -0.0544628141407682, 0.066813366957808, 115.631999999993, 115.275591397848, 115.606178266178, 116.657095851216
12/5/2017, 115.59, 115.72, 115.51, 115.65, 1224786, 0.288859648390261, -0.331729245242312, -0.330502508678802, 0.430556543170083, 0.407890674840984, 0.024483483919866, -0.0386735545286414, 0.0631570384485073, 115.561999999993, 115.346150537633, 115.58463980464, 116.657557010366
12/6/2017, 115.75, 115.85, 115.68, 115.75, 1445048, 0.282818897792803, -0.338512958046646, -0.260203625330942, 0.451560731812522, 0.398244880643716, 0.041687535536937, -0.0226013365155257, 0.0642888720524627, 115.534545454538, 115.421268817203, 115.569120879121, 116.659665344392
12/7/2017, 115.65, 115.65, 115.4, 115.51, 1661420, 0.284386399866168, -0.22134337789043, -0.139670281925923, 0.248438620576828, 0.309741411720311, 0.0355461225812377, -0.010971844696173, 0.0465179672774107, 115.501454545447, 115.452860215052, 115.535641025641, 116.657663591504
12/8/2017, 115.59, 115.69, 115.41, 115.53, 1246162, 0.282238374414559, -0.447162827762172, -0.253897791754805, 0.209104863708148, 0.278606481804981, 0.0319248318315459, -0.00239250939062921, 0.0343173412221751, 115.486363636356, 115.464838709676, 115.506173382174, 116.655990142893
12/11/2017, 115.62, 115.7, 115.45, 115.47, 1995458, 0.279091100946638, 0.0480491002631653, -0.489838252755389, 0.173273426232126, 0.312237478639712, 0.0239374976905538, 0.00287349202560738, 0.0210640056649464, 115.476363636356, 115.504064516128, 115.482656898657, 116.653302978095
12/12/2017, 115.47, 115.53, 115.34, 115.51, 1016974, 0.273269127824369, 0.222310044652317, -0.183952970937247, 0.0911010916979022, 0.318425725679415, 0.0205977060109603, 0.00641833482267797, 0.0141793711882824, 115.533999999992, 115.573161290321, 115.454910866911, 116.651284518828
12/13/2017, 115.61, 116.15, 115.56, 115.84, 1888412, 0.286490427376064, 1.19330908017109, 0.0134053414915718, 0.291307798962417, 0.433267004979978, 0.044071114740504, 0.0139488908062432, 0.0301222239342608, 115.649999999992, 115.695526881719, 115.446051282051, 116.654725795297
12/14/2017, 115.8, 115.95, 115.73, 115.9, 3148310, 0.281515949541683, 1.30966192132697, -0.00275662140030303, 0.438231230738527, 0.530381988417117, 0.0667460518962315, 0.0245083230242408, 0.0422377288719907, 115.750181818174, 115.800150537633, 115.434188034188, 116.659072048284
12/15/2017, 116.03, 116.17, 115.84, 116.05, 1176844, 0.281312482759905, 1.77753131660099, 0.0455994845672144, 0.273490185962204, 0.473312467352883, 0.0957164892473372, 0.0387499562688601, 0.0569665329784771, 115.86581818181, 115.944688172041, 115.429257631258, 116.665785123967
12/18/2017, 116.18, 116.25, 116.05, 116.17, 1564100, 0.275578875295452, 1.80532240771142, 0.268534910686521, 0.380975510564234, 0.49841345514363, 0.126895988719042, 0.0563791627588965, 0.0705168259601455, 116.002545454538, 116.056430107525, 115.418312576313, 116.67433076975
12/19/2017, 116.05, 116.1, 115.82, 115.92, 1048422, 0.277461163267073, 1.34306281432882, 0.218911050239832, 0.287761321879098, 0.471483353788245, 0.129935243419439, 0.071090378891005, 0.058844864528434, 116.04781818181, 116.120946236558, 115.400073260073, 116.678647039144
12/20/2017, 115.87, 115.87, 115.62, 115.74, 1947836, 0.27695812289289, 1.23455916804189, 0.0079840375600917, 0.188163633532144, 0.596348119573285, 0.11647670800329, 0.080167644713462, 0.0363090632898282, 116.036181818174, 116.11769892473, 115.379047619048, 116.679947237432
12/21/2017, 115.46, 115.55, 115.31, 115.36, 1864770, 0.282614220582888, 0.72488722571307, -0.263443593427551, 0.166186468717321, 0.657664678962511, 0.0742915112185045, 0.0789924180144705, -0.00470090679596601, 115.84581818181, 116.05587096774, 115.341704517705, 116.675054145683
12/22/2017, 115.43, 115.8, 115.41, 115.74, 1791687, 0.286610140505614, 0.667513939632546, -0.175083117140283, 0.244774421367411, 0.641901386387179, 0.0707071945213897, 0.0773353733158544, -0.00662817879446465, 115.798909090901, 116.021354838708, 115.323120879121, 116.676313503983
12/26/2017, 115.74, 115.87, 115.68, 115.8, 619356, 0.28034235560461, 0.534470395139193, -0.321082328068205, 0.121854217986501, 0.682462532920606, 0.0718795139806758, 0.0762442014488187, -0.00436468746814285, 115.749272727265, 115.991548387095, 115.304659340659, 116.678484259619
12/27/2017, 115.87, 116.01, 115.68, 115.91, 932677, 0.280307674403098, 0.665547078444759, -0.151864135552117, 0.262489332796625, 0.759959287312321, 0.0807537869019939, 0.0771461185394537, 0.00360766836254015, 115.727636363628, 115.975655913977, 115.297054945055, 116.682348594378
12/28/2017, 116.01, 116.01, 115.84, 115.95, 761131, 0.273531172169555, 0.556145974153798, -0.1625100925651, 0.200086268168031, 0.54605901221755, 0.0899771769468884, 0.0797123302209407, 0.0102648467259478, 115.763999999992, 115.950258064515, 115.29337973138, 116.686763027888
12/29/2017, 116.04, 116.22, 115.87, 116.1, 1109450, 0.274592096833824, 0.256640346474343, -0.092771881766517, 0.345181048765414, 0.635040747981248, 0.108143910720543, 0.0853986463208611, 0.0227452643996816, 115.858181818174, 115.939806451611, 115.296937728938, 116.693460443939
1/2/2018, 116.03, 116.44, 116.02, 116.4, 5965341, 0.278231403095246, 0.589506646471013, -0.00229776999369332, 0.438565646444228, 0.607043171418824, 0.145076321389709, 0.0973341813346307, 0.0477421400550784, 116.075090909083, 115.988215053762, 115.318871794872, 116.704767237593
1/3/2018, 116.58, 116.58, 116.22, 116.35, 3111122, 0.279903984136418, 0.487560040150532, 0.174270427704864, 0.607812939808162, 0.561208875574115, 0.168370075373915, 0.111541360142487, 0.0568287152314271, 116.279636363628, 116.035440860213, 115.340957264957, 116.715100992811
1/4/2018, 116.55, 116.65, 116.33, 116.65, 2974468, 0.278941166965784, 0.60994785414766, 0.384700740383702, 0.638401089605425, 0.604966652500935, 0.208633044160706, 0.130959696946131, 0.0776733472145749, 116.527999999992, 116.111569892472, 115.38284004884, 116.729958314034
1/5/2018, 116.82, 116.86, 116.57, 116.72, 1705357, 0.27725807719526, 1.21575081853211, 0.503295497300696, 0.56890331425649, 0.597563229690971, 0.243384566211205, 0.153444670799146, 0.0899398954120589, 116.724727272719, 116.197956989246, 115.423584859585, 116.74567310049
1/8/2018, 116.6, 116.72, 116.39, 116.51, 3412943, 0.27803179668457, 1.09553419429148, 0.498579785702478, 0.477915532829039, 0.530260808231961, 0.25108579213439, 0.172972895066195, 0.0781128970681951, 116.719454545446, 116.281655913977, 115.456324786325, 116.757880897374
1/9/2018, 116.5, 116.5, 116.06, 116.15, 2979035, 0.284320365046348, 0.729519149420775, 0.488516359476212, 0.304139342942645, 0.435817580466759, 0.225540190881802, 0.183486354229316, 0.0420538366524855, 116.603090909083, 116.312817204299, 115.481597069597, 116.764321780834
1/10/2018, 115.71, 115.82, 115.6, 115.81, 2124361, 0.294643121320496, 0.304567566224255, 0.0133702636409314, 0.214266866355542, 0.377079072040376, 0.175833065218015, 0.181955696427056, -0.00612263120904094, 116.358909090901, 116.302043010751, 115.502151404152, 116.765404208195
1/11/2018, 115.85, 116, 115.81, 115.96, 1787862, 0.287741366730945, 0.295177397258819, -0.0918572866103278, 0.163007448834992, 0.410009306997681, 0.146850752345046, 0.174934707610654, -0.0280839552656083, 116.187999999992, 116.321354838708, 115.517755799756, 116.768744876745
1/12/2018, 115.77, 116.14, 115.75, 116.13, 1651885, 0.289745668146167, 0.357809686742938, -0.0583673107405591, 0.184762235745897, 0.375275915611217, 0.136031552773972, 0.167154076643317, -0.0311225238693458, 116.081090909082, 116.334688172042, 115.549875457876, 116.774610963749
1/16/2018, 116.16, 116.33, 116.07, 116.14, 3556882, 0.286428071463093, 0.608609621777432, 0.183695909696136, 0.173694608315544, 0.412965749225247, 0.126802475585535, 0.159083756431761, -0.0322812808462258, 115.99781818181, 116.337935483869, 115.578122100122, 116.780521189787
1/17/2018, 116.11, 116.22, 116.02, 116.17, 1973933, 0.280644472830657, 0.618070603240746, 0.019003842832011, 0.0928961277183026, 0.446987594185381, 0.120519837040888, 0.151370972553586, -0.0308511355126983, 115.982727272719, 116.336129032256, 115.618090354091, 116.786778509854
1/18/2018, 115.94, 116.03, 115.83, 115.9, 2175019, 0.281901164696295, 0.403445983620861, 0.309155644183359, -0.050823991602788, 0.422358734576357, 0.0926856349100262, 0.139633905024874, -0.0469482701148481, 115.8769090909, 116.299892473117, 115.649418803419, 116.788840304182
1/19/2018, 115.74, 115.77, 115.51, 115.57, 3803440, 0.285443694201658, 0.0580452599573033, 0.199387846948908, -0.286168593732825, 0.401409625342153, 0.0434971787116609, 0.120406559762232, -0.0769093810505707, 115.741636363628, 116.229806451611, 115.662874236875, 116.785873927959
1/22/2018, 115.48, 115.67, 115.35, 115.59, 2131864, 0.284966617803801, -0.226772947743106, 0.640812687525796, -0.213235221472573, 0.332019024607653, 0.00605896170483788, 0.0975370401507529, -0.091478078445915, 115.686181818173, 116.169440860213, 115.672962148963, 116.783217761385
1/23/2018, 115.86, 115.9, 115.69, 115.81, 1812605, 0.283588004354929, -0.076830398378352, 0.816286912667796, -0.15715498630647, 0.380792285083584, -0.00579216514331904, 0.0768711990919385, -0.0826633642352576, 115.726363636355, 116.122021505375, 115.693567765568, 116.7838573963
1/24/2018, 115.62, 115.66, 115.42, 115.64, 2539297, 0.28666733349297, -0.366922743627496, 0.871078186290439, -0.361952855045997, 0.363262087142322, -0.0285724820170117, 0.0557824628701485, -0.0843549448871602, 115.673999999991, 116.052430107525, 115.70926007326, 116.781927720946
1/25/2018, 115.75, 115.87, 115.58, 115.8, 1937727, 0.284479273945343, -0.328513906038185, 0.914608677838722, -0.470140971815537, 0.392746292424439, -0.0333311635332478, 0.0379597375894692, -0.071290901122717, 115.636727272718, 115.998430107525, 115.736424908425, 116.782369749764
1/26/2018, 115.99, 116.04, 115.78, 116.02, 2166383, 0.280947810090736, 0.0951959320011764, 0.968132508404866, -0.182775371504332, 0.397224785919732, -0.0191297753931536, 0.0265418349929447, -0.0456716103860983, 115.705999999991, 115.972881720428, 115.769018315019, 116.786031391987
1/29/2018, 115.49, 115.57, 115.37, 115.39, 3249109, 0.296522980157647, -0.273724575758407, 0.561492339454441, -0.561988718413568, 0.226967850551719, -0.0580417388116814, 0.00962512023201944, -0.0676668590437008, 115.588363636354, 115.88610752688, 115.770888888889, 116.780336476698
1/30/2018, 115.37, 115.38, 115.16, 115.19, 2717201, 0.292169436117469, -0.135232926625207, 0.386249209662046, -0.555790982667039, 0.200809933769249, -0.103821291475072, -0.0130641621093988, -0.0907571293656728, 115.443999999991, 115.780860215052, 115.748280830281, 116.755732130655
1/31/2018, 115.43, 115.54, 115.22, 115.36, 4581618, 0.292321840144355, -0.321888165644684, 0.215181739429018, -0.667993112249129, 0.198802909067335, -0.12494406018314, -0.0354401417241469, -0.0895039184589926, 115.416181818172, 115.711763440859, 115.740964590965, 116.738367090338
2/1/2018, 115, 115.25, 114.94, 115, 4756470, 0.296835957435654, -0.658156151098125, -0.142044699274617, -0.841029754515212, 0.0994202897811113, -0.168787322730111, -0.0621095779253398, -0.106677744804771, 115.254181818172, 115.609440860213, 115.723001221001, 116.721734864015
2/2/2018, 114.56, 114.57, 114.06, 114.11, 5537187, 0.325381897728903, -1.22918759961303, -0.59420424501824, -1.05188536280663, 0.0025337341782597, -0.27221110594806, -0.104129883529884, -0.168081222418176, 114.767818181809, 115.385075268816, 115.664744810745, 116.691312286456
2/5/2018, 113.9, 114.42, 113.22, 113.46, 9921088, 0.363765749447849, -1.59415999525136, -0.988041237239266, -1.17730506929252, -0.121001235205228, -0.401990866521103, -0.163702080128128, -0.238288786392976, 114.140545454536, 115.077913978493, 115.578813186814, 116.650184775181
2/6/2018, 113.71, 113.98, 113.46, 113.67, 5533976, 0.367812253327486, -1.54174900597056, -1.16548620644025, -1.09778774689038, -0.134426659439145, -0.48233693686727, -0.227429051475956, -0.254907885391314, 113.74599999999, 114.786774193547, 115.493245421246, 116.610694820281
2/7/2018, 114.04, 114.17, 113.31, 113.47, 6803817, 0.387933003383701, -1.92086545224512, -1.24808447348704, -1.1958402584838, -0.22806951554673, -0.555743836006101, -0.293092008381985, -0.262651827624116, 113.365090909081, 114.506494623654, 115.405829059829, 116.568918135848
2/8/2018, 113.24, 113.27, 112.14, 112.19, 6040334, 0.432015509397015, -2.18532123249329, -1.64332952905956, -1.56572833473904, -0.381020355448983, -0.709031362841273, -0.376279879273843, -0.33275148356743, 112.692363636354, 114.082451612902, 115.272788766789, 116.509783517835
2/9/2018, 111.95, 112.15, 111.42, 111.86, 6235157, 0.446043527617455, -2.59083215379399, -1.86276899468534, -1.5976675426354, -0.431192261133336, -0.847373084859257, -0.470498520390926, -0.376874564468331, 112.146545454536, 113.647161290321, 115.115978021978, 116.446150881509
2/12/2018, 112.18, 112.31, 111.9, 112.04, 4462098, 0.443142695013603, -2.50161376730638, -1.6024007908418, -1.48100336730423, -0.443823121284278, -0.931744826213986, -0.562747781555538, -0.368997044658449, 111.763818181808, 113.263505376342, 114.969299145299, 116.388602159355
2/13/2018, 112.12, 112.12, 111.39, 111.63, 4145494, 0.455229079744315, -2.59654407015356, -1.71707897497852, -1.40354774059389, -0.569378010748672, -1.01993642042395, -0.654185509329219, -0.365750911094726, 111.382181818172, 112.863053763439, 114.809474969475, 116.319208692087
2/14/2018, 111.12, 111.44, 111.06, 111.38, 3202774, 0.459026405667669, -2.55261982081419, -1.79456451708105, -1.60327446619512, -0.518190632657991, -1.09735221166622, -0.74281884979662, -0.3545333618696, 111.142363636354, 112.479720430106, 114.643199023199, 116.244148421484
2/15/2018, 111.64, 112.19, 111.63, 112.11, 3140077, 0.469360833200444, -1.77668863879757, -1.40526379321134, -1.37765282141329, -0.45776421863575, -1.08726655281997, -0.811708390401289, -0.27555816241868, 111.299818181808, 112.218064516127, 114.505758241759, 116.180894902282
2/16/2018, 112.66, 113.02, 112.5, 112.85, 4307914, 0.483287911914902, -1.37557943532038, -1.09908577800036, -1.06676098894553, -0.308904201142641, -1.00794284229576, -0.850955280780184, -0.156987561515578, 111.692545454536, 112.097655913977, 114.399731379732, 116.132435971026
2/20/2018, 112.4, 112.49, 112.01, 112.11, 2039574, 0.499617240358726, -1.73795854082221, -1.38781415179318, -1.25740695366459, -0.343329371954346, -0.993339446958601, -0.879432114015867, -0.113907332942733, 111.768363636354, 111.912537634407, 114.267987789988, 116.070283176165
2/21/2018, 112.44, 112.53, 111.65, 111.72, 2283722, 0.515677446972663, -1.91119051565463, -1.44112642909648, -1.23570108077423, -0.42370526083778, -1.00168904380888, -0.90388349997447, -0.0978055438344108, 111.825090909081, 111.693677419353, 114.124744810745, 116.001401120678
2/22/2018, 112.13, 112.33, 111.8, 111.84, 3240306, 0.516639039315063, -1.8625989726314, -1.3988346573663, -1.27349308846829, -0.356254534650893, -0.987242841411714, -0.920555368261919, -0.066687473149795, 111.989636363626, 111.496946236557, 113.994676434677, 115.933621156212
2/23/2018, 112.06, 112.81, 112.06, 112.68, 4685828, 0.530190492093954, -1.26417614987673, -0.990609307953472, -1.09352132701075, -0.199819940597701, -0.897665413990424, -0.91597737740762, 0.0183119634171958, 112.277272727263, 111.411935483869, 113.911772893773, 115.880644799781
2/26/2018, 112.74, 113.07, 112.62, 112.99, 3160894, 0.522212332212491, -0.999729330577761, -0.88483357775415, -0.84232461650887, -0.202391558247906, -0.792524518842797, -0.891286805694655, 0.0987622868518587, 112.579272727263, 111.396451612901, 113.840493284494, 115.830325543255
2/27/2018, 113.12, 113.19, 112.44, 112.78, 4536511, 0.530276049351436, -1.09114097102463, -1.08500628450821, -0.895639280269909, -0.264703550726556, -0.717869691945452, -0.856603382944815, 0.138733690999362, 112.783090909081, 111.384817204299, 113.763726495727, 115.779845291786
2/28/2018, 112.69, 112.91, 112.5, 112.54, 2861219, 0.523052303212744, -1.2816076018398, -1.19216191048119, -0.993416651536486, -0.365203583572622, -0.67034389090685, -0.819351484537222, 0.149007593630372, 112.781636363626, 111.365010752686, 113.67947008547, 115.722664753314
3/1/2018, 112.05, 112.21, 111.74, 111.79, 5754671, 0.536014767809143, -1.47278864948412, -1.47866912067363, -1.21071339266674, -0.490978402703717, -0.68529838991185, -0.792540865612147, 0.107242475700298, 112.421454545444, 111.275268817202, 113.568065934066, 115.65681098811
3/2/2018, 111.81, 112.23, 111.79, 112.17, 3030796, 0.527102044652892, -1.36495982448867, -1.36928781721445, -1.00898440061311, -0.432808723945209, -0.658891819161795, -0.765811056322077, 0.106919237160282, 112.316181818172, 111.243999999998, 113.46821978022, 115.601391007243
3/5/2018, 112.12, 112.18, 111.87, 112, 2724645, 0.51534629045785, -1.52760315757114, -1.34570516589101, -1.01320941660221, -0.457483991087625, -0.644255425335828, -0.741499930124827, 0.0972445047889992, 112.296909090899, 111.19322580645, 113.361555555556, 115.543509088424
3/6/2018, 112.32, 112.45, 112.03, 112.17, 2065078, 0.508895830477982, -1.23560109714917, -1.22071753608102, -1.02381367845991, -0.343891153013839, -0.611884969485445, -0.715576937996951, 0.103691968511506, 112.234727272717, 111.188387096772, 113.261875457876, 115.487151291513
3/7/2018, 112.08, 112.13, 111.89, 112.05, 1728135, 0.496463213203744, -1.20681087144517, -1.13974526420996, -1.09746146856451, -0.432183397718485, -0.589123102713955, -0.690286170940352, 0.101163068226396, 112.049818181808, 111.205053763439, 113.155157509158, 115.432315976493
3/8/2018, 112.03, 112.18, 111.94, 112.06, 1478161, 0.482306513363426, -1.2745233662744, -1.28153342488194, -1.1606106925003, -0.422936036358969, -0.563778356921873, -0.664984608136656, 0.101206251214783, 111.874363636353, 111.235913978493, 113.043914529915, 115.376593959273
3/9/2018, 112.21, 112.37, 112.13, 112.28, 1943105, 0.471098187505613, -1.0442723474089, -1.21839086477124, -1.1930847459513, -0.398568660037364, -0.519946680225274, -0.63597702255438, 0.116030342329105, 111.930909090898, 111.328451612901, 112.956847374848, 115.32543638103
3/12/2018, 112.26, 112.31, 112.12, 112.26, 903339, 0.456085509250612, -0.746259035280369, -1.26567928934918, -1.14015944606259, -0.471489350408563, -0.481275746286627, -0.605036767300829, 0.123761021014202, 112.064363636353, 111.455827956987, 112.879040293041, 115.274932895996
3/13/2018, 112.24, 112.26, 112.04, 112.08, 1445135, 0.443791499866614, -0.572371975642825, -1.34364394876843, -1.21042969255777, -0.485811081645183, -0.45985235649097, -0.575999885138857, 0.116147528647888, 112.133454545444, 111.542623655912, 112.798652014652, 115.220959956266
3/14/2018, 112.26, 112.52, 112.17, 112.33, 1885803, 0.440248764709317, -0.553086394711673, -1.30148748652406, -1.13763630852604, -0.476718653709699, -0.417884146748051, -0.544376737460696, 0.126492590712645, 112.27909090908, 111.669161290321, 112.722913308914, 115.170524258576
3/15/2018, 112.31, 112.36, 112.2, 112.24, 1406265, 0.425699274347894, -0.508450061725569, -1.44861553485011, -1.2028001228428, -0.500087151550189, -0.387420345419557, -0.512985459052468, 0.125565113632912, 112.25509090908, 111.814064516127, 112.652915750916, 115.118371463714
3/16/2018, 112.22, 112.31, 112.14, 112.23, 1183539, 0.412024077565422, 0.0288971129174362, -1.43458080170244, -1.10221844899149, -0.51402608901294, -0.359935368932327, -0.48237544102844, 0.122440072096113, 112.27909090908, 111.953827956987, 112.569123321124, 115.066349323493
3/19/2018, 111.88, 112.2, 111.7, 111.76, 1870393, 0.416780503882506, -0.0404170247283253, -1.70583994662416, -1.20380637278923, -0.547779866634063, -0.371792605371894, -0.460258873897131, 0.0884662685252366, 112.103454545444, 111.992494623654, 112.463567765568, 115.008721060544
3/20/2018, 111.53, 111.57, 111.46, 111.53, 1504189, 0.410207295420188, -0.242860439073327, -1.81368632612265, -1.22782518946125, -0.686373497391164, -0.395193088561044, -0.447245716829913, 0.0520526282688696, 111.895454545444, 111.973806451611, 112.336967032968, 114.949000956676
3/21/2018, 111.59, 112.05, 111.57, 111.87, 2371893, 0.411753809558441, 0.128242824907718, -1.60055582487859, -1.06382739052464, -0.599957834060906, -0.381900668398004, -0.434176707143531, 0.0522760387455279, 111.815818181807, 112.024709677417, 112.226402930403, 114.896877955446
3/22/2018, 111.9, 112, 111.39, 111.54, 2292343, 0.41966786571219, 0.0882911021834656, -1.59577656264566, -1.06407963843389, -0.688503239644283, -0.393459021052067, -0.426033169925239, 0.0325741488731718, 111.633999999989, 112.032021505374, 112.098080586081, 114.841665436654
3/23/2018, 111.46, 111.68, 111.01, 111.09, 3387925, 0.430455180974533, -0.52036995607862, -1.63217633871943, -1.36425871193781, -0.74143521598801, -0.43392828286305, -0.427612192512801, -0.00631609035024927, 111.36909090908, 111.909354838708, 111.954153846154, 114.778010933443
3/26/2018, 111.45, 111.86, 111.44, 111.76, 4068574, 0.440929695344826, -0.560538752870797, -1.39958430532342, -1.24091230083041, -0.602198229723844, -0.407242624363249, -0.423538278882891, 0.0162956545196414, 111.396545454534, 111.856795698923, 111.844864468865, 114.724429957633
3/27/2018, 112.08, 112.18, 111.89, 111.93, 2247793, 0.437008734156624, -0.0929276306163744, -1.39722271128526, -1.22094664189065, -0.538169110755809, -0.368132862013113, -0.412457195508935, 0.0443243334958224, 111.473999999989, 111.838451612901, 111.743072039073, 114.670538198715
3/28/2018, 112.17, 112.3, 112.08, 112.22, 2312061, 0.430570916355759, 0.29171926684299, -1.29163148406126, -1.01951374890728, -0.490316942610966, -0.310162160889632, -0.391998188585075, 0.0818360276954422, 111.709818181807, 111.83027956989, 111.65760927961, 114.617093890939
3/29/2018, 112.55, 112.92, 112.54, 112.82, 3033953, 0.437889867237823, 0.536696347480949, -1.07149761107075, -0.924006706566338, -0.420889620445503, -0.213345661024917, -0.356267683073043, 0.142922022048126, 112.140909090898, 111.877763440858, 111.610317460318, 114.576374743747
4/2/2018, 112.23, 112.28, 112.05, 112.23, 1588220, 0.452486840244877, -0.247197050141513, -1.16459644788008, -0.895330675537947, -0.5452022153358, -0.182126515421217, -0.321439449542678, 0.139312934121461, 112.334545454534, 111.889763440858, 111.543521367522, 114.526694000273
4/3/2018, 112.4, 112.4, 112.19, 112.31, 2351125, 0.438905424064184, -0.3832899733137, -1.03650640463678, -0.827244706991267, -0.479385253679264, -0.149209788632888, -0.28699351736072, 0.137783728727832, 112.461818181807, 111.960473118278, 111.481760683761, 114.477671450048
4/4/2018, 112.21, 112.57, 112.2, 112.44, 1686917, 0.43293129462661, -0.188314900096477, -0.998750201277213, -0.625511400408171, -0.457747521607497, -0.111349563500923, -0.25186472658876, 0.140515163087838, 112.557999999988, 112.001827956987, 111.431362637363, 114.424104687713
4/5/2018, 112.58, 112.67, 112.36, 112.4, 3002311, 0.425221130155029, -0.0738904831380155, -1.08597780292694, -0.622876929465637, -0.446107202558819, -0.0836089362493766, -0.218213568520884, 0.134604632271507, 112.658727272716, 112.009978494622, 111.392251526252, 114.364739647396
4/6/2018, 112.76, 112.78, 112.41, 112.57, 2941322, 0.420228411459127, 0.512647987675826, -0.974005280147754, -0.504375707514787, -0.341444384792774, -0.0473607646277969, -0.184043007742266, 0.136682243114469, 112.723272727261, 112.043311827955, 111.362217338218, 114.311282766161
4/9/2018, 112.42, 112.51, 112.37, 112.46, 1191835, 0.408499525734094, 0.199092467946502, -1.06324928343617, -0.56255337686616, -0.3225253608722, -0.0271964049285316, -0.152673687179519, 0.125477282250988, 112.603636363625, 112.113978494622, 111.330866910868, 114.25481864152
4/10/2018, 112.39, 112.46, 112.2, 112.28, 2810522, 0.400274882711554, 0.192607504402436, -1.19641355674231, -0.652601490842195, -0.388340088876392, -0.0254471612333305, -0.127228381990282, 0.101781220756951, 112.481090909079, 112.183892473116, 111.297702075703, 114.19312505125
4/11/2018, 112.15, 112.39, 112.13, 112.32, 941002, 0.391699792016655, 0.106720264157564, -0.998137262315715, -0.615014032829756, -0.44100372248773, -0.0205957918284412, -0.105901863957914, 0.0853060721294724, 112.377999999988, 112.249462365589, 111.2596996337, 114.143207872079
4/12/2018, 112.4, 112.48, 112.26, 112.32, 1733993, 0.381908249709269, 0.187497295175485, -0.933908166926535, -0.6382900770918, -0.473224312565632, -0.0165601515046347, -0.0880335214672578, 0.071473369962623, 112.311636363624, 112.301999999998, 111.221440781441, 114.09082137488
4/13/2018, 112.32, 112.49, 112.26, 112.41, 1175218, 0.372752761115362, 0.240677670662759, -0.960740935228395, -0.751077234204383, -0.371642442546089, -0.00603011818535037, -0.0716328408108763, 0.0656027226255259, 112.390909090897, 112.317376344084, 111.187882783884, 114.043189558562
4/16/2018, 112.26, 112.28, 112.05, 112.27, 1147987, 0.370589480565859, -9.42225341814034E-05, -0.894232108336758, -0.854751517677406, -0.413375991663024, -0.00887946395303629, -0.0590821654393083, 0.050202701486272, 112.32618181817, 112.336322580643, 111.151965811967, 113.995102364357
4/17/2018, 112.11, 112.2, 112.02, 112.03, 2212250, 0.363971944425355, -0.146114028743933, -0.708704581148307, -0.915519956135838, -0.370453623081931, -0.030155966033675, -0.0532969255581816, 0.0231409595245067, 112.192363636351, 112.312838709675, 111.111472527473, 113.943855951893
4/18/2018, 112.14, 112.25, 112.03, 112.03, 3187491, 0.355592145740193, -0.0268135935634861, -0.496462041572041, -0.963144005963315, -0.349022251785774, -0.0464819324383399, -0.0519339269342133, 0.00545199449587343, 112.099818181806, 112.300494623654, 111.075853479854, 113.893527675277
4/19/2018, 111.88, 111.96, 111.47, 111.64, 3141781, 0.364073259431299, -0.448223385331976, -0.707321480748207, -1.22801601408982, -0.288852992280787, -0.0898543342375859, -0.0595180083948878, -0.0303363258426981, 111.886909090897, 112.231569892471, 111.020578754579, 113.838825201585
4/20/2018, 111.37, 111.4, 111.06, 111.15, 3191527, 0.373485215913312, -0.683352513261965, -0.803351831227262, -1.35141399710206, -0.34950993418475, -0.161899898789827, -0.0799943864738756, -0.081905512315951, 111.580181818169, 112.103784946234, 110.947164835166, 113.778321169878
4/23/2018, 110.89, 111, 110.73, 110.88, 2048047, 0.374614336772425, -0.840839948213576, -0.501152802810282, -1.44379180523968, -0.297819208676986, -0.238039302370197, -0.11160336965314, -0.126435932717057, 111.235636363624, 111.96227956989, 110.863824175825, 113.713977586442
4/24/2018, 111.07, 111.17, 110.6, 110.71, 1668939, 0.382173026630477, -0.676609360782598, -0.44208991715608, -1.5422362115687, -0.336168305103958, -0.308541236202458, -0.150990942963004, -0.157550293239455, 110.882545454533, 111.806903225804, 110.777304029305, 113.647066830668
4/25/2018, 110.45, 110.5, 110.09, 110.31, 1929866, 0.392483519076667, -0.774034680405928, -0.666279765860842, -1.5420494267107, -0.481223863959366, -0.392170486513166, -0.199226851673036, -0.19294363484013, 110.484909090896, 111.598774193546, 110.68414896215, 113.57724805248
4/26/2018, 110.56, 110.67, 110.23, 110.4, 2233362, 0.392482917933693, -0.959041808779953, -0.476050368276586, -1.47948170764144, -0.484036039138718, -0.446043312408875, -0.248590143820204, -0.197453168588671, 110.227999999987, 111.430150537632, 110.600312576313, 113.507581249146
4/27/2018, 110.3, 110.51, 110.25, 110.49, 1253354, 0.384320829331937, -0.692681328864816, -0.342721513492652, -1.43112648676562, -0.581948688951598, -0.475988765034742, -0.294069868063112, -0.181918896971631, 110.124909090896, 111.27939784946, 110.527772893774, 113.438338936723
4/30/2018, 110.49, 110.55, 110.08, 110.14, 1981187, 0.387601489116047, -0.638471970253565, -0.801891432237431, -1.55086948562882, -0.639112961088232, -0.52194615652185, -0.339645125754859, -0.18230103076699, 109.977636363623, 111.094860215051, 110.446673992675, 113.36324039907
5/1/2018, 109.57, 109.65, 109.25, 109.53, 3342804, 0.410900270343097, -1.59526497776405, -1.39468111023581, -1.75876506963527, -0.779841658021279, -0.600665524136872, -0.391849205431262, -0.20881631870561, 109.687818181805, 110.815075268815, 110.337772893774, 113.277880552139
5/2/2018, 109.1, 109.35, 108.56, 108.66, 3868831, 0.438115325604136, -2.08693176688442, -1.43100856457492, -1.99173808806647, -0.911580249879599, -0.724896760597204, -0.45845871646445, -0.266438044132754, 109.233818181805, 110.423956989245, 110.191523809525, 113.183128331283
5/3/2018, 108.79, 108.79, 108.48, 108.54, 3852062, 0.430950163222205, -2.43976103988063, -1.33291872048774, -1.96280793811598, -0.984669313394095, -0.823540643743087, -0.531475101920178, -0.292065541822909, 108.844181818169, 110.058795698922, 110.036771672773, 113.086583572502
5/4/2018, 108.18, 108.71, 107.67, 108.63, 3246092, 0.456932377615127, -3.13717258917579, -1.34540902011002, -1.94051090213311, -0.990257029916923, -0.884261171635245, -0.602032315863191, -0.282228855772054, 108.556727272714, 109.704537634406, 109.899394383395, 112.99127101271
5/7/2018, 108.52, 108.62, 108.12, 108.18, 1837588, 0.459463264663659, -3.12273821869233, -2.01318355219185, -2.04295904851025, -1.0648666662297, -0.957654620307039, -0.673156776751961, -0.284497843555079, 108.197272727259, 109.281956989245, 109.74888888889, 112.889666256662
5/8/2018, 107.95, 108.1, 106.98, 107.54, 4249399, 0.494880966828611, -3.52147885296313, -2.40861368654555, -2.21181748095161, -1.20137432552285, -1.05529729809484, -0.749584881020537, -0.305712417074305, 107.729999999987, 108.841612903224, 109.578434676436, 112.780487631543
5/9/2018, 107.07, 107.38, 106.93, 107.35, 3879183, 0.499380756535738, -3.87234108524495, -2.4045592561229, -2.36959298778992, -1.19764386847079, -1.13492848669674, -0.826653602155777, -0.30827488454096, 107.289999999986, 108.415720430105, 109.406695970697, 112.671470001366
5/10/2018, 108.78, 109.24, 108.5, 108.71, 4064400, 0.555405188146499, -1.78890176463036, -1.40344576043114, -1.83525760717179, -0.882161404866989, -1.07589390811764, -0.876501663348149, -0.199392244769486, 107.499272727259, 108.211268817202, 109.30403907204, 112.582677053437
5/11/2018, 109.1, 109.25, 108.83, 109.17, 6017239, 0.550143749228136, -1.59105733050435, -0.969170827112634, -1.73588872405734, -0.904727489732017, -0.980685689480254, -0.89733846857457, -0.0833472209056839, 107.977636363623, 108.127827956987, 109.233570207571, 112.502437337707
5/14/2018, 109.12, 109.22, 108.85, 108.98, 4601188, 0.540523338668323, -1.63049121172478, -1.19616291702524, -1.81661112120586, -0.909004980737126, -0.910073145653456, -0.899885403990347, -0.0101877416631091, 108.39236363635, 108.004494623654, 109.158981684983, 112.421373787071
5/15/2018, 108.17, 108.37, 107.99, 108.23, 5328201, 0.56279147903234, -1.83163591232083, -1.37541024993798, -1.92368191570861, -1.01191051916024, -0.904207783445543, -0.900749879881386, -0.00345790356415654, 108.489272727259, 107.812301075267, 109.063675213676, 112.327268826021
5/16/2018, 108.36, 108.57, 108.27, 108.46, 3515559, 0.549192104802569, -1.72257976792912, -1.34744070248884, -1.81457067002159, -0.988429876812049, -0.870960473642242, -0.894791998633557, 0.0238315249913154, 108.562545454532, 107.68427956989, 108.986146520147, 112.237632089654
5/17/2018, 108.2, 108.48, 107.9, 108.03, 4195074, 0.550653586064448, -1.90961726741002, -1.45204094918254, -1.83084051430412, -1.00604711916187, -0.869288530364528, -0.889691304979752, 0.0204027746152233, 108.474181818168, 107.524709677417, 108.891206349207, 112.144283176165
5/18/2018, 107.78, 107.99, 107.67, 107.91, 4913773, 0.540383204127654, -2.01743621112516, -1.50081348171649, -1.96707865593905, -1.04792185637477, -0.867644830869295, -0.88528201015766, 0.0176371792883649, 108.390181818168, 107.389440860213, 108.789233211234, 112.052292742927
5/21/2018, 107.66, 108.02, 107.64, 107.93, 3281486, 0.530872917442272, -1.93909201081618, -1.58047808139859, -1.9770730205854, -1.10642559639395, -0.85487390014373, -0.879200388154874, 0.0243264880111446, 108.26236363635, 107.279440860213, 108.686615384616, 111.959021183545
5/22/2018, 108.33, 108.52, 108.05, 108.35, 2728585, 0.529600907065686, -1.58722590540456, -1.39260120323632, -1.87993433206144, -0.999619637469784, -0.801621758975344, -0.863684662318968, 0.0620629033436244, 108.165272727259, 107.239956989245, 108.611462759464, 111.872336203362
5/23/2018, 108.38, 109.1, 108.36, 109.02, 3099772, 0.534426209562821, -1.21918926019856, -1.04710690930206, -1.68544803941523, -0.918414663293728, -0.697317411803809, -0.830411212215936, 0.133093800412128, 108.21745454544, 107.313505376342, 108.574949938951, 111.79795899959
5/24/2018, 109.28, 109.44, 109.09, 109.35, 2598853, 0.525377120239706, -0.916303001805461, -1.01285478615329, -1.63156141721196, -0.833399278234582, -0.581326058187315, -0.780594181410212, 0.199268123222897, 108.564545454531, 107.450215053761, 108.558293040294, 111.731587535875
5/25/2018, 109.51, 109.7, 109.51, 109.62, 1687629, 0.513843173629824, -0.611622455520623, -0.882452420051686, -1.63517004643296, -0.797349959718422, -0.46228638161385, -0.71693262145094, 0.254646239837089, 109.061999999986, 107.646344086019, 108.55907936508, 111.665229192292
5/29/2018, 109.51, 109.56, 109.14, 109.32, 3106393, 0.51144451389166, -0.624656762252135, -0.979440171893663, -1.69584613403509, -0.776008949534189, -0.387685080804303, -0.651083113321613, 0.26339803251731, 109.393272727258, 107.813075268815, 108.545550671552, 111.597896405631
5/30/2018, 109.28, 109.37, 109.18, 109.29, 2712832, 0.494698129249743, -0.568696626767097, -0.839798499985792, -1.78119879073529, -0.81123002731559, -0.327211866998482, -0.586308864056986, 0.259096997058504, 109.545636363622, 107.979032258062, 108.528197802199, 111.529551182178
5/31/2018, 109.1, 109.14, 108.53, 108.84, 3376808, 0.506819924829284, -0.589352975631012, -0.911255682181252, -1.90403025887204, -0.91325218612686, -0.312001094164856, -0.53144731007856, 0.219446215913705, 109.530727272713, 108.105569892471, 108.496219780221, 111.451181905152
6/1/2018, 107.74, 108.05, 107.58, 108, 2781787, 0.543557098032392, -0.928667525160141, -1.2848257610614, -2.03046085672763, -1.02832822263472, -0.363536800985656, -0.49786520825998, 0.134328407274323, 109.118909090895, 108.120107526879, 108.437357753359, 111.361777777778
6/4/2018, 108.11, 108.26, 107.93, 107.96, 2164808, 0.531854003872947, -0.981791737512166, -1.1938178964775, -1.96083515594641, -1.04857806035542, -0.402961792928025, -0.478884525193589, 0.0759227322655638, 108.670909090894, 108.120387096772, 108.378691086692, 111.270018586852
6/5/2018, 108.19, 108.32, 108.07, 108.13, 1735762, 0.521113570195295, -0.77815276509791, -0.99106224437534, -1.83877661928116, -1.00852638581402, -0.415696908632995, -0.46624700188147, 0.0505500932484749, 108.282909090894, 108.144817204299, 108.336637362638, 111.180457564575
6/6/2018, 107.97, 108.02, 107.72, 107.89, 2138963, 0.5151599761605, -0.648666507610108, -1.33709170900842, -1.93511323041942, -1.08574356574624, -0.440082575824832, -0.461014116670142, 0.0209315408453107, 107.885090909076, 108.145204301073, 108.294600732602, 111.090290556239
6/7/2018, 107.93, 107.98, 107.38, 107.59, 6189870, 0.518650240139033, -0.444693649556436, -1.5030065683524, -2.05066547351541, -1.14443665479903, -0.478104593415864, -0.464432212019287, -0.0136723813965773, 107.542727272713, 108.099053763439, 108.231406593407, 110.997643296433
6/8/2018, 107.64, 107.77, 107.35, 107.69, 3288033, 0.511760612589197, -0.35066492235779, -1.57662135360976, -2.02623060337461, -1.13473625398233, -0.494468230065067, -0.470439415628443, -0.0240288144366241, 107.378909090894, 108.089139784944, 108.173853479854, 110.910004646713
6/11/2018, 107.5, 107.56, 107.45, 107.48, 3210329, 0.498287359055118, -0.477919585074265, -1.9128100636063, -2.08573628323578, -1.2018536025964, -0.518405914276684, -0.480032715358091, -0.0383731989185931, 107.287090909076, 108.076064516127, 108.116393162394, 110.820535738691
6/12/2018, 107.01, 107.15, 106.9, 107.03, 2269079, 0.502458461026646, -0.479787475153042, -1.88305970727317, -2.12898149123565, -1.28158400494047, -0.567150186359555, -0.497456209558384, -0.0696939768011713, 107.096545454531, 108.001978494621, 108.037035409036, 110.725206778734
6/13/2018, 106.8, 106.96, 106.4, 106.69, 3705363, 0.508381503697608, -0.362872760362273, -2.03537012833757, -2.13673165888072, -1.37582105347239, -0.625999400255139, -0.523164847697735, -0.102834552557404, 106.90745454544, 107.864150537632, 107.928876678878, 110.625454694547
6/14/2018, 107.32, 107.55, 106.47, 106.56, 4462446, 0.534227303847812, -0.337554124960354, -2.13841871254206, -2.1748686763667, -1.37078713744556, -0.675342808290068, -0.553600439816202, -0.121742368473867, 106.725272727258, 107.670150537632, 107.806026862028, 110.520104141041
6/15/2018, 106.86, 106.98, 106.59, 106.78, 6638526, 0.526136902258117, -1.05563563843254, -2.0265578975256, -2.16980751063884, -1.34560295855479, -0.688756101670265, -0.580631572187014, -0.10812452948325, 106.57545454544, 107.509612903223, 107.702515262516, 110.421903512368
6/18/2018, 106.44, 106.44, 106.08, 106.21, 4085106, 0.535466090782089, -1.64375903479123, -2.27874290637888, -2.25784581702754, -1.47937164948168, -0.736886105296691, -0.61188247880895, -0.125003626487741, 106.287272727258, 107.294107526879, 107.574691086692, 110.315602296023
6/19/2018, 105.27, 106.23, 105.17, 106.18, 7584861, 0.558751750111766, -1.55565271221686, -2.25009388373172, -2.30631844409416, -1.5511521224267, -0.768590397536229, -0.643224062554406, -0.125366334981824, 106.118181818167, 107.060408602148, 107.422429792431, 110.210087740877
6/20/2018, 106.74, 106.83, 106.32, 106.41, 7578514, 0.560209076078601, -1.06544806525233, -2.08483650582713, -2.29790405129158, -1.44415611264788, -0.766323499461393, -0.667843949935803, -0.0984795495255898, 106.086909090894, 106.826129032256, 107.277291819293, 110.111939319393
6/21/2018, 106.53, 106.82, 106.44, 106.8, 3220001, 0.549449956893706, -0.947481148707435, -1.92609434878889, -2.05506628679358, -1.43810608926711, -0.724703297272143, -0.679215819403071, -0.0454874778690716, 106.211090909076, 106.635956989245, 107.157194139195, 110.019605576056
6/22/2018, 107.34, 107.64, 107.09, 107.4, 4179452, 0.558167529110199, -0.338429414709702, -1.65876240966583, -1.83223229385995, -1.30610027341653, -0.635972901855794, -0.670567235893616, 0.0345943340378215, 106.605636363621, 106.616129032256, 107.058051282052, 109.938289189558
6/25/2018, 107.11, 107.28, 106.78, 106.91, 1713466, 0.561685838510089, -0.527139345987684, -1.846165100844, -1.98505156937534, -1.4406002450109, -0.598295550440085, -0.65611289880291, 0.0578173483628248, 106.804727272712, 106.573247311826, 106.935032967034, 109.850861555282
6/26/2018, 106.76, 106.85, 106.54, 106.76, 1788454, 0.551679855239396, -0.617887775649021, -1.85187922951035, -1.94330548368177, -1.47829431027175, -0.573923887075182, -0.639675096457364, 0.0657512093821822, 106.893090909076, 106.513247311826, 106.824954822956, 109.762525078584
6/27/2018, 106.85, 106.85, 106.54, 106.55, 2130442, 0.53967596694594, -0.983943824978217, -1.8460069890481, -1.8215531722027, -1.48218884161255, -0.565040972620338, -0.624748271689959, 0.059707299069621, 106.855636363621, 106.39092473118, 106.726061050062, 109.669970206369
6/28/2018, 106.54, 106.82, 106.4, 106.76, 2552146, 0.53135397680953, -1.33236093658733, -1.76354174729027, -1.62669391204373, -1.41694534598903, -0.53489007414295, -0.606776632180557, 0.0718865580376068, 106.872363636348, 106.321419354836, 106.624517704519, 109.585899959
6/29/2018, 107.1, 107.2, 106.73, 106.77, 3386766, 0.526748927938336, -1.56696399500449, -1.63781032900686, -1.67761826366462, -1.41542178104982, -0.504374241157606, -0.586296153975967, 0.0819219128183607, 106.925636363621, 106.235483870965, 106.518664224665, 109.501254065874
7/2/2018, 106.09, 106.38, 105.93, 106.32, 3663317, 0.54203286196555, -2.02037361175522, -1.63268574282806, -1.73677835236746, -1.48856259067979, -0.510615406298342, -0.571160004440442, 0.0605445981420999, 106.709999999984, 106.092580645159, 106.399433455435, 109.412497471641
7/3/2018, 106.6, 106.86, 106.41, 106.66, 2367685, 0.538603855146901, -1.57264933830133, -1.4109656488051, -1.398275551084, -1.45587162017974, -0.482563721935136, -0.553440747939381, 0.0708770260042445, 106.599818181803, 106.004408602148, 106.317775335776, 109.328807161405
7/5/2018, 107.27, 107.45, 106.92, 107.34, 3749892, 0.545231161081331, -1.04008881956544, -1.08507572841293, -1.11956607280021, -1.30953796009982, -0.400841590631373, -0.522920916477779, 0.122079325846406, 106.744363636348, 106.038709677417, 106.277140415142, 109.254637693044
7/6/2018, 107.8, 108.39, 107.47, 108.26, 3271999, 0.56206223156241, -0.271009038046203, -0.62383103117036, -0.901779993483488, -1.13090156933794, -0.258855971055695, -0.470107927393363, 0.211251956337668, 107.233999999984, 106.24092473118, 106.276192918194, 109.192862648626
7/9/2018, 108.75, 108.84, 108.46, 108.56, 2391918, 0.55919688954955, 0.30221282069111, -0.554584710414707, -0.729769625240473, -0.996072294013404, -0.120732126988656, -0.400232767312421, 0.279500640323765, 107.867636363621, 106.508107526879, 106.286336996338, 109.136029520295
7/10/2018, 108.46, 108.85, 108.39, 108.75, 3235388, 0.551458332073786, 0.421258618039027, -0.522012334428345, -0.622672099386541, -1.01441855216263, 0.00401711981018593, -0.3193827898879, 0.323399909698086, 108.405636363621, 106.822494623653, 106.291035409037, 109.083899685664
