Date,EWG_Open,EWG_High,EWG_Low,EWG_Close,EWG_Volume,EWG_ATRPercentOfClose20,EWG_SQN25,EWG_SQN50,EWG_SQN100,EWG_SQN200,EWG_MACD,EWG_MACD_Avg,EWG_MACD_Diff,EWG_LinReg10,EWG_LinReg30,EWG_LinReg90,EWG_LinReg270
1/3/2017, 26.49, 26.55, 26.41, 26.5, 2838665, 0, 0, 0, 0, 0, 0, 0, 0, 26.5, 26.5, 26.5, 26.5
1/4/2017, 26.51, 26.68, 26.51, 26.66, 2657894, 0, 0, 0, 0, 0, 0.0127635327635325, 0.0025527065527065, 0.010210826210826, 26.66, 26.66, 26.66, 26.66
1/5/2017, 26.79, 27.01, 26.79, 26.95, 4653254, 0, 0, 0, 0, 0, 0.0457519013644365, 0.0111925455150525, 0.034559355849384, 26.9283333333333, 26.9283333333333, 26.9283333333333, 26.9283333333333
1/6/2017, 26.81, 26.93, 26.81, 26.86, 1278378, 0, 0, 0, 0, 0, 0.0638966129307903, 0.0217333589982001, 0.0421632539325902, 26.948, 26.948, 26.948, 26.948
1/9/2017, 26.71, 26.88, 26.7, 26.83, 1195479, 0, 0, 0, 0, 0, 0.0749912261188932, 0.0323849324223387, 0.0426062936965545, 26.932, 26.932, 26.932, 26.932
1/10/2017, 26.88, 26.97, 26.81, 26.82, 3497335, 0, 0, 0, 0, 0, 0.0820312652136259, 0.0423141989805961, 0.0397170662330298, 26.9142857142857, 26.9142857142857, 26.9142857142857, 26.9142857142857
1/11/2017, 26.76, 27.12, 26.76, 27.08, 6543270, 0, 0, 0, 0, 0, 0.107352876866614, 0.0553219345577996, 0.052030942308814, 27.0221428571429, 27.0221428571429, 27.0221428571429, 27.0221428571429
1/12/2017, 27.06, 27.09, 26.94, 26.99, 3330195, 0, 0, 0, 0, 0, 0.118788864607659, 0.0680153205677715, 0.0507735440398872, 27.0491666666667, 27.0491666666667, 27.0491666666667, 27.0491666666667
1/13/2017, 27.14, 27.17, 27.07, 27.12, 1703333, 0, 0, 0, 0, 0, 0.136765335178474, 0.0817653234899119, 0.0550000116885619, 27.1137777777778, 27.1137777777778, 27.1137777777778, 27.1137777777778
1/17/2017, 27.16, 27.22, 27.12, 27.18, 6282742, 0, 0, 0, 0, 0, 0.154077210011124, 0.0962277007941544, 0.0578495092169697, 27.1769090909091, 27.1769090909091, 27.1769090909091, 27.1769090909091
1/18/2017, 27.14, 27.26, 27.11, 27.18, 1939132, 0, 0, 0, 0, 0, 0.165884779067916, 0.110159116448907, 0.0557256626190094, 27.1941818181818, 27.22, 27.22, 27.22
1/19/2017, 27.11, 27.14, 27.03, 27.12, 1688859, 0, 0, 0, 0, 0, 0.16845897386662, 0.121819087932449, 0.046639885934171, 27.1856363636364, 27.2321794871795, 27.2321794871795, 27.2321794871795
1/20/2017, 27.22, 27.32, 27.21, 27.31, 1826122, 0, 0, 0, 0, 0, 0.183712727924107, 0.134197815930781, 0.0495149119933258, 27.2756363636364, 27.291978021978, 27.291978021978, 27.291978021978
1/23/2017, 27.3, 27.37, 27.23, 27.35, 1857879, 0, 0, 0, 0, 0, 0.196760965685112, 0.146710445881647, 0.0500505198034646, 27.3418181818182, 27.3468571428571, 27.3468571428571, 27.3468571428571
1/24/2017, 27.35, 27.49, 27.35, 27.46, 1139975, 0, 0, 0, 0, 0, 0.213516582555584, 0.160071673216435, 0.0534449093391499, 27.4132727272727, 27.4150833333333, 27.4150833333333, 27.4150833333333
1/25/2017, 27.8, 27.94, 27.78, 27.91, 3413725, 0, 0, 0, 0, 0, 0.26010840110019, 0.180079018793186, 0.0800293823070045, 27.6038181818182, 27.5706617647059, 27.5706617647059, 27.5706617647059
1/26/2017, 27.79, 27.83, 27.71, 27.78, 1368260, 0, 0, 0, 0, 0, 0.283277393964482, 0.200718693827445, 0.0825587001370374, 27.742, 27.666862745098, 27.666862745098, 27.666862745098
1/27/2017, 27.8, 27.83, 27.73, 27.78, 1042873, 0, 0, 0, 0, 0, 0.298201506391326, 0.220215256340221, 0.0779862500511047, 27.824, 27.7440350877193, 27.7440350877193, 27.7440350877193
1/30/2017, 27.43, 27.56, 27.33, 27.56, 3276304, 0, 0, 0, 0, 0, 0.288946021752622, 0.233961409422701, 0.0549846123299207, 27.8129090909091, 27.7635263157895, 27.7635263157895, 27.7635263157895
1/31/2017, 27.67, 27.69, 27.39, 27.51, 3973242, 0, 0, 0, 0, 0, 0.274413137528541, 0.242051755043869, 0.0323613824846713, 27.7725454545454, 27.7691428571429, 27.7691428571429, 27.7691428571429
2/1/2017, 27.7, 27.71, 27.52, 27.6, 8959637, 0, 0, 0, 0, 0, 0.26707924661191, 0.247057253357478, 0.0200219932544328, 27.7452727272727, 27.7886147186147, 27.7886147186147, 27.7886147186147
2/2/2017, 27.63, 27.69, 27.53, 27.59, 1118986, 0.758540231968104, 0, 0, 0, 0, 0.257491961744332, 0.249144195034848, 0.00834776670948367, 27.6796363636363, 27.8023320158103, 27.8023320158103, 27.8023320158103
2/3/2017, 27.6, 27.67, 27.54, 27.65, 1774871, 0.742557640144666, 0, 0, 0, 0, 0.251832499677207, 0.24968185596332, 0.00215064371388649, 27.6470909090909, 27.8228260869565, 27.8228260869565, 27.8228260869565
2/6/2017, 27.19, 27.27, 27.08, 27.22, 3865923, 0.821276003398237, 0, 0, 0, 0, 0.210226567861909, 0.241790798343038, -0.0315642304811288, 27.4554545454545, 27.7721666666667, 27.7721666666667, 27.7721666666667
2/7/2017, 27.2, 27.23, 27.11, 27.18, 5691611, 0.803435473578919, 0, 0, 0, 0, 0.1720427002817, 0.22784117873077, -0.05579847844907, 27.2790909090909, 27.7214153846154, 27.7214153846154, 27.7214153846154
2/8/2017, 27.07, 27.2, 27.02, 27.18, 3879627, 0.79637628268143, 0.832857096655943, 0, 0, 0, 0.140165964140152, 0.210306135812647, -0.0701401716724945, 27.208, 27.6764957264957, 27.6764957264957, 27.6764957264957
2/9/2017, 27.24, 27.35, 27.22, 27.29, 1862234, 0.784654891722873, 0.775194711400963, 0, 0, 0, 0.122368909167257, 0.192718690483569, -0.0703497813163119, 27.1887272727272, 27.6519841269841, 27.6519841269841, 27.6519841269841
2/10/2017, 27.22, 27.35, 27.21, 27.31, 1478538, 0.770507887050947, 0.471615254660585, 0, 0, 0, 0.108626271690856, 0.175900206725026, -0.0672739350341705, 27.2030909090909, 27.6326108374384, 27.6326108374384, 27.6326108374384
2/13/2017, 27.54, 27.56, 27.43, 27.43, 1603011, 0.774350779277918, 0.739132791070002, 0, 0, 0, 0.106193991369562, 0.161958963653933, -0.0557649722843716, 27.2405454545454, 27.6307586206897, 27.6307586206897, 27.6307586206897
2/14/2017, 27.45, 27.47, 27.32, 27.44, 2283859, 0.76269751391449, 0.791999179350233, 0, 0, 0, 0.10387589150109, 0.150342349223365, -0.0464664577222745, 27.2785454545454, 27.6299784946237, 27.6299784946237, 27.6299784946237
2/15/2017, 27.23, 27.51, 27.21, 27.49, 2900525, 0.777810068851326, 0.868414491121291, 0, 0, 0, 0.104864549535751, 0.141246789285842, -0.0363822397500908, 27.3556363636364, 27.6082365591398, 27.635060483871, 27.635060483871
2/16/2017, 27.54, 27.66, 27.53, 27.64, 4880563, 0.765662042441635, 0.747492462038237, 0, 0, 0, 0.116409913528308, 0.136279414134335, -0.0198695006060271, 27.4885454545454, 27.6098064516129, 27.6571590909091, 27.6571590909091
2/17/2017, 27.48, 27.55, 27.43, 27.54, 3198075, 0.768146474598129, 0.735749898716464, 0, 0, 0, 0.116151609949508, 0.13225385329737, -0.0161022433478617, 27.5961818181818, 27.6116989247312, 27.6650802139038, 27.6650802139038
2/21/2017, 27.58, 27.8, 27.58, 27.78, 3162061, 0.77023096525957, 0.850639072972128, 0, 0, 0, 0.13377086942538, 0.132557256522972, 0.00121361290240804, 27.7067272727273, 27.6342365591398, 27.6989243697479, 27.6989243697479
2/22/2017, 27.68, 27.89, 27.66, 27.86, 4258481, 0.770896102087771, 0.872745691473233, 0, 0, 0, 0.152432444576839, 0.136532294133745, 0.0159001504430934, 27.8063636363636, 27.6589892473119, 27.7379523809524, 27.7379523809524
2/23/2017, 27.86, 27.88, 27.72, 27.8, 4308133, 0.762708889710685, 0.793783341808497, 0, 0, 0, 0.16052989012768, 0.141331813332532, 0.0191980767951482, 27.8481818181818, 27.6688172043011, 27.7666066066066, 27.7666066066066
2/24/2017, 27.34, 27.5, 27.31, 27.48, 3838816, 0.82216673134131, 0.437088787641865, 0, 0, 0, 0.139517576640422, 0.14096896599411, -0.00145138935368805, 27.7676363636364, 27.6490537634409, 27.7591038406828, 27.7591038406828
2/27/2017, 27.48, 27.62, 27.46, 27.57, 4029980, 0.807525741327394, 0.323698490914767, 0, 0, 0, 0.128644481154499, 0.138504069026188, -0.00985958787168909, 27.7118181818182, 27.6321290322581, 27.7610931174089, 27.7610931174089
2/28/2017, 27.53, 27.65, 27.5, 27.52, 3465448, 0.79579616475205, 0.216667146397888, 0, 0, 0, 0.114671036187985, 0.133737462458547, -0.019066426270562, 27.6485454545455, 27.6137849462366, 27.7577051282051, 27.7577051282051
3/1/2017, 27.78, 27.99, 27.76, 27.91, 3752510, 0.829641523872361, 0.501897718046045, 0, 0, 0, 0.133527499120909, 0.13369546979102, -0.00016797067011079, 27.7170909090909, 27.6463440860216, 27.7919268292683, 27.7919268292683
3/2/2017, 27.79, 27.85, 27.75, 27.76, 2815281, 0.821236678123693, -0.165246565641538, 0, 0, 0, 0.134813588323389, 0.133919093497494, 0.000894494825895681, 27.7181818181818, 27.6551612903226, 27.8089547038328, 27.8089547038328
3/3/2017, 27.84, 28.01, 27.76, 27.99, 2554440, 0.818422782260737, 0.261106549101642, 0, 0, 0, 0.152632449227628, 0.137661764643521, 0.0149706845841075, 27.814, 27.6854193548388, 27.845503875969, 27.845503875969
3/6/2017, 27.85, 27.85, 27.72, 27.83, 1656931, 0.830480452450741, 0.0732389830231483, 0, 0, 0, 0.15209016134089, 0.140547443982995, 0.0115427173578957, 27.8154545454546, 27.7024301075269, 27.8645454545455, 27.8645454545455
3/7/2017, 27.71, 27.81, 27.66, 27.72, 3917376, 0.82275098997543, 0.205495432513773, 0, 0, 0, 0.14115714192717, 0.14066938357183, 0.00048775835534054, 27.8110909090909, 27.7047956989248, 27.8722121212121, 27.8722121212121
3/8/2017, 27.74, 27.79, 27.58, 27.61, 1370688, 0.822757137631763, 0.133744857340613, 0, 0, 0, 0.122207828803287, 0.136977072618121, -0.0147692438148343, 27.788, 27.6981505376345, 27.86961352657, 27.86961352657
3/9/2017, 27.79, 27.88, 27.72, 27.79, 2733830, 0.825135240788497, 0.235943517075661, 0, 0, 0, 0.120327793406478, 0.133647216775792, -0.0133194233693145, 27.8287272727273, 27.7433763440861, 27.8821461609621, 27.8821461609621
3/10/2017, 28, 28.07, 27.89, 28.05, 4366621, 0.826523455416639, 0.527272314710374, 0, 0, 0, 0.138224315036826, 0.134562636427999, 0.00366167860882688, 27.8958181818182, 27.8136989247312, 27.915, 27.915
3/13/2017, 28.02, 28.1, 28.02, 28.06, 4159232, 0.799172622174444, 0.471600985362477, 0, 0, 0, 0.151468321271008, 0.137943773396601, 0.0135245478744067, 27.9532727272727, 27.8835483870968, 27.9461224489796, 27.9461224489796
3/14/2017, 27.97, 28, 27.89, 27.91, 4470285, 0.793749358269586, 0.891388889936925, 0, 0, 0, 0.148152732750539, 0.139985565267388, 0.00816716748315049, 27.9221818181818, 27.9178924731183, 27.9629959183673, 27.9629959183673
3/15/2017, 27.9, 28.3, 27.89, 28.27, 3795240, 0.816974437914359, 1.29741282710526, 0, 0, 0, 0.172584647923951, 0.146505381798701, 0.0260792661252504, 28.0721818181818, 27.9923225806452, 28.0064705882353, 28.0064705882353
3/16/2017, 28.41, 28.53, 28.33, 28.49, 4634031, 0.815762512876342, 1.52422035152525, 1.66433322391639, 0, 0, 0.207309542741601, 0.158666213987281, 0.0486433287543203, 28.2485454545455, 28.0957634408603, 28.0635897435897, 28.0635897435897
3/17/2017, 28.46, 28.53, 28.41, 28.41, 5675088, 0.798275969456341, 1.29432668596117, 1.4654105182018, 0, 0, 0.22577138862162, 0.172087248914149, 0.0536841397074712, 28.4034545454546, 28.1826451612904, 28.1107692307692, 28.1107692307692
3/20/2017, 28.44, 28.48, 28.3, 28.36, 1541339, 0.79143403658822, 1.20879535349213, 1.2055922376818, 0, 0, 0.233674300480644, 0.184404659227448, 0.0492696412531957, 28.4861818181818, 28.2618924731183, 28.1510272536688, 28.1510272536688
3/21/2017, 28.65, 28.67, 28.18, 28.22, 3995042, 0.842410198928413, 0.900517867317068, 1.16337745066933, 0, 0, 0.226034994381816, 0.192730726258322, 0.0333042681234947, 28.4696363636364, 28.2901290322581, 28.1784377104377, 28.1784377104377
3/22/2017, 28.15, 28.28, 28.13, 28.23, 1898484, 0.826573681299038, 0.900193026467967, 1.19869214041735, 0, 0, 0.218271606476669, 0.197838902301991, 0.0204327041746783, 28.4072727272728, 28.3105161290323, 28.2046428571428, 28.2046428571428
3/23/2017, 28.15, 28.45, 28.15, 28.37, 2066631, 0.834242730769061, 0.991337493737927, 1.31750661782013, 0, 0, 0.220869845508521, 0.202445090943297, 0.0184247545652235, 28.3954545454546, 28.3418924731183, 28.2387781954887, 28.2387781954887
3/24/2017, 28.48, 28.64, 28.46, 28.55, 7910107, 0.834819368067332, 1.01484969957577, 1.25583661418757, 0, 0, 0.234747441952177, 0.208905561145073, 0.0258418808071037, 28.4661818181819, 28.3957634408603, 28.28296430732, 28.28296430732
3/27/2017, 28.48, 28.63, 28.43, 28.62, 6490357, 0.826079256128799, 1.21610833353496, 1.39755191603915, 0, 0, 0.248529063759005, 0.216830261667859, 0.0316988020911454, 28.5358181818182, 28.4517204301076, 28.329041496201, 28.329041496201
3/28/2017, 28.7, 28.91, 28.69, 28.81, 5678797, 0.82992949999604, 1.16596927720677, 1.43381244077106, 0, 0, 0.271651085815531, 0.227794426497394, 0.0438566593181373, 28.6105454545455, 28.5313333333334, 28.3847966101695, 28.3847966101695
3/29/2017, 28.75, 28.78, 28.68, 28.78, 5018315, 0.811840008691508, 1.0402345885093, 1.35636951483226, 0, 0, 0.28427772889896, 0.239091086977707, 0.0451866419212532, 28.6978181818182, 28.5989032258065, 28.4352076502732, 28.4352076502732
3/30/2017, 28.7, 28.77, 28.62, 28.63, 2451692, 0.803231494154192, 0.930011101261036, 1.22198611387481, 0, 0, 0.278964953777447, 0.247065860337655, 0.0318990934397916, 28.7494545454546, 28.6421290322581, 28.4729772607086, 28.4729772607086
3/31/2017, 28.66, 28.86, 28.64, 28.75, 3135363, 0.799884931956619, 1.54350747230563, 1.37030600251869, 0, 0, 0.281196084906998, 0.253891905251524, 0.0273041796554747, 28.8189090909092, 28.7032258064517, 28.5160061443933, 28.5160061443933
4/3/2017, 28.79, 28.81, 28.48, 28.71, 4028466, 0.81842066193191, 1.37993957490591, 1.1854676611682, 0, 0, 0.276548725137765, 0.258423269228772, 0.0181254559089931, 28.8460000000001, 28.7454193548388, 28.5540029761905, 28.5540029761905
4/4/2017, 28.6, 28.74, 28.57, 28.73, 4332292, 0.806544181826031, 1.47390400520383, 1.16762750021261, 0, 0, 0.27135152047369, 0.261008919477756, 0.0103426009959345, 28.8329090909092, 28.7986021505377, 28.5909759615385, 28.5909759615385
4/5/2017, 28.61, 28.71, 28.49, 28.52, 11980665, 0.81393455913986, 0.78843961417522, 0.890178680487081, 0, 0, 0.247435174705842, 0.258294170523373, -0.0108589958175307, 28.7214545454547, 28.8243440860216, 28.6131608391608, 28.6131608391608
4/6/2017, 28.52, 28.59, 28.47, 28.51, 2041010, 0.794554294820602, 0.993231143894552, 0.543175315064066, 0, 0, 0.225079802099053, 0.251651296838509, -0.0265714947394559, 28.6187272727274, 28.840559139785, 28.6333966530982, 28.6333966530982
4/7/2017, 28.37, 28.48, 28.35, 28.43, 3430128, 0.78508989792714, 0.603073266519277, 0.591464510371663, 0, 0, 0.198618130659558, 0.241044663602719, -0.042426532943161, 28.5167272727274, 28.8207096774194, 28.6477260755048, 28.6477260755048
4/10/2017, 28.32, 28.43, 28.31, 28.33, 2310027, 0.769647035233504, 0.69792956267057, 0.502246446948823, 0, 0, 0.167645389438764, 0.226364808769928, -0.0587194193311636, 28.4007272727274, 28.7880430107527, 28.6553836317136, 28.6553836317136
4/11/2017, 28.39, 28.43, 28.08, 28.34, 3227173, 0.792656862482601, 0.878216097567878, 0.721117082928515, 0, 0, 0.142266228773597, 0.209545092770662, -0.0672788639970648, 28.3420000000002, 28.7484086021506, 28.6630393374742, 28.6630393374742
4/12/2017, 28.31, 28.4, 28.24, 28.4, 1803782, 0.779602137627432, 1.13698492421073, 0.820807765442687, 0, 0, 0.125547328209453, 0.19274553985842, -0.0671982116489665, 28.3236363636366, 28.7370967741936, 28.6734929577465, 28.6734929577465
4/13/2017, 28.23, 28.27, 28.12, 28.15, 3435050, 0.796933061214498, 0.502979258341233, 0.50462183729521, 0, 0, 0.0910747157650675, 0.172411375039749, -0.0813366592746819, 28.2096363636366, 28.6809032258065, 28.6694718309859, 28.6694718309859
4/17/2017, 28.24, 28.33, 28.21, 28.28, 3055069, 0.785430777564664, 0.33827266939462, 0.623716849952952, 0, 0, 0.0733987405933725, 0.152608848150474, -0.0792101075571016, 28.1907272727275, 28.6540215053764, 28.6725456621005, 28.6725456621005
4/18/2017, 28.17, 28.28, 28.09, 28.25, 2360524, 0.780579938762912, 0.281323285468535, 0.544803334158828, 0, 0, 0.0563204268196138, 0.133351163884302, -0.0770307370646882, 28.1790909090912, 28.6107956989248, 28.673698630137, 28.673698630137
4/19/2017, 28.29, 28.3, 28.13, 28.15, 1182844, 0.774380607692706, 0.35815969718876, 0.906323907842471, 0, 0, 0.0343209453521993, 0.113545120177882, -0.0792241748256822, 28.1620000000003, 28.5448387096775, 28.6693405405406, 28.6693405405406
4/20/2017, 28.37, 28.45, 28.32, 28.34, 5964570, 0.783658200466556, 0.122249600761848, 1.11150019951055, 0, 0, 0.0318504576457919, 0.0972061876714636, -0.0653557300256717, 28.2001818181821, 28.4928817204302, 28.6749614035088, 28.6749614035088
4/21/2017, 28.32, 28.36, 28.26, 28.34, 4358442, 0.762118197994392, -0.242932812370078, 1.11150019951055, 0, 0, 0.0295519221761502, 0.0836753345724009, -0.0541234123962507, 28.2461818181822, 28.4482150537635, 28.6801777170198, 28.6801777170198
4/24/2017, 29.54, 29.69, 29.53, 29.66, 4214830, 0.91936979921116, 0.883296491535274, 1.43604469073173, 0, 0, 0.132713446555478, 0.0934829569690163, 0.0392304895864615, 28.7414545454549, 28.5848172043011, 28.7522677322677, 28.7522677322677
4/25/2017, 29.74, 29.93, 29.72, 29.9, 2618280, 0.911541231851935, 1.07460570235044, 1.5517074152181, 0, 0, 0.231170897889072, 0.121020545153027, 0.110150352736045, 29.2325454545458, 28.7421505376345, 28.8330996429731, 28.8330996429731
4/26/2017, 29.71, 29.8, 29.67, 29.73, 1791273, 0.90959733234962, 1.05742374385267, 1.37318694380402, 0, 0, 0.292114246963671, 0.155239285515156, 0.136874961448515, 29.5812727272731, 28.8560430107527, 28.9018069620253, 28.9018069620253
4/27/2017, 29.73, 29.73, 29.6, 29.67, 1947324, 0.887772573515891, 1.00773406805537, 1.3312962275553, 0, 0, 0.331746623053867, 0.190540753022898, 0.141205870030969, 29.845454545455, 28.9745806451613, 28.9644537037037, 28.9644537037037
4/28/2017, 29.75, 29.77, 29.67, 29.68, 2548327, 0.859946147015015, 0.917652936334299, 1.3063008206306, 0, 0, 0.35981476246295, 0.224395554910909, 0.135419207552041, 29.9938181818186, 29.1000215053764, 29.0247606142728, 29.0247606142728
5/1/2017, 29.74, 29.91, 29.73, 29.87, 2130263, 0.850252479452139, 0.918685062877785, 1.32052808596189, 0, 0, 0.392861712000407, 0.258088786328808, 0.134772925671599, 30.1503636363641, 29.236559139785, 29.091472230385, 29.091472230385
5/2/2017, 29.82, 29.99, 29.77, 29.97, 1901718, 0.841748064169957, 0.93605657377685, 1.44132244580569, 0, 0, 0.422253348110946, 0.290921698685236, 0.13133164942571, 30.2487272727277, 29.3730322580646, 29.1599827882961, 29.1599827882961
5/3/2017, 29.91, 29.97, 29.88, 29.91, 3842019, 0.81630993009077, 0.766906632382337, 1.26912296390992, 0, 0, 0.435682654486889, 0.319873889845567, 0.115808764641323, 30.2125454545459, 29.4821720430108, 29.2227086834734, 29.2227086834734
5/4/2017, 30.19, 30.45, 30.19, 30.42, 2444706, 0.851250444068513, 1.07937514680419, 1.45922405509131, 0, 0, 0.481922907009494, 0.352283693278352, 0.129639213731142, 30.2945454545459, 29.6457849462366, 29.3063036935705, 29.3063036935705
5/5/2017, 30.42, 30.91, 30.41, 30.88, 5018902, 0.877599954117097, 1.44167630357275, 1.70507004062989, 0, 0, 0.549354182837636, 0.391697791190209, 0.157656391647427, 30.4220000000005, 29.8629677419356, 29.4074017642342, 29.4074017642342
5/8/2017, 30.44, 30.46, 30.36, 30.44, 5278343, 0.931185028054506, 1.04625877291686, 1.64447519439962, 0, 0, 0.560824792870086, 0.425523191526184, 0.135301601343902, 30.5229090909096, 30.0201290322581, 29.4844305120167, 29.4844305120167
5/9/2017, 30.43, 30.48, 30.3, 30.36, 5302228, 0.916601075140982, 1.02248716037233, 1.5476155251076, 0, 0, 0.557038805939722, 0.451826314408892, 0.10521249153083, 30.6016363636369, 30.1596129032259, 29.5546859039837, 29.5546859039837
5/10/2017, 30.4, 30.42, 30.29, 30.33, 1279845, 0.893063244616426, 0.991251339890231, 1.56166260569035, 0, 0, 0.545331393889558, 0.470527330305025, 0.0748040635845331, 30.6109090909096, 30.2967311827957, 29.6207116104869, 29.6207116104869
5/11/2017, 30.26, 30.26, 30.09, 30.26, 1206510, 0.89002900855107, 1.09246584952768, 1.3248984679768, 0, 0, 0.524360271697663, 0.481293918583553, 0.0430663531141103, 30.5512727272733, 30.4131612903226, 29.6809645909646, 29.6809645909646
5/12/2017, 30.39, 30.55, 30.38, 30.54, 1924786, 0.885254220982895, 1.25789768107663, 1.55807953365028, 0, 0, 0.524290472012304, 0.489893229269303, 0.0343972427430005, 30.5581818181824, 30.5455698924732, 29.7482564102564, 29.7508576206402
5/15/2017, 30.59, 30.76, 30.57, 30.74, 1486199, 0.871303861853505, 1.42985766688, 1.5340565344069, 0, 0, 0.534215381409677, 0.498757659697378, 0.035457721712299, 30.6252727272733, 30.6990322580646, 29.8248864468865, 29.8265007012623
5/16/2017, 31.05, 31.08, 30.95, 31.02, 2277290, 0.875070492511538, 1.66054988012099, 1.77412694023855, 0, 0, 0.55823956533742, 0.510654040825386, 0.0475855245120337, 30.7616363636369, 30.8725161290323, 29.9172112332112, 29.9110020590254
5/17/2017, 30.83, 30.88, 30.58, 30.58, 2853379, 0.915220809150508, 1.33602794734602, 1.56449278057207, 0, 0, 0.53560051211457, 0.515643335083223, 0.0199571770313469, 30.6767272727279, 30.9766021505377, 29.9853211233211, 29.9737849944009
5/18/2017, 30.47, 30.65, 30.44, 30.63, 2596788, 0.902320591793385, 1.32752372218388, 1.6592005478977, 0, 0, 0.515748256602485, 0.515664319387076, 8.39372154097795E-05, 30.6745454545461, 31.0610967741936, 30.0522246642247, 30.0361710526316
5/19/2017, 30.88, 31, 30.86, 30.96, 4038498, 0.907822213833974, 1.68790412888715, 1.71427753775675, 0, 0, 0.520641808476466, 0.516659817204954, 0.00398199127151211, 30.8669090909097, 31.1731827956989, 30.130547008547, 30.1096628006873
5/22/2017, 31.03, 31.12, 30.97, 31.02, 6148165, 0.886552770898931, 1.64051563170752, 1.6090516543946, 0, 0, 0.523328872668596, 0.517993628297682, 0.00533524437091415, 30.987636363637, 31.2717419354839, 30.2142368742369, 30.182785609089
5/23/2017, 31.12, 31.14, 30.95, 30.98, 3532160, 0.873977521162705, 1.63597658795408, 1.5816777925621, 0, 0, 0.516279377404107, 0.517650778118967, -0.00137140071486008, 31.0469090909098, 31.3418494623656, 30.2912918192918, 30.2515337043909
5/24/2017, 30.93, 31.02, 30.86, 31.01, 3094875, 0.855273538385668, 1.72654580100648, 1.69166154149999, 0, 0, 0.507265905303392, 0.515573803555852, -0.00830789825246037, 31.076727272728, 31.3993333333334, 30.3696239316239, 30.3188868686869
5/25/2017, 30.96, 31.04, 30.92, 30.96, 1141024, 0.833201899356349, 1.57518149520072, 1.48269288896837, 0, 0, 0.490434656161192, 0.51054597407692, -0.0201113179157284, 31.0381818181825, 31.437247311828, 30.4442539682539, 30.3817524752475
5/26/2017, 30.75, 30.82, 30.74, 30.79, 2714830, 0.831638007920395, 1.46404966009249, 1.26839226487057, 1.99463598948672, 0, 0.458097527560764, 0.500056284773689, -0.0419587572129252, 30.958727272728, 31.4204086021506, 30.5086837606837, 30.4356435643564
5/30/2017, 30.85, 30.96, 30.79, 30.82, 1405266, 0.816866565563774, 1.04331118275744, 1.33189387070243, 1.93198151726648, 0, 0.429934848143784, 0.486031997447708, -0.0560971493039238, 30.9160000000007, 31.3990107526882, 30.5704468864469, 30.4886788501809
5/31/2017, 31.15, 31.2, 30.98, 31.02, 2227064, 0.832270669669302, 1.00718937603532, 1.46171799498828, 1.884909086272, 0, 0.418924944348213, 0.472610586827809, -0.0536856424795962, 30.9940000000008, 31.3846021505377, 30.642463980464, 30.5474010455564
6/1/2017, 31.06, 31.15, 31.05, 31.15, 4360997, 0.808224217158416, 1.29527532311885, 1.61589950430546, 1.98644379825225, 0, 0.415895248276488, 0.461267519117545, -0.0453722708410566, 31.0289090909099, 31.3621505376345, 30.7183345543345, 30.6089120879121
6/2/2017, 31.61, 31.75, 31.55, 31.69, 3773421, 0.849396501933115, 1.69720414543656, 1.83553915729688, 2.18412598283057, 0, 0.451858930861018, 0.459385801466239, -0.00752687060522128, 31.2292727272735, 31.4015268817205, 30.8174700854701, 30.6884905660377
6/5/2017, 31.53, 31.54, 31.42, 31.52, 5494796, 0.854108705233103, 1.52394368076877, 1.66443057840876, 2.11191982764833, 0, 0.461324962163872, 0.459773633605766, 0.00155132855810569, 31.3790909090917, 31.3977204301076, 30.9160757020757, 30.7589596191148
6/6/2017, 31.27, 31.36, 31.24, 31.27, 2664833, 0.862661690741926, 1.13670413012774, 1.42964964666603, 1.88209204397877, 0, 0.44354108398618, 0.456527123681849, -0.0129860396956691, 31.4240000000008, 31.4296774193549, 30.9982197802198, 30.8177466251298
6/7/2017, 31.27, 31.34, 31.11, 31.29, 1688954, 0.855757734612497, 1.07107734712829, 1.40166441592603, 1.93640475555493, 0, 0.426148688445409, 0.450451436634561, -0.024302748189152, 31.4541818181827, 31.4697849462366, 31.0786813186813, 30.8751936799185
6/8/2017, 31.15, 31.21, 31.1, 31.2, 2796299, 0.845763671161018, 1.0475158710684, 1.25610964588828, 1.83655237480635, 0, 0.400486285233178, 0.440458406354284, -0.0399721211211059, 31.4423636363645, 31.4781720430108, 31.1477484737485, 30.9273728106756
6/9/2017, 31.22, 31.35, 31.18, 31.28, 5186876, 0.828594476125722, 0.751367704154603, 1.31245657926868, 1.84095993276278, 0, 0.382198233881908, 0.428806371859809, -0.0466081379779008, 31.4378181818191, 31.4832258064517, 31.2165347985348, 30.9805945945946
6/12/2017, 31.15, 31.18, 31.03, 31.12, 1510899, 0.831378966984317, 0.234446032840088, 1.31415065035717, 1.76949389108186, 0, 0.350750920328839, 0.413195281553615, -0.0624443612247764, 31.3265454545464, 31.4582580645162, 31.2775653235653, 31.0262837837838
6/13/2017, 31.28, 31.38, 31.24, 31.33, 2998724, 0.826009823808629, 0.89026409645962, 1.35038547466617, 1.88160885262147, 0, 0.33886768697155, 0.398329762637202, -0.0594620756656518, 31.2758181818191, 31.463311827957, 31.3449743589744, 31.0777781289507
6/14/2017, 31.72, 31.73, 31.33, 31.45, 2341545, 0.845308215927763, 1.09052880421556, 1.43145705256699, 1.84486409698872, 0, 0.335268370956904, 0.385717484301142, -0.0504491133442389, 31.2787272727282, 31.4808387096775, 31.4162222222222, 31.1317047042385
6/15/2017, 30.8, 30.94, 30.76, 30.93, 1941959, 0.928085878479849, 0.544791053502638, 1.12419521791843, 1.57405306004395, 0, 0.287146190364723, 0.366003225513859, -0.0788570351491355, 31.1045454545464, 31.4188387096775, 31.4524004884005, 31.1658047292144
6/16/2017, 31.07, 31.23, 31.04, 31.23, 1530155, 0.921242760496722, 0.847985007529775, 1.37800629571727, 1.63680262357628, 0, 0.270102929896606, 0.346823166390408, -0.0767202364938024, 31.154000000001, 31.4223225806452, 31.4980854700855, 31.2089985007496
6/19/2017, 31.47, 31.52, 31.4, 31.45, 3134194, 0.915163460724865, 0.798430986080331, 1.48406721923924, 1.54426702073006, 0, 0.271221709531027, 0.331702875018532, -0.0604811654875052, 31.2705454545465, 31.4791612903226, 31.55042002442, 31.2582139699381
6/20/2017, 30.79, 30.83, 30.49, 30.56, 2373580, 1.05179307257222, -0.10113352553353, 1.01433551607667, 1.17161368260503, 0, 0.198010249591828, 0.304964349933191, -0.106954100341363, 31.0334545454555, 31.3900645161291, 31.5631672771673, 31.2757554686369
6/21/2017, 30.5, 30.57, 30.43, 30.56, 1916588, 1.02210917810592, -0.300902293693019, 1.06415716795598, 1.17161368260503, 0, 0.138394316595683, 0.271650343265689, -0.133256026670006, 30.8390909090919, 31.2948602150538, 31.5739633699634, 31.2926078906139
6/22/2017, 30.57, 30.61, 30.5, 30.53, 3006375, 0.989972933467768, -0.01511027647045, 1.04559123359974, 1.26047549255983, 0, 0.0877163711816564, 0.234863548848883, -0.147147177667226, 30.6561818181828, 31.192559139785, 31.5837338217338, 31.3078025210084
6/23/2017, 30.44, 30.62, 30.39, 30.54, 1421900, 0.977821872162162, -0.0448950159369854, 1.02124901757706, 1.28667547523807, 0, 0.0478095322255783, 0.197452745524222, -0.149643213298644, 30.5292727272738, 31.0855698924732, 31.5918925518925, 31.3227190082645
6/26/2017, 30.75, 30.79, 30.57, 30.58, 1172485, 0.968592085580144, -0.268864607728599, 1.16989260360269, 1.26374197017719, 0, 0.019189535525225, 0.161800103524423, -0.142610567999198, 30.4245454545465, 31.0005161290323, 31.6006398046398, 31.338348462268
6/27/2017, 30.62, 30.76, 30.53, 30.61, 2656854, 0.956830077693197, -0.291662682587493, 1.12099513748879, 1.27993019600648, 0, -0.0010590605850247, 0.129228270702533, -0.130287331287558, 30.4016363636374, 30.9323440860216, 31.611768009768, 31.3543422630948
6/28/2017, 30.7, 30.91, 30.68, 30.88, 1760137, 0.949615940553087, -0.0525349449549147, 1.2513229336956, 1.35351948265994, 0, 0.00462718531816719, 0.10430805362566, -0.0996808683074927, 30.5352727272738, 30.917935483871, 31.6303003663003, 31.3783988985051
6/29/2017, 30.67, 30.67, 30.24, 30.38, 3786312, 1.02231511626285, -0.420902654331224, 1.0505612511198, 1.34386483266195, 0, -0.0308565500604487, 0.0772751328884382, -0.108131682948887, 30.4232727272738, 30.8116559139785, 31.6298632478632, 31.3856890322581
6/30/2017, 30.35, 30.37, 30.09, 30.27, 3370222, 1.02263087447843, -0.463598048231187, 0.91298639629833, 1.31691945809448, 0, -0.067080484615655, 0.0484040093876196, -0.115484494003275, 30.3632727272738, 30.6960430107527, 31.6244908424908, 31.3891428571429
7/3/2017, 30.26, 30.37, 30.26, 30.29, 1038343, 0.989015673223473, -0.332255141591716, 0.921875077833058, 1.32483495996467, 0, -0.0931011685593006, 0.0201029737982355, -0.113204142357536, 30.4065454545465, 30.6072903225807, 31.6168937728938, 31.3929758780153
7/5/2017, 30.2, 30.34, 30.13, 30.32, 2529825, 0.973265847785028, -0.33190183809373, 0.397773395933631, 1.28943998166627, 0, -0.110033599927576, -0.00592434094692671, -0.104109258980649, 30.3454545454556, 30.5306666666667, 31.6016727716727, 31.3974876968504
7/6/2017, 30.14, 30.3, 30.08, 30.18, 2698983, 0.968653064267725, -0.578492521226065, 0.1863911817716, 1.22332544472604, 0, -0.133213896869361, -0.0313822521314135, -0.101831644737947, 30.249090909092, 30.4381290322581, 31.5802515262515, 31.3974055232558
7/7/2017, 30.14, 30.33, 30.12, 30.32, 2793604, 0.950601979077175, -0.568004699320416, 0.360604876779357, 1.226072565383, 0, -0.138688899922109, -0.0528435816895525, -0.085845318232556, 30.2158181818193, 30.3705161290323, 31.5619267399267, 31.4014716756112
7/10/2017, 30.3, 30.42, 30.29, 30.39, 2625708, 0.922380368717965, -0.979194268733876, 0.433595955044471, 1.24894334448129, 0, -0.135813886360332, -0.0694376426237083, -0.0663762437366232, 30.220181818183, 30.3129032258065, 31.5532771672771, 31.4074163241339
7/11/2017, 30.44, 30.65, 30.37, 30.65, 4257914, 0.914505136543948, -0.631812821484483, 0.566899762283283, 1.32340021740546, 0, -0.111272905520075, -0.0778046952029816, -0.033468210317093, 30.3305454545466, 30.280623655914, 31.5508424908425, 31.4209125607217
7/12/2017, 30.81, 30.91, 30.8, 30.85, 10732120, 0.905286979362023, -0.293918293139653, 0.568850139190268, 1.33501735031412, 0, -0.0748231580752012, -0.0772083877774255, 0.00238522970222427, 30.512181818183, 30.276623655914, 31.560144078144, 31.4399088630668
7/13/2017, 30.86, 30.9, 30.79, 30.89, 4231201, 0.876714087007202, -0.27843719911282, 0.535135656878542, 1.39501282262548, 0, -0.0422220948853429, -0.070211129199009, 0.0279890343136661, 30.7485454545466, 30.2908387096775, 31.5655433455433, 31.459463584334
7/14/2017, 30.9, 31.11, 30.84, 31.09, 1206213, 0.870942851086197, -0.059652335594721, 0.674286501238964, 1.37136854393921, 0, -0.000244371931628962, -0.056217777745533, 0.055973405813904, 30.9534545454557, 30.339935483871, 31.5749987789987, 31.4842819237148
7/17/2017, 30.93, 30.97, 30.89, 30.94, 1785104, 0.863727620499559, -0.229433599576648, 0.321197862611721, 1.27757093902962, 0, 0.0206811303475689, -0.0408379961269126, 0.0615191264744815, 31.0458181818194, 30.4063870967743, 31.5729841269841, 31.5039346405229
7/18/2017, 30.76, 30.86, 30.72, 30.82, 4458977, 0.859427188492653, -0.201528573536376, -0.0062989289595654, 1.25603132380731, 0, 0.0272674226706151, -0.0272169123674071, 0.0544843350380222, 31.0641818181831, 30.45111827957, 31.5672844932845, 31.5194643623873
7/19/2017, 30.76, 30.84, 30.72, 30.82, 1491634, 0.835923707069318, -0.362249619915173, 0.255542132302778, 1.40695008281833, 0, 0.0321168833491186, -0.0153501532241019, 0.0474670365732205, 31.0596363636376, 30.4836989247313, 31.5651428571428, 31.5344715963187
7/20/2017, 31.02, 31.07, 30.89, 31.01, 3864747, 0.829571435642779, -0.30546504146448, 0.415529528465829, 1.43925185389046, 0, 0.0507070091416892, -0.0021387207509437, 0.0528457298926329, 31.0654545454558, 30.5446236559141, 31.5694993894993, 31.5544218538213
7/21/2017, 30.62, 30.68, 30.49, 30.66, 3015486, 0.881890401445481, -0.191006781801478, 0.2219860035453, 1.31325953866939, 0, 0.0367738369376731, 0.00564379078677966, 0.0311300461508935, 30.9330909090922, 30.5569462365592, 31.5530622710622, 31.5637841726619
7/24/2017, 30.46, 30.6, 30.41, 30.59, 1939909, 0.880576061552878, -0.495665365232301, 0.222435620626748, 1.13251562802237, 0, 0.0198544132799618, 0.0084859152854161, 0.0113684979945458, 30.7720000000013, 30.5692043010754, 31.5395506715506, 31.570811550152
7/25/2017, 30.78, 30.79, 30.6, 30.62, 1640653, 0.868386043003181, -0.659177231239683, 0.0752010622615179, 1.21155167574867, 0, 0.00876535584693983, 0.00854180339772084, 0.000223552449218983, 30.6623636363649, 30.5790537634409, 31.5305396825396, 31.5783857756468
7/26/2017, 30.7, 30.89, 30.67, 30.82, 2069269, 0.863416015733924, 0.311094301443688, 0.0748930937488155, 1.19254491776741, 0, 0.0159318737458918, 0.010019817467355, 0.00591205627853675, 30.6634545454559, 30.6315053763442, 31.5269328449328, 31.5912291933419
7/27/2017, 30.7, 30.7, 30.43, 30.56, 3878623, 0.891032641514187, 0.0149594103322976, -0.244320576258858, 1.15644856966704, 0, 0.000624366416058564, 0.00814072725709574, -0.00751636084103717, 30.584363636365, 30.6622580645162, 31.5090842490842, 31.5964452214452
7/28/2017, 30.57, 30.71, 30.55, 30.69, 1608467, 0.868962517055715, 0.188830796207658, 0.0942005524154612, 1.25542159394142, 0, -0.00100543979866785, 0.00631149384594302, -0.00731693364461087, 30.6081818181832, 30.6805806451614, 31.4921953601953, 31.6049923371648
7/31/2017, 30.66, 30.74, 30.53, 30.71, 6247959, 0.859167589254896, 0.199584877196959, 0.0757667644391021, 1.3128442749107, 0, -0.000675453900814915, 0.00491410429659143, -0.00558955819740635, 30.6307272727286, 30.7229892473119, 31.4745934065934, 31.613765706188
8/1/2017, 30.99, 31.16, 30.98, 31, 2657347, 0.881154349442483, 0.450189776245815, 0.051019109919078, 1.34391379330704, 0, 0.0227246826732923, 0.00847621997193161, 0.0142484627013607, 30.7420000000014, 30.8202150537635, 31.4709621489621, 31.6300810735253
8/2/2017, 31.1, 31.12, 30.92, 31, 7822672, 0.869354696486488, 0.418930990948133, 0.0144596660926047, 1.23844076745311, 0, 0.0407991522664162, 0.0149408064308285, 0.0258583458355876, 30.8434545454559, 30.8610107526883, 31.4694041514041, 31.6458990623277
8/3/2017, 30.95, 31.04, 30.9, 30.9, 10200786, 0.851213456683724, 0.036536584305148, -0.0220668902260609, 1.19408371816522, 0, 0.0465179059104166, 0.0212562263267461, 0.0252616795836705, 30.9385454545469, 30.8862795698926, 31.4632356532356, 31.6585597678215
8/4/2017, 31.1, 31.13, 30.94, 31.06, 9905154, 0.841512267255335, 0.868221328240472, 0.0570344372059434, 1.322083445608, 0, 0.0632318250798107, 0.0296513460773591, 0.0335804790024517, 31.0249090909105, 30.9276559139786, 31.4666129426129, 31.6750684563759
8/7/2017, 30.99, 31.01, 30.95, 31.01, 1401134, 0.81846186616908, 0.956134579688917, 0.0570832354115037, 1.15960416016746, 0, 0.0716175814082014, 0.0380445931435275, 0.0335729882646739, 31.0581818181832, 30.959935483871, 31.4654896214896, 31.6897668874172
8/8/2017, 30.94, 31.04, 30.83, 30.88, 2584778, 0.814814680906995, 0.752098150601113, 0.0816405899479655, 1.01648398290596, 0, 0.0670010932733724, 0.0438358931694965, 0.0231652001038759, 31.0296363636378, 30.9753548387097, 31.4537167277167, 31.700610840014
8/9/2017, 30.49, 30.74, 30.46, 30.73, 2750096, 0.846189504688826, 0.516745820171915, -0.0279383365183414, 0.990290719765917, 0, 0.0506548294267297, 0.0451996804209432, 0.00545514900578656, 30.9750909090924, 30.971806451613, 31.4364053724053, 31.7071929824562
8/10/2017, 30.36, 30.38, 30.18, 30.2, 2218380, 0.909047460434876, 0.0368225967541394, -0.453671650395952, 0.785098968729838, 0, -0.00500853774003573, 0.0351580367887474, -0.0401665745287831, 30.6903636363651, 30.9182365591399, 31.3935873015872, 31.6998005262711
8/11/2017, 30.42, 30.48, 30.33, 30.4, 3146390, 0.903966172364361, 0.0985945098236385, -0.40805795117347, 0.921507182347907, 0, -0.0326079446343321, 0.0216048405041315, -0.0542127851384636, 30.5203636363651, 30.8610967741936, 31.3588644688644, 31.6976170925849
8/14/2017, 30.77, 30.8, 30.7, 30.72, 1450312, 0.914926531832121, 0.339740390261924, -0.547492854445695, 1.03493007805575, 0, -0.0283327455385951, 0.0116173232955862, -0.0399500688341813, 30.4807272727288, 30.8370967741936, 31.3322393162392, 31.7035607940447
8/15/2017, 30.68, 30.73, 30.51, 30.69, 1419882, 0.905872137666622, 0.0564775042357284, -0.46819264977897, 0.966157966522178, 0, -0.0270535126796716, 0.00388315610053461, -0.0309366687802062, 30.4881818181834, 30.8077204301076, 31.3024688644688, 31.7085113506451
8/16/2017, 30.75, 30.91, 30.75, 30.86, 9888018, 0.891482667198289, 0.026217497037798, -0.218931840957454, 0.957240287204894, 0, -0.0121817090132232, 0.00067018307778304, -0.0128518920910063, 30.5712727272743, 30.7993333333334, 31.2767545787545, 31.7175449488027
8/17/2017, 30.71, 30.77, 30.46, 30.47, 3715582, 0.923386851140539, -0.379281461674096, -0.454733447933013, 0.770543991679058, 0, -0.0315022992003264, -0.00576431337783885, -0.0257379858224876, 30.5072727272743, 30.7286451612904, 31.2299902319901, 31.7165034631001
8/18/2017, 30.57, 30.7, 30.52, 30.64, 2379754, 0.909883077236932, -0.407241602496876, -0.299603614206315, 0.758829915381934, 0, -0.0327192596124419, -0.0111553026247595, -0.0215639569876825, 30.5574545454561, 30.6869892473119, 31.1893113553113, 31.7196265723271
8/21/2017, 30.55, 30.59, 30.4, 30.54, 1380310, 0.906512004329163, -0.363479034023977, -0.405018679233703, 0.73238250247012, 0, -0.04127705754658, -0.0171796536091236, -0.0240974039374564, 30.5860000000016, 30.635247311828, 31.1439096459096, 31.7201118012423
8/22/2017, 30.73, 30.85, 30.73, 30.84, 1614215, 0.903068507834047, 0.0360752739939721, -0.133154796528286, 0.904075484517334, 0, -0.0235798672380341, -0.0184596963349057, -0.0051201709031284, 30.7178181818198, 30.637935483871, 31.1044981684981, 31.7278789970095
8/23/2017, 30.78, 30.89, 30.77, 30.88, 1468176, 0.876233845288922, 0.0726335062339214, -0.232192041097748, 0.871236539911192, 0, -0.00625494756908296, -0.0160187465817411, 0.00976379901265817, 30.835636363638, 30.657806451613, 31.0677533577533, 31.7363674922366
8/24/2017, 30.92, 30.97, 30.78, 30.79, 4006978, 0.86570951885014, -0.185728575960406, -0.354115348335996, 0.853084084346783, 0, 0.00021050171649506, -0.0127728969220939, 0.012983398638589, 30.8081818181834, 30.6687311827958, 31.024503052503, 31.7423971270388
8/25/2017, 30.88, 31.16, 30.88, 31.09, 4462448, 0.873992804153298, 0.421608125957934, 0.122821798998672, 0.952720345519459, 0, 0.0292052497126996, -0.0043772675951352, 0.0335825173078348, 30.8921818181835, 30.7316989247312, 30.9902832722832, 31.7554611973393
8/28/2017, 31.09, 31.13, 31.04, 31.11, 810475, 0.844224187305359, 0.508376420361826, -0.0458307006068394, 1.04896918284445, 0, 0.0531845508526061, 0.00713509609441306, 0.046049454758193, 31.0094545454562, 30.7872043010753, 30.959006105006, 31.7686433004747
8/29/2017, 30.66, 30.83, 30.63, 30.74, 3288083, 0.889740525169689, 0.125528358384512, -0.396922015133195, 0.905739040052193, 0, 0.0418499913371164, 0.0140780751429537, 0.0277719161941627, 30.971636363638, 30.7866666666667, 30.9095262515262, 31.7726275160523
8/30/2017, 30.71, 30.74, 30.62, 30.65, 1093266, 0.867311339527909, -0.135570866283531, 0.0870032097861803, 0.904292789097457, 0, 0.0253132282826769, 0.0163251057708984, 0.00898812251177854, 30.9340000000017, 30.7752258064517, 30.8836874236873, 31.7743071000856
8/31/2017, 30.72, 30.79, 30.6, 30.76, 1973118, 0.8518835477472, 0.203140959826119, 0.164570374111664, 0.986350469133406, 0, 0.020843533829396, 0.0172287913825979, 0.00361474244679808, 30.8678181818199, 30.7915053763441, 30.8672649572649, 31.7784636517329
9/1/2017, 30.98, 31.01, 30.84, 30.85, 6108369, 0.847447035081643, 0.165972833441238, 0.248936111058616, 1.01555674218692, 0, 0.0242835904961467, 0.0186397512053077, 0.00564383929083905, 30.8509090909108, 30.7974838709678, 30.8503687423687, 31.7845631743822
9/5/2017, 30.97, 31.04, 30.68, 30.77, 6849230, 0.865666362712228, 0.0731541164624884, 0.185361827332668, 0.960967459678367, 0, 0.0203202891325347, 0.0189758587907531, 0.00134443034178163, 30.7749090909108, 30.7874193548388, 30.8278217338217, 31.7885902992777
9/6/2017, 31.26, 31.34, 31.15, 31.27, 2780298, 0.900375001011272, 0.250005567888148, 0.480653351695418, 1.23649788560445, 0, 0.0568696081310414, 0.0265546086588107, 0.0303149994722306, 30.9190909090926, 30.8416344086022, 30.8265470085469, 31.8040486876105
9/7/2017, 31.65, 31.67, 31.53, 31.63, 5031083, 0.908852038177091, 0.534844219978494, 0.679165835839355, 1.30666884795756, 0, 0.113574976484504, 0.0439586822239493, 0.0696162942605544, 31.1721818181836, 30.9506666666667, 30.8440659340659, 31.8274143029977
9/8/2017, 31.68, 31.69, 31.58, 31.59, 2563925, 0.881913278542714, 0.587416485185068, 0.484249366067668, 1.30429333050719, 0, 0.153517074465313, 0.065870360672222, 0.0876467137930909, 31.3525454545472, 31.0320645161291, 30.8607692307691, 31.8493143312737
9/11/2017, 31.87, 32, 31.87, 31.94, 1500840, 0.892819613203072, 0.719476030073142, 1.07573454433254, 1.46218410726769, 0, 0.210981486564634, 0.0948925858507045, 0.11608890071393, 31.6701818181836, 31.1598924731184, 30.8902515262514, 31.8786752052546
9/12/2017, 32.03, 32.07, 31.98, 32.02, 1735921, 0.866359323030006, 0.824099929606558, 1.20973007247854, 1.41709973096603, 0, 0.259980880812655, 0.127910244843095, 0.132070635969561, 31.9730909090927, 31.2911397849463, 30.9330769230768, 31.9091876623377
9/13/2017, 32.02, 32.05, 31.84, 31.88, 2513787, 0.859591726701686, 0.819066438424696, 1.09636044547883, 1.36538382311398, 0, 0.284239883362385, 0.159176172546953, 0.125063710815433, 32.1040000000018, 31.4155053763442, 30.9788327228326, 31.9358647919877
9/14/2017, 31.8, 31.95, 31.79, 31.95, 1503097, 0.839862129417442, 1.00829275347187, 1.12129715190614, 1.00936099915958, 0, 0.305591069025418, 0.188459151842646, 0.117131917182772, 32.1789090909109, 31.5430752688173, 31.0171379731379, 31.963509172856
9/15/2017, 32.04, 32.08, 31.92, 32.02, 8558606, 0.821109159373606, 1.71993382901378, 1.27288041507042, 0.936502153916129, 0, 0.324420732219817, 0.21565146791808, 0.108769264301737, 32.2290909090928, 31.6667311827958, 31.055619047619, 31.9920965413345
9/18/2017, 32.12, 32.16, 32.03, 32.1, 1998313, 0.799916495918558, 1.61291180648168, 1.23052531945174, 1.04724611854246, 0, 0.341857981363923, 0.240892770607249, 0.100965210756674, 32.2561818181837, 31.8039784946237, 31.0957142857142, 32.0218249534451
9/19/2017, 32.17, 32.24, 32.13, 32.21, 1696802, 0.779057856039628, 1.44899852702466, 1.25310532151498, 1.1189827051048, 0, 0.360398755122251, 0.264793967510249, 0.0956047876120019, 32.2370909090928, 31.9451397849463, 31.1377655677655, 32.0533271945979
9/20/2017, 32.2, 32.33, 31.93, 32.11, 2222916, 0.804695760382578, 1.37427987953985, 1.01557228909564, 1.07229870931777, 0, 0.362840686071113, 0.284403311222422, 0.0784373748486912, 32.204909090911, 32.0572043010753, 31.1802393162392, 32.0819567725093
9/21/2017, 32.12, 32.19, 32.08, 32.13, 2489699, 0.781103075710873, 1.23421268617071, 0.896255516181811, 0.999107551846929, 0, 0.362214384836506, 0.299965525945239, 0.062248858891267, 32.2058181818201, 32.153870967742, 31.2268815628815, 32.1103999279409
9/22/2017, 32.22, 32.28, 32.17, 32.19, 3288538, 0.763963955621648, 1.86108375759712, 0.908330640529229, 0.980075136664897, 0, 0.362382218514956, 0.312448864459182, 0.0499333540557736, 32.1921818181838, 32.2137849462366, 31.2813504273503, 32.139528391542
9/25/2017, 32.03, 32.07, 31.8, 31.86, 1982602, 0.794488378684488, 1.23899828357997, 0.538830510135961, 0.862958724134239, 0, 0.332059213920978, 0.316370934351541, 0.0156882795694367, 32.1018181818201, 32.2323225806452, 31.3107594627593, 32.1609159811986
9/26/2017, 31.82, 31.85, 31.69, 31.77, 2330339, 0.783656901405206, 1.25523890539389, 0.583178139107835, 0.617405760401489, 0, 0.297338236373896, 0.312564394756012, -0.0152261583821159, 32.0007272727293, 32.2513548387097, 31.3364078144077, 32.1798971229294
9/27/2017, 31.76, 31.91, 31.74, 31.85, 927252, 0.76929170391715, 1.06277631922466, 0.721008292323702, 0.457887513938126, 0, 0.273128487738731, 0.304677213352556, -0.031548725613825, 31.9129090909111, 32.2717634408603, 31.3720512820512, 32.2001564027371
9/28/2017, 32, 32.08, 31.98, 32.01, 3317822, 0.763100397727996, 1.17563773325354, 0.824237039516106, 0.733523909454428, 0, 0.263811693363724, 0.29650410935479, -0.0326924159910654, 31.896000000002, 32.3163225806452, 31.4153699633698, 32.2233610194562
9/29/2017, 32.24, 32.45, 32.18, 32.43, 2278327, 0.783395052257463, 1.60614759974096, 0.945705754419804, 0.938755621105813, 0, 0.287010083031586, 0.294605304090149, -0.00759522105856325, 32.0349090909111, 32.3807526881721, 31.4754334554333, 32.2549290780142
10/2/2017, 32.29, 32.38, 32.27, 32.35, 1879784, 0.770795254017744, 1.25838701761925, 1.161825991501, 0.917928623118218, 0, 0.295532922993228, 0.294790827870765, 0.000742095122463482, 32.1398181818202, 32.4337204301076, 31.5316043956043, 32.284164299638
10/3/2017, 32.38, 32.48, 32.38, 32.47, 1743743, 0.749567759288583, 1.35215994791397, 1.29042353616689, 1.0001434762081, 0, 0.308415114723932, 0.297515685241398, 0.0108994294825336, 32.2945454545475, 32.4842150537635, 31.5909279609279, 32.3152989804354
10/4/2017, 32.47, 32.58, 32.46, 32.48, 5589255, 0.730343038389633, 1.91900591160098, 1.27592428706632, 0.883991101312596, 0, 0.315791018618658, 0.30117075191685, 0.0146202667018076, 32.4185454545475, 32.5435268817205, 31.6458046398045, 32.3460029450262
10/5/2017, 32.39, 32.47, 32.37, 32.47, 5673006, 0.71097828126118, 2.03445084133947, 1.13771369217978, 0.792250416205412, 0, 0.317173381856762, 0.304371277904832, 0.0128021039519293, 32.5229090909111, 32.5936559139785, 31.6996727716727, 32.3758727331606
10/6/2017, 32.32, 32.49, 32.32, 32.48, 7384214, 0.701391365545658, 1.91727585089891, 1.35288560988706, 0.675531159864691, 0, 0.315439639301353, 0.306584950184137, 0.00885468911721626, 32.6241818181839, 32.6287956989248, 31.7572136752136, 32.4053389242028
10/9/2017, 32.47, 32.53, 32.43, 32.46, 1526435, 0.682135920372053, 1.7860699489068, 1.2484767645542, 0.882735327779646, 0, 0.308891098674739, 0.307046179882257, 0.00184491879248166, 32.6367272727293, 32.6704946236559, 31.8156996336995, 32.4337969865187
10/10/2017, 32.61, 32.75, 32.54, 32.69, 3952666, 0.687825799220342, 2.12284026866197, 1.37781579402066, 0.956236472147065, 0, 0.318587927543632, 0.309354529414532, 0.00923339812910007, 32.6780000000021, 32.733870967742, 31.8952796092795, 32.466358974359
10/11/2017, 32.78, 32.9, 32.78, 32.88, 2387939, 0.681592886486841, 1.99547055012417, 1.3135298759279, 0.892868069445598, 0, 0.337711221642692, 0.315025867860164, 0.0226853537825282, 32.7507272727294, 32.7864946236559, 31.9786544566543, 32.502121102248
10/12/2017, 32.87, 32.9, 32.81, 32.84, 1902673, 0.662004732104231, 1.60455781011922, 1.28552963374336, 0.847780344286502, 0, 0.345654415348314, 0.321151577357794, 0.0245028379905196, 32.7854545454566, 32.8142365591398, 32.0537289377288, 32.5363759421628
10/13/2017, 32.92, 32.98, 32.81, 32.84, 1446727, 0.654787564926546, 1.66641824519734, 1.36207785245525, 0.866435283821555, 0, 0.347938633603732, 0.326508988606982, 0.0214296449967505, 32.8589090909112, 32.8351827956989, 32.1280976800976, 32.5699593929242
10/16/2017, 32.84, 32.85, 32.74, 32.77, 1475222, 0.640160587445175, 1.19852850982769, 1.20291682447318, 0.821647108199043, 0, 0.340179105073318, 0.329243011900249, 0.010936093173069, 32.8698181818203, 32.8398279569893, 32.1962710622709, 32.6014899497488
10/17/2017, 32.69, 32.73, 32.64, 32.72, 1786032, 0.628947412226452, 1.00797615633772, 1.20489620539899, 0.822911435693568, 0, 0.326234413431848, 0.328641292206569, -0.00240687877472062, 32.8645454545476, 32.8204086021505, 32.2628864468863, 32.6314104477612
10/18/2017, 32.85, 32.92, 32.77, 32.9, 1349307, 0.624626181205077, 1.47887182562014, 1.42186215536969, 0.980839362158353, 1.50659754118624, 0.325950288488443, 0.328103091462944, -0.00215280297450099, 32.9098181818204, 32.8445806451613, 32.3327594627593, 32.6642997881878
10/19/2017, 32.75, 32.86, 32.73, 32.82, 3689268, 0.620740136915438, 1.24717467561379, 1.48411467597699, 0.931360092172305, 1.44988949353861, 0.315631383891898, 0.325608749948734, -0.00997736605683686, 32.9025454545476, 32.8720860215054, 32.402498168498, 32.6949817099937
10/20/2017, 32.73, 32.74, 32.61, 32.63, 2761792, 0.625315866652971, 0.842261464006924, 1.88170687726255, 0.755954300438548, 1.33977202371993, 0.288793138024047, 0.318245627563797, -0.0294524895397497, 32.8125454545477, 32.8651397849462, 32.4655067155066, 32.7213532309476
10/23/2017, 32.59, 32.62, 32.52, 32.53, 1550250, 0.612783704040644, 0.591462389611223, 1.65180964438358, 0.652702255478284, 1.34178732278398, 0.25649772444639, 0.305896046940316, -0.0493983224939253, 32.6758181818204, 32.8621290322581, 32.5117240537239, 32.7452606408417
10/24/2017, 32.64, 32.74, 32.6, 32.65, 1527740, 0.612164202077183, 0.601983083009857, 1.52265302922717, 0.47176383015846, 1.37434635955206, 0.237844648572768, 0.292285767266806, -0.0544411186940383, 32.6227272727295, 32.8758709677419, 32.5686813186812, 32.7710191806773
10/25/2017, 32.7, 32.74, 32.52, 32.64, 1585958, 0.615435145157139, 0.732784008505767, 1.54035200993375, 0.547804312457721, 1.37481029519532, 0.219722214215111, 0.277773056656467, -0.0580508424413566, 32.6063636363659, 32.8749462365592, 32.6290500610499, 32.7960827353314
10/26/2017, 32.68, 32.82, 32.6, 32.69, 2231817, 0.617418567789311, 0.772293324171627, 1.44976803105988, 0.692147778143541, 1.32386052066086, 0.20700837288971, 0.263620119903116, -0.0566117470134054, 32.612363636366, 32.8801290322581, 32.6709548229547, 32.8216174284653
10/27/2017, 32.73, 32.79, 32.65, 32.74, 1539882, 0.60703244752538, 0.757916155315961, 1.91965367566202, 0.70525124191336, 1.35818742154268, 0.198676920308387, 0.25063147998417, -0.0519545596757832, 32.6438181818205, 32.8915483870968, 32.7134847374846, 32.8476131762974
10/30/2017, 32.79, 32.9, 32.79, 32.89, 1349585, 0.598374284444569, 1.59796929331068, 1.8981003377343, 0.815304058099362, 1.35669015369152, 0.201851116487603, 0.240875407284857, -0.0390242907972534, 32.7185454545478, 32.922688172043, 32.7603076923075, 32.8759603554341
10/31/2017, 33, 33.09, 32.96, 33.07, 2154800, 0.595600353934466, 2.01698406217079, 2.13507749912089, 0.856494383670427, 1.37780074122749, 0.216396699061207, 0.235979665640127, -0.0195829665789199, 32.8389090909115, 32.9789032258065, 32.8134920634919, 32.907176258181
11/1/2017, 33.38, 33.44, 33.34, 33.35, 2003550, 0.616542084539195, 2.19494133398654, 2.11438454271665, 1.05398026079566, 1.43204933629939, 0.247662933851785, 0.238316319282458, 0.00934661456932689, 33.0729090909115, 33.0584301075269, 32.877951159951, 32.9430823571493
11/2/2017, 33.42, 33.5, 33.38, 33.5, 4925521, 0.60548043562427, 2.17753769196678, 2.19359272224319, 1.02329021615705, 1.47769479102676, 0.281302713999942, 0.246913598225955, 0.0343891157739869, 33.3181818181842, 33.1503225806452, 32.9476043956042, 32.9811440340154
11/3/2017, 33.48, 33.48, 33.32, 33.39, 1898835, 0.604055551474764, 1.61712574500891, 2.18102904374612, 0.917692709527223, 1.40862558687006, 0.295678009398067, 0.256666480460377, 0.0390115289376894, 33.4503636363661, 33.2234193548387, 33.0163321123319, 33.0164674652275
11/6/2017, 33.27, 33.35, 33.25, 33.34, 4556716, 0.595709181780302, 1.686360501805, 1.92173765658893, 1.17769096880782, 1.38801630532623, 0.299582551269559, 0.265249694622214, 0.0343328566473451, 33.5038181818206, 33.2604301075269, 33.0699242979241, 33.0502234296892
11/7/2017, 33.23, 33.27, 32.95, 33.07, 3500207, 0.62951003672596, 0.92783771713182, 1.63122627601182, 0.906687890347663, 1.30091091332274, 0.277689157564666, 0.267737587210704, 0.0099515703539616, 33.4438181818207, 33.2476344086022, 33.1071013431012, 33.0783798449613
11/8/2017, 33.12, 33.2, 33.06, 33.18, 1770848, 0.617148947221252, 1.07087216355269, 2.16689861288447, 0.853363869801451, 1.22540748290441, 0.266146593749554, 0.267419388518474, -0.00127279476892056, 33.3969090909116, 33.2457419354839, 33.1474798534797, 33.1080410479604
11/9/2017, 32.78, 32.88, 32.63, 32.82, 2115273, 0.676512856957985, 0.474908475740849, 1.84982952569273, 1.22687320357227, 1.17692671052217, 0.225352316187866, 0.259005974052352, -0.0336536578644864, 33.2061818181843, 33.2002580645161, 33.1706715506714, 33.1305720204625
11/10/2017, 32.77, 32.82, 32.68, 32.74, 1012509, 0.665638190809194, 0.353669765992848, 1.68320033922438, 1.18441817703876, 1.15971079113681, 0.184441103668725, 0.244092999975627, -0.0596518963069022, 32.9907272727298, 33.1673978494624, 33.1854236874235, 33.1512215659168
11/13/2017, 32.39, 32.68, 32.37, 32.67, 2289589, 0.690338066995359, 0.287037579603814, 1.54362862037998, 1.164195460606, 1.20305948669281, 0.144702220884, 0.224214844157301, -0.0795126232733018, 32.7810909090935, 33.1183225806452, 33.1983516483515, 33.1702096305521
11/14/2017, 32.74, 32.87, 32.66, 32.85, 3248833, 0.68419109334251, 0.223688782928719, 1.75688873784555, 1.24695914988037, 1.25245581269897, 0.126277714760541, 0.204627418277949, -0.0783497035174088, 32.681636363639, 33.0980215053763, 33.2189816849815, 33.1920847387906
11/15/2017, 32.51, 32.73, 32.47, 32.61, 1135133, 0.713029547546348, -0.340531582216715, 1.20089920863584, 1.09354551557165, 1.17658747282492, 0.0912581989685322, 0.181953574416066, -0.0906953754475337, 32.5672727272753, 33.0454838709677, 33.2330964590963, 33.2092381068852
11/16/2017, 32.84, 32.9, 32.76, 32.87, 4475562, 0.716133217773413, 0.0492822107695913, 1.12985675380106, 1.20053012077046, 1.23074154971725, 0.0835220176617639, 0.162267263065206, -0.0787452454034416, 32.6130909090935, 33.0244301075269, 33.2615848595847, 33.2307134488749
11/17/2017, 32.85, 32.85, 32.67, 32.71, 1813657, 0.714226044781457, -0.144706854966763, 1.01406986570096, 0.980537355075506, 1.18101005169618, 0.0637455563227078, 0.142562921716706, -0.0788173653939981, 32.6160000000026, 32.9811612903226, 33.2824884004882, 33.248940983344
11/20/2017, 32.8, 32.88, 32.71, 32.73, 1742419, 0.704070187245994, -0.0360080196694013, 0.749133525202994, 1.3095422619839, 1.30754488377746, 0.0491201742898539, 0.123874372231336, -0.0747541979414816, 32.6529090909117, 32.9376129032258, 33.3073772893771, 33.2671785714286
11/21/2017, 33.04, 33.13, 33.04, 33.04, 1527646, 0.723123679392656, 0.377358418253961, 0.927014272734217, 1.52216542108895, 1.37864210410868, 0.0618311123064004, 0.111465720246349, -0.0496346079399482, 32.7761818181845, 32.9469892473118, 33.3412820512819, 33.2905474926254
11/22/2017, 33.07, 33.08, 32.69, 32.82, 2032864, 0.75098738722659, -0.0763630499404953, 0.850728644097095, 1.38612124153995, 1.32927723978701, 0.0535353388172979, 0.0998796439605384, -0.0463443051432405, 32.8470909090936, 32.9388602150538, 33.3613650793649, 33.3096276948267
11/24/2017, 33.32, 33.41, 33.3, 33.32, 1199218, 0.791267579421904, 0.506124932557657, 1.13145788658693, 1.58109114432937, 1.39335448062737, 0.0863117517381724, 0.0971660655160652, -0.0108543137778928, 33.0383636363663, 32.9918924731183, 33.4018388278386, 33.3371075817297
11/27/2017, 33.26, 33.32, 33.1, 33.12, 3665523, 0.789456037410053, 0.498477021698947, 0.900665975326848, 1.55470291661189, 1.34456368843293, 0.0950532518700413, 0.0967435027868604, -0.00169025091681912, 33.1172727272754, 33.0164516129032, 33.4359609279607, 33.3606220792155
11/28/2017, 33.16, 33.31, 33.1, 33.22, 1465988, 0.779333075288076, 0.698996620012594, 0.91358780726505, 1.53008441803533, 1.33570582687845, 0.108795985570282, 0.0991539993435448, 0.00964198622673726, 33.1960000000027, 33.0472258064516, 33.4651306471305, 33.3854547180558
11/29/2017, 33.38, 33.42, 33.08, 33.13, 3490410, 0.793690688892738, 0.489886249706192, 0.752735489117223, 1.44557987993497, 1.31406917060677, 0.111143757152291, 0.101551950905294, 0.00959180624699722, 33.2496363636391, 33.0603440860215, 33.4869352869351, 33.4082970073405
11/30/2017, 33.36, 33.39, 33.21, 33.24, 3670274, 0.790620454177665, 0.605839321905175, 0.922192922967572, 1.36961780836369, 1.32392846400801, 0.120491512583754, 0.105339863240986, 0.0151516493427683, 33.2780000000027, 33.0967741935484, 33.5123540903539, 33.4326283773698
12/1/2017, 32.96, 33.08, 32.75, 32.95, 4844188, 0.832055013718431, 0.262084064436998, 0.658927628224655, 1.10943656471028, 1.22377255279612, 0.103308226809723, 0.104933535954734, -0.0016253091450104, 33.2238181818209, 33.0888817204301, 33.5276214896213, 33.4515680035519
12/4/2017, 33.2, 33.23, 33, 33.06, 1939794, 0.830169451510017, 0.317108300358645, 0.694871897568697, 1.14185813069764, 1.27159486888285, 0.0974431655701338, 0.103435461877814, -0.00599229630767985, 33.1712727272755, 33.081440860215, 33.5403589743588, 33.4720424782657
12/5/2017, 32.95, 33.13, 32.88, 32.92, 2610075, 0.829985782611638, 0.0443386383248535, 0.874022965946611, 0.967939102967356, 1.18597852062864, 0.0805694775269217, 0.0988622650076352, -0.0182927874807136, 33.0552727272755, 33.0467956989247, 33.548034188034, 33.4897763229678
12/6/2017, 32.7, 32.92, 32.67, 32.87, 3760271, 0.827714492406339, -0.174265494031432, 0.910443320830307, 1.02555386483367, 1.15612912585977, 0.062442576894469, 0.091578327385002, -0.029135750490533, 32.9736363636391, 33.0112903225806, 33.5523345543344, 33.5063440317346
12/7/2017, 32.87, 33.11, 32.83, 33.02, 4484176, 0.825155257332724, -0.304739302976488, 0.960193343468205, 1.16520731552092, 1.20133038232431, 0.0594948048673984, 0.0851616228814813, -0.0256668180140828, 32.9090909090937, 32.9927311827957, 33.5680537240535, 33.525136236859
12/8/2017, 33.15, 33.2, 33.05, 33.14, 1291339, 0.808216513798136, -0.333892519155022, 0.927127992487269, 1.22368819140803, 1.31266063101535, 0.066079942967356, 0.0813452868986562, -0.0152653439313003, 32.9750909090937, 32.9902795698925, 33.5875384615383, 33.5456079140517
12/11/2017, 33.11, 33.2, 33.08, 33.12, 1656140, 0.786385280915058, -0.248326212234891, 0.601053525826298, 1.11668161665353, 1.28642127856776, 0.0688907498209659, 0.0788543794831182, -0.00996362966215228, 33.0040000000029, 32.9857204301075, 33.6023589743588, 33.565389402623
12/12/2017, 32.99, 33.1, 32.95, 33.07, 2581615, 0.773898593248, -0.248718919861175, 0.628677461825975, 1.30292248895404, 1.28858609346525, 0.0663192651641609, 0.0763473566193267, -0.0100280914551658, 33.0356363636392, 32.9823655913978, 33.6169230769229, 33.5839947698745
12/13/2017, 33.13, 33.16, 32.95, 33.08, 3981770, 0.766722646758639, 0.0250123400937486, 0.536415516463351, 1.34816485844991, 1.20395108243588, 0.064346514904102, 0.0739471882762818, -0.00960067337217974, 33.060909090912, 32.9911182795699, 33.6293406593405, 33.6024398340249
12/14/2017, 33.1, 33.2, 32.88, 32.89, 2181857, 0.78124128601511, -0.276960136443585, 0.362721507310419, 1.22756426036598, 1.20114585562613, 0.0469109240746661, 0.0685399354359587, -0.0216290113612925, 33.0452727272756, 32.9943655913978, 33.6290476190474, 33.6174287575872
12/15/2017, 32.98, 33.08, 32.9, 33.03, 2162648, 0.767795174150321, 0.238971330498732, 0.485300922690327, 1.19303564414137, 1.1758996021977, 0.0438840546319526, 0.0636087592751574, -0.0197247046432049, 33.0390909090938, 33.0283440860215, 33.6300683760682, 33.6344464850525
12/18/2017, 33.6, 33.69, 33.51, 33.54, 1963649, 0.816704259751814, 0.773968793580529, 0.832009544809071, 1.56604002495623, 1.31113076107704, 0.0816962332209101, 0.067226254064308, 0.0144699791566022, 33.2267272727302, 33.1227311827957, 33.6399194139192, 33.6595088713486
12/19/2017, 33.52, 33.54, 33.31, 33.45, 3527512, 0.812336257951331, 0.755479989426813, 0.777383107435853, 1.45123730264368, 1.32046471481879, 0.10321066108154, 0.0744231354677545, 0.0287875256137859, 33.3290909090938, 33.2013978494623, 33.6478339438338, 33.6826925393108
12/20/2017, 33.32, 33.34, 33.09, 33.15, 2715132, 0.833001973968279, 0.292053996204732, 0.367465529830582, 1.27600748087066, 1.28187794154372, 0.0949588805041799, 0.0785302844750396, 0.0164285960291403, 33.288909090912, 33.2232903225806, 33.6475115995114, 33.7006241911399
12/21/2017, 33.11, 33.28, 33.1, 33.17, 2232977, 0.818007677576003, 0.547520913700048, 0.240291374018445, 1.14361364479203, 1.24340475034718, 0.0890070993623269, 0.080625647452497, 0.00838145190982983, 33.2703636363666, 33.2545376344086, 33.6456166056164, 33.7185711464402
12/22/2017, 33.09, 33.11, 33.03, 33.1, 8729428, 0.799898759272997, 0.238606133878294, 0.217633014829272, 1.10780231436376, 1.16865818630902, 0.0777456514664365, 0.0800496482552849, -0.00230399678884841, 33.2434545454575, 33.2529677419355, 33.6426227106225, 33.7350845631448
12/26/2017, 33.16, 33.2, 33.06, 33.1, 1160185, 0.781051857563124, 0.399953002511803, 0.217633014829272, 1.16314425911049, 1.16619456647939, 0.0680365894230306, 0.0776470364888341, -0.00961044706580348, 33.2147272727302, 33.2442580645161, 33.6293211233209, 33.751312670035
12/27/2017, 33.17, 33.25, 33.13, 33.18, 1808554, 0.762814215222195, 0.45766937685412, 0.331743446213892, 1.12028976999186, 1.22133748336076, 0.0660361950651094, 0.0753248682040891, -0.00928867313897976, 33.2047272727302, 33.2387096774193, 33.6213675213673, 33.7685381526104
12/28/2017, 33.28, 33.31, 33.12, 33.15, 4310021, 0.753986934480206, 0.127257014488307, 0.34753402746512, 1.13235715562145, 1.13438656531483, 0.06132322290361, 0.0725245391439933, -0.0112013162403833, 33.1803636363666, 33.238064516129, 33.6080195360193, 33.7849937848605
12/29/2017, 33.14, 33.17, 32.95, 33.02, 2636959, 0.752420761178615, 0.223823194115361, 0.111501523099347, 1.13722312588207, 1.05503313356478, 0.0465615128294559, 0.0673319338810858, -0.02077042105163, 33.0692727272757, 33.2029892473118, 33.5937435897434, 33.799109277177
1/2/2018, 33.06, 33.27, 33.02, 33.26, 3819096, 0.747224499621527, -0.0570563684105136, 0.350983562873237, 1.3354718568214, 1.12303767872491, 0.0536107540781501, 0.0645876979204987, -0.0109769438423486, 33.062000000003, 33.2130537634408, 33.5892503052501, 33.816764539808
1/3/2018, 33.29, 33.49, 33.29, 33.43, 3228633, 0.740653679764924, 0.377934776734627, 0.624868908987164, 1.78156005372675, 1.16975981443786, 0.0720839686852059, 0.0660869520734401, 0.00599701661176581, 33.2029090909121, 33.231505376344, 33.5884444444442, 33.8367968628427
1/4/2018, 34.01, 34.12, 33.96, 33.98, 2892402, 0.793762504085178, 0.771350726957448, 1.03891436510559, 1.89402828930669, 1.30432557134703, 0.129610459118823, 0.0787916534825166, 0.0508188056363059, 33.5218181818212, 33.3164301075268, 33.6164126984125, 33.8651134784622
1/5/2018, 34.25, 34.37, 34.17, 34.33, 1880880, 0.803188097709689, 1.16286503765188, 1.16801699519463, 1.89135602285591, 1.36669411682729, 0.201124256932985, 0.10325817417261, 0.0978660827603749, 33.8727272727303, 33.4583655913978, 33.6580073260072, 33.8984500612745
1/8/2018, 34.25, 34.28, 34.19, 34.23, 3103500, 0.785707713253139, 0.955128705753061, 1.10459595802005, 1.85584527965147, 1.31323453437051, 0.246884363403531, 0.131983412018794, 0.114900951384736, 34.1287272727303, 33.5646236559139, 33.6846495726494, 33.9297285384241
1/9/2018, 34.22, 34.24, 34.09, 34.22, 3573959, 0.768557459772712, 1.29215911098959, 1.06276243457841, 1.7627944075168, 1.26974997203647, 0.279125080855913, 0.161411745786218, 0.117713335069695, 34.3094545454576, 33.6938494623655, 33.7062979242978, 33.9603773414171
1/10/2018, 34.04, 34.04, 33.83, 33.92, 4806595, 0.794075308365303, 0.838508345253502, 0.809606523338403, 1.8515271987675, 1.18840981253606, 0.277272365687764, 0.184583869766527, 0.0926884959212371, 34.3254545454576, 33.7658709677419, 33.7146617826616, 33.9859372661698
1/11/2018, 33.97, 34.1, 33.9, 34.08, 2250661, 0.780172615515362, 1.1355481328098, 0.812403360201975, 1.83874430793192, 1.17638654792136, 0.285424541944195, 0.204752004202061, 0.0806725377421343, 34.3680000000031, 33.8596989247311, 33.7297045177044, 34.0135595485595
1/12/2018, 34.33, 34.54, 34.28, 34.51, 9679147, 0.798576314109689, 1.50875725586476, 0.944086321013547, 2.07545223861153, 1.26129408166147, 0.322860867593036, 0.228373776880256, 0.0944870907127801, 34.5040000000031, 33.9965376344085, 33.7593992673991, 34.0473386383731
1/16/2018, 34.78, 34.82, 34.54, 34.56, 2713645, 0.802399455148412, 1.41793011160236, 0.803505573096436, 1.95580793588301, 1.30843594684081, 0.352500600023404, 0.253199141508886, 0.0993014585145187, 34.557090909094, 34.1381505376343, 33.7996507936506, 34.0813784329209
1/17/2018, 34.6, 34.77, 34.44, 34.65, 5935410, 0.807918583302531, 1.38803267580087, 0.764008023037167, 1.97732400466924, 1.29817620559362, 0.378884998935817, 0.278336312994272, 0.100548685941545, 34.6052727272758, 34.2633333333333, 33.8494261294259, 34.1162816010217
1/18/2018, 34.83, 34.91, 34.7, 34.85, 3257182, 0.800420658991708, 1.57795935770917, 0.960911790516318, 2.12299271890443, 1.34549420915551, 0.411193174734031, 0.304907685342224, 0.106285489391807, 34.6807272727304, 34.4102580645161, 33.9048424908423, 34.1536968544763
1/19/2018, 35.24, 35.3, 35.1, 35.24, 3003714, 0.815832206798183, 1.9104017677401, 1.2109132555074, 2.13932580361499, 1.40970296813202, 0.462930997086083, 0.336512347690996, 0.126418649395087, 34.9234545454577, 34.5857849462365, 33.9826959706958, 34.1964439679817
1/22/2018, 35.28, 35.47, 35.21, 35.46, 2683412, 0.806893136468967, 2.08077493606591, 1.54052822050469, 2.22599812409441, 1.50371523416902, 0.515740618620185, 0.372358001876834, 0.143382616743352, 35.2434545454577, 34.7709247311827, 34.0695262515261, 34.2418811178891
1/23/2018, 35.57, 35.67, 35.5, 35.65, 2496991, 0.791916103456664, 2.48973862090233, 1.58028915843521, 2.57446095665076, 1.54104586658916, 0.566394987416189, 0.411165398984705, 0.155229588431484, 35.5474545454577, 34.9734623655913, 34.1590305250303, 34.2895142350258
1/24/2018, 35.83, 35.87, 35.44, 35.56, 4705309, 0.814685563380725, 2.24993524903734, 1.82027562109182, 2.58268001606383, 1.54308894691483, 0.592447327784384, 0.447421784744641, 0.145025543039744, 35.7409090909123, 35.1556129032257, 34.2433943833942, 34.3351349991615
1/25/2018, 35.71, 35.72, 35.23, 35.31, 4277343, 0.848816417505739, 1.62791534213463, 1.69290313720865, 2.37681969907888, 1.51637079781135, 0.586164149123746, 0.475170257620462, 0.110993891503285, 35.7149090909124, 35.2890967741935, 34.315741147741, 34.3764020973201
1/26/2018, 35.38, 35.55, 35.36, 35.54, 2013145, 0.834921843472742, 1.92194896955112, 1.87949140685078, 2.42951743806913, 1.55575186714932, 0.592909075824117, 0.498718021261193, 0.0941910545629244, 35.7245454545487, 35.4343010752688, 34.397509157509, 34.4204857496902
1/29/2018, 35.25, 35.28, 35.1, 35.21, 3827789, 0.863091911422044, 1.90512640975013, 1.51641682309176, 2.28410797867227, 1.47220547563898, 0.5651119776455, 0.511996812538055, 0.053115165107446, 35.6265454545487, 35.5223655913978, 34.4647765567764, 34.4590886975536
1/30/2018, 35.13, 35.17, 34.91, 34.93, 6804282, 0.869452988580352, 1.56147756466692, 1.49847333536836, 1.91762997854638, 1.47894287992542, 0.514557419498203, 0.512508933930084, 0.00204848556811899, 35.4036363636397, 35.5484946236558, 34.5153846153844, 34.4887738144048
1/31/2018, 35.2, 35.2, 34.89, 35.01, 5330225, 0.868365988190692, 1.7068778795805, 1.39042969242861, 1.78852495563544, 1.46411502207484, 0.475467011610739, 0.505100549466215, -0.0296335378554761, 35.2061818181851, 35.5809462365591, 34.567868131868, 34.5201314746481
2/1/2018, 34.63, 34.81, 34.59, 34.7, 4407754, 0.892836270438855, 1.37051498284761, 1.28470586063578, 1.63464948584203, 1.40616025029739, 0.414692851452628, 0.487019009863498, -0.0723261584108698, 34.9220000000033, 35.5952903225806, 34.6060244200243, 34.548385403854
2/2/2018, 34.27, 34.29, 33.85, 33.86, 5425037, 0.994753327082601, 0.490638299666571, 0.665102178305454, 0.961406515731162, 1.23548825333539, 0.295343377238126, 0.448683883338423, -0.153340506100297, 34.4338181818215, 35.489569892473, 34.5982905982904, 34.5629615962826
2/5/2018, 33.65, 33.83, 32.2, 32.47, 11688201, 1.24109116945691, -0.316908047078563, -0.227319195351108, 0.223521244822166, 0.865462057647584, 0.0875870270445631, 0.376464512079651, -0.288877485035088, 33.5847272727306, 35.1848387096774, 34.5263321123319, 34.5562629492961
2/6/2018, 32.57, 33.49, 32.51, 33.49, 22821425, 1.29541113044648, 0.243839349981072, 0.312447733827143, 0.647503953846151, 1.02119614985206, 0.00518433641376959, 0.302208476946475, -0.297024140532705, 33.2890909090943, 35.0152473118279, 34.5002246642245, 34.5640552138854
2/7/2018, 33.04, 33.31, 32.77, 32.92, 5111335, 1.36130476369138, -0.113745074221338, -0.126500901219458, 0.401858041489498, 0.69254714984413, -0.104905342415641, 0.220785713074052, -0.325691055489693, 32.896363636367, 34.7666021505376, 34.4515555555554, 34.5648287549542
2/8/2018, 32.76, 32.77, 31.82, 31.85, 9819988, 1.5093703353119, -0.600732419132106, -0.446451866327186, -0.0147404307653198, 0.421997773580176, -0.275318562667564, 0.121564857925729, -0.396883420593293, 32.2280000000034, 34.3833548387096, 34.3647814407813, 34.548692633593
2/9/2018, 31.99, 32.2, 31.2, 32.08, 14561990, 1.57948169952306, -0.739330893249784, -0.392622214267756, 0.0380801941993199, 0.499485966305538, -0.387348082093801, 0.0197822699218226, -0.407130352015624, 31.8738181818216, 34.042688172043, 34.286708180708, 34.5365094984283
2/12/2018, 32.31, 32.59, 32.2, 32.54, 8555995, 1.55766085662769, -0.677577811368344, -0.17812040234972, 0.158141518304912, 0.593884117809372, -0.434011117745769, -0.0709764076116957, -0.363034710134073, 31.8012727272761, 33.7654838709677, 34.2316068376066, 34.5311411780784
2/13/2018, 32.42, 32.51, 32.3, 32.48, 4605507, 1.51945720630947, -0.663330197358618, -0.24138321410411, 0.172133855805258, 0.580740208615183, -0.47041080530505, -0.150863287150367, -0.319547518154684, 31.7976363636398, 33.4759354838709, 34.1740537240535, 34.5244493644936
2/14/2018, 32.24, 33.22, 32.22, 33.2, 5803393, 1.56278227583991, -0.346056667575064, 0.132081115732331, 0.398652554813381, 0.664711719439456, -0.436132374699866, -0.207917104660267, -0.2282152700396, 32.1923636363671, 33.2972258064516, 34.1477509157507, 34.5274861281946
2/15/2018, 33.23, 33.28, 32.91, 33.22, 5785121, 1.53943868091484, -0.227711115370472, 0.0997143219258476, 0.385117801447697, 0.648733524911522, -0.40271044331746, -0.246875772391705, -0.155834670925755, 32.6307272727307, 33.1327741935483, 34.1220097680096, 34.5317263905972
2/16/2018, 33.12, 33.52, 33.11, 33.28, 2375570, 1.52142864576296, -0.265515851796251, 0.171587877220217, 0.517965044938728, 0.671261700383188, -0.367149551854695, -0.270930528284303, -0.0962190235703916, 33.0025454545489, 33.0139569892473, 34.0979047619046, 34.5366622932896
2/20/2018, 32.99, 33.18, 32.86, 32.96, 3425898, 1.5231034000134, -0.556589356100868, 0.0749275921406327, 0.442231143843213, 0.517379706945334, -0.360631479604898, -0.288870718548422, -0.0717607610564756, 33.017454545458, 32.8823870967742, 34.0643223443222, 34.5372122454558
2/21/2018, 32.98, 33.2, 32.71, 32.73, 2197263, 1.53197108650228, -0.665049980742138, -0.0611437290802372, 0.339156642023801, 0.388746271082217, -0.369762545738475, -0.305049083986433, -0.064713461752042, 33.1301818181852, 32.7238064516129, 34.0247106227105, 34.5372559792264
2/22/2018, 32.8, 33.09, 32.7, 32.89, 5021147, 1.50758111821705, -0.634064976611731, -0.0463365558402841, 0.337732774136757, 0.506205460560241, -0.359939163982865, -0.316027099985719, -0.0439120639971461, 33.2256363636398, 32.5945376344086, 33.9913137973136, 34.5382987563209
2/23/2018, 33.03, 33.17, 32.95, 33.13, 4964377, 1.46408469149565, -0.613034118592972, 0.0464678234601746, 0.277131654408003, 0.564965044793648, -0.328995612305583, -0.318620802449692, -0.0103748098558911, 33.1916363636398, 32.4843010752688, 33.968371184371, 34.5424583845839
2/26/2018, 33.13, 33.3, 32.97, 33.28, 2466057, 1.43419079139989, -0.706758428427374, 0.117123177538178, 0.352424212658591, 0.59769445638036, -0.289037039198817, -0.312704049799517, 0.0236670106006999, 33.1856363636398, 32.4088602150537, 33.9502173382172, 34.5467596009294
2/27/2018, 33, 33.05, 32.65, 32.66, 2438053, 1.48479412311387, -1.0160552912845, -0.1022023469188, 0.109260161618536, 0.49372457740904, -0.303895284893528, -0.310942296818319, 0.00704701192479107, 32.9920000000034, 32.2885806451612, 33.9034774114773, 34.5410870575373
2/28/2018, 32.8, 32.81, 32.4, 32.43, 3021421, 1.48377142330724, -1.18163131174368, -0.116938317913979, 0.0314108133942021, 0.397736847662291, -0.330420744798005, -0.314837986414256, -0.0155827583837485, 32.7003636363671, 32.1543870967742, 33.8507277167276, 34.53227032937
3/1/2018, 32.04, 32.17, 31.52, 31.81, 8695321, 1.58009342643701, -1.37030994720266, -0.376171976060224, -0.163754576110839, 0.243054434491137, -0.396896011164216, -0.331249591364248, -0.0656464197999678, 32.3412727272762, 31.9612688172042, 33.7694432234431, 34.5138491184912
3/2/2018, 31.59, 31.85, 31.46, 31.81, 3243751, 1.56239023263795, -1.28019704889476, -0.55832097277512, -0.166941629224048, 0.190313143086447, -0.444454741095981, -0.353890621310595, -0.0905641197853864, 32.0620000000034, 31.7998064516128, 33.6846764346763, 34.4955263085965
3/5/2018, 31.69, 32.3, 31.67, 32.27, 2841740, 1.56072673180051, -1.15845114028483, -0.357869791138401, -0.0108838177062792, 0.358332243113779, -0.439955686300692, -0.371103634308614, -0.0688520519920778, 32.0305454545489, 31.7423225806451, 33.6183956043955, 34.4804542845429
3/6/2018, 32.48, 32.49, 32.31, 32.46, 2588461, 1.5078995395392, -0.965726374005974, -0.191587443320573, -0.0231538983269956, 0.382885906810816, -0.416260350648535, -0.380134977576599, -0.0361253730719368, 32.0558181818216, 31.7427741935483, 33.563277167277, 34.467471094711
3/7/2018, 32.48, 32.75, 32.44, 32.72, 3707294, 1.4684932182387, -0.762612544260454, -0.107876617945541, -0.000656832096759759, 0.367326776801257, -0.372211180543296, -0.378550218169938, 0.00633903762664212, 32.1521818181853, 31.8082365591397, 33.5194407814406, 34.4578854721881
3/8/2018, 32.74, 32.84, 32.6, 32.68, 4111416, 1.43349581382288, -0.80717943051369, -0.0979557315653591, -0.000717628845522365, 0.348783611775921, -0.336648882819333, -0.370169951099817, 0.0335210682804844, 32.2672727272762, 31.8815268817204, 33.4749084249083, 34.4480710673774
3/9/2018, 32.66, 32.81, 32.6, 32.79, 2726556, 1.3892745055183, -0.656951756926375, -0.0602302419985174, 0.0336627477769701, 0.376016420703281, -0.296175300467858, -0.355371020973425, 0.0591957205055669, 32.4798181818216, 31.9706881720429, 33.4363028083027, 34.4395834358344
3/12/2018, 32.84, 32.97, 32.79, 32.94, 2024324, 1.34112311730868, -0.313383888871715, -0.0360609591757011, 0.102076342860588, 0.39693398940531, -0.249124199759798, -0.3341216567307, 0.0849974569709017, 32.7927272727307, 32.1104731182795, 33.4075506715505, 34.4337452507859
3/13/2018, 32.95, 32.98, 32.33, 32.4, 5186428, 1.39561005277594, 0.00285612817074054, -0.205820726315649, -0.0489820553820699, 0.307370441699073, -0.252498702626596, -0.317797065909879, 0.065298363283283, 32.8136363636398, 32.1765161290322, 33.3591575091574, 34.419573595736
3/14/2018, 32.74, 32.78, 32.41, 32.55, 4239170, 1.37809147233313, -0.436702033144345, -0.111710031060294, -0.0577821774630509, 0.366340554467572, -0.240299253845578, -0.302297503497019, 0.0619982496514412, 32.8545454545489, 32.2610537634408, 33.324034188034, 34.4075755090884
3/15/2018, 32.59, 32.79, 32.51, 32.65, 3617024, 1.3480561578322, -0.110543234538053, -0.158258580613478, -0.00235191620389169, 0.378441529816509, -0.220025620141413, -0.285843126825898, 0.0658175066844844, 32.799454545458, 32.3789677419354, 33.2972014652013, 34.3977468908023
3/16/2018, 32.55, 32.76, 32.55, 32.63, 2542748, 1.31361728089366, 0.521300875993536, -0.221734187564654, 0.0498567339057484, 0.337603127532964, -0.203229746212038, -0.269320450703126, 0.0660907044910877, 32.6916363636398, 32.4889032258064, 33.2676727716726, 34.3864720513872
3/19/2018, 32.45, 32.48, 32.23, 32.39, 2997431, 1.31893069718377, 0.221000852915109, -0.492027267623505, 0.00656620974205823, 0.270042562143747, -0.206899876367515, -0.256836335836004, 0.0499364594684885, 32.5481818181853, 32.5257419354838, 33.2270989010988, 34.3730217302174
3/20/2018, 32.26, 32.49, 32.26, 32.42, 4257476, 1.2872966384236, -0.0553783922794191, -0.601793788291539, -0.0212493646071737, 0.176471127530228, -0.205024338724456, -0.246473936413694, 0.041449597689238, 32.4465454545489, 32.4832043010752, 33.1825323565322, 34.3602279622797
3/21/2018, 32.34, 32.62, 32.31, 32.45, 3942838, 1.26956700051798, 0.00372099381947915, -0.558420841359608, -0.0088466646888114, 0.213599101215757, -0.198825278306394, -0.236944204792234, 0.0381189264858401, 32.409454545458, 32.5127956989247, 33.1421978021977, 34.3470578105782
3/22/2018, 31.9, 32.04, 31.69, 31.7, 5829793, 1.35449768796429, -0.971670959690195, -0.79239421829902, -0.250418219381531, 0.122435420913401, -0.251531709280208, -0.239861705689829, -0.0116700035903788, 32.1200000000035, 32.4159354838709, 33.061614163614, 34.3200863741971
3/23/2018, 31.73, 31.81, 31.27, 31.31, 7852744, 1.38903538400015, -1.22225764154152, -0.827993380998152, -0.383557668515941, 0.0473901061870632, -0.321070574467321, -0.256103479445327, -0.0649670950219932, 31.7712727272762, 32.206129032258, 32.9630256410255, 34.2876897635643
3/26/2018, 31.84, 31.95, 31.39, 31.95, 6473965, 1.39330713550524, -0.752272722759731, -0.63968110250507, -0.224693452282301, 0.179091815640458, -0.320839536372127, -0.269050690830687, -0.0517888455414394, 31.7543636363671, 32.0963440860215, 32.8919047619046, 34.264045100451
3/27/2018, 31.96, 32.08, 31.45, 31.59, 5264051, 1.43844111523972, -0.77969552646054, -0.899237051402136, -0.383272096715665, 0.10019855674356, -0.345720181324644, -0.284384588929479, -0.0613355923951656, 31.5590909090944, 31.9723870967741, 32.809575091575, 34.2376222495559
3/28/2018, 31.64, 31.87, 31.47, 31.56, 5522397, 1.43118938811476, -0.668698423786828, -0.925427751892173, -0.474679174268149, 0.123846804786817, -0.363666895389166, -0.300241050221416, -0.0634258451677497, 31.4276363636398, 31.846752688172, 32.7215238095236, 34.2093445401121
3/29/2018, 31.99, 32.15, 31.91, 32.04, 3343123, 1.43133334065096, -0.452731003251384, -0.77857252537884, -0.368582625395241, 0.170712676227182, -0.335292760876868, -0.307251392352506, -0.0280413685243616, 31.5360000000035, 31.8359569892473, 32.6610012210011, 34.1895306819735
4/2/2018, 32.04, 32.12, 31.31, 31.56, 5626022, 1.5087745317723, -0.8462644494174, -0.99101697216012, -0.474997824071349, 0.0644777769480243, -0.347531911776048, -0.315307496237215, -0.0322244155388336, 31.5078181818217, 31.7730752688172, 32.5765494505493, 34.1611277846112
4/3/2018, 31.7, 31.8, 31.51, 31.76, 5348707, 1.46996467290923, -0.810197204835428, -1.04792601139923, -0.400712561132291, 0.193698105324125, -0.337206096534366, -0.319687216296645, -0.0175188802377212, 31.5590909090944, 31.7502795698924, 32.5021269841268, 34.1345507721744
4/4/2018, 31.33, 31.86, 31.31, 31.82, 2541795, 1.48025688595277, -0.463874301099557, -1.09709494975641, -0.307950842889753, 0.150157188158671, -0.320486941042624, -0.319847161245841, -0.000639779796783091, 31.671454545458, 31.7235698924731, 32.4379267399266, 34.1077116304497
4/5/2018, 32.2, 32.33, 32.15, 32.21, 2056881, 1.46838514143019, -0.0982635243684065, -1.01567056789068, -0.222741841464244, 0.179011523740589, -0.272624503651176, -0.310402629726908, 0.0377781260757318, 31.9572727272762, 31.7383655913978, 32.3867789987788, 34.087606396064
4/6/2018, 32.2, 32.35, 32.01, 32.09, 4201629, 1.45315834014313, 0.197778809390081, -1.02811187990639, -0.156999140802789, 0.325609421581861, -0.241591260639062, -0.296640355909339, 0.0550490952702769, 32.0647272727308, 31.7519569892473, 32.3419438339437, 34.0672967063004
4/9/2018, 32.37, 32.51, 32.23, 32.31, 2807926, 1.43609590152997, 0.33001981971837, -0.88010893395689, -0.0698260038049488, 0.364676168846801, -0.196974431947076, -0.276707171116886, 0.0797327391698101, 32.1489090909126, 31.8146236559139, 32.3031819291818, 34.0499710263769
4/10/2018, 32.74, 32.84, 32.64, 32.76, 2552049, 1.42644217489352, 0.320497928691551, -0.794942683809254, 0.0797033522270026, 0.447936603417909, -0.123876068362783, -0.246140950566066, 0.122264882203283, 32.4620000000035, 31.9496774193548, 32.2869059829058, 34.037815498155
4/11/2018, 32.6, 32.73, 32.49, 32.56, 3722145, 1.40490581594091, 0.0856987694324554, -0.763599322209104, -0.0279775050945461, 0.410502372475995, -0.081147993550438, -0.21314235916294, 0.131994365612502, 32.5898181818217, 32.021376344086, 32.2602246642245, 34.0249823698237
4/12/2018, 32.66, 32.82, 32.65, 32.8, 3293005, 1.36452886276477, 0.0733665482871562, -0.603429736168566, 0.108063005177946, 0.44449521381754, -0.0276015190558638, -0.176034191141525, 0.148432672085661, 32.7416363636399, 32.1088387096774, 32.246896214896, 34.016962962963
4/13/2018, 32.98, 33, 32.76, 32.89, 3812181, 1.32924047928702, 0.15078855800443, -0.598619263977536, 0.0597358045505446, 0.454492534753146, 0.0218448814063379, -0.136458376631952, 0.15830325803829, 32.9529090909126, 32.1639999999999, 32.2313797313795, 34.0093234932349
4/16/2018, 32.94, 32.95, 32.79, 32.9, 7544980, 1.28671074150646, 0.091144933389274, -0.505276034195963, 0.107900612511897, 0.406779230240802, 0.061133715028781, -0.0969399582998057, 0.158073673328587, 33.0252727272763, 32.2134623655913, 32.2187887667886, 34.0010936176029
4/17/2018, 33.13, 33.36, 33.1, 33.3, 3799507, 1.2767610878614, 0.234160952898124, -0.129892858375152, 0.21397109511454, 0.57174274945415, 0.123127716128657, -0.0529264234141132, 0.17605413954277, 33.2027272727308, 32.3373118279569, 32.2206886446884, 33.9973475468088
4/18/2018, 33.36, 33.41, 33.28, 33.36, 4375832, 1.2302259296911, 0.616652058502193, 0.362134841790956, 0.143588323920089, 0.603247838982774, 0.175081674641341, -0.0073248038030224, 0.182406478444363, 33.3289090909126, 32.4747956989247, 32.2238217338215, 33.9941429547629
4/19/2018, 33.3, 33.36, 33.1, 33.19, 4100741, 1.21386924265654, 0.417517586718635, -0.0745748688675676, 0.158213599676172, 0.569519420709087, 0.200229856671029, 0.034186128291788, 0.166043728379241, 33.3903636363672, 32.6022365591397, 32.222498168498, 33.9890501571683
4/20/2018, 33, 33.03, 32.86, 32.96, 4045504, 1.21128349986596, 0.213669647110635, 0.0545151289885072, -0.0479464351180237, 0.52303370559703, 0.199303448213712, 0.0672095922761728, 0.132093855937539, 33.2949090909126, 32.6947956989247, 32.2136630036628, 33.9815069017357
4/23/2018, 32.88, 32.92, 32.75, 32.84, 1922819, 1.18689734920228, 0.152787383621414, 0.472202448779334, -0.0258722369295422, 0.528795572050026, 0.186733715682038, 0.0911144169573459, 0.0956192987246925, 33.154545454549, 32.7776559139784, 32.1992698412696, 33.9723526035261
4/24/2018, 32.82, 32.85, 32.42, 32.56, 2786977, 1.20328082003724, 0.129001222693556, 0.246464077536823, -0.133659983553596, 0.45227817415583, 0.152421432750593, 0.103375820115995, 0.0490456126345977, 32.978545454549, 32.8346666666666, 32.1717313797311, 33.9601344813448
4/25/2018, 32.3, 32.42, 32.15, 32.39, 2269765, 1.21240760498277, 0.00713194972451627, -0.0323333218495926, -0.156995106229144, 0.408763945368377, 0.110240340052165, 0.104748724103229, 0.00549161594893589, 32.7147272727308, 32.8365591397849, 32.1373577533575, 33.9448820554873
4/26/2018, 32.45, 32.59, 32.34, 32.52, 1738490, 1.18562079363845, 0.0678062135292102, 0.052407967588799, -0.150488629792011, 0.383442200414909, 0.0863065456012322, 0.10106028840283, -0.0147537428015977, 32.5530909090945, 32.8650107526881, 32.1049499389497, 33.9301377613776
4/27/2018, 32.63, 32.67, 32.43, 32.65, 1720040, 1.15860853900969, 0.67763726759281, -0.221735230367997, -0.0318475031489204, 0.369249276961178, 0.0769418172353866, 0.0962365941693412, -0.0192947769339546, 32.4696363636399, 32.916817204301, 32.0816068376066, 33.9178786387864
4/30/2018, 32.46, 32.61, 32.44, 32.46, 1847382, 1.13946827968987, 0.850107223225212, -0.318559229609593, -0.117413032089825, 0.328013867626094, 0.0535712543591771, 0.0877035262073084, -0.0341322718481313, 32.3356363636399, 32.9431827956989, 32.0615702075699, 33.9022041820418
5/1/2018, 32.39, 32.43, 32.15, 32.34, 1460894, 1.13443980645629, 0.32856983484489, -0.401926671632334, -0.112405992968157, 0.269909282299042, 0.0250778361016515, 0.075178388186177, -0.0501005520845255, 32.2641818181854, 32.9394193548386, 32.0350793650791, 33.884602432691
5/2/2018, 32.84, 32.9, 32.63, 32.65, 5158820, 1.1532433131319, 0.880848404963016, -0.11021972543716, -0.00856179785085628, 0.351876330488693, 0.0271974903317656, 0.0655822086152947, -0.0383847182835292, 32.3641818181854, 32.9773118279569, 32.0162857142855, 33.8697162771628
5/3/2018, 32.68, 32.73, 32.42, 32.67, 3304543, 1.14235459029901, 0.923133248691567, 0.00490059083177082, -0.045391205882961, 0.377806549476687, 0.0301436867760785, 0.0584945042474515, -0.028350817471373, 32.4758181818218, 33.0182580645161, 31.9991770451768, 33.8547120404537
5/4/2018, 32.45, 32.89, 32.43, 32.84, 8574379, 1.14965554938536, 0.706483148108427, 0.0097003945782969, -0.0307459785103253, 0.407302097285462, 0.0456696961067991, 0.055929542619321, -0.010259846512522, 32.628545454549, 33.0293548387096, 31.9883101343098, 33.84127866612
5/7/2018, 32.93, 33.06, 32.91, 32.98, 10534230, 1.12089004941554, 1.39250696118349, -0.0366868753596349, 0.0145712993486537, 0.396656467299241, 0.0684815872222373, 0.0584399515399043, 0.010041635682333, 32.8121818181854, 33.0248602150537, 31.9837533577531, 33.8288055213886
5/8/2018, 32.66, 32.86, 32.63, 32.86, 3030091, 1.12199044851608, 1.07831547795596, -0.161827768635061, -0.00523996799581766, 0.442203697014534, 0.0760010849654265, 0.0619521782250087, 0.0140489067404178, 32.8907272727309, 33.0370322580645, 31.9758168498165, 33.8142572092388
5/9/2018, 32.79, 32.96, 32.77, 32.9, 2357576, 1.09347039000992, 1.05749338667753, 0.148350282200786, 0.00327073981076446, 0.462431537698821, 0.0842172033116242, 0.0664051832423318, 0.0178120200692924, 32.9327272727309, 33.0244086021505, 31.9691965811963, 33.8003720103868
5/10/2018, 33, 33.21, 32.95, 33.2, 1738337, 1.07609689878795, 0.988392302501697, 0.405446384485894, 0.141227217748964, 0.507973424044441, 0.11362621679298, 0.0758493899524614, 0.0377768268405186, 33.0765454545491, 33.0393978494623, 31.9729841269839, 33.7886858001913
5/11/2018, 33.16, 33.22, 33.1, 33.15, 1176428, 1.04193351999312, 1.06924494104544, 0.722542436513055, 0.0877882249115253, 0.462369863455973, 0.131383977021478, 0.0869563073662648, 0.0444276696552136, 33.1920000000036, 33.0694623655913, 31.9797875457872, 33.7768118081181
5/14/2018, 33.17, 33.22, 33.05, 33.09, 1678241, 1.01731917130201, 0.798482810819109, 0.691553115059986, -0.0731898540358443, 0.50164545527023, 0.139013174043555, 0.0973676807017229, 0.0416454933418321, 33.2214545454581, 33.052752688172, 31.9878266178263, 33.7634322809895
5/15/2018, 32.78, 32.96, 32.66, 32.85, 2248055, 1.03896306878126, 0.110597945688871, 0.333649668079701, -0.115844907672296, 0.434760555591872, 0.124260970296824, 0.102746338620743, 0.0215146316760808, 33.10963636364, 33.0090537634408, 31.9978461538459, 33.7453792537925
5/16/2018, 32.8, 32.88, 32.68, 32.82, 1554222, 1.0183863488419, 0.300272603777712, 0.21841615284372, -0.040539004057354, 0.425741063244848, 0.108893734081619, 0.103975817712918, 0.00491791636870054, 33.0216363636399, 32.9585161290322, 32.0151599511597, 33.7279062457291
5/17/2018, 32.95, 33.05, 32.91, 33.01, 2858889, 0.996736382021857, 0.246513290332415, 0.18110962019921, 0.00818622649024074, 0.405445063587833, 0.110769617570199, 0.105334577684374, 0.00543503988582454, 32.9940000000036, 32.9516344086021, 32.0396630036627, 33.7128651086511
5/18/2018, 32.88, 32.93, 32.82, 32.88, 1803600, 0.979536331265645, 0.0027526187109661, 0.134017526813185, -0.00896269059941355, 0.38253352516301, 0.100606624661587, 0.104388987079817, -0.00378236241822963, 32.9369090909127, 32.9150967741935, 32.0591550671547, 33.7053035397021
5/21/2018, 33.13, 33.21, 33, 33.14, 1140892, 0.973047581273799, 0.267942309623567, 0.210567789391217, 0.0650310889748237, 0.44596221976507, 0.112238392329644, 0.105958868129782, 0.00627952419986158, 32.9954545454581, 32.9211182795698, 32.0843272283269, 33.7030862375291
5/22/2018, 33.16, 33.22, 33.07, 33.1, 1367075, 0.948170906381964, -0.218653112640271, 0.11216818975068, 0.0311373810017665, 0.409544746699583, 0.11688164742764, 0.108143423989354, 0.00873822343828588, 33.0074545454581, 32.9467096774193, 32.1118778998776, 33.6987546808802
5/23/2018, 32.42, 32.53, 32.34, 32.53, 2786871, 1.0333610252438, -0.803187819535537, 0.0976157573332789, -0.119982687369969, 0.316598286982045, 0.0737174552972633, 0.101258230250936, -0.0275407749536725, 32.8174545454581, 32.8844516129032, 32.124786324786, 33.6853046330464
5/24/2018, 32.37, 32.4, 32.07, 32.27, 10118734, 1.06087612158729, -0.882620468289315, -0.116778245297899, -0.157273131602098, 0.294496427282501, 0.0183185303484237, 0.0846702902704333, -0.0663517599220096, 32.6178181818218, 32.8053978494623, 32.128891330891, 33.6678636053027
5/25/2018, 32.13, 32.27, 32, 32.2, 5290777, 1.05194872116276, -0.743327481157871, -0.205758233816622, -0.244823342740677, 0.309984060052604, -0.030877989544237, 0.0615606343074993, -0.0924386238517363, 32.4347272727309, 32.72688172043, 32.1336141636138, 33.6505863058631
5/29/2018, 31.46, 31.58, 31.01, 31.19, 5815750, 1.22247872332057, -1.18095364027537, -0.644515603806689, -0.560166817292721, 0.224672702706271, -0.149640186160489, 0.0193204702139015, -0.168960656374391, 31.942545454549, 32.5253333333333, 32.100427350427, 33.6189785431188
5/30/2018, 31.69, 32, 31.54, 31.92, 4611099, 1.26167468080671, -0.380686027486887, -0.172298588457673, -0.492789404805322, 0.313302089855936, -0.182748571701318, -0.0210933381691423, -0.161655233532175, 31.7581818181854, 32.4541075268816, 32.1104981684979, 33.5975812491458
5/31/2018, 31.66, 31.72, 31.33, 31.64, 8929779, 1.30243435590337, -0.449117030504779, -0.307909260048733, -0.661942945018271, 0.207662324922174, -0.228941767533001, -0.0626630240419141, -0.166278743491087, 31.5218181818218, 32.3602580645161, 32.1156507936505, 33.5756717233839
6/1/2018, 31.92, 31.95, 31.67, 31.81, 3320486, 1.27942696855529, -0.420305461664449, -0.244404769673216, -0.588170382669941, 0.242311974610438, -0.248962741275392, -0.0999229674886097, -0.149039773786782, 31.446545454549, 32.2877419354838, 32.1352551892549, 33.5595741424081
6/4/2018, 32, 32.08, 31.92, 31.99, 1728427, 1.25081723276825, -0.385325040575547, 0.168722724631082, -0.534961923089548, 0.242956788096734, -0.247452532768428, -0.129428880544573, -0.118023652223854, 31.4729090909127, 32.2316344086021, 32.1635409035406, 33.5427929479295
6/5/2018, 32.13, 32.2, 31.9, 32, 6991530, 1.23478003476386, -0.263445291491866, 0.361997950946137, -0.456324762901628, 0.315526671656699, -0.242651628294098, -0.152073430094478, -0.0905781981996198, 31.6032727272763, 32.1750537634408, 32.1893235653232, 33.5254393877272
6/6/2018, 32.21, 32.49, 32.11, 32.48, 8802853, 1.23113648573958, 0.109618595777876, 0.286145268686841, -0.362720655235975, 0.365349288923737, -0.197834376887791, -0.161225619453141, -0.0366087574346499, 31.9536363636399, 32.166129032258, 32.2436239316236, 33.5148008746755
6/7/2018, 32.45, 32.46, 31.98, 32.09, 3651934, 1.26169982561484, -0.306113624069001, 0.274165740170331, -0.578892239184085, 0.316134432337619, -0.191577734026573, -0.167296042367827, -0.0242816916587462, 32.0890909090945, 32.0969032258064, 32.2757851037848, 33.4977217438842
6/8/2018, 32.16, 32.26, 31.99, 32.2, 4125900, 1.23644565322302, -0.251346931163425, 0.341196295540731, -0.561302637445334, 0.28192767208948, -0.175717655043833, -0.168980364903028, -0.00673729014080465, 32.234545454549, 32.0522365591397, 32.3088180708178, 33.4841872352057
6/11/2018, 32.27, 32.52, 32.2, 32.46, 1551240, 1.21450623943599, -0.19488318050526, 0.236086386408666, -0.512155120295826, 0.318422818236165, -0.140548446096744, -0.163293981141772, 0.0227455350450273, 32.4596363636399, 32.0512903225805, 32.3569938949936, 33.4758286182862
6/12/2018, 32.43, 32.5, 32.24, 32.32, 3092950, 1.19900151316484, -0.358607812610783, 0.414282921118106, -0.60082211696178, 0.310687529898144, -0.122560622037383, -0.155147309320894, 0.0325866872835106, 32.4201818181854, 32.0211397849461, 32.394029304029, 33.4673404400711
6/13/2018, 32.48, 32.57, 32.34, 32.45, 2689428, 1.1730090126414, -0.212190771155957, 0.378086085273547, -0.666510866057563, 0.280098242032005, -0.0967005248736399, -0.143457952431443, 0.0467574275578033, 32.5100000000036, 32.0003870967741, 32.4198241758239, 33.4574016673501
6/14/2018, 32.53, 32.78, 32.52, 32.59, 3406388, 1.16020053197921, -0.152779182840594, 0.416547078693306, -0.684056301918768, 0.300031080435051, -0.0641696735359645, -0.127600296652347, 0.063430623116383, 32.5632727272763, 32.0173548387096, 32.4218827838825, 33.4497425174252
6/15/2018, 32.39, 32.46, 32.31, 32.43, 2670225, 1.1507982907907, -0.424335984723639, 0.142032027021549, -0.774921352643706, 0.339444363779989, -0.0507147937296821, -0.112223196067814, 0.0615084023381322, 32.5434545454581, 32.0157419354838, 32.4395262515259, 33.4420098400984
6/18/2018, 31.83, 31.95, 31.76, 31.94, 3690914, 1.21491450037024, -0.662255538680492, -0.0429863835583457, -0.878883602378761, 0.270766031157604, -0.0786835939529169, -0.105515275644835, 0.026831681691918, 32.356545454549, 31.9648387096773, 32.4238608058605, 33.4273819871532
6/19/2018, 30.6, 30.81, 30.51, 30.8, 5901217, 1.42903086638747, -1.09557741239992, -0.631275306464002, -1.08227993239482, 0.0546669278463275, -0.190639963427493, -0.122540213201367, -0.0680997502261267, 31.780545454549, 31.7844301075268, 32.3353040293037, 33.3955869892033
6/20/2018, 30.79, 30.82, 30.67, 30.77, 3989770, 1.38327732045815, -0.998976979938049, -0.858116798490285, -1.14739106866703, 0.0341809239674911, -0.278575694914096, -0.153747309543913, -0.124828385370184, 31.3556363636399, 31.6062795698924, 32.2513162393159, 33.3635869892032
6/21/2018, 30.53, 30.55, 30.25, 30.34, 4035871, 1.41843345395427, -1.18727937357357, -0.957052742933199, -1.18272202292354, -0.0255048379304064, -0.378598553544187, -0.198717558343967, -0.179880995200219, 30.7974545454581, 31.3897204301074, 32.159714285714, 33.3249011890119
6/22/2018, 30.63, 30.75, 30.38, 30.63, 3215151, 1.40168160115324, -1.11787647950073, -0.922370084325, -1.03371579827661, -0.0607792242493516, -0.429515624510273, -0.244877171577229, -0.184638452933045, 30.4569090909127, 31.2464731182794, 32.0810671550668, 33.2892794861282
6/25/2018, 30.27, 30.29, 29.99, 30.1, 5171182, 1.46135654721454, -1.29350234968091, -1.17685157754666, -1.18708891357133, -0.211237517578781, -0.50679235390524, -0.297260208042831, -0.209532145862409, 30.0709090909126, 31.0492258064515, 31.9966080586077, 33.2460847341807
6/26/2018, 30.02, 30.06, 29.78, 29.99, 3831554, 1.44673192622874, -1.49028029862208, -1.23117140145167, -1.14608326365635, -0.22367202651971, -0.570336317346822, -0.351875429903629, -0.218460887443193, 29.7476363636399, 30.8536989247311, 31.9100561660558, 33.2028098947657
6/27/2018, 30.01, 30.21, 29.65, 29.67, 5471206, 1.48359002171284, -1.62825813010258, -1.56267485548126, -1.04982876992846, -0.337591806415418, -0.639148980244393, -0.409330139971782, -0.229818840272611, 29.4669090909127, 30.621569892473, 31.8132161172158, 33.1558679786798
6/28/2018, 29.42, 29.58, 29.32, 29.53, 5415434, 1.47535422102976, -1.4677834679133, -1.65489726527954, -0.789976007774521, -0.375270096264183, -0.696946377326597, -0.466853387442745, -0.230092989883852, 29.3174545454581, 30.390193548387, 31.7057899877897, 33.1109848298483
6/29/2018, 29.98, 30.13, 29.91, 29.98, 4438546, 1.48061539825412, -1.06618069389672, -1.33512449237818, -0.96492382446579, -0.271031752820487, -0.698389393532583, -0.513160588660713, -0.185228804871871, 29.4583636363672, 30.2498064516128, 31.6154358974356, 33.0716493098265
7/2/2018, 29.65, 29.86, 29.63, 29.83, 3170137, 1.47232340454829, -1.10811335137294, -1.31095362352577, -0.863081231358635, -0.308320875463558, -0.703526920263393, -0.551233854981249, -0.152293065282144, 29.5830909090945, 30.1012688172042, 31.5240952380949, 33.0283782971164
7/3/2018, 30.1, 30.12, 29.9, 29.93, 3682284, 1.44248034747049, -0.651157169017354, -1.21369646467537, -0.553623541092027, -0.302227893924714, -0.691557439266017, -0.579298571838202, -0.112258867427815, 29.6294545454581, 30.0024301075267, 31.4447008547005, 32.9868467951347
7/5/2018, 30.41, 30.51, 30.3, 30.44, 8379754, 1.44266639158351, -0.787101787982511, -0.846124243454292, -0.452724607017768, -0.224920273826056, -0.633614883621163, -0.590161834194795, -0.0434530494263689, 29.8934545454581, 29.9863440860214, 31.3932771672769, 32.9522738827389
7/6/2018, 30.55, 30.7, 30.51, 30.65, 2701069, 1.40355715209827, -0.51598913157082, -0.683940574244983, -0.528398151501817, -0.20681780728947, -0.564245475254157, -0.584978562406667, 0.0207330871525098, 30.1620000000035, 29.9760645161289, 31.3393357753355, 32.9214497744978
7/9/2018, 30.78, 30.84, 30.7, 30.82, 1946925, 1.35684864945559, -0.512835417057692, -0.662863657103742, -0.45597378277419, -0.162163128668361, -0.48990482225717, -0.565963814376768, 0.0760589921195978, 30.5303636363672, 29.9821505376343, 31.2891868131865, 32.8919967199673
7/10/2018, 30.85, 30.97, 30.83, 30.93, 1712082, 1.30867027505368, -0.550677511244125, -0.668698413467125, -0.651501699979832, -0.146949093594292, -0.417302831193918, -0.536231617740198, 0.11892878654628, 30.8203636363672, 30.0068817204299, 31.2312478632475, 32.8657444307777
