Date,EWM_Open,EWM_High,EWM_Low,EWM_Close,EWM_Volume,EWM_ATRPercentOfClose20,EWM_SQN25,EWM_SQN50,EWM_SQN100,EWM_SQN200,EWM_MACD,EWM_MACD_Avg,EWM_MACD_Diff,EWM_LinReg10,EWM_LinReg30,EWM_LinReg90,EWM_LinReg270
1/3/2017, 28.08, 28.3, 27.96, 28.09, 859310, 0, 0, 0, 0, 0, 0, 0, 0, 28.09, 28.09, 28.09, 28.09
1/4/2017, 28.3, 28.38, 28.24, 28.3, 597828, 0, 0, 0, 0, 0, 0.0167521367521388, 0.00335042735042776, 0.0134017094017111, 28.3, 28.3, 28.3, 28.3
1/5/2017, 28.55, 28.79, 28.55, 28.71, 772834, 0, 0, 0, 0, 0, 0.0623926753841317, 0.0151588769571686, 0.0472337984269632, 28.6766666666667, 28.6766666666667, 28.6766666666667, 28.6766666666667
1/6/2017, 28.86, 28.92, 28.66, 28.82, 591949, 0, 0, 0, 0, 0, 0.106214833282316, 0.033370068222198, 0.0728447650601177, 28.87, 28.87, 28.87, 28.87
1/9/2017, 28.71, 28.8, 28.69, 28.71, 265245, 0, 0, 0, 0, 0, 0.130563078549752, 0.0528086702877088, 0.0777544082620432, 28.878, 28.878, 28.878, 28.878
1/10/2017, 28.79, 28.94, 28.79, 28.87, 445174, 0, 0, 0, 0, 0, 0.160914973519397, 0.0744299309340464, 0.0864850425853503, 28.9576190476191, 28.9576190476191, 28.9576190476191, 28.9576190476191
1/11/2017, 28.89, 29.06, 28.83, 28.98, 854061, 0, 0, 0, 0, 0, 0.191636088113629, 0.0978711623699629, 0.0937649257436663, 29.0482142857143, 29.0482142857143, 29.0482142857143, 29.0482142857143
1/12/2017, 29.17, 29.25, 28.97, 29.21, 946665, 0, 0, 0, 0, 0, 0.231869028743144, 0.124670735644599, 0.107198293098545, 29.195, 29.195, 29.195, 29.195
1/13/2017, 28.93, 29.08, 28.93, 29.04, 362844, 0, 0, 0, 0, 0, 0.247186927769192, 0.149173974069518, 0.0980129536996744, 29.2224444444444, 29.2224444444444, 29.2224444444444, 29.2224444444444
1/17/2017, 28.81, 28.94, 28.74, 28.88, 515316, 0, 0, 0, 0, 0, 0.243607652900494, 0.168060709835713, 0.0755469430647806, 29.1818181818182, 29.1818181818182, 29.1818181818182, 29.1818181818182
1/18/2017, 28.84, 28.93, 28.71, 28.77, 569677, 0, 0, 0, 0, 0, 0.229252293354932, 0.180299026539557, 0.0489532668153753, 29.0507272727273, 29.1145454545455, 29.1145454545455, 29.1145454545455
1/19/2017, 28.8, 28.85, 28.68, 28.8, 581904, 0, 0, 0, 0, 0, 0.217785817433423, 0.18779638471833, 0.0299894327150932, 28.9349090909091, 29.0715384615385, 29.0715384615385, 29.0715384615385
1/20/2017, 28.83, 28.85, 28.66, 28.82, 520931, 0, 0, 0, 0, 0, 0.207915663165192, 0.191820240407702, 0.0160954227574895, 28.8807272727273, 29.0428571428571, 29.0428571428571, 29.0428571428571
1/23/2017, 28.94, 29.16, 28.94, 29.07, 592686, 0, 0, 0, 0, 0, 0.217756246993041, 0.19700744172477, 0.0207488052682706, 28.9289090909091, 29.0837142857143, 29.0837142857143, 29.0837142857143
1/24/2017, 29.23, 29.46, 29.23, 29.33, 637531, 0, 0, 0, 0, 0, 0.243725294185879, 0.206351012216992, 0.0373742819688868, 29.0312727272727, 29.1774166666667, 29.1774166666667, 29.1774166666667
1/25/2017, 29.4, 29.53, 29.4, 29.49, 542432, 0, 0, 0, 0, 0, 0.274057450314903, 0.219892299836574, 0.0541651504783287, 29.1870909090909, 29.2873529411765, 29.2873529411765, 29.2873529411765
1/26/2017, 29.42, 29.54, 29.37, 29.44, 510952, 0, 0, 0, 0, 0, 0.29071019428704, 0.234055878726667, 0.0566543155603731, 29.3138181818182, 29.3641176470588, 29.3641176470588, 29.3641176470588
1/27/2017, 29.44, 29.5, 29.3, 29.37, 533523, 0, 0, 0, 0, 0, 0.294860233646556, 0.246216749710645, 0.0486434839359111, 29.4372727272727, 29.4112865497076, 29.4112865497076, 29.4112865497076
1/30/2017, 29.36, 29.4, 29.24, 29.35, 808696, 0, 0, 0, 0, 0, 0.293156016806901, 0.255604603129896, 0.0375514136770043, 29.5110909090909, 29.4451578947368, 29.4451578947368, 29.4451578947368
1/31/2017, 29.24, 29.34, 29.15, 29.21, 651897, 0, 0, 0, 0, 0, 0.27731190370681, 0.259946063245279, 0.0173658404615309, 29.4876363636364, 29.4462857142857, 29.4462857142857, 29.4462857142857
2/1/2017, 29.3, 29.31, 29.11, 29.16, 775929, 0, 0, 0, 0, 0, 0.257749571178742, 0.259506764831972, -0.00175719365322957, 29.4069090909091, 29.437316017316, 29.437316017316, 29.437316017316
2/2/2017, 29.22, 29.31, 29.16, 29.25, 340439, 0.840286324786326, 0, 0, 0, 0, 0.246665127503714, 0.25693843736632, -0.0102733098626058, 29.342, 29.444071146245, 29.444071146245, 29.444071146245
2/3/2017, 29.44, 29.54, 29.34, 29.46, 578241, 0.84180095892736, 0, 0, 0, 0, 0.251921872459139, 0.255935124384884, -0.00401325192574498, 29.3290909090909, 29.4832608695652, 29.4832608695652, 29.4832608695652
2/6/2017, 29.43, 29.5, 29.37, 29.42, 358253, 0.822892027107411, 0, 0, 0, 0, 0.249978617111285, 0.254743822930164, -0.00476520581887901, 29.3174545454545, 29.5099666666667, 29.5099666666667, 29.5099666666667
2/7/2017, 29.38, 29.38, 29.23, 29.27, 469066, 0.818210087653742, 0, 0, 0, 0, 0.233641552469958, 0.250523368838123, -0.0168818163681648, 29.2869090909091, 29.5097538461538, 29.5097538461538, 29.5097538461538
2/8/2017, 29.29, 29.42, 29.21, 29.36, 267621, 0.810679795720156, 1.660187410391, 0, 0, 0, 0.225358763335361, 0.245490447737571, -0.0201316844022096, 29.3227272727272, 29.5219658119658, 29.5219658119658, 29.5219658119658
2/9/2017, 29.4, 29.5, 29.4, 29.45, 329635, 0.791561319600224, 1.52983806972893, 0, 0, 0, 0.223480694773095, 0.241088497144675, -0.0176078023715809, 29.3867272727272, 29.5446560846561, 29.5446560846561, 29.5446560846561
2/10/2017, 29.47, 29.65, 29.47, 29.59, 409963, 0.782220575164423, 1.32246895214041, 0, 0, 0, 0.230630576158521, 0.238996912947445, -0.00836633678892321, 29.4845454545454, 29.5830049261084, 29.5830049261084, 29.5830049261084
2/13/2017, 29.64, 29.76, 29.6, 29.72, 510694, 0.768459336411827, 1.34276630761536, 0, 0, 0, 0.243974436774927, 0.239992417712941, 0.00398201906198589, 29.6112727272727, 29.6333793103448, 29.6333793103448, 29.6333793103448
2/14/2017, 29.66, 29.68, 29.52, 29.68, 605207, 0.764712968472087, 1.47634950532898, 0, 0, 0, 0.248457809773249, 0.241685496125003, 0.00677231364824665, 29.676, 29.6724731182796, 29.6724731182796, 29.6724731182796
2/15/2017, 29.67, 29.76, 29.61, 29.74, 611741, 0.750230223908506, 1.34349606745959, 0, 0, 0, 0.253925320700443, 0.244133461040091, 0.00979185966035198, 29.7258181818182, 29.6823440860215, 29.7141532258064, 29.7141532258064
2/16/2017, 29.65, 29.7, 29.54, 29.56, 528093, 0.750888177134202, 0.865464666379419, 0, 0, 0, 0.24095627290038, 0.243498023412149, -0.0025417505117685, 29.6998181818182, 29.6727311827957, 29.7294318181818, 29.7294318181818
2/17/2017, 29.57, 29.66, 29.55, 29.64, 290129, 0.729974419375258, 0.670990314590637, 0, 0, 0, 0.234431163964146, 0.241684651522548, -0.00725348755840213, 29.7265454545454, 29.6924731182796, 29.7519073083779, 29.7519073083779
2/21/2017, 29.68, 29.69, 29.58, 29.68, 404092, 0.711072092343954, 1.04090209118788, 0, 0, 0, 0.229838202102826, 0.239315361638604, -0.00947715953577777, 29.7492727272727, 29.718623655914, 29.7761680672269, 29.7761680672269
2/22/2017, 29.62, 29.73, 29.6, 29.7, 286350, 0.696949115007748, 1.40085454971652, 0, 0, 0, 0.225215930535093, 0.236495475417902, -0.0112795448828087, 29.7347272727272, 29.7344301075269, 29.7998095238095, 29.7998095238095
2/23/2017, 29.71, 29.77, 29.65, 29.73, 464695, 0.681615179278292, 1.69375390218885, 0, 0, 0, 0.221421091779352, 0.233480598690192, -0.0120595069108401, 29.7250909090909, 29.7583225806451, 29.823978978979, 29.823978978979
2/24/2017, 29.51, 29.6, 29.4, 29.59, 366720, 0.706360199930599, 1.33867896790808, 0, 0, 0, 0.204756519058705, 0.227735782763894, -0.0229792637051893, 29.6649090909091, 29.7662365591398, 29.8309672830726, 29.8309672830726
2/27/2017, 29.54, 29.61, 29.48, 29.54, 663737, 0.694182071772143, 1.21102814290831, 0, 0, 0, 0.185378218276899, 0.219264269866495, -0.0338860515895964, 29.6078181818181, 29.7792043010753, 29.8318623481781, 29.8318623481781
2/28/2017, 29.6, 29.61, 29.44, 29.49, 649189, 0.689414427946478, 0.758874059378372, 0, 0, 0, 0.164094612612789, 0.208230338415754, -0.0441357258029647, 29.5621818181818, 29.7723655913978, 29.827358974359, 29.827358974359
3/1/2017, 29.65, 29.8, 29.58, 29.74, 704450, 0.701556486420127, 0.742238792979098, 0, 0, 0, 0.165492418857571, 0.199682754504118, -0.0341903356465462, 29.6074545454545, 29.7836774193549, 29.8469634146342, 29.8469634146342
3/2/2017, 29.82, 29.89, 29.67, 29.68, 335500, 0.704887985540021, 0.357755992512601, 0, 0, 0, 0.159915287922765, 0.191729261187847, -0.0318139732650824, 29.6407272727273, 29.7744946236559, 29.8589547038328, 29.8589547038328
3/3/2017, 29.73, 29.83, 29.7, 29.76, 524810, 0.693045081998872, 0.594892379767128, 0, 0, 0, 0.160105110832276, 0.185404431116733, -0.0252993202844564, 29.6689090909091, 29.7715913978495, 29.8769988925803, 29.8769988925803
3/6/2017, 30, 30.15, 30, 30.09, 681092, 0.715977752019678, 1.16679449818432, 0, 0, 0, 0.184754059142207, 0.185274356721828, -0.000520297579620327, 29.8161818181818, 29.8056989247312, 29.9229492600423, 29.9229492600423
3/7/2017, 30.23, 30.24, 30.12, 30.2, 437059, 0.702535828819817, 1.36804930644507, 0, 0, 0, 0.210735382642675, 0.190366561905997, 0.0203688207366774, 29.9849090909091, 29.8622365591398, 29.974696969697, 29.974696969697
3/8/2017, 30.1, 30.11, 29.93, 29.94, 631639, 0.718295021003359, 1.11302541315829, 0, 0, 0, 0.207948836865057, 0.193883016897809, 0.0140658199672481, 30.0394545454545, 29.8958279569893, 29.9998550724638, 29.9998550724638
3/9/2017, 29.86, 29.91, 29.68, 29.79, 720968, 0.729455027942214, 0.939750949544737, 0, 0, 0, 0.191430046448236, 0.193392422807895, -0.00196237635965862, 30.0350909090909, 29.9171182795699, 30.0102127659574, 30.0102127659574
3/10/2017, 29.87, 29.96, 29.82, 29.95, 265282, 0.717660835334845, 1.02439368033001, 0, 0, 0, 0.18906996795701, 0.192527931837718, -0.00345796388070724, 30.0547272727273, 29.9534408602151, 30.0327127659574, 30.0327127659574
3/13/2017, 30.03, 30.13, 30, 30.08, 434214, 0.708751493263454, 0.926605606611021, 0, 0, 0, 0.195436630472926, 0.193109671564759, 0.00232695890816681, 30.0896363636363, 29.9983010752688, 30.0638265306122, 30.0638265306122
3/14/2017, 30, 30.06, 29.95, 29.96, 413367, 0.697706364202151, 0.797108455861117, 0, 0, 0, 0.18862490873499, 0.192212718998806, -0.00358781026381536, 30.0436363636363, 30.0220215053764, 30.082987755102, 30.082987755102
3/15/2017, 29.88, 30.56, 29.88, 30.33, 1149847, 0.766835428220297, 1.43636916207794, 0, 0, 0, 0.210654187615695, 0.195901012722184, 0.0147531748935117, 30.1498181818182, 30.0794193548387, 30.1292941176471, 30.1292941176471
3/16/2017, 30.33, 30.58, 30.29, 30.51, 951698, 0.771721160636694, 1.52982527309659, 2.25684730393031, 0, 0, 0.239871950982447, 0.204695200374236, 0.0351767506082111, 30.274, 30.1490967741936, 30.1859351432881, 30.1859351432881
3/17/2017, 30.57, 30.7, 30.55, 30.58, 1163889, 0.762522955541996, 1.50146510195089, 2.14337344409464, 0, 0, 0.265613823124692, 0.216878924924328, 0.0487348982003646, 30.3930909090909, 30.2249462365591, 30.2438098693759, 30.2438098693759
3/20/2017, 30.67, 30.85, 30.67, 30.77, 717861, 0.763797672455331, 1.54533772632164, 2.03186913563527, 0, 0, 0.297911713570901, 0.233085482653642, 0.0648262309172588, 30.5990909090909, 30.3303225806452, 30.3116142557652, 30.3116142557652
3/21/2017, 30.9, 30.98, 30.5, 30.54, 1079877, 0.809657880235037, 1.0279737696165, 1.65500266946422, 0, 0, 0.301473744962422, 0.246763135115398, 0.0547106098470239, 30.7105454545455, 30.3953978494624, 30.3582693602694, 30.3582693602694
3/22/2017, 30.68, 30.77, 30.6, 30.72, 774788, 0.802102997371716, 1.2845352405794, 1.93258504366843, 0, 0, 0.315187886423441, 0.260448085377007, 0.0547398010464344, 30.8136363636364, 30.4660860215054, 30.4144805194805, 30.4144805194805
3/23/2017, 30.62, 30.76, 30.57, 30.67, 474936, 0.794214994303755, 1.1436007188835, 1.73574507454407, 0, 0, 0.31835209541514, 0.272028887384633, 0.0463232080305064, 30.8269090909091, 30.5270752688172, 30.4634962406015, 30.4634962406015
3/24/2017, 30.66, 30.76, 30.61, 30.71, 1353284, 0.777943509655857, 1.46925501859896, 1.66918872815874, 0, 0, 0.320394115617582, 0.281701933031223, 0.0386921825863585, 30.838, 30.590688172043, 30.512020568663, 30.512020568663
3/27/2017, 30.71, 30.85, 30.66, 30.8, 459642, 0.767730939040741, 1.47719292737207, 1.55410084954633, 0, 0, 0.325522261182261, 0.290465998661431, 0.0350562625208304, 30.8647272727273, 30.6669247311828, 30.5634482758621, 30.5634482758621
3/28/2017, 30.88, 31.06, 30.8, 30.94, 537293, 0.768060997942213, 1.58918200854594, 1.88448082132971, 0, 0, 0.336998474816326, 0.29977249389241, 0.0372259809239164, 30.8765454545455, 30.7617849462366, 30.6208644067797, 30.6208644067797
3/29/2017, 30.82, 30.9, 30.76, 30.84, 568465, 0.761206774076377, 1.41854329765252, 1.97379734930753, 0, 0, 0.33417216384796, 0.30665242788352, 0.02751973596444, 30.8743636363637, 30.8334193548387, 30.668218579235, 30.668218579235
3/30/2017, 30.78, 30.82, 30.73, 30.75, 265676, 0.743149140386656, 1.2557702831395, 2.00778869507976, 0, 0, 0.320970100680739, 0.309515962442964, 0.0114541382377755, 30.8492727272728, 30.8901505376344, 30.7068746694871, 30.7068746694871
3/31/2017, 30.65, 30.68, 30.46, 30.48, 1532148, 0.759817725181929, 1.06001734431934, 1.64197946548848, 0, 0, 0.285430363433708, 0.304698842641113, -0.0192684792074047, 30.7318181818182, 30.8941075268817, 30.726113671275, 30.726113671275
4/3/2017, 30.68, 30.73, 30.59, 30.71, 520619, 0.75712413058834, 1.36186521973124, 1.80890056537786, 0, 0, 0.272680650622689, 0.298295204237428, -0.0256145536147386, 30.7372727272728, 30.9266451612903, 30.7582986111111, 30.7582986111111
4/4/2017, 30.71, 30.77, 30.6, 30.73, 266809, 0.746460069894225, 1.45188331342395, 1.61888113927757, 0, 0, 0.26117952918246, 0.290872069226434, -0.0296925400439745, 30.7069090909091, 30.9574838709677, 30.7897163461539, 30.7897163461539
4/5/2017, 30.69, 30.76, 30.47, 30.49, 602927, 0.762275567414138, 0.866783597340716, 1.12987154570895, 0, 0, 0.230046975014957, 0.278707050384139, -0.0486600753691816, 30.6192727272728, 30.9524301075269, 30.8047832167832, 30.8047832167832
4/6/2017, 30.47, 30.53, 30.35, 30.42, 265959, 0.755413969360099, 0.856382465134562, 0.912723783147691, 0, 0, 0.197449709214037, 0.262455582150119, -0.0650058729360812, 30.5100000000001, 30.9353978494624, 30.8146675712347, 30.8146675712347
4/7/2017, 30.57, 30.6, 30.51, 30.53, 326125, 0.744536793335653, 0.885804900285505, 1.064564194428, 0, 0, 0.178435330490078, 0.245651531818111, -0.0672162013280323, 30.4603636363637, 30.9185376344086, 30.830223880597, 30.830223880597
4/10/2017, 30.53, 30.53, 30.39, 30.43, 402998, 0.732637952202124, 0.418857030551459, 1.03597478554329, 0, 0, 0.153527366185095, 0.227226698691508, -0.0736993325064124, 30.404, 30.8795913978495, 30.8390025575448, 30.8390025575448
4/11/2017, 30.51, 30.56, 30.37, 30.55, 901164, 0.724368714934045, 0.428694210038409, 1.16495110674306, 0, 0, 0.141835629294466, 0.210148484812099, -0.0683128555176334, 30.4372727272728, 30.8467956989248, 30.8539213250518, 30.8539213250518
4/12/2017, 30.64, 30.68, 30.47, 30.66, 948679, 0.719927952680148, 0.916119352590157, 1.41905719305739, 0, 0, 0.139834004901015, 0.196085588829882, -0.0562515839288673, 30.5098181818182, 30.8377849462366, 30.8740362173038, 30.8740362173038
4/13/2017, 30.79, 30.9, 30.7, 30.7, 1041775, 0.722128386896243, 1.18824976111013, 1.51092901190642, 0, 0, 0.139863113938617, 0.184841093851629, -0.0449779799130125, 30.588, 30.8239139784946, 30.8951643192488, 30.8951643192488
4/17/2017, 30.77, 30.85, 30.68, 30.8, 468172, 0.711392026098342, 1.11708660180188, 1.51542306975893, 0, 0, 0.146269246501539, 0.177126724381611, -0.030857477880072, 30.6494545454546, 30.8214838709678, 30.9205098934551, 30.9205098934551
4/18/2017, 30.66, 30.77, 30.59, 30.65, 558413, 0.713387624262235, 0.741024165785722, 1.1687115293267, 0, 0, 0.137655598264494, 0.169232499158188, -0.0315769008936935, 30.6876363636364, 30.815311827957, 30.9363976305072, 30.9363976305072
4/19/2017, 30.79, 30.82, 30.54, 30.62, 677590, 0.724103989204952, 0.870895975832077, 1.18047494423689, 0, 0, 0.126945126303681, 0.160775024587287, -0.0338298982836053, 30.7227272727273, 30.8090537634409, 30.9497513513514, 30.9497513513514
4/20/2017, 30.8, 30.89, 30.76, 30.87, 280150, 0.726059635308806, 0.753885898058357, 1.55600713405885, 0, 0, 0.137050082729786, 0.156030036215787, -0.0189799534860005, 30.8021818181819, 30.8144731182796, 30.9753614035088, 30.9753614035088
4/21/2017, 30.99, 31.07, 30.93, 31.05, 807511, 0.717964183410103, 0.750233896666081, 1.62318749289095, 0, 0, 0.157764221437073, 0.156376873260044, 0.00138734817702946, 30.909090909091, 30.8267311827957, 31.0089029391661, 31.0089029391661
4/24/2017, 31.2, 31.34, 31.2, 31.22, 596369, 0.724796556698895, 0.868973526101791, 1.68193995807015, 0, 0, 0.185756618185671, 0.162252822245169, 0.0235037959405018, 31.0623636363637, 30.8630967741936, 31.0494105894106, 31.0494105894106
4/25/2017, 31.45, 31.57, 31.35, 31.45, 838637, 0.739165058032831, 0.906153372698279, 1.73859667109977, 0, 0, 0.223918676969493, 0.174585993190034, 0.049332683779459, 31.2374545454546, 30.9291182795699, 31.0995066536839, 31.0995066536839
4/26/2017, 31.56, 31.66, 31.55, 31.6, 719601, 0.732101393081516, 1.48411951419526, 1.7474581117914, 0, 0, 0.263231758045482, 0.192315146161124, 0.0709166118843581, 31.4327272727273, 30.9973333333334, 31.1546772151899, 31.1546772151899
4/27/2017, 31.7, 31.71, 31.56, 31.6, 364806, 0.719230500642631, 1.25334416989853, 1.78907811750355, 0, 0, 0.29103281292786, 0.212058679514471, 0.0789741334133888, 31.5927272727273, 31.0796344086022, 31.2072777777778, 31.2072777777778
4/28/2017, 31.77, 31.78, 31.66, 31.69, 391232, 0.709728609318137, 1.45788233022197, 1.81103685679601, 0, 0, 0.316677140110034, 0.232982371633584, 0.0836947684764506, 31.7405454545455, 31.1771612903226, 31.2618096958748, 31.2618096958748
5/1/2017, 31.87, 31.93, 31.72, 31.81, 436320, 0.70942265475722, 1.55871468977752, 2.13111107342158, 0, 0, 0.342732642715895, 0.254932425850046, 0.0878002168658488, 31.8958181818182, 31.2869677419355, 31.3196032912137, 31.3196032912137
5/2/2017, 32.05, 32.17, 32.02, 32.11, 657469, 0.723712174258357, 1.74564779473272, 2.26826425346237, 0, 0, 0.383172336863328, 0.280580408052702, 0.102591928810626, 32.0696363636364, 31.4395698924732, 31.3890017211704, 31.3890017211704
5/3/2017, 32, 32.08, 31.84, 31.93, 632673, 0.733682368295147, 1.27921197835401, 2.03229134368597, 0, 0, 0.396130247242507, 0.303690375890663, 0.0924398713518436, 32.0956363636364, 31.5453548387097, 31.4469355742297, 31.4469355742297
5/4/2017, 31.83, 31.83, 31.49, 31.54, 929765, 0.775369502811695, 0.819316703425366, 1.57151181996917, 0, 0, 0.37065704030605, 0.31708370877374, 0.0535733315323091, 31.9654545454545, 31.6046881720431, 31.4842900136799, 31.4842900136799
5/5/2017, 31.65, 31.82, 31.61, 31.82, 420456, 0.774116794869479, 1.20927121035553, 1.74157438439191, 0, 0, 0.368811570024711, 0.327429281023935, 0.0413822890007764, 31.9314545454545, 31.6909247311829, 31.5327506014435, 31.5327506014435
5/8/2017, 31.86, 32, 31.74, 31.74, 706658, 0.778222324893178, 1.51314649791234, 1.80997381557231, 0, 0, 0.356780941513414, 0.33329961312183, 0.0234813283915832, 31.8618181818182, 31.7622580645162, 31.5754806687566, 31.5754806687566
5/9/2017, 31.77, 32, 31.74, 31.87, 1058619, 0.777086217838218, 1.41421158201919, 1.95957009328608, 0, 0, 0.353659726109818, 0.337371635719428, 0.01628809039039, 31.8547272727273, 31.8494408602151, 31.6221527068437, 31.6221527068437
5/10/2017, 31.9, 32, 31.89, 31.95, 557130, 0.756727726897615, 1.48422187207125, 2.07353137612611, 0, 0, 0.353565785538798, 0.340610465683302, 0.0129553198554961, 31.8823636363637, 31.9492043010753, 31.6703595505618, 31.6703595505618
5/11/2017, 31.95, 31.99, 31.8, 31.93, 381099, 0.749094216431565, 1.87292190899494, 1.86727900182919, 0, 0, 0.347867504059636, 0.342061873358569, 0.00580563070106699, 31.884, 32.0332473118281, 31.7156532356533, 31.7156532356533
5/12/2017, 32, 32.1, 31.99, 32.05, 326441, 0.735496081564021, 2.14324957228417, 2.02232613258086, 0, 0, 0.349011386045369, 0.343451775895929, 0.00555961014944018, 31.9270909090909, 32.1194838709678, 31.7543272283273, 31.7642283803154
5/15/2017, 32.24, 32.28, 32.19, 32.27, 365379, 0.729594575253193, 2.23885466224425, 2.11198741959452, 0, 0, 0.363480109697491, 0.347457442656241, 0.0160226670412499, 32.0505454545454, 32.2072473118281, 31.8043833943834, 31.8202033660589
5/16/2017, 32.2, 32.22, 32.09, 32.16, 389376, 0.723470649759003, 2.2308424999681, 1.77848353565698, 0, 0, 0.361898852049467, 0.350345724534886, 0.011553127514581, 32.1709090909091, 32.2848387096775, 31.855833943834, 31.869256463052
5/17/2017, 32, 32, 31.69, 31.78, 823562, 0.769461148251637, 1.40483388621508, 1.29764087232759, 0, 0, 0.326222381219253, 0.34552105587176, -0.0192986746525067, 32.1212727272727, 32.3061935483872, 31.890590964591, 31.90040537514
5/18/2017, 31.7, 31.89, 31.48, 31.77, 1018009, 0.795744461028177, 1.26777634427637, 1.55105339086762, 0, 0, 0.293755375512173, 0.335167919799843, -0.0414125442876692, 31.9983636363637, 32.3035053763442, 31.920297924298, 31.9298223684211
5/19/2017, 31.95, 32.2, 31.89, 32.14, 628674, 0.814149391739948, 1.53944512301904, 1.93934146080107, 0, 0, 0.294486292687399, 0.327031594377354, -0.032545301689955, 32.0467272727273, 32.3348387096776, 31.9674920634921, 31.9731765463918
5/22/2017, 32.24, 32.36, 32.2, 32.27, 304201, 0.804413491725932, 1.56318930060892, 1.91100028044774, 0, 0, 0.302073349816851, 0.322039945465253, -0.0199665956484022, 32.1065454545455, 32.3789032258066, 32.0204175824176, 32.0200841573743
5/23/2017, 32.19, 32.27, 32.15, 32.24, 547868, 0.783514336510424, 1.73080524466163, 1.77900533937725, 0, 0, 0.302182031615516, 0.318068362695306, -0.0158863310797901, 32.153090909091, 32.4012688172044, 32.0747326007326, 32.0639517625232
5/24/2017, 32.41, 32.44, 32.3, 32.37, 550252, 0.772242109936399, 1.90743674839513, 1.9974802923094, 0, 0, 0.309193881667287, 0.316293466489702, -0.00709958482241491, 32.2403636363637, 32.4364516129034, 32.1287326007327, 32.1112828282829
5/25/2017, 32.51, 32.55, 32.43, 32.48, 447994, 0.758854779670849, 1.78136610927787, 1.8388898868133, 0, 0, 0.319938848156088, 0.317022542822979, 0.00291630533310877, 32.3387272727273, 32.4811827956991, 32.1815457875458, 32.1611346534654
5/26/2017, 32.46, 32.58, 32.38, 32.38, 779590, 0.754021713450392, 1.46421020216682, 1.60087572785531, 2.72089925384568, 0, 0.316734034457497, 0.316964841149883, -0.000230806692386121, 32.3965454545455, 32.5041505376346, 32.224905982906, 32.2052009318579
5/30/2017, 32.16, 32.28, 32.12, 32.15, 674363, 0.761880619827295, 0.996602318774678, 1.32063052456935, 2.42977895778979, 0, 0.292266057520337, 0.312025084423974, -0.019759026903637, 32.4009090909092, 32.4937634408604, 32.2562344322345, 32.2387093089663
5/31/2017, 32.09, 32.09, 31.81, 31.9, 803342, 0.782750433576024, 0.481655826175944, 0.942547036192504, 2.04602733201764, 0, 0.249822302854241, 0.299584528110027, -0.0497622252557859, 32.3034545454546, 32.4329462365593, 32.2746251526252, 32.2613498879761
6/1/2017, 31.94, 32.15, 31.89, 32.13, 528287, 0.77875044785314, 0.554011148518943, 1.33128649617372, 2.09924643476226, 0, 0.232069249450841, 0.28608147237819, -0.0540122229273486, 32.2236363636364, 32.3912473118281, 32.3063687423688, 32.2917857142857
6/2/2017, 32.35, 32.55, 32.32, 32.51, 579996, 0.795760974932184, 0.883746961494099, 1.44089317453554, 2.3597905998071, 0, 0.245828888528511, 0.278030955608254, -0.0322020670797435, 32.2540000000001, 32.4046881720431, 32.3582588522589, 32.335320754717
6/5/2017, 32.45, 32.74, 32.45, 32.69, 289209, 0.796166406555308, 0.958704732856317, 1.61521576935578, 2.35924048618532, 0, 0.268166738079067, 0.276058112102417, -0.00789137402334972, 32.3801818181819, 32.4423870967743, 32.419242979243, 32.3839640275084
6/6/2017, 32.62, 32.79, 32.58, 32.72, 613625, 0.787755068422322, 0.8743924097333, 1.60548709409096, 2.30761378589416, 0, 0.285005033446829, 0.277847496371299, 0.00715753707552996, 32.5127272727274, 32.4846451612905, 32.4780830280831, 32.4319730010385
6/7/2017, 32.71, 32.74, 32.52, 32.68, 390146, 0.782943039988967, 0.568538407181602, 1.50017683205766, 2.15076002736878, 0, 0.291758626302524, 0.280629722357544, 0.01112890394498, 32.6009090909092, 32.5274838709679, 32.5312161172162, 32.4768161739722
6/8/2017, 32.69, 32.81, 32.64, 32.81, 386371, 0.766755550731408, 0.883979188073684, 1.48762248491781, 2.35352490378933, 0, 0.304095388496556, 0.285322855585347, 0.0187725329112094, 32.7360000000001, 32.5888817204303, 32.5871623931624, 32.524775646372
6/9/2017, 32.75, 32.85, 32.61, 32.74, 625061, 0.766627585171736, 1.32691129473439, 1.51913519011764, 2.43303847730418, 0, 0.304711422825264, 0.28920056903333, 0.0155108537919337, 32.8449090909092, 32.6335913978496, 32.634402930403, 32.5685503685504
6/12/2017, 32.57, 32.79, 32.5, 32.77, 520398, 0.771877259127143, 1.08574551782244, 1.62406566757216, 2.53573788459731, 0, 0.304114738349739, 0.292183402896612, 0.011931335453127, 32.9300000000001, 32.6807526881722, 32.6792576312577, 32.611862934363
6/13/2017, 32.78, 32.84, 32.72, 32.81, 398637, 0.750676528269329, 1.2335131708529, 1.94086348455896, 2.53919606140953, 0, 0.303372438679745, 0.294421210053238, 0.00895122862650605, 32.9616363636365, 32.7340215053765, 32.7252161172162, 32.6550837547409
6/14/2017, 32.99, 33.14, 32.82, 32.9, 814184, 0.761343831242883, 1.18835763448322, 1.83801361747366, 2.57790136090191, 0, 0.306513116275269, 0.296839591297645, 0.00967352497762458, 32.9383636363638, 32.8122580645163, 32.7771672771673, 32.6999627387052
6/15/2017, 32.65, 32.8, 32.58, 32.8, 646115, 0.77426223919196, 0.972961145646286, 1.7293187513633, 2.36815170263527, 0, 0.297503526171774, 0.29697237827247, 0.000531147899303086, 32.8720000000001, 32.8607096774196, 32.8213382173383, 32.7398550724638
6/16/2017, 32.69, 32.83, 32.48, 32.82, 652522, 0.788422040622227, 1.01993298560545, 2.0091143285035, 2.23184435081649, 0, 0.288649818527468, 0.29530786632347, -0.00665804779600238, 32.8520000000001, 32.8800860215056, 32.8605738705739, 32.7790734632684
6/19/2017, 32.76, 32.79, 32.65, 32.74, 641496, 0.776793243877838, 0.791111085341781, 2.00448831520357, 2.07963162561515, 0, 0.272041929991019, 0.29065467905698, -0.0186127490659607, 32.8234545454547, 32.8997204301077, 32.8957118437119, 32.8142396109638
6/20/2017, 32.38, 32.38, 31.77, 31.9, 981862, 0.909423205778446, -0.292056481622049, 0.984350437672098, 1.4277583021849, 0, 0.188921311565132, 0.27030800555861, -0.0813866939934785, 32.5080000000001, 32.8015053763443, 32.8936556776558, 32.8198551354484
6/21/2017, 31.94, 32.02, 31.82, 31.87, 515143, 0.896142775372319, -0.226257775697096, 1.03899784874999, 1.45438189170797, 0, 0.119252208108207, 0.24009684606853, -0.120844637960322, 32.2189090909092, 32.7071182795701, 32.8916043956045, 32.8241475573281
6/22/2017, 31.9, 32.05, 31.88, 31.91, 452195, 0.878472790302727, 0.134015839784506, 0.982086856056666, 1.48864315752809, 0, 0.0665000363615249, 0.205377484127129, -0.138877447765604, 32.0138181818183, 32.6231397849464, 32.8925201465202, 32.8294915966387
6/23/2017, 31.97, 32.08, 31.93, 32.03, 353013, 0.857960143666313, 0.248942654390936, 0.985394628611992, 1.64349157368855, 0, 0.0339848016726805, 0.171098947636239, -0.137114145963559, 31.8852727272729, 32.5533118279572, 32.8961880341881, 32.8384834710744
6/26/2017, 32.12, 32.23, 32.08, 32.14, 930962, 0.84338644155415, 0.0169089140179165, 1.0307237724295, 1.73389961672843, 0, 0.0168975402877152, 0.140258666166534, -0.123361125878819, 31.8394545454547, 32.504795698925, 32.904275946276, 32.8506638666848
6/27/2017, 32.04, 32.07, 31.88, 31.88, 533183, 0.848529429735661, -0.338702049054624, 0.767837779468631, 1.52032595030489, 0, -0.0174232205157452, 0.108722288830078, -0.126145509345824, 31.746181818182, 32.4373763440863, 32.8952405372406, 32.8539344262295
6/28/2017, 31.85, 31.95, 31.79, 31.88, 516836, 0.8311970611347, -0.311487220228123, 0.879420804458237, 1.40435020748292, 0, -0.0441141502561706, 0.0781550010128286, -0.122269151268999, 31.7216363636365, 32.3651397849465, 32.8862832722833, 32.8569722003672
6/29/2017, 31.67, 31.76, 31.39, 31.55, 1323168, 0.875551004549144, -0.711490743074997, 0.657180022870972, 1.22577913759518, 0, -0.0908479083119929, 0.0443544191478643, -0.135202327459857, 31.6187272727274, 32.2275053763443, 32.862148962149, 32.8492696774194
6/30/2017, 31.72, 31.79, 31.69, 31.71, 605642, 0.86541950437872, -0.65929267063339, 0.596717754280748, 1.4030626679624, 0, -0.113663839457587, 0.0127507674267741, -0.126414606884361, 31.6432727272729, 32.1109892473121, 32.8440830280831, 32.8467047619048
7/3/2017, 31.73, 31.9, 31.71, 31.76, 400124, 0.850766053515641, -0.527657060226872, 0.509075161538016, 1.37829055191372, 0, -0.126255650589233, -0.0150505161764273, -0.111205134412805, 31.7296363636365, 32.0258709677422, 32.8273968253969, 32.8456467941508
7/5/2017, 31.73, 31.8, 31.57, 31.76, 739623, 0.844436818849934, -0.332748237696237, 0.393803558850172, 1.32657345494957, 0, -0.134682218848049, -0.0389768567107516, -0.0957053621372972, 31.7014545454547, 31.9518709677422, 32.8061123321123, 32.8444881889764
7/6/2017, 31.71, 31.77, 31.51, 31.56, 638195, 0.848490104510146, -0.292655956141147, 0.098805059586044, 1.13130583582082, 0, -0.155703806870228, -0.0623222467426469, -0.0933815601275814, 31.6058181818183, 31.8537849462368, 32.7733846153846, 32.8370566860465
7/7/2017, 31.5, 31.51, 31.37, 31.45, 513022, 0.839091583892629, -0.616075465961667, -0.0800733884532349, 0.996260847597936, 0, -0.179174238433241, -0.0856926450807657, -0.0934815933524751, 31.4970909090911, 31.754795698925, 32.7332576312576, 32.8263291592129
7/10/2017, 31.43, 31.6, 31.41, 31.52, 501995, 0.825506307035281, -0.968377491270235, -0.0317384865593917, 1.05745873740702, 0, -0.189936835943481, -0.106541483253309, -0.0833953526901722, 31.4616363636366, 31.6779569892476, 32.7003101343101, 32.8178954785673
7/11/2017, 31.5, 31.53, 31.37, 31.49, 305145, 0.810383005965844, -1.20420134440922, -0.114298146302107, 1.0065914198651, 0, -0.198597710506284, -0.124952728703904, -0.0736449818023805, 31.4656363636366, 31.5968387096777, 32.6634139194139, 32.8086606523248
7/12/2017, 31.74, 31.86, 31.7, 31.75, 921531, 0.821827175274684, -0.922937325566176, -0.0170317903087226, 1.2487819280846, 0, -0.182379333477062, -0.136438049658536, -0.0459412838185265, 31.5429090909093, 31.5391182795701, 32.6383345543346, 32.8073422191843
7/13/2017, 31.58, 31.64, 31.51, 31.61, 613701, 0.822156348441084, -1.01749919671559, -0.319211696816413, 1.12382596665664, 0, -0.178762322032782, -0.144902904133385, -0.0338594178993968, 31.5789090909093, 31.449548387097, 32.613010989011, 32.8017809448996
7/14/2017, 31.69, 31.83, 31.68, 31.82, 516913, 0.810463358438451, -0.919262593144534, -0.0518282024076882, 1.20772717493148, 0, -0.157139166946436, -0.147350156695995, -0.00978901025044107, 31.636181818182, 31.4038279569895, 32.5981978021978, 32.8024510779436
7/17/2017, 31.68, 31.69, 31.55, 31.61, 545716, 0.817763266758492, -1.04247189755097, 0.0719652994659559, 1.07656878204742, 0, -0.155159325588798, -0.148911990474556, -0.0062473351142423, 31.638181818182, 31.358795698925, 32.5672405372406, 32.7968409586057
7/18/2017, 31.55, 31.65, 31.45, 31.65, 371490, 0.807488847365692, -1.03112867530387, -0.0996275541513198, 1.08081673122542, 0, -0.148649087196475, -0.14885940981894, 0.000210322622464759, 31.6694545454547, 31.3366451612906, 32.533474969475, 32.7924302275655
7/19/2017, 31.75, 31.8, 31.65, 31.71, 246231, 0.789314756170544, -1.00896956810279, 0.000604747112785344, 1.19634615025216, 0, -0.13706814159341, -0.146501156173834, 0.00943301458042353, 31.7274545454547, 31.3308172043013, 32.504525030525, 32.789758806728
7/20/2017, 31.66, 31.7, 31.61, 31.69, 218531, 0.766100106413997, -1.11898122176125, -0.107356640624798, 1.2148802048785, 0, -0.128028162655472, -0.142806557470161, 0.0147783948146895, 31.7412727272729, 31.3263010752691, 32.4763003663004, 32.7864779480763
7/21/2017, 31.65, 31.7, 31.6, 31.65, 311572, 0.744512693638122, -1.06631714241046, -0.193816062305369, 1.22246707467645, 0, -0.122677430864716, -0.138780732149072, 0.0161033012843563, 31.712181818182, 31.3317634408605, 32.4424810744811, 32.7820390544707
7/24/2017, 31.78, 31.87, 31.71, 31.78, 296465, 0.739006778350039, -0.948877197968015, -0.0851410408324849, 1.15682339988419, 0, -0.106716858312247, -0.132367957381707, 0.0256510990694604, 31.7310909090911, 31.3565376344088, 32.4213284493285, 32.7812857142857
7/25/2017, 31.85, 31.97, 31.8, 31.81, 371140, 0.73125915263018, -0.84624054255446, -0.14976266367289, 1.20840015433899, 0, -0.0906028273003443, -0.124014931365435, 0.0334121040650902, 31.740181818182, 31.3933118279572, 32.4044249084249, 32.7812955748677
7/26/2017, 31.87, 32, 31.79, 31.95, 399533, 0.724515992579272, 0.0808708282157535, -0.207605876066111, 1.2356809920481, 0, -0.0657772722078249, -0.112367399533913, 0.0465901273260877, 31.832181818182, 31.4567096774196, 32.3942442002442, 32.7851117896189
7/27/2017, 31.99, 31.99, 31.66, 31.8, 853370, 0.743423637256677, -0.0842350244323423, -0.236597374154118, 0.97909393462537, 0, -0.0575432644036233, -0.101402572507855, 0.0438593081042314, 31.8334545454548, 31.5126236559142, 32.3807252747253, 32.7845891608392
7/28/2017, 31.86, 31.88, 31.73, 31.85, 387840, 0.728691619514104, -0.0703599130052734, 0.0735379344978288, 0.944494487632128, 0, -0.0464477510025745, -0.0904116082067987, 0.0439638572042242, 31.8836363636366, 31.5753118279572, 32.3635262515263, 32.7853611111112
7/31/2017, 31.77, 31.77, 31.61, 31.69, 714901, 0.733619017906217, -0.449571681594076, -0.0384033746623503, 1.01415390630221, 0, -0.0499888986114065, -0.0823270662877203, 0.0323381676763137, 31.8349090909093, 31.6251612903228, 32.3423736263736, 32.7816551724138
8/1/2017, 31.75, 31.78, 31.68, 31.72, 472086, 0.712041845636054, -0.564097210513547, -0.303505930419167, 1.12276860432403, 0, -0.0498004655572295, -0.0758217461416221, 0.0260212805843926, 31.800181818182, 31.6807741935486, 32.3207106227106, 32.7787615320101
8/2/2017, 31.87, 31.92, 31.74, 31.84, 389005, 0.705297392474775, -0.0465118096407826, -0.310156724354459, 1.09719187809349, 0, -0.0395126565768074, -0.0685599282286592, 0.0290472716518518, 31.8150909090911, 31.7021935483873, 32.3044126984127, 32.7790807133665
8/3/2017, 31.92, 31.93, 31.83, 31.9, 389370, 0.684446254782978, 0.0395722849336541, -0.24051189045267, 1.0562956679207, 0, -0.0262157959046618, -0.0600911017638597, 0.0338753058591979, 31.8396363636366, 31.7296129032261, 32.2919096459096, 32.7809114819518
8/4/2017, 31.94, 32.04, 31.83, 32, 283959, 0.681004492224943, 0.740665398909422, -0.263147280462851, 1.18363259161442, 0, -0.00752206408569123, -0.049577294228226, 0.0420552301425348, 31.8792727272729, 31.7721935483873, 32.286083028083, 32.7852724832215
8/7/2017, 32.01, 32.1, 32.01, 32.09, 206621, 0.6607209898298, 0.637330319036467, -0.277924900518846, 1.03782767246456, 0, 0.0143892308047882, -0.0367839892216232, 0.0511732200264113, 31.9569090909093, 31.8336129032261, 32.2811916971917, 32.791825165563
8/8/2017, 32.12, 32.24, 32.08, 32.11, 445160, 0.652208338070893, 0.588075771602158, -0.186934213586645, 0.947172779183125, 0, 0.0329876614932907, -0.0228296590786404, 0.0558173205719311, 32.0305454545457, 31.9045161290325, 32.2742588522589, 32.7986693970025
8/9/2017, 31.93, 32, 31.8, 31.92, 497851, 0.671844901274547, 0.261937195014171, -0.158309486600667, 0.794697786843524, 0, 0.0320264586253813, -0.0118584355378361, 0.0438848941632174, 32.050181818182, 31.934172043011, 32.2520244200244, 32.8003250773994
8/10/2017, 31.89, 31.89, 31.5, 31.53, 913389, 0.712750548247681, -0.0308735554096274, -0.261809966361284, 0.456378261316008, 0, -0.000202705543213, -0.00952728953891144, 0.00932458399569844, 31.9067272727275, 31.9140860215056, 32.2167985347985, 32.7917664035312
8/11/2017, 31.63, 31.85, 31.46, 31.7, 669000, 0.734996010944382, 0.357792358699297, -0.308015372655082, 0.685623684985077, 0, -0.0118899115950377, -0.0099998139501367, -0.00189009764490102, 31.8467272727275, 31.8958279569895, 32.1888473748474, 32.7876950146628
8/14/2017, 31.82, 31.91, 31.71, 31.83, 494723, 0.728382182519324, 0.435454705477637, -0.516590861093527, 0.655712664677985, 0, -0.0105406865747284, -0.010107988475055, -0.000432698099673359, 31.8078181818184, 31.9037634408605, 32.1605347985348, 32.7869602977668
8/15/2017, 31.85, 31.85, 31.69, 31.7, 345571, 0.720037369908851, 0.294903742668851, -0.76666759001641, 0.610801548846565, 0, -0.0197338500308994, -0.0120331607862239, -0.00770068924467553, 31.7223636363639, 31.8977634408605, 32.1240024420024, 32.7828646088519
8/16/2017, 31.77, 31.89, 31.75, 31.88, 249781, 0.709972565709067, 0.191210705497429, -0.637301789008342, 0.684998114378852, 0, -0.012352609433524, -0.0120970505156839, -0.000255558917840071, 31.724181818182, 31.9149892473121, 32.0968449328449, 32.7833274207853
8/17/2017, 31.82, 31.85, 31.56, 31.57, 384139, 0.73177792603943, -0.0398253769357149, -0.830451564842171, 0.456309804896938, 0, -0.0311581604249476, -0.0159092724975367, -0.0152488879274109, 31.6287272727275, 31.8787741935486, 32.0529255189255, 32.7759326486745
8/18/2017, 31.81, 31.98, 31.71, 31.91, 599972, 0.752024997455705, 0.122539469867983, -0.64236470288781, 0.556422645753028, 0, -0.0184142683478541, -0.0164102716676001, -0.00200399668025394, 31.6887272727275, 31.878301075269, 32.0256996336996, 32.7771006289309
8/21/2017, 31.91, 31.95, 31.81, 31.88, 385398, 0.737053380971486, 0.354545153110578, -0.614312682184234, 0.596511584982718, 0, -0.0106130506994475, -0.0152508274739696, 0.00463777677452211, 31.7612727272729, 31.8757204301078, 31.9986105006105, 32.7774293478262
8/22/2017, 31.97, 32.1, 31.89, 32.05, 350854, 0.730808071641262, 0.508602462215396, -0.504324418157524, 0.736130732174026, 0, 0.00918121441767639, -0.0103644190956404, 0.0195456335133168, 31.9080000000002, 31.8903870967744, 31.9789474969475, 32.7818656544744
8/23/2017, 31.92, 32.09, 31.89, 32.06, 210836, 0.725242631356748, 0.446766652643605, -0.526147303776038, 0.902614066319627, 0, 0.0253826333622271, -0.00321500860406691, 0.028597641966294, 32.0234545454547, 31.9200430107529, 31.9609548229548, 32.7863826403091
8/24/2017, 32.02, 32.15, 32.02, 32.1, 419769, 0.708371178293846, 0.521309899137644, -0.562714885569952, 0.79967102272602, 0, 0.040977675175057, 0.00562352815175787, 0.0353541470232991, 32.0670909090911, 31.9434408602153, 31.9404542124542, 32.7917080652402
8/25/2017, 32.02, 32.21, 31.98, 32.04, 794347, 0.710105464484108, 0.496320858669005, -0.535649337979811, 0.755183810458364, 0, 0.0479427059380981, 0.0140873637090259, 0.0338553422290722, 32.0929090909093, 31.9700645161293, 31.9156019536019, 32.7954035476719
8/28/2017, 32.05, 32.12, 31.99, 32.07, 222311, 0.694237297410891, 0.375004722001502, -0.527771817601017, 0.916876332376943, 0, 0.0552464456420374, 0.0223191800956282, 0.0329272655464092, 32.1365454545456, 31.9850752688174, 31.8965763125763, 32.7996757940855
8/29/2017, 31.9, 32.03, 31.89, 32.01, 329734, 0.688877870089626, 0.261792636275266, -0.51459505413015, 0.924662404525852, 0, 0.0555528349184371, 0.02896591106019, 0.0265869238582471, 32.1203636363638, 31.992172043011, 31.8780488400488, 32.8023605800448
8/30/2017, 31.99, 32.01, 31.85, 31.92, 210282, 0.681341841807345, -0.0251371112260874, 0.035478045983823, 0.811488850214679, 0, 0.0479803155775116, 0.0327687919636543, 0.0152115236138573, 32.092181818182, 31.9895268817207, 31.8586617826617, 32.8027887082977
8/31/2017, 31.92, 32.04, 31.84, 31.94, 382023, 0.678178146868063, 0.191550802965895, 0.0821267468292577, 0.882013733544825, 0, 0.0430960874263349, 0.0348342510561904, 0.00826183637014444, 32.0067272727274, 31.9867311827959, 31.8447472527472, 32.8036165116935
9/1/2017, 32, 32.15, 31.97, 32.14, 337020, 0.672929667405651, 0.372486587364126, 0.227483870335018, 0.919826578080488, 0, 0.0547327053998963, 0.0388139419249316, 0.0159187634749647, 32.038181818182, 32.0050322580648, 31.8425494505494, 32.8090567351201
9/5/2017, 32.02, 32.09, 31.85, 31.97, 500218, 0.688037583199773, 0.361099915538895, -0.0373700849476805, 0.760947101822388, 0, 0.0496647256880181, 0.0409840986775489, 0.00868062701046916, 31.9923636363638, 32.0072688172046, 31.832525030525, 32.810359133127
9/6/2017, 32.34, 32.48, 32.26, 32.42, 324915, 0.723218181929423, 0.777695022350203, 0.25326856996889, 0.957850609819709, 0, 0.0810255424301261, 0.0489923874280643, 0.0320331550020617, 32.1310909090911, 32.0673763440863, 31.8438998778999, 32.8220087039304
9/7/2017, 32.8, 32.92, 32.58, 32.81, 540328, 0.755086765780076, 0.999212665933171, 0.7798419535565, 1.08791048140521, 0, 0.135783726003801, 0.0663506551432117, 0.0694330708605894, 32.3863636363638, 32.1823655913981, 31.8744542124542, 32.8423538109961
9/8/2017, 32.85, 32.9, 32.64, 32.65, 463166, 0.76066391871308, 0.763493508663255, 0.644307974093073, 1.08779206015502, 0, 0.164374511128436, 0.0859554263402565, 0.0784190847881795, 32.5534545454547, 32.2615053763443, 31.9039487179487, 32.858562886187
9/11/2017, 32.81, 32.99, 32.81, 32.96, 295562, 0.767411805178488, 0.93635070270651, 1.18224484671699, 1.25004328403249, 0, 0.209630829831454, 0.110690507038496, 0.0989403227929579, 32.7856363636365, 32.3778279569895, 31.9425982905983, 32.8814541871921
9/12/2017, 32.96, 32.99, 32.87, 32.92, 272147, 0.748153051146685, 0.810052099410764, 1.0200839429219, 1.10263815417866, 0, 0.239508221067936, 0.136454049844384, 0.103054171223552, 32.9598181818184, 32.4712473118282, 31.9700781440781, 32.9029253246753
9/13/2017, 32.9, 32.95, 32.81, 32.84, 361187, 0.733792281411736, 0.711219301853688, 0.909984285912892, 0.967277149579201, 0, 0.253805228776656, 0.159924285630838, 0.0938809431458176, 33.0480000000002, 32.5485806451616, 31.9992722832723, 32.9221109399076
9/14/2017, 32.63, 32.68, 32.55, 32.68, 255862, 0.744885299739393, 0.748265035267913, 0.77201975570526, 0.79377585782041, 0, 0.249350688049567, 0.177809566114584, 0.071541121934983, 33.0176363636365, 32.6063870967745, 32.0189474969475, 32.9372760743985
9/15/2017, 32.86, 32.99, 32.83, 32.98, 269047, 0.74820221393903, 1.50750976704419, 1.17127357871396, 0.820834486802506, 0, 0.266950683912384, 0.195637789674144, 0.0713128942382399, 33.0534545454547, 32.7008387096777, 32.0539365079365, 32.9587722051347
9/18/2017, 32.93, 32.98, 32.84, 32.88, 517313, 0.734243417424688, 1.2228244948535, 1.18466538482307, 0.691621960924413, 0, 0.269720473446938, 0.210454326428703, 0.0592661470182351, 33.0380000000002, 32.7823010752691, 32.0855189255189, 32.9775772811918
9/19/2017, 32.8, 32.86, 32.67, 32.81, 663317, 0.731021864878925, 1.01455535356419, 1.06797228387103, 0.655592173563445, 0, 0.263232753299398, 0.221010011802842, 0.0422227414965562, 32.9240000000002, 32.8552043010756, 32.1129157509157, 32.9944192756292
9/20/2017, 32.79, 32.85, 32.42, 32.68, 517985, 0.763022827948093, 1.01928303267815, 0.982747928526955, 0.54131837905962, 0, 0.244779607847057, 0.225763931011685, 0.0190156768353723, 32.8092727272729, 32.9083010752691, 32.136652014652, 33.0080316920649
9/21/2017, 32.68, 32.72, 32.54, 32.67, 267749, 0.752641772772466, 0.830551124041367, 0.775344612067814, 0.474093845366518, 0, 0.226734783257939, 0.225958101460936, 0.00077668179700302, 32.7549090909092, 32.9437849462369, 32.1643785103785, 33.0211097099622
9/22/2017, 32.64, 32.65, 32.56, 32.63, 389955, 0.732741844335049, 1.19064694738766, 0.86634153740735, 0.300233173454898, 0, 0.206822344810533, 0.222130950130855, -0.0153086053203225, 32.6623636363638, 32.94335483871, 32.187619047619, 33.0330161558565
9/25/2017, 32.61, 32.63, 32.4, 32.5, 456170, 0.734273786511386, 0.69664972614932, 0.586284167944606, 0.328284476955363, 0, 0.178494111328263, 0.213403582370337, -0.0349094710420741, 32.5880000000001, 32.930666666667, 32.1963882783882, 33.041839012926
9/26/2017, 32.4, 32.54, 32.35, 32.43, 299619, 0.72835964102803, 0.648918504719979, 0.716858579397569, 0.508975554321412, 0, 0.148681459895386, 0.200459157875347, -0.051777697979961, 32.5065454545456, 32.9126021505379, 32.2013479853479, 33.0489398430689
9/27/2017, 32.35, 32.37, 32.12, 32.29, 450500, 0.74294419326764, 0.290532289244846, 0.560010111994965, 0.283748022810661, 0, 0.112461502677093, 0.182859626835696, -0.0703981241586032, 32.3874545454547, 32.8642365591401, 32.2079267399267, 33.0528670001725
9/28/2017, 32.06, 32.22, 31.98, 32.18, 524539, 0.756376152908063, 0.151036708762457, 0.414809448399147, 0.268007800664888, 0, 0.0740275019769783, 0.161093201863952, -0.087065699886974, 32.2283636363638, 32.810107526882, 32.2124761904762, 33.054333257481
9/29/2017, 32.27, 32.45, 32.25, 32.39, 764115, 0.755578121968275, 0.336707553044967, 0.599593741854886, 0.309052001877742, 0, 0.0598239116623347, 0.140839343823629, -0.0810154321612941, 32.229090909091, 32.7600215053767, 32.2256043956044, 33.0601519756839
10/2/2017, 32.16, 32.27, 32.13, 32.14, 551709, 0.763830634786085, 0.122210969396845, 0.41878864511145, 0.130963354595448, 0, 0.0280709686903222, 0.118285668796967, -0.0902147001066453, 32.1556363636365, 32.6955913978498, 32.2305836385836, 33.0605619604567
10/3/2017, 32.23, 32.35, 32.13, 32.3, 334813, 0.756100333496085, 0.258648720861932, 0.440343364405992, 0.22636513074943, 0, 0.0156369425020984, 0.0977559235379937, -0.0821189810358953, 32.1638181818183, 32.647978494624, 32.2451697191697, 33.0642546155966
10/4/2017, 32.28, 32.35, 32.2, 32.32, 756766, 0.741056272689584, 0.344662183640303, 0.43195976442441, 0.173008558019733, 0, 0.00731242691301759, 0.0796672242129984, -0.0723547972999809, 32.1807272727274, 32.6115268817208, 32.2585396825396, 33.0682444371728
10/5/2017, 32.27, 32.42, 32.23, 32.37, 389771, 0.732264188960797, 0.496784826749976, 0.359762826915257, 0.0824288296897591, 0, 0.00469564202797557, 0.0646729077759939, -0.0599772657480183, 32.2325454545456, 32.5803440860219, 32.269028083028, 33.0731449697755
10/6/2017, 32.21, 32.36, 32.1, 32.22, 310642, 0.740789019454623, 0.310828138676718, 0.361425367528646, 0.0612075539518639, 0, -0.00937386911589044, 0.049863552397617, -0.0592374215135075, 32.2409090909092, 32.5307956989251, 32.2672429792429, 33.0748223919662
10/9/2017, 32.32, 32.36, 32.25, 32.34, 178025, 0.722783274473919, 0.227885860265721, 0.416129448694339, 0.335326024421432, 0, -0.01071751609053, 0.0377473386999876, -0.0484648547905176, 32.2870909090911, 32.4916989247316, 32.2755799755799, 33.0788754956384
10/10/2017, 32.43, 32.54, 32.42, 32.52, 527278, 0.713593805094164, 0.603943652022834, 0.692159535266883, 0.436695762986482, 0, 0.00271088033777289, 0.0307400470275447, -0.0280291666897718, 32.390181818182, 32.4755053763445, 32.3000757020757, 33.0864714809
10/11/2017, 32.41, 32.49, 32.35, 32.48, 527588, 0.704918935177928, 0.0850926918141664, 0.634905968554165, 0.215862081147919, 0, 0.0100099273361565, 0.026594023089267, -0.0165840957531106, 32.4465454545456, 32.4473333333337, 32.3268156288156, 33.0930741738319
10/12/2017, 32.38, 32.4, 32.3, 32.32, 412605, 0.700834735886453, -0.645605916431734, 0.406164434139074, 0.0557237589953681, 0, 0.00285094789230556, 0.0218454080498747, -0.0189944601575692, 32.4152727272729, 32.3898279569896, 32.3473821733821, 33.0962882633441
10/13/2017, 32.35, 32.54, 32.35, 32.48, 353209, 0.696380225697587, -0.214648578479448, 0.482396320093898, 0.15990026071441, 0, 0.00997310419251107, 0.019470947278402, -0.00949784308589094, 32.4736363636365, 32.3513763440864, 32.3743467643467, 33.1026064666768
10/16/2017, 32.43, 32.5, 32.39, 32.42, 144009, 0.679750408517111, -0.780181891779896, 0.354781701720049, 0.0556392430348336, 0, 0.0106531627845001, 0.0177073903796216, -0.00705422759512151, 32.4563636363638, 32.315161290323, 32.401724053724, 33.1075703517588
10/17/2017, 32.34, 32.37, 32.17, 32.24, 404784, 0.688139976176132, -0.9628982884061, 0.138484659750428, -0.103231812386971, 0, -0.00329440570079953, 0.0135070311635374, -0.0168014368643369, 32.3936363636365, 32.2429677419359, 32.4199633699633, 33.1088283582089
10/18/2017, 32.31, 32.4, 32.25, 32.28, 471694, 0.677706046788184, -0.790607103765773, 0.154176985476108, -0.0266716850986885, 1.29044759429484, -0.0109935615716168, 0.00860691261650656, -0.0196004741881234, 32.3520000000002, 32.2041075268821, 32.4409841269841, 33.1108088271514
10/19/2017, 32.13, 32.16, 32.04, 32.13, 562047, 0.684174716178227, -0.781672437425874, 0.187394769268899, 0.0170125656452194, 1.18210746606618, -0.0288661929624681, 0.00111229150071164, -0.0299784844631797, 32.2707272727274, 32.1731182795703, 32.4566959706959, 33.1097614983173
10/20/2017, 32.18, 32.2, 32.07, 32.14, 213729, 0.669987770667895, -1.3508460164745, 0.536343727433167, 0.162834895183099, 1.07035899062717, -0.0417422865824975, -0.00745862411593018, -0.0342836624665673, 32.1760000000002, 32.1371182795703, 32.475343101343, 33.1088829324833
10/23/2017, 32.06, 32.15, 31.94, 31.98, 281176, 0.672505834953184, -1.43088814973531, 0.255961871044149, -0.0569240825200801, 0.987265095120426, -0.0641182313095072, -0.0187905455546456, -0.0453276857548616, 32.0543636363638, 32.1047741935488, 32.4853308913308, 33.1048608321377
10/24/2017, 31.97, 31.97, 31.86, 31.88, 259179, 0.65970513713026, -1.47674303318204, 0.0608972392207408, -0.334793386989636, 0.994097644361735, -0.088895758018019, -0.0328115880473203, -0.0560841699706987, 31.9538181818183, 32.0633978494628, 32.4919926739926, 33.0989263556713
10/25/2017, 31.91, 31.97, 31.7, 31.85, 492327, 0.669696382515763, -1.33534808534567, 0.14681905612936, -0.457157155970852, 0.935836348571484, -0.109688455490293, -0.0481869615359148, -0.061501493954378, 31.8698181818183, 32.0195913978499, 32.4962539682539, 33.0924708034332
10/26/2017, 31.8, 31.99, 31.76, 31.77, 306022, 0.674011277745379, -1.44772324273065, -0.076839106872437, -0.520614788646541, 0.87751699868772, -0.131110785925955, -0.0647717264139228, -0.0663390595120322, 31.7605454545456, 31.9613548387101, 32.4790036630036, 33.084546636938
10/27/2017, 31.98, 32.22, 31.87, 32.16, 439290, 0.702508438410203, -0.613230676483677, 0.518237879269166, -0.262769005614523, 0.911169548519277, -0.115289411926248, -0.074875263516388, -0.0404141484098605, 31.8480000000001, 31.97847311828, 32.4782295482295, 33.0841594589621
10/30/2017, 32.17, 32.23, 32.08, 32.11, 248945, 0.691779439748008, -0.513816341029767, 0.19333979416896, -0.363878646225722, 0.953226705263286, -0.105568513072612, -0.0810139134276327, -0.0245545996449791, 31.9236363636365, 31.9878709677424, 32.4759462759462, 33.0827874231032
10/31/2017, 32.15, 32.17, 32.07, 32.16, 345521, 0.671715980093069, -0.352064663973766, 0.263451104214299, -0.296912701690499, 1.02141344349139, -0.092760760260532, -0.0833632827942126, -0.00939747746631944, 31.9974545454547, 32.0039139784951, 32.4783687423687, 33.082343037689
11/1/2017, 32.05, 32.21, 31.99, 32.06, 561854, 0.674431273356315, -0.301911602280104, 0.0264340407119587, -0.36956308504451, 1.02836962332857, -0.0896463013877025, -0.0846198865129106, -0.0050264148747919, 32.049090909091, 32.0027956989252, 32.4787692307691, 33.079983457033
11/2/2017, 32, 32.02, 31.92, 32.01, 336173, 0.663578672059147, -0.222730447610425, -0.0264846729411481, -0.420002185467161, 1.00394991061613, -0.0901731919985878, -0.085730547610046, -0.00444264438854174, 32.0654545454547, 31.9986666666671, 32.4712649572649, 33.0766861546638
11/3/2017, 31.98, 31.98, 31.77, 31.9, 361081, 0.670191085516697, -0.689535530411495, -0.158256434160349, -0.531984686702817, 0.964478341805745, -0.0983333120840513, -0.0882511005048471, -0.0100822115792042, 32.0523636363638, 31.9821720430112, 32.4588571428571, 33.0713522881839
11/6/2017, 31.92, 32.05, 31.92, 32.01, 246663, 0.65792380026815, -0.184112661176006, -0.00852196616028238, -0.413929199546218, 0.920806139204685, -0.094831032241224, -0.0895670868521225, -0.00526394538910156, 32.0583636363638, 31.9756774193553, 32.4439096459096, 33.0681082373397
11/7/2017, 32.13, 32.15, 31.97, 32, 628319, 0.653347931382947, -0.452559036606182, -0.0435671112885379, -0.430684130728245, 0.840107353982103, -0.0918041060710166, -0.0900144906959013, -0.00178961537511532, 32.0392727272728, 31.966408602151, 32.4317435897435, 33.0646937984496
11/8/2017, 31.98, 32.11, 31.93, 32.01, 498387, 0.648602846424292, -0.46806227583537, 0.0177279563159126, -0.381149248505668, 0.793854356450807, -0.0875886612815862, -0.0895293248130383, 0.00194066353145214, 32.011090909091, 31.9518494623661, 32.4209133089132, 33.0614806280935
11/9/2017, 32.23, 32.36, 32.13, 32.22, 784617, 0.666470771518917, -0.208451725466787, 0.277472387374945, 0.227113695078441, 0.868583795976507, -0.0665356642382235, -0.0849305926980753, 0.0183949284598518, 32.0307272727274, 31.958408602151, 32.4190793650793, 33.0621261573585
11/10/2017, 32.27, 32.3, 32.16, 32.19, 436612, 0.655483188736333, -0.0345979113800874, 0.234169813525717, 0.227304090113899, 0.88254743958185, -0.051676072090423, -0.0782796885765449, 0.0266036164861219, 32.0934545454547, 31.9749032258069, 32.4111526251526, 33.0621779565163
11/13/2017, 32.19, 32.24, 32.08, 32.23, 436720, 0.646757792527193, -0.156645397303102, 0.0963613040382375, 0.227052301639455, 0.900556715978551, -0.0362541571929711, -0.0698745822998301, 0.033620425106859, 32.1583636363638, 31.981096774194, 32.4020683760683, 33.0629182233292
11/14/2017, 32.08, 32.08, 31.97, 32.01, 589476, 0.659255028756447, -0.757727513876666, 0.0527546797177338, 0.0122023924838358, 0.879396800772976, -0.0413081650973197, -0.064161298859328, 0.0228531337620083, 32.1507272727274, 31.9694623655919, 32.3843516483516, 33.0596380090498
11/15/2017, 32.02, 32.04, 31.93, 31.93, 383813, 0.645086620637932, -0.816442116416395, -0.445447347635189, -0.107469844699673, 0.871757926715441, -0.0511788759614404, -0.0615648142797505, 0.0103859383183101, 32.1036363636365, 31.9508817204306, 32.3621123321122, 33.054935795524
11/16/2017, 31.98, 32.25, 31.93, 32.25, 605842, 0.656363876189789, -0.0843475069847316, -0.517297954361717, 0.25611699678678, 0.929558312758469, -0.0328020383084109, -0.0558122590854826, 0.0230102207770717, 32.1641818181819, 31.9787526881725, 32.3593162393161, 33.0559992728154
11/17/2017, 32.17, 32.3, 32.17, 32.24, 499911, 0.643900380172601, -0.324846395334047, -0.379644798089482, 0.249895944288914, 0.863614493753039, -0.0188281394257501, -0.0484154351535361, 0.029587295727786, 32.1861818181819, 31.9961290322585, 32.3526056166055, 33.0568333600256
11/20/2017, 32.2, 32.45, 32.18, 32.41, 853779, 0.650150596850553, -0.00230824598040074, -0.528869709982317, 0.572848618668603, 0.923566338638117, 0.00589589120227174, -0.0375531698823745, 0.0434490610846463, 32.2703636363637, 32.0429462365596, 32.357531135531, 33.0606357142857
11/21/2017, 32.4, 32.6, 32.4, 32.5, 514842, 0.646701901591696, 0.374624923476051, -0.39800285717486, 0.527914557730812, 0.998763146710278, 0.0323788680054022, -0.0235667623048192, 0.0559456303102214, 32.3618181818183, 32.1127311827962, 32.3612918192917, 33.0659347099312
11/22/2017, 32.69, 32.85, 32.69, 32.77, 322990, 0.66270739126163, 0.654903100931495, -0.0504688855885443, 0.657068921831682, 1.04251116511883, 0.0742971105946921, -0.00399398772491692, 0.0782910983196091, 32.5212727272728, 32.2142365591403, 32.3770915750915, 33.0758656582589
11/24/2017, 32.65, 32.65, 32.5, 32.61, 164952, 0.674059342258861, 0.643361372583507, -0.050790652763423, 0.555435954200969, 0.967178927794298, 0.0935288150666906, 0.0155105728334046, 0.078018242233286, 32.6260000000001, 32.2829032258069, 32.3864102564102, 33.0828101089729
11/27/2017, 32.64, 32.68, 32.52, 32.52, 311260, 0.666728825138634, 0.507608933424425, -0.440274828361477, 0.630846882545738, 0.898463251315437, 0.100351047173632, 0.0324786677014501, 0.0678723794721819, 32.6723636363638, 32.3489462365597, 32.390691086691, 33.0880468091627
11/28/2017, 32.59, 32.66, 32.54, 32.64, 254189, 0.65250981384292, 0.891185343485672, -0.221343607123716, 0.776540716937132, 0.892354179831462, 0.11412514871413, 0.0488079639039861, 0.0653171848101442, 32.750181818182, 32.4259569892478, 32.3987203907203, 33.0952534649706
11/29/2017, 32.81, 32.85, 32.52, 32.57, 927851, 0.671876705791872, 0.939442057110356, -0.221842335608553, 0.687684628470179, 0.884713865402826, 0.118032206630879, 0.0626528124493647, 0.0553793941815143, 32.7374545454547, 32.4806666666672, 32.4058534798534, 33.1011089779786
11/30/2017, 32.83, 32.91, 32.75, 32.76, 1123678, 0.686473537614749, 1.21088378053071, 0.0938431952404418, 0.820253976680746, 0.917842349636784, 0.134904890678122, 0.0771032280951162, 0.0578016625830059, 32.7438181818183, 32.5600215053769, 32.4213797313796, 33.1101127033886
12/1/2017, 32.77, 32.85, 32.45, 32.61, 993213, 0.716480510200743, 1.10393732930844, -0.0424478613175701, 0.566496306303047, 0.9327672475414, 0.134621040394009, 0.0886067905548948, 0.0460142498391143, 32.717090909091, 32.6072473118285, 32.4327643467642, 33.1163796803315
12/4/2017, 32.85, 32.92, 32.65, 32.65, 531362, 0.727295802933045, 0.730807123345877, 0.0351625479101283, 0.683766699514523, 0.919462456570863, 0.136055390850693, 0.0980965106140544, 0.0379588802366385, 32.6825454545456, 32.6571182795704, 32.4420805860805, 33.1232034774953
12/5/2017, 32.95, 33.17, 32.94, 33.07, 758060, 0.760777065844443, 1.23805100837847, 0.531755644832095, 0.791489585075431, 1.01269463922422, 0.169132954418167, 0.112303799374877, 0.0568291550432901, 32.8047272727274, 32.7463225806457, 32.4702442002441, 33.1370278232406
12/6/2017, 32.79, 32.85, 32.72, 32.75, 1029788, 0.7832351966138, 0.704999684069378, 0.297097350764883, 0.722846966461488, 0.910602005372221, 0.167593917846609, 0.123361823069223, 0.044232094777386, 32.7983636363638, 32.7812258064522, 32.4799706959706, 33.1452037504508
12/7/2017, 32.73, 32.88, 32.59, 32.86, 577887, 0.78570922260033, 0.957793082291694, 0.518093055822795, 0.762855308720192, 0.931212121739977, 0.173253146540162, 0.133340087763411, 0.0399130587767509, 32.8703636363638, 32.8224731182801, 32.4943956043954, 33.155080454838
12/8/2017, 32.8, 32.94, 32.78, 32.9, 356869, 0.769832364799833, 1.06954431466168, 0.654095078803378, 0.749752304490592, 0.986859535025856, 0.178903503533228, 0.142452770917375, 0.0364507326158531, 32.9192727272729, 32.8569462365597, 32.5124004884003, 33.1654519022799
12/11/2017, 32.92, 33.02, 32.85, 32.97, 247445, 0.755569019163445, 1.30414606903932, 0.535246305266195, 0.803675373943017, 1.02159670602399, 0.186875680624283, 0.151337352858756, 0.0355383277655267, 32.9585454545456, 32.9190107526887, 32.5340219780218, 33.1768098871348
12/12/2017, 33.04, 33.09, 33.01, 33.02, 431410, 0.734874471039608, 1.23291785673436, 0.828344164333095, 0.858553669194111, 1.05098937486251, 0.194980654919277, 0.16006601327086, 0.0349146416484168, 33.0145454545456, 32.9788602150543, 32.5592673992672, 33.1888033472804
12/13/2017, 33.2, 33.6, 33.2, 33.37, 873986, 0.777712834343466, 1.56737957412133, 0.962764940396031, 0.969570822717503, 1.06687798958282, 0.227028932159861, 0.173458597048661, 0.0535703351112005, 33.1567272727274, 33.0805806451618, 32.6010647130646, 33.2063893499309
12/14/2017, 33.54, 33.66, 33.5, 33.51, 538133, 0.77901114347775, 1.70679703850669, 1.06105354028888, 1.02984586529839, 1.12237415163945, 0.260718848149949, 0.190910647268918, 0.0698082008810309, 33.3416363636365, 33.18559139785, 32.6484884004883, 33.2260001371695
12/15/2017, 33.59, 33.78, 33.49, 33.59, 750299, 0.781465622120941, 1.57716209489097, 1.08437443782597, 0.993158880864481, 1.11970422575422, 0.29052469289261, 0.210833456393657, 0.0796912364989537, 33.4832727272729, 33.2880645161296, 32.694161172161, 33.246612590552
12/18/2017, 33.48, 33.62, 33.44, 33.55, 382898, 0.770103091943079, 1.56584916495864, 1.19637985909863, 1.06571023377975, 1.01787817995203, 0.307375144552616, 0.230141794025449, 0.0772333505271671, 33.5656363636365, 33.3679354838715, 32.7281953601952, 33.2662450246239
12/19/2017, 31.95, 32.03, 31.72, 31.78, 602708, 1.06026151031956, -0.205044765970553, -0.244682318063537, 0.00784896346552598, 0.416823660884739, 0.175877633522106, 0.21928896192478, -0.0434113284026743, 33.0714545454547, 33.2199139784952, 32.6871575091573, 33.2567283372366
12/20/2017, 32.1, 32.15, 31.99, 32.04, 271103, 1.05681508296061, 0.0464066542881154, -0.202254329862847, 0.185784828738787, 0.543509086657464, 0.0915889552671771, 0.193748960593259, -0.102160005326082, 32.6734545454547, 33.1056989247318, 32.6603150183149, 33.2515360876058
12/21/2017, 32.12, 32.25, 32.12, 32.15, 371940, 1.03319867792084, 0.145454991446056, -0.128449055401708, 0.219094776174689, 0.607681356999763, 0.0332819970302154, 0.161655567880651, -0.128373570850435, 32.374181818182, 33.0058494623662, 32.6352380952379, 33.2481656298345
12/22/2017, 32.24, 32.29, 32.03, 32.28, 434314, 1.01785844548938, 0.0461475755849911, 0.0129338250569966, 0.222562213449527, 0.598076049038186, -0.00240900440363845, 0.128842653423793, -0.131251657827431, 32.1665454545456, 32.9355913978501, 32.6195140415139, 33.2469060989944
12/26/2017, 32.28, 32.38, 32.21, 32.36, 303386, 0.990841999053691, 0.0931806062114827, -0.0261225124679977, 0.230507532617135, 0.584420082454733, -0.0239628202916649, 0.0982815586807013, -0.122244378972366, 32.0343636363638, 32.8730967741941, 32.6001050061048, 33.2469179945589
12/27/2017, 32.47, 32.6, 32.46, 32.54, 208275, 0.972970643359207, 0.098024761655728, 0.0907229875292934, 0.262701516272352, 0.656154754960384, -0.026217658149335, 0.073381715314694, -0.099599373464029, 32.0076363636365, 32.8350107526888, 32.5955409035407, 33.2497754216868
12/28/2017, 32.72, 32.87, 32.71, 32.77, 492309, 0.968185581268329, 0.169478313886904, 0.289119582586905, 0.318722646227001, 0.619820040624223, -0.0093379139278511, 0.056837789466185, -0.0661757033940361, 32.1565454545456, 32.8094408602157, 32.5999023199022, 33.2562227888447
12/29/2017, 33.12, 33.22, 32.95, 32.97, 579955, 0.982440686176978, 0.133056427727533, 0.364191384254012, 0.390891911039228, 0.621028874456756, 0.0199477878288974, 0.0494597891387275, -0.0295120013098301, 32.4352727272729, 32.7990107526888, 32.6161318681317, 33.2657209258206
1/2/2018, 33.28, 33.29, 33.03, 33.26, 956517, 0.973286709323278, 0.361621256196699, 0.572068866105667, 0.585607040109194, 0.667741120449222, 0.0657990038738845, 0.0527276320857589, 0.0130713717881256, 32.8596363636365, 32.8400000000006, 32.6445860805859, 33.2796357989837
1/3/2018, 33.39, 33.63, 33.34, 33.58, 1260954, 0.970903518597011, 0.564604237713389, 0.710627214319438, 0.882586400551481, 0.691461602149606, 0.126499540617118, 0.0674820137920307, 0.0590175268250874, 33.4045454545456, 32.9144086021512, 32.6870378510377, 33.2983607730852
1/4/2018, 33.74, 33.92, 33.74, 33.87, 844759, 0.96465288298681, 0.642722124586274, 0.918674261101542, 0.922673141333548, 0.812590590404051, 0.195749254126866, 0.0931354618589979, 0.102613792267869, 33.6940000000002, 33.0283010752694, 32.7397484737483, 33.3213413617416
1/5/2018, 34.21, 34.4, 34.1, 34.35, 1280512, 0.980761382516015, 0.895958793283981, 1.16554215436413, 1.04158356824101, 0.867213607808394, 0.286064565234192, 0.131721282534037, 0.154343282700155, 34.0872727272729, 33.1996774193555, 32.8127667887666, 33.3514656862745
1/8/2018, 34.38, 34.69, 34.38, 34.58, 2221228, 0.974687559715264, 0.909115371562512, 1.27845220511211, 1.18241635711779, 0.927638170055983, 0.37191200766604, 0.179759427560437, 0.192152580105603, 34.4560000000002, 33.4063010752694, 32.892835164835, 33.3847251945526
1/9/2018, 34.29, 34.36, 34.13, 34.26, 1402740, 1.00027615365459, 0.824197523945885, 1.16311461953353, 0.979517719420286, 0.844520123660412, 0.409406020879985, 0.225688746224347, 0.183717274655638, 34.6076363636366, 33.5499784946243, 32.9550329670328, 33.412554519953
1/10/2018, 34.21, 34.3, 34.12, 34.2, 496585, 0.978245262368299, 0.77511236932711, 0.965120622655855, 1.09338408120794, 0.809858492041834, 0.429329751792558, 0.266416947337989, 0.162912804454569, 34.6465454545457, 33.669397849463, 33.013338217338, 33.4390554009159
1/11/2018, 34.27, 34.43, 34.27, 34.41, 581336, 0.957081911489277, 0.676533107058842, 1.07978627291728, 1.03878931681766, 0.820982438082968, 0.456799002487116, 0.304493358367815, 0.152305644119302, 34.6936363636365, 33.8126236559146, 33.0836117216115, 33.4683964953965
1/12/2018, 34.43, 34.65, 34.36, 34.64, 796362, 0.945049917598981, 0.956423777136158, 1.1536880004955, 1.13675716093558, 0.893249857560364, 0.491462386906079, 0.341887164075467, 0.149575222830612, 34.764181818182, 33.9689462365598, 33.158498168498, 33.5008346595933
1/16/2018, 34.69, 34.72, 34.44, 34.49, 961166, 0.942293496327842, 0.82521533653963, 1.13365633444167, 1.00846395652585, 0.882239609088373, 0.501053786243943, 0.373720488509163, 0.127333297734781, 34.7209090909093, 34.1055483870974, 33.2348717948716, 33.5305261618555
1/17/2018, 34.71, 34.82, 34.63, 34.71, 806719, 0.937041704233071, 0.907655674777609, 1.25120233038028, 1.08570596023679, 0.997236774097124, 0.520408258246611, 0.403058042456652, 0.117350215789959, 34.7287272727275, 34.2489032258071, 33.328012210012, 33.5631344150002
1/18/2018, 34.54, 34.64, 34.53, 34.61, 567007, 0.918765723092557, 0.823051880927089, 1.2603064099183, 1.03009454600339, 0.921769205753233, 0.521664231943895, 0.426779280354101, 0.0948849515897938, 34.6869090909093, 34.3686881720437, 33.4118339438338, 33.5937703076392
1/19/2018, 34.89, 35.02, 34.84, 35.01, 557562, 0.921409814122301, 0.975455875528553, 1.36784959930119, 1.19578577981495, 0.996211761326555, 0.548612197297111, 0.451145863742703, 0.0974663335544076, 34.7850909090911, 34.5545806451619, 33.5185934065932, 33.63
1/22/2018, 34.98, 35.16, 34.98, 35.16, 678512, 0.89720221026168, 0.881210239355681, 1.43606575925631, 1.23827655059109, 1.08894507915431, 0.575439096678721, 0.476004510329907, 0.0994345863488147, 34.9689090909093, 34.7256559139791, 33.6295189255187, 33.6679764505604
1/23/2018, 35.16, 35.23, 35.09, 35.22, 708076, 0.870765139896666, 0.841243744919093, 1.45721480310829, 1.2857158890293, 1.11906720403923, 0.594685936972809, 0.499740795658487, 0.0949451413143217, 35.1752727272729, 34.8961290322587, 33.7396483516482, 33.7063242375602
1/24/2018, 35.47, 35.6, 35.39, 35.55, 943263, 0.872993834481085, 0.948321245019169, 1.4934618264992, 1.43792483701557, 1.15748707568833, 0.629313108861652, 0.52565525829912, 0.103657850562532, 35.3967272727275, 35.0959139784953, 33.8589035409033, 33.7490591983901
1/25/2018, 35.78, 36, 35.67, 35.72, 1144546, 0.888387017777505, 1.04583372869417, 1.5784178979918, 1.49021898791893, 1.21696961589273, 0.662832253687824, 0.553090657376861, 0.109741596310963, 35.5945454545456, 35.3048387096781, 33.9901538461536, 33.7937330078234
1/26/2018, 35.96, 36.08, 35.8, 36.06, 579627, 0.885926929042203, 4.94572761239116, 1.69136927815426, 1.52683385789794, 1.25361717482479, 0.708662555147782, 0.584205036931045, 0.124457518216737, 35.8689090909093, 35.5424946236566, 34.1320366300365, 33.8428269310203
1/29/2018, 36.07, 36.07, 35.95, 35.97, 983020, 0.86041698104528, 4.38839999407308, 1.76685333703634, 1.5666417013655, 1.20858352654969, 0.729314072757177, 0.613226844096272, 0.116087228660905, 36.068181818182, 35.7724516129039, 34.2661001220999, 33.8899322126555
1/30/2018, 35.79, 35.82, 35.56, 35.56, 1162983, 0.88446959695694, 3.29282040313743, 1.60601800379486, 1.23813551639402, 1.10641428474182, 0.704476212505192, 0.631476717778056, 0.0729994947271362, 36.0232727272729, 35.9429462365598, 34.3770378510376, 33.9197411507449
1/31/2018, 35.79, 35.93, 35.53, 35.61, 1074850, 0.895230326436375, 3.19589094127217, 1.49029101663959, 1.1120276416999, 1.0932579464869, 0.680976735527089, 0.641376721327862, 0.039600014199227, 35.9812727272728, 36.111892473119, 34.4878290598288, 33.9512297389641
2/1/2018, 35.65, 35.78, 35.49, 35.56, 1423657, 0.892440785381872, 3.02958901805227, 1.47324279113685, 1.16028978264996, 1.12014295593553, 0.650816441763311, 0.643264665414952, 0.00755177634835902, 35.8529090909092, 36.2587956989254, 34.5933919413917, 33.9844192975263
2/2/2018, 35.74, 35.85, 35.26, 35.27, 1548528, 0.938430241331738, 2.43338002115236, 1.26432757775609, 0.928170704628933, 1.0634163918559, 0.596635967255921, 0.633938925783146, -0.0373029585272251, 35.6525454545456, 36.2379354838717, 34.6812429792427, 34.0135894492278
2/5/2018, 35.2, 35.48, 34.46, 34.51, 2332167, 1.05892532254946, 1.28317878810436, 0.8640962043414, 0.635122498084438, 0.828387764221982, 0.486760826633251, 0.604503305953167, -0.117742479319916, 35.2054545454547, 36.1154623655921, 34.7322881562879, 34.0302189421894
2/6/2018, 34.1, 35.25, 34.02, 35.11, 1921012, 1.16395150205419, 1.46831492208792, 0.970111905164506, 0.866393082727409, 0.899075489922032, 0.442992430685202, 0.572201130899574, -0.129208700214372, 35.013090909091, 36.060516129033, 34.8049255189253, 34.056397703977
2/7/2018, 35.08, 35.49, 34.59, 34.59, 2362109, 1.2524724017134, 0.872334698103637, 0.819554256309496, 0.732180389859776, 0.748813238922205, 0.362171124108407, 0.530195129541341, -0.168024005432933, 34.713090909091, 35.9291612903233, 34.8503223443221, 34.0752185321853
2/8/2018, 34.79, 34.8, 33.75, 33.77, 1913992, 1.37420400818784, 0.135190555422847, 0.515807393914925, 0.320786805078785, 0.519612973950974, 0.229309175945865, 0.470017938822245, -0.240708762876381, 34.2161818181819, 35.6841935483878, 34.8627765567763, 34.0832021320213
2/9/2018, 34.1, 34.26, 33.37, 34.02, 2118175, 1.42670564046673, 0.111718874253961, 0.561040169137044, 0.441920642888301, 0.536717279294781, 0.142544866975825, 0.404523324452961, -0.261978457477136, 33.9800000000001, 35.4738494623663, 34.8795921855919, 34.0932357523575
2/12/2018, 34.33, 34.8, 34.25, 34.54, 1447863, 1.44787781106671, 0.132546901135377, 0.768491627941569, 0.636299017688421, 0.633774964646462, 0.114424170580776, 0.346503493678524, -0.232079323097748, 34.0167272727274, 35.335268817205, 34.921316239316, 34.1093368867022
2/13/2018, 34.52, 34.68, 34.45, 34.62, 582908, 1.40552324132097, 0.0483027364586734, 0.726073514296088, 0.709479792867905, 0.630275105874898, 0.0974700731706264, 0.296696809576945, -0.199226736406318, 34.077090909091, 35.2087526881728, 34.9653406593404, 34.1253377067103
2/14/2018, 34.47, 35.17, 34.47, 35.12, 1015754, 1.41589561172567, 0.500245428692836, 0.95201184566565, 0.868819721700552, 0.695949729807528, 0.122962218240509, 0.261949891309658, -0.138987673069148, 34.3714545454547, 35.1543655913986, 35.0306471306468, 34.1484474511411
2/15/2018, 35.31, 35.5, 35.02, 35.44, 637882, 1.40067554146769, 0.701130038552593, 1.04438665355324, 0.98248181574174, 0.693998758675559, 0.167060483258325, 0.242972009699391, -0.0759115264410661, 34.793090909091, 35.1499139784954, 35.1045934065931, 34.1759015990159
2/16/2018, 35.42, 35.78, 35.29, 35.57, 1013910, 1.39465684931499, 0.656358926624234, 0.94064977099184, 1.07043698121207, 0.756576865795068, 0.21007695319242, 0.236392998397997, -0.0263160452055769, 35.2081818181819, 35.1692903225814, 35.1845299145296, 34.2065800191334
2/20/2018, 35.42, 35.61, 35.28, 35.45, 1412554, 1.37595336879062, 0.466202616442188, 1.02639265136978, 1.05596609512387, 0.820815499660278, 0.231812626751129, 0.235476924068623, -0.00366429731749446, 35.4134545454546, 35.1944731182803, 35.2608547008544, 34.2368834221674
2/21/2018, 35.35, 35.58, 35.1, 35.14, 1422597, 1.38698547460006, 0.377789221784699, 0.869116107968816, 1.00145637405703, 0.702208154241874, 0.22147091655637, 0.232675722566173, -0.0112048060098024, 35.5803636363637, 35.1885591397857, 35.3205934065931, 34.2633029930298
2/22/2018, 35.44, 35.67, 35.36, 35.42, 908091, 1.38203659228046, 0.406223321252906, 0.949338329615487, 1.12785607291657, 0.770797929652106, 0.233180734306274, 0.232776724914193, 0.000404009392080573, 35.7383636363637, 35.1932258064524, 35.3870671550669, 34.2930140768073
2/23/2018, 35.41, 35.61, 35.33, 35.59, 602248, 1.3460002611308, 0.550176354559721, 0.981434673440934, 1.10951845992254, 0.775310688523931, 0.253259016198008, 0.236873183170956, 0.0163858330270522, 35.7458181818183, 35.2079784946244, 35.4622564102561, 34.3242208555418
2/26/2018, 35.53, 35.69, 35.32, 35.69, 624382, 1.32695269904631, 0.393851192685492, 0.997213188099412, 1.23422868177491, 0.777268201443372, 0.274080929176456, 0.244314732372056, 0.0297661968044003, 35.7385454545455, 35.240451612904, 35.5382051282049, 34.3562427224271
2/27/2018, 35.6, 35.72, 35.16, 35.16, 939613, 1.35924330880304, 0.0273139387995725, 0.675623162161508, 0.994288632532754, 0.675220804986952, 0.244991762089178, 0.244450138315481, 0.000541623773697653, 35.561090909091, 35.2127526881728, 35.5845909645907, 34.3788992756593
2/28/2018, 35.25, 35.39, 34.96, 34.98, 669004, 1.35938950830872, -0.097776267654746, 0.561579659796099, 0.928061454493695, 0.615991403722824, 0.205050200843147, 0.236570150821014, -0.0315199499778672, 35.3036363636364, 35.1488602150546, 35.6218583638581, 34.398045647123
3/1/2018, 35.1, 35.32, 34.71, 34.83, 1186706, 1.38454989235163, -0.352787114303537, 0.479981263021147, 0.861609850437764, 0.542802082046823, 0.159454388461292, 0.221146998349069, -0.0616926098877776, 35.0747272727273, 35.0774408602159, 35.6472576312574, 34.4151715183818
3/2/2018, 35.01, 35.21, 34.7, 35.13, 1225191, 1.37667745838533, -0.278933463852641, 0.595969884110233, 1.00725120388078, 0.620839784725086, 0.145845653535773, 0.20608672938641, -0.0602410758506374, 35.0292727272728, 35.0366451612911, 35.6840146520144, 34.4378152248188
3/5/2018, 34.9, 35.25, 34.76, 35.15, 956105, 1.37680071571616, -0.451562344544357, 1.63320465544739, 0.972653826126995, 0.707179976901526, 0.135116922143581, 0.191892767937844, -0.0567758457942632, 35.0336363636364, 35.021698924732, 35.7158998778996, 34.45999234659
3/6/2018, 35.28, 35.37, 35.04, 35.17, 592820, 1.35413187089997, -0.394199051421597, 1.51935441988513, 0.918337773475432, 0.713067677547004, 0.12676686852128, 0.178867588054531, -0.0521007195332516, 35.0438181818182, 35.018387096775, 35.7441147741145, 34.4808831488314
3/7/2018, 34.96, 35.09, 34.81, 35.06, 575044, 1.34180196818523, -0.244027219866324, 1.41075450151455, 0.896571204020269, 0.618037867221437, 0.110005238264243, 0.165095118096474, -0.0550898798322306, 34.9692727272727, 35.0050537634417, 35.7644444444442, 34.500336203362
3/8/2018, 34.82, 34.9, 34.74, 34.84, 533656, 1.32868536608339, -0.388770361367866, 1.23768574255749, 0.880618041870548, 0.548421471754582, 0.0780694283675487, 0.147689980150689, -0.06962055178314, 34.8790909090909, 34.9868387096782, 35.7710280830278, 34.5167473008063
3/9/2018, 35.03, 35.42, 34.96, 35.41, 816328, 1.32383022441763, -0.0488080963059782, 1.41947632546813, 0.993820209939988, 0.656316224721547, 0.0976289000625314, 0.137677764133057, -0.0400488640705258, 35.0514545454545, 35.0568602150546, 35.8089450549448, 34.5421511548448
3/12/2018, 35.51, 35.63, 35.34, 35.48, 929995, 1.29602555902753, 0.136037870450739, 1.36659141594941, 1.03616988216026, 0.643063857218183, 0.117424737999485, 0.133627158906343, -0.0162024209068576, 35.2778181818182, 35.1604301075277, 35.8464297924296, 34.5690720240535
3/13/2018, 35.67, 35.8, 35.33, 35.4, 769311, 1.30039088962096, 0.53436856126727, 1.22489990795033, 1.07442266164858, 0.605835743093096, 0.125214357602516, 0.131944598645578, -0.00673024104306133, 35.382, 35.2515913978503, 35.8790598290596, 34.5940456471231
3/14/2018, 35.54, 35.74, 35.24, 35.33, 697705, 1.30858040243286, 0.155967728178507, 1.10136290769144, 1.0385104535099, 0.613270732295179, 0.124306346093753, 0.130416948135213, -0.00611060204145927, 35.4129090909091, 35.3102150537642, 35.904034188034, 34.617963372967
3/15/2018, 35.25, 35.25, 35, 35.1, 890366, 1.29830593552864, 0.346390161981223, 0.864464285707778, 1.0165511325436, 0.617412578157873, 0.103830766181254, 0.125099711744421, -0.0212689455631671, 35.3152727272727, 35.3444731182804, 35.9154481074479, 34.636700833675
3/16/2018, 35.12, 35.25, 35.04, 35.09, 761634, 1.2636651872386, 1.03284725949035, 0.717691835090022, 1.00994501376684, 0.668791411281741, 0.0858076677748087, 0.117241302950499, -0.0314336351756898, 35.2594545454545, 35.3774193548395, 35.9217167277165, 34.6554292742927
3/19/2018, 35.13, 35.21, 34.88, 35.01, 635655, 1.25035449440709, 0.783322199680166, 0.551104402208746, 1.04109045386822, 0.607017544122773, 0.0643273750885598, 0.106658517378111, -0.042331142289551, 35.1821818181818, 35.3839139784954, 35.9245958485956, 34.6728284816181
3/20/2018, 35.19, 35.26, 35.06, 35.19, 623628, 1.21728233324049, 0.551057636852533, 0.418010987964657, 1.13190974653721, 0.565395945859721, 0.0611239848063079, 0.0975516108637502, -0.0364276260574423, 35.1787272727272, 35.3642580645169, 35.9329230769229, 34.6925906792401
3/21/2018, 35.38, 35.65, 35.28, 35.57, 592533, 1.20872524715761, 0.764486548694647, 0.479555471555553, 1.25407903978747, 0.598272152340453, 0.0882310267811093, 0.095687494047222, -0.00745646726611277, 35.2834545454545, 35.4284301075277, 35.9557460317458, 34.7177233839004
3/22/2018, 35.48, 35.66, 35.23, 35.26, 1012440, 1.21936015851748, 0.131583993647146, 0.488738424756203, 1.18042447100853, 0.532423861231126, 0.0837339112140043, 0.0932967774805785, -0.0095628662665742, 35.2092727272727, 35.4156344086029, 35.9670769230767, 34.7367729943965
3/23/2018, 35.46, 35.65, 35.01, 35.03, 1000077, 1.25734819382986, -0.323068836394573, 0.41061484255328, 0.980141751880281, 0.496412838199648, 0.0609087191176769, 0.0868191658079982, -0.0259104466903213, 35.1467272727272, 35.3146666666675, 35.9654603174601, 34.751598742654
3/26/2018, 35.45, 35.6, 35.13, 35.57, 1181644, 1.25647067383657, 0.0186572309795037, 0.54446923413495, 1.15165793192008, 0.566640368158153, 0.0854085404767631, 0.0865370407417512, -0.00112850026498813, 35.3054545454545, 35.2907526881729, 35.9862564102561, 34.7735596555965
3/27/2018, 35.73, 35.82, 35.41, 35.5, 1432100, 1.25374728943517, 0.0563967596067567, 0.412380831302684, 1.11305006950945, 0.567742337881124, 0.0980461949264608, 0.0888388715786931, 0.00920732334776771, 35.4190909090909, 35.2826236559148, 35.9966568986566, 34.7958425584255
3/28/2018, 35.8, 35.88, 35.59, 35.71, 793972, 1.23726203685806, 0.45819305876624, 0.570902966270081, 1.20996260793088, 0.599658466354012, 0.123582292345148, 0.0957875557319841, 0.0277947366131639, 35.5858181818181, 35.3002795698933, 36.011902319902, 34.8203025830257
3/29/2018, 35.79, 36.24, 35.79, 36.14, 1393597, 1.23473978885974, 0.554138114390583, 0.651203612332678, 1.34798443359799, 0.666530505285378, 0.176482855367254, 0.111926615659038, 0.0645562397082162, 35.8343636363636, 35.3987956989255, 36.0502857142855, 34.8511958452917
4/2/2018, 36.06, 36.19, 35.59, 35.78, 1289596, 1.26865067554281, 0.156571747338279, 0.536404660396618, 1.27057346781097, 0.581520892326336, 0.187200016078393, 0.126981295742909, 0.0602187203354836, 35.8998181818182, 35.466387096775, 36.0698608058605, 34.8787065737323
4/3/2018, 35.74, 36.03, 35.74, 36, 1413366, 1.23813069756599, 0.240397239935318, 0.459239375284115, 1.29790351271005, 0.640373665281805, 0.211013175996484, 0.143787671793624, 0.0672255042028602, 35.9876363636363, 35.5683655913986, 36.1002368742366, 34.9098067514008
4/4/2018, 35.09, 35.78, 35, 35.74, 1032298, 1.32468018625508, 0.462578500286556, 0.281826859426284, 1.21968692145116, 0.588344860695996, 0.206524760821239, 0.156335089599147, 0.0501896712220918, 35.9676363636363, 35.6265806451621, 36.1186178266175, 34.9346748667486
4/5/2018, 35.65, 35.74, 35.52, 35.69, 1005205, 1.29103015869764, 0.569865355946427, 0.234561301858306, 1.20116215366327, 0.59515698749818, 0.196666033708766, 0.164401278421071, 0.0322647552876952, 35.9763636363636, 35.6559139784954, 36.1384395604393, 34.9572196255295
4/6/2018, 35.55, 35.7, 35.21, 35.31, 636491, 1.30906324117029, 0.380716028751168, -0.0696146354726999, 1.01285338178207, 0.708530158637551, 0.156387361085507, 0.162798494953958, -0.00641113386845121, 35.7852727272727, 35.6521505376352, 36.1359560439557, 34.9748672953395
4/9/2018, 35.58, 35.78, 35.46, 35.59, 709218, 1.29985591158856, 0.363992991962531, -0.0218073193618451, 1.10346134128765, 0.765325628328704, 0.145383986681694, 0.159315593299505, -0.0139316066178117, 35.6421818181818, 35.6959569892481, 36.1417338217335, 34.9971635916359
4/10/2018, 35.88, 36.22, 35.85, 36.18, 1028478, 1.3017904449631, 0.728007597111776, 0.0829706091164936, 1.24821797661083, 0.856810565396341, 0.182171838796293, 0.163886842398863, 0.0182849963974304, 35.7803636363636, 35.8212903225815, 36.1737191697189, 35.026811534782
4/11/2018, 36.17, 36.48, 36.03, 36.47, 1046610, 1.28856154054913, 0.898580548025462, 0.236949919128446, 1.40363906031057, 0.882857430580788, 0.232052100837116, 0.177519894086513, 0.0545322067506025, 35.9714545454545, 35.9449247311836, 36.2142319902317, 35.0629626896269
4/12/2018, 36.31, 36.48, 36.26, 36.37, 697192, 1.25774394871145, 0.908810600360199, 0.36935245615453, 1.40097360132066, 0.842573061310123, 0.260510401856713, 0.194117995640553, 0.0663924062161599, 36.1170909090908, 36.0354193548395, 36.2517387057384, 35.0984704113707
4/13/2018, 36.3, 36.53, 35.98, 36.09, 713843, 1.28032529908295, 0.86826255516783, 0.231991513839935, 1.21681700770406, 0.845352322286218, 0.257501829699912, 0.206794762452425, 0.0507070672474867, 36.2159999999999, 36.0714193548395, 36.2710280830278, 35.1298909389093
4/16/2018, 36.25, 36.38, 36.16, 36.3, 743093, 1.24921743916552, 0.655552010296851, 0.337907378228457, 1.27910880953274, 0.882204658556306, 0.268962329238597, 0.21922827580966, 0.0497340534289378, 36.3181818181818, 36.1459354838718, 36.2978363858361, 35.165360940276
4/17/2018, 36.25, 36.38, 36.16, 36.3, 857982, 1.21705959751028, 0.604925293326222, 0.462050495059369, 1.22543881756284, 0.954332051377816, 0.274876255324592, 0.230357871712646, 0.0445183836119463, 36.4359999999999, 36.2142365591406, 36.3313040293037, 35.1986737734044
4/18/2018, 36.29, 36.41, 36.12, 36.33, 818113, 1.19516378255276, 0.686231454277691, 0.843122515263293, 1.20536211661172, 0.927373392153201, 0.278770342653225, 0.240040365900762, 0.0387299767524628, 36.4958181818181, 36.280258064517, 36.3566056166053, 35.2332895995627
4/19/2018, 36.53, 36.56, 36.3, 36.35, 799063, 1.17054429736272, 0.753510383229154, 0.59803393608161, 1.12798967472442, 0.920698157325571, 0.280239837367645, 0.248080260194139, 0.0321595771735068, 36.5203636363635, 36.3340000000009, 36.3826031746029, 35.2673696870302
4/20/2018, 36.22, 36.33, 35.72, 35.85, 1713786, 1.21539249508168, 0.538536543789556, 0.617905206544877, 1.02551408910666, 0.823576872825778, 0.238311494624043, 0.246126507080119, -0.00781501245607685, 36.2601818181817, 36.3013118279578, 36.3850769230767, 35.293913899139
4/23/2018, 35.9, 35.99, 35.61, 35.62, 1425215, 1.2154191437744, 0.382609752961253, 0.977390820552995, 0.985722104331865, 0.82275312976653, 0.184398274587046, 0.233780860581505, -0.0493825859944585, 35.9470909090908, 36.2709247311837, 36.376891330891, 35.3173147464808
4/24/2018, 35.59, 35.73, 35.19, 35.31, 869331, 1.24125087528128, 0.222642275392739, 0.685336382802068, 0.854508887848737, 0.786661718067742, 0.115327822710917, 0.210090253007387, -0.0947624302964703, 35.6432727272726, 36.2045161290331, 36.3543247863245, 35.3367902145688
4/25/2018, 35.2, 35.3, 34.89, 35.17, 1618048, 1.24359226573423, 0.00764329807821185, 0.356635641989525, 0.835259695515902, 0.746131807867337, 0.0487304279622549, 0.177818287998361, -0.129087860036106, 35.3965454545453, 36.1161075268826, 36.3317387057384, 35.3531040043733
4/26/2018, 35.17, 35.52, 35.16, 35.49, 637776, 1.2214788105545, -0.032887026535853, 0.474581953809606, 0.866693116442039, 0.808624503175641, 0.0215247149487752, 0.146559573388444, -0.125034858439668, 35.3112727272726, 36.0651182795708, 36.3249328449325, 35.3731105644389
4/27/2018, 35.59, 35.59, 35.29, 35.54, 476173, 1.2009783015546, 0.213686416441504, 0.24799358333077, 0.929224168497241, 0.76641212002111, 0.00395300572226631, 0.118038259855208, -0.114085254132942, 35.2352727272726, 36.0041075268826, 36.3206398046395, 35.3914650813174
4/30/2018, 35.46, 35.7, 35.06, 35.06, 736089, 1.24782174544746, 0.0413737353231622, -0.169762466996641, 0.770424282062935, 0.702712069299696, -0.0481496497198393, 0.0848006779401987, -0.132950327660038, 35.0654545454544, 35.8786881720439, 36.2930476190473, 35.4040366270329
5/1/2018, 34.99, 35.02, 34.36, 34.73, 2355088, 1.29747189391357, -0.568079317398622, -0.404425588088144, 0.546496373475146, 0.598433992341452, -0.114746890881371, 0.0448911641758848, -0.159638055057256, 34.8492727272725, 35.706258064517, 36.2105909645907, 35.4115377887112
5/2/2018, 34.79, 34.93, 34.68, 34.68, 1729956, 1.27041923102184, -0.555208277972595, -0.369918208134158, 0.633294766951621, 0.632585102851565, -0.169605163690186, 0.00199189860267072, -0.171597062292856, 34.7074545454543, 35.5412903225815, 36.1295653235651, 35.4161965286319
5/3/2018, 34.74, 34.97, 34.53, 34.8, 1334402, 1.26595494210476, -0.620940068393371, -0.150371051915771, 0.634309752560521, 0.646411366036386, -0.201079820008317, -0.0386224451195269, -0.16245737488879, 34.7010909090907, 35.4201720430116, 36.0542954822952, 35.4217611042777
5/4/2018, 34.6, 34.96, 34.53, 34.89, 776101, 1.2611771391798, -0.901803888746663, -0.251237582145323, 0.648142077657235, 0.650763909062589, -0.216268455926993, -0.0741516472810202, -0.142116808645973, 34.7103636363634, 35.2947741935493, 35.983907203907, 35.4291072844061
5/7/2018, 34.38, 34.41, 34.18, 34.27, 784641, 1.32338333430651, -1.03974378768914, -0.639119795541789, 0.437921221975885, 0.53396207068475, -0.275162476023645, -0.114353813029545, -0.1608086629941, 34.511818181818, 35.0777634408611, 35.886283272283, 35.4262208555419
5/8/2018, 34.51, 34.56, 34.26, 34.5, 833776, 1.29231100067681, -1.02307430300197, -0.566451187088261, 0.489027982893834, 0.583434633643164, -0.299821181500811, -0.151447286723798, -0.148373894777012, 34.4043636363634, 34.9308387096783, 35.8013137973135, 35.4272969796364
5/9/2018, 34.52, 34.58, 31.21, 32.42, 4399990, 1.82620274667435, -1.34634312825826, -0.959450317471919, -0.188821239189228, 0.156383811922422, -0.481649840418811, -0.217487797462801, -0.26416204295601, 33.5945454545452, 34.5222365591407, 35.6290989010986, 35.3982197621976
5/10/2018, 32.82, 34, 32.76, 32.99, 4014806, 1.94438370399586, -1.03213752037211, -0.662098196645967, -0.0730126968860587, 0.246395464555609, -0.573149218882563, -0.288620081746753, -0.284529137135809, 33.1956363636361, 34.2198279569901, 35.4865006105003, 35.3776922235889
5/11/2018, 33.48, 33.58, 32.5, 32.72, 1510400, 2.02744368811376, -1.00153984983341, -0.706956897229327, -0.162527376971373, 0.176942269700304, -0.659843612620449, -0.362864787921492, -0.296978824698957, 32.849818181818, 33.9293763440869, 35.3385299145296, 35.3537397840644
5/14/2018, 34.92, 34.94, 34.42, 34.6, 1898642, 2.14222715610775, -0.253736164599778, -0.0994953993128078, 0.301188179161391, 0.473835513699998, -0.570275475376683, -0.40434692541253, -0.165928549964152, 33.2112727272725, 33.8755268817213, 35.2802442002439, 35.3562164821648
5/15/2018, 34.55, 34.74, 34.39, 34.62, 1386094, 2.08448892609075, -0.432214632939056, -0.0994091487549611, 0.775284469637137, 0.46885874483458, -0.49200670146346, -0.421878880622716, -0.0701278208407434, 33.538727272727, 33.8464946236568, 35.2285299145296, 35.3584417110837
5/16/2018, 34.8, 35.05, 34.78, 34.93, 1427208, 2.02424151990262, -0.421546140217608, -0.0164726046805168, 0.781420105918173, 0.53847023581696, -0.400348753793963, -0.417572855256966, 0.0172241014630024, 33.9692727272725, 33.8483655913988, 35.2004835164832, 35.3667579609129
5/17/2018, 34.78, 34.78, 34.52, 34.65, 989594, 1.99773213494051, -0.477672036898081, -0.0644241063147317, 0.684102060200762, 0.492627230454325, -0.346310774807399, -0.403320439167053, 0.057009664359653, 34.3134545454543, 33.8166021505386, 35.1648840048837, 35.3719494328276
5/18/2018, 34.49, 34.53, 34.3, 34.36, 821610, 1.9647947483092, -0.484695247714955, -0.0848647482347385, 0.579272269407431, 0.431075193798761, -0.32316066848108, -0.387288485029858, 0.0641278165487781, 34.5836363636361, 33.7294193548396, 35.1094456654454, 35.373832444991
5/21/2018, 34.59, 34.71, 34.51, 34.65, 462936, 1.90143810026866, -0.455094736080192, -0.164104152480714, 0.627576184197218, 0.463120198764449, -0.278206474994867, -0.36547208302286, 0.0872656080279925, 34.8589090909088, 33.7038279569902, 35.0652771672768, 35.3814341943419
5/22/2018, 34.63, 34.81, 34.63, 34.72, 689422, 1.82864598691226, -0.433023755251921, -0.1636732890194, 0.598652909903542, 0.457612747634021, -0.234231463289206, -0.339223959076129, 0.104992495786924, 35.1836363636361, 33.7325161290332, 35.0285054945052, 35.3909159491594
5/23/2018, 33.97, 34.14, 33.8, 34.09, 888416, 1.90425518428612, -0.628435611651087, -0.316234802904122, 0.385373367864962, 0.350096257991678, -0.247365212371214, -0.320852209735146, 0.0734869973639319, 34.862727272727, 33.7100215053773, 34.969079365079, 35.3908601886019
5/24/2018, 33.32, 33.41, 33, 33.39, 1106201, 2.01019036450129, -0.838277698950633, -0.488317719621638, 0.164464258988281, 0.242833095331972, -0.310676665784513, -0.318817100945019, 0.00814043516050666, 34.3229090909088, 33.6073978494633, 34.8761245421242, 35.3809539428727
5/25/2018, 33.64, 33.95, 33.64, 33.92, 700967, 1.96238925286448, -0.522450172956396, -0.270889800407197, 0.220560855045327, 0.347838532602508, -0.31445997924753, -0.317945676605522, 0.00348569735799126, 33.8903636363634, 33.5725806451622, 34.8120317460314, 35.3796055760557
5/29/2018, 33.4, 33.41, 32.71, 32.93, 1141734, 2.10403982035546, -0.730931327285736, -0.526062091977046, -0.0898639400187728, 0.260772572454007, -0.392814883194369, -0.332919517923291, -0.0598953652710776, 33.4263636363634, 33.4401505376353, 34.7030207570205, 35.3657209238759
5/30/2018, 32.18, 32.45, 32.04, 32.4, 1102180, 2.16888054691636, -0.799142723914768, -0.646576923686139, -0.282816208139921, 0.156938526049834, -0.492006732347086, -0.36473696080805, -0.127269771539036, 32.8743636363634, 33.2622150537644, 34.5809621489618, 35.342627306273
5/31/2018, 32.46, 32.76, 32.33, 32.66, 2079782, 2.1098635405415, -0.676500527520697, -0.619264652113734, -0.332334178245946, 0.175456426133966, -0.543373489006932, -0.400464266447826, -0.142909222559105, 32.5952727272725, 33.1444301075278, 34.4755140415137, 35.3204367910346
6/1/2018, 32.86, 33.15, 32.86, 32.98, 960899, 2.05920970504491, -0.669068508328933, -0.628921781341923, -0.307456858417464, 0.241154206011017, -0.551898742925545, -0.43075116174337, -0.121147581182175, 32.4945454545452, 33.092258064517, 34.3872185592182, 35.3049430094301
6/4/2018, 33.11, 33.27, 33.03, 33.06, 701490, 1.99537505350158, -0.658772246619822, -0.528908149964901, -0.216340224246722, 0.22581978692521, -0.545906862173162, -0.453782301829328, -0.0921245603438333, 32.4545454545452, 33.0386451612912, 34.3113943833941, 35.2899401394014
6/5/2018, 33.01, 33.06, 32.86, 32.91, 746241, 1.93463215756074, -0.573886635759508, -0.511256363464985, -0.23811974853788, 0.250923738068529, -0.546957019849522, -0.472417245433367, -0.0745397744161548, 32.4916363636361, 32.9686666666676, 34.2346153846151, 35.273582069154
6/6/2018, 33.41, 33.68, 33.26, 33.68, 568061, 1.91019320338652, -0.242980200744789, -0.432990233804148, -0.100953187418351, 0.308134399325391, -0.480122163101946, -0.473958228967083, -0.00616393413486294, 32.9036363636361, 32.9932043010761, 34.2011086691083, 35.2690755774224
6/7/2018, 33.84, 33.86, 33.33, 33.5, 822522, 1.9035385592703, -0.28030909345387, -0.462911768900593, -0.194095554517516, 0.28715503554755, -0.436646168064932, -0.466495816786653, 0.0298496487217205, 33.1841818181815, 32.9960860215063, 34.1594774114771, 35.261627169605
6/8/2018, 33.52, 33.67, 33.43, 33.57, 857597, 1.84033704643364, -0.293630917693815, -0.497945052247837, -0.144467512931977, 0.271995312976499, -0.392023708499586, -0.45160139512924, 0.0595776866296534, 33.3810909090906, 33.0399569892482, 34.113604395604, 35.2559702063687
6/11/2018, 33.54, 33.64, 33.4, 33.5, 405724, 1.7877942960101, -0.338782411210125, -0.629101289198138, -0.210239197785497, 0.260651989154334, -0.358179630965481, -0.432917042296488, 0.0747374113310072, 33.6499999999997, 33.0906666666676, 34.0672405372402, 35.250786934536
6/12/2018, 33.19, 33.21, 33.03, 33.15, 875530, 1.78722634903534, -0.270687839121671, -0.633274120616683, -0.268110318775244, 0.20495950444282, -0.355502024567365, -0.417434038750663, 0.0619320141832986, 33.6229090909088, 33.078129032259, 34.0060122100119, 35.2395315019817
6/13/2018, 33.03, 33.28, 32.85, 33.01, 621613, 1.77019769151758, -0.377845440249817, -0.728444532321587, -0.391575947274622, 0.193815716485227, -0.360520970841577, -0.406051425168846, 0.0455304543272689, 33.4294545454542, 33.0381505376353, 33.933985347985, 35.2233174798414
6/14/2018, 33.11, 33.35, 33.07, 33.09, 1242420, 1.72899711414765, 0.286365920849782, -0.641619743244073, -0.406189423592256, 0.200792389924059, -0.353962926232015, -0.39563372538148, 0.041670799149465, 33.2823636363633, 33.0160860215062, 33.8502222222219, 35.2081071477381
6/15/2018, 32.9, 32.97, 32.58, 32.89, 973074, 1.73006654854936, 0.00329073328783101, -0.683090790620329, -0.465995098021607, 0.1810232857806, -0.36074550750677, -0.388656081806538, 0.0279105742997675, 33.106727272727, 32.9869032258073, 33.77209035409, 35.1925827524942
6/18/2018, 32.62, 32.69, 32.41, 32.64, 1117446, 1.72968119922485, 0.0104158932163084, -0.656786777908553, -0.598572399123201, 0.158331340978254, -0.381891455713408, -0.387303156587912, 0.0054117008745041, 32.865636363636, 32.944322580646, 33.673101343101, 35.1742766160995
6/19/2018, 31.8, 31.8, 31.53, 31.74, 1183736, 1.86464885398752, -1.35148903791215, -0.956468873781134, -0.833061717297073, 0.0255088653769645, -0.465901626465474, -0.403022850563424, -0.0628787759020494, 32.3065454545451, 32.7607311827966, 33.5179780219777, 35.1424583845838
6/20/2018, 31.53, 31.68, 31.44, 31.59, 943090, 1.82731107610908, -1.43940075337553, -1.16142353314146, -0.944299800908751, -0.0252367965111026, -0.538377952536571, -0.430093870958054, -0.108284081578517, 31.9134545454542, 32.5897634408611, 33.3633406593403, 35.109434194342
6/21/2018, 31.24, 31.33, 31.04, 31.06, 621713, 1.85410557146077, -1.85557606362192, -1.37990788964992, -1.04612978366934, -0.0778853776756482, -0.631305239885307, -0.470336144743504, -0.160969095141803, 31.4152727272724, 32.2316559139794, 33.1988717948714, 35.0694803881373
6/22/2018, 31.36, 31.43, 31.06, 31.12, 1302941, 1.81745157767008, -1.6894113881214, -1.33672912657587, -0.947521457372599, -0.134242041774356, -0.692130832652715, -0.514695082325347, -0.177435750327369, 31.0849090909088, 31.9279354838718, 33.0413528693525, 35.0297862511958
6/25/2018, 31.01, 31.04, 30.71, 30.99, 1099162, 1.79997219884602, -1.62590638587831, -1.30632086203672, -0.989942539819381, -0.209614323911499, -0.742269051115471, -0.560209876083372, -0.1820591750321, 30.8292727272724, 31.6017849462374, 32.8918266178263, 34.9865764657647
6/26/2018, 30.89, 30.99, 30.73, 30.79, 497104, 1.76330242027042, -1.90506632629294, -1.4200377159895, -1.02755822988082, -0.216832154479821, -0.789046640496657, -0.605977228966029, -0.183069411530629, 30.5714545454542, 31.3867526881729, 32.7436947496944, 34.9386633866339
6/27/2018, 30.79, 30.96, 30.46, 30.52, 1119103, 1.77187016527261, -2.09133996553209, -1.49758024241966, -1.03196240143404, -0.301458881767886, -0.838242226017563, -0.652430228376336, -0.185811997641227, 30.3210909090906, 31.1633763440869, 32.5900561660558, 34.8885671723384
6/28/2018, 30.59, 30.77, 30.47, 30.74, 769601, 1.72002614092108, -1.6835867974512, -1.43495304809815, -0.821685754162628, -0.26217299688888, -0.849683300416935, -0.691880842784456, -0.157802457632479, 30.2985454545451, 31.0150322580654, 32.4470671550668, 34.8446590132568
6/29/2018, 31.04, 31.2, 30.97, 31.18, 942922, 1.68473134680303, -1.10238445956926, -1.29702622634864, -0.847861267933767, -0.183969291164163, -0.813864389471519, -0.716277552121868, -0.0975868373496506, 30.5161818181815, 30.930881720431, 32.3198730158727, 34.8087117671177
7/2/2018, 30.98, 30.98, 30.7, 30.89, 983869, 1.69321551387674, -1.59193449769224, -1.26145737324976, -0.808360824507065, -0.204086436293194, -0.79966023543199, -0.732954088783893, -0.0667061466480972, 30.6769090909088, 30.8129892473127, 32.1891257631254, 34.7688380483805
7/3/2018, 30.89, 31.04, 30.66, 30.68, 613865, 1.68149465001531, -1.3447662468707, -1.26470678178392, -0.687755915283093, -0.277793235474082, -0.796170824313471, -0.745597435889808, -0.0505733884236627, 30.6805454545451, 30.7101720430116, 32.0562954822952, 34.7257242039087
7/5/2018, 30.98, 31.24, 30.82, 30.85, 761120, 1.67937902980053, -0.948103302778203, -1.13702236356416, -0.702940634222278, -0.23822035327163, -0.770802529855224, -0.750638454682891, -0.0201640751723329, 30.7707272727269, 30.6592043010762, 31.9367155067152, 34.6862419024191
7/6/2018, 30.78, 31.07, 30.61, 30.82, 1077143, 1.67158990642047, -1.15009095068834, -1.11051512593431, -0.837305506332162, -0.232917661445454, -0.744536173457959, -0.749417998437905, 0.00488182497994583, 30.7849090909088, 30.5873978494632, 31.8075921855918, 34.6459598195982
7/9/2018, 30.83, 31, 30.72, 30.92, 705750, 1.62815268014505, -1.31502380352055, -1.16702135750354, -0.829777675114882, -0.19978710103378, -0.707495168605885, -0.741033432471501, 0.0335382638656163, 30.8587272727269, 30.5027096774202, 31.6820195360192, 34.6075306819735
7/10/2018, 31.24, 31.29, 31.01, 31.25, 754109, 1.58961141845059, -1.10888888314771, -1.07794665665687, -0.862358865473632, -0.148932583478457, -0.644087028979833, -0.721644151773167, 0.0775571227933347, 31.0314545454542, 30.5111612903235, 31.5705128205125, 34.5744113707804
