Date,EWQ_Open,EWQ_High,EWQ_Low,EWQ_Close,EWQ_Volume,EWQ_ATRPercentOfClose20,EWQ_SQN25,EWQ_SQN50,EWQ_SQN100,EWQ_SQN200,EWQ_MACD,EWQ_MACD_Avg,EWQ_MACD_Diff,EWQ_LinReg10,EWQ_LinReg30,EWQ_LinReg90,EWQ_LinReg270
1/3/2017, 24.68, 24.7, 24.61, 24.66, 657202, 0, 0, 0, 0, 0, 0, 0, 0, 24.66, 24.66, 24.66, 24.66
1/4/2017, 24.7, 24.84, 24.66, 24.83, 233387, 0, 0, 0, 0, 0, 0.0135612535612566, 0.00271225071225132, 0.0108490028490053, 24.83, 24.83, 24.83, 24.83
1/5/2017, 24.92, 25.09, 24.91, 25.06, 357013, 0, 0, 0, 0, 0, 0.0423792014675222, 0.0106456408633055, 0.0317335606042167, 25.05, 25.05, 25.05, 25.05
1/6/2017, 24.92, 25.02, 24.92, 24.96, 286552, 0, 0, 0, 0, 0, 0.0564972039414613, 0.0198159534789367, 0.0366812504625246, 25.047, 25.047, 25.047, 25.047
1/9/2017, 24.83, 24.97, 24.8, 24.93, 341920, 0, 0, 0, 0, 0, 0.064521311817721, 0.0287570251466935, 0.0357642866710275, 25.022, 25.022, 25.022, 25.022
1/10/2017, 24.95, 25.02, 24.9, 24.91, 328518, 0, 0, 0, 0, 0, 0.0684772788225736, 0.0367010758818695, 0.0317762029407041, 24.9952380952381, 24.9952380952381, 24.9952380952381, 24.9952380952381
1/11/2017, 24.8, 25.05, 24.78, 25.03, 690267, 0, 0, 0, 0, 0, 0.0803689648939176, 0.0454346536842792, 0.0349343112096385, 25.0335714285714, 25.0335714285714, 25.0335714285714, 25.0335714285714
1/12/2017, 25.13, 25.14, 25.06, 25.12, 456919, 0, 0, 0, 0, 0, 0.095949414495184, 0.0555376058464601, 0.0404118086487239, 25.0933333333333, 25.0933333333333, 25.0933333333333, 25.0933333333333
1/13/2017, 25.28, 25.29, 25.21, 25.24, 448615, 0, 0, 0, 0, 0, 0.116635528405066, 0.0677571903581813, 0.0488783380468847, 25.1764444444445, 25.1764444444445, 25.1764444444445, 25.1764444444445
1/17/2017, 25.24, 25.25, 25.17, 25.22, 475902, 0, 0, 0, 0, 0, 0.129917976301353, 0.0801893475468157, 0.0497286287545377, 25.2250909090909, 25.2250909090909, 25.2250909090909, 25.2250909090909
1/18/2017, 25.01, 25.1, 24.95, 25.04, 359134, 0, 0, 0, 0, 0, 0.124484931475919, 0.0890484643326364, 0.0354364671432829, 25.1730909090909, 25.2009090909091, 25.2009090909091, 25.2009090909091
1/19/2017, 25.03, 25.05, 24.87, 25, 330608, 0, 0, 0, 0, 0, 0.115618757536041, 0.0943625229733173, 0.0212562345627233, 25.1205454545455, 25.17, 25.17, 25.17
1/20/2017, 25.11, 25.18, 25.06, 25.18, 331018, 0, 0, 0, 0, 0, 0.121713706642563, 0.0998327597071664, 0.0218809469353965, 25.1669090909091, 25.1951648351648, 25.1951648351648, 25.1951648351648
1/23/2017, 25.17, 25.22, 25.07, 25.22, 569794, 0, 0, 0, 0, 0, 0.128292784071974, 0.105524764580128, 0.0227680194918458, 25.2005454545454, 25.224, 25.224, 25.224
1/24/2017, 25.18, 25.26, 25.13, 25.24, 799302, 0, 0, 0, 0, 0, 0.133580747481663, 0.111135961160435, 0.0224447863212278, 25.2209090909091, 25.2506666666667, 25.2506666666667, 25.2506666666667
1/25/2017, 25.38, 25.46, 25.37, 25.45, 670976, 0, 0, 0, 0, 0, 0.152953587788605, 0.119499486486069, 0.0334541013025365, 25.2929090909091, 25.3190441176471, 25.3190441176471, 25.3190441176471
1/26/2017, 25.23, 25.26, 25.13, 25.18, 252229, 0, 0, 0, 0, 0, 0.144850216658273, 0.12456963252051, 0.0202805841377636, 25.2661818181818, 25.3152941176471, 25.3152941176471, 25.3152941176471
1/27/2017, 25.11, 25.15, 25.08, 25.14, 326786, 0, 0, 0, 0, 0, 0.133659823702512, 0.12638767075691, 0.00727215294560185, 25.2354545454546, 25.3033333333333, 25.3033333333333, 25.3033333333333
1/30/2017, 24.82, 24.93, 24.74, 24.92, 355766, 0, 0, 0, 0, 0, 0.10581937539013, 0.122274011683554, -0.0164546362934243, 25.1516363636364, 25.25, 25.25, 25.25
1/31/2017, 25.05, 25.1, 24.91, 25.01, 1071570, 0, 0, 0, 0, 0, 0.0899806267078951, 0.115815334688422, -0.0258347079805273, 25.1123636363636, 25.2217142857143, 25.2217142857143, 25.2217142857143
2/1/2017, 25.13, 25.17, 24.96, 25.06, 773176, 0, 0, 0, 0, 0, 0.0805345344160209, 0.108759174633942, -0.0282246402179212, 25.0658181818182, 25.2064069264069, 25.2064069264069, 25.2064069264069
2/2/2017, 25.16, 25.22, 25.01, 25.1, 506796, 0.752156374501992, 0, 0, 0, 0, 0.0754068605757645, 0.102088711822307, -0.0266818512465421, 25.024, 25.1999209486166, 25.1999209486166, 25.1999209486166
2/3/2017, 25.23, 25.3, 25.18, 25.22, 225937, 0.750799712529738, 0, 0, 0, 0, 0.0801027644265524, 0.0976915223431558, -0.0175887579166034, 25.0541818181818, 25.2136956521739, 25.2136956521739, 25.2136956521739
2/6/2017, 24.86, 24.9, 24.79, 24.9, 245583, 0.808771498493975, 0, 0, 0, 0, 0.057341973831857, 0.089621612640896, -0.032279638809039, 24.9796363636364, 25.1752, 25.1752, 25.1752
2/7/2017, 24.69, 24.71, 24.62, 24.69, 283490, 0.831571073182461, 0, 0, 0, 0, 0.0221038390487571, 0.0761180579224683, -0.0540142188737111, 24.854, 25.11, 25.11, 25.11
2/8/2017, 24.63, 24.74, 24.56, 24.74, 308161, 0.824774264633437, 0.125233184203876, 0, 0, 0, -0.00176767782174991, 0.0605409107736246, -0.0623085885953745, 24.8176363636364, 25.0603418803419, 25.0603418803419, 25.0603418803419
2/9/2017, 24.89, 24.96, 24.85, 24.93, 185362, 0.821687506685908, 0.151081733421586, 0, 0, 0, -0.0052935935713343, 0.0473740099046328, -0.0526676034759671, 24.8316363636364, 25.0434391534392, 25.0434391534392, 25.0434391534392
2/10/2017, 24.83, 24.94, 24.83, 24.93, 145715, 0.802664904315913, -0.171738355520714, 0, 0, 0, -0.00799573732304282, 0.0363000604590977, -0.0442957977821405, 24.8512727272728, 25.0285467980296, 25.0285467980296, 25.0285467980296
2/13/2017, 25.18, 25.2, 25.04, 25.06, 187048, 0.812446698378528, 0.155946950834972, 0, 0, 0, 0.000348688368045913, 0.0291097860408874, -0.0287610976728414, 24.8832727272728, 25.0324137931035, 25.0324137931035, 25.0324137931035
2/14/2017, 25.11, 25.13, 24.99, 25.11, 296463, 0.798164816738257, 0.269160671504666, 0, 0, 0, 0.0108709741560169, 0.0254620236639133, -0.0145910495078964, 24.9429090909091, 25.0421935483871, 25.0421935483871, 25.0421935483871
2/15/2017, 25.07, 25.3, 25.03, 25.27, 482433, 0.806878615784834, 0.512737348813469, 0, 0, 0, 0.0317545772758727, 0.0267205343863052, 0.00503404288956756, 25.0623636363637, 25.0468172043011, 25.0705846774194, 25.0705846774194
2/16/2017, 25.25, 25.34, 25.25, 25.32, 265654, 0.782793502758239, 0.418302637138888, 0, 0, 0, 0.0517431030560864, 0.0317250481202614, 0.020018054935825, 25.1956363636364, 25.0651827956989, 25.1019318181818, 25.1019318181818
2/17/2017, 25.06, 25.08, 24.96, 25.02, 513591, 0.824512986224887, -0.114249943347427, 0, 0, 0, 0.0428823400285516, 0.0339565065019195, 0.00892583352663216, 25.2372727272728, 25.0576559139785, 25.0952762923351, 25.0952762923351
2/21/2017, 24.88, 24.98, 24.88, 24.98, 403483, 0.812564017997572, -0.325642400321333, 0, 0, 0, 0.0322605759468217, 0.0336173203908999, -0.00135674444407818, 25.2120000000001, 25.0386451612903, 25.0847394957983, 25.0847394957983
2/22/2017, 24.8, 25.04, 24.74, 25.04, 819853, 0.829990283989632, -0.219600930164735, 0, 0, 0, 0.0283573639061885, 0.0325653290939576, -0.00420796518776916, 25.161090909091, 25.0251182795699, 25.0817619047619, 25.0817619047619
2/23/2017, 25.09, 25.12, 25.01, 25.08, 951076, 0.809163033315206, 0.0686264442628078, 0, 0, 0, 0.0281670141432251, 0.0316856661038111, -0.00351865196058604, 25.1149090909092, 25.014623655914, 25.0833033033033, 25.0833033033033
2/24/2017, 24.72, 24.88, 24.71, 24.86, 2429826, 0.849924313425908, -0.166059142021065, 0, 0, 0, 0.010147030549529, 0.0273779389929547, -0.0172309084434257, 25.0121818181819, 24.9831182795699, 25.0618349928876, 25.0618349928876
2/27/2017, 24.81, 24.96, 24.8, 24.9, 648836, 0.838259538561433, -0.356840425783008, 0, 0, 0, -0.000895942699656871, 0.0217231626544324, -0.0226191053540893, 24.927090909091, 24.9637849462365, 25.0463157894737, 25.0463157894737
2/28/2017, 24.89, 25, 24.87, 24.91, 492714, 0.822120810303922, -0.39708349401469, 0, 0, 0, -0.00873991384702322, 0.0156305473541413, -0.0243704612011645, 24.873090909091, 24.9551397849462, 25.0331282051282, 25.0331282051282
3/1/2017, 25.19, 25.34, 25.18, 25.24, 557250, 0.855985654335862, 0.0164670480743149, 0, 0, 0, 0.0115389111953164, 0.0148122201223763, -0.00327330892705993, 24.9512727272728, 24.9891612903226, 25.0528536585366, 25.0528536585366
3/2/2017, 25.16, 25.24, 25.15, 25.18, 377236, 0.832995393950171, -0.319096457571482, 0, 0, 0, 0.0225090571835231, 0.0163515875346057, 0.00615746964891748, 25.0336363636365, 25.0034408602151, 25.0652961672474, 25.0652961672474
3/3/2017, 25.43, 25.65, 25.38, 25.62, 1276368, 0.869480203695629, 0.518153928846482, 0, 0, 0, 0.0659471025340181, 0.0262706905344882, 0.03967641199953, 25.2829090909092, 25.0699784946237, 25.1171650055371, 25.1171650055371
3/6/2017, 25.48, 25.5, 25.4, 25.49, 359626, 0.873373035611924, 0.412655716380477, 0, 0, 0, 0.0888578548452692, 0.0387881233966444, 0.0500697314486248, 25.4109090909092, 25.1280215053764, 25.1532241014799, 25.1532241014799
3/7/2017, 25.28, 25.35, 25.22, 25.28, 382079, 0.88999860537423, 0.428932226704231, 0, 0, 0, 0.0890431125837736, 0.0488391212340702, 0.0402039913497034, 25.4327272727274, 25.1600860215054, 25.168, 25.168
3/8/2017, 25.31, 25.36, 25.2, 25.21, 592588, 0.879579790030445, 0.245854094871201, 0, 0, 0, 0.0825894756258094, 0.0555891921124181, 0.0270002835133914, 25.4260000000001, 25.1842150537634, 25.1755942028986, 25.1755942028986
3/9/2017, 25.42, 25.51, 25.37, 25.48, 538637, 0.885616019675594, 0.47613518466417, 0, 0, 0, 0.098130478286933, 0.0640974493473211, 0.0340330289396119, 25.5112727272728, 25.2567956989247, 25.2053098982424, 25.2053098982424
3/10/2017, 25.73, 25.83, 25.65, 25.8, 625827, 0.898729510553001, 0.741037076309994, 0, 0, 0, 0.134715247001068, 0.0782210088780705, 0.0564942381229979, 25.6412727272728, 25.3517849462366, 25.2592021276596, 25.2592021276596
3/13/2017, 25.79, 25.82, 25.74, 25.8, 467038, 0.869296910994343, 0.61838070592767, 0, 0, 0, 0.161843310842613, 0.0949454692709791, 0.0668978415716341, 25.7280000000001, 25.4401075268817, 25.3092006802721, 25.3092006802721
3/14/2017, 25.58, 25.62, 25.5, 25.55, 465122, 0.892621028902989, 0.715796210709722, 0, 0, 0, 0.161310103757298, 0.108218396168243, 0.0530917075890553, 25.6812727272728, 25.4777849462366, 25.3358448979592, 25.3358448979592
3/15/2017, 25.56, 25.88, 25.54, 25.86, 1115389, 0.903563183451191, 1.26486553986944, 0, 0, 0, 0.183783401867011, 0.123331397307996, 0.0604520045590143, 25.7727272727274, 25.5567311827957, 25.3846588235294, 25.3846588235294
3/16/2017, 26.02, 26.15, 25.99, 26.13, 598162, 0.905007146109659, 1.45461735449933, 1.21559864754168, 0, 0, 0.220834750507187, 0.142832067947835, 0.0780026825593524, 25.9116363636365, 25.6677849462365, 25.4506787330317, 25.4506787330317
3/17/2017, 26.12, 26.18, 26.03, 26.11, 624131, 0.889139980522908, 1.24328016472766, 1.06488028312354, 0, 0, 0.24575150798303, 0.163415955954874, 0.0823355520281564, 26.0798181818183, 25.772064516129, 25.5107619738752, 25.5107619738752
3/20/2017, 26.15, 26.19, 26.01, 26.07, 823477, 0.880501444069063, 1.19939886384438, 0.853177327939834, 0, 0, 0.259281713891649, 0.182589107542229, 0.0766926063494206, 26.1814545454547, 25.872752688172, 25.5639203354298, 25.5639203354298
3/21/2017, 26.44, 26.44, 26.08, 26.1, 1378732, 0.906396130825151, 1.09669379181035, 0.966057851465574, 0, 0, 0.269320687593368, 0.199935423552457, 0.0693852640409109, 26.2198181818184, 25.9504301075269, 25.6157508417509, 25.6157508417509
3/22/2017, 26.04, 26.21, 26.04, 26.16, 892486, 0.891593733326056, 1.10462202237946, 1.04054668965921, 0, 0, 0.278903123540942, 0.215728963550154, 0.0631741599907887, 26.220181818182, 26.0139784946236, 25.6684740259741, 25.6684740259741
3/23/2017, 26.1, 26.3, 26.1, 26.24, 586366, 0.882541442858962, 1.02429728990388, 1.12181885811445, 0, 0, 0.289614113260086, 0.23050599349214, 0.0591081197679457, 26.2503636363638, 26.0815268817204, 25.7234022556391, 25.7234022556391
3/24/2017, 26.28, 26.36, 26.24, 26.29, 864454, 0.859642186671289, 1.0223677303181, 1.06359011512544, 0, 0, 0.298694072575536, 0.244143609308819, 0.0545504632667166, 26.3203636363638, 26.1584086021505, 25.7783061101029, 25.7783061101029
3/27/2017, 26.43, 26.5, 26.37, 26.48, 570132, 0.850452924214833, 1.62745221221989, 1.13242647619274, 0, 0, 0.317560774915844, 0.258827042430224, 0.0587337324856194, 26.4292727272729, 26.250623655914, 25.8425891291643, 25.8425891291643
3/28/2017, 26.42, 26.58, 26.42, 26.54, 659363, 0.8362469390184, 1.74814074980074, 1.08261959105874, 0, 0, 0.333509777889976, 0.273763589522175, 0.0597461883678012, 26.4718181818184, 26.3491182795699, 25.9069491525424, 25.9069491525424
3/29/2017, 26.32, 26.49, 26.32, 26.48, 312456, 0.837775455946786, 1.60124957958017, 1.04993886779085, 0, 0, 0.337418429474955, 0.286494557512731, 0.050923871962224, 26.5016363636365, 26.4337849462366, 25.963568306011, 25.963568306011
3/30/2017, 26.42, 26.49, 26.32, 26.35, 510646, 0.832071323331968, 1.38999971304858, 1.1045086461586, 0, 0, 0.326265168699937, 0.294448679750172, 0.031816488949765, 26.5067272727274, 26.5037849462365, 26.0085193019567, 26.0085193019567
3/31/2017, 26.35, 26.59, 26.34, 26.51, 757119, 0.832848940071953, 1.88213479513234, 1.26215205903456, 0, 0, 0.326572270158827, 0.300873397831903, 0.0256988723269243, 26.5510909090911, 26.5904516129032, 26.06089093702, 26.06089093702
4/3/2017, 26.44, 26.46, 26.22, 26.45, 640014, 0.847821706285147, 1.75373195870671, 1.06859924242469, 0, 0, 0.318304930616257, 0.304359704388774, 0.0139452262274834, 26.5449090909093, 26.6418279569892, 26.1065178571429, 26.1065178571429
4/4/2017, 26.37, 26.48, 26.3, 26.47, 559291, 0.838822815439366, 1.76487971229961, 1.05099703099075, 0, 0, 0.309795705269618, 0.305446904564943, 0.0043488007046753, 26.5309090909093, 26.6838494623656, 26.1507451923077, 26.1507451923077
4/5/2017, 26.45, 26.49, 26.27, 26.29, 785365, 0.844178696403424, 1.21248068612884, 0.878101708302587, 0, 0, 0.285239523527721, 0.301405428357499, -0.0161659048297771, 26.4465454545457, 26.6974193548387, 26.1816363636364, 26.1816363636364
4/6/2017, 26.46, 26.51, 26.39, 26.43, 745537, 0.839341090882472, 1.4414121017745, 0.8218804491711, 0, 0, 0.273917848105693, 0.295907912307137, -0.0219900642014442, 26.4194545454547, 26.7233548387097, 26.2190411578471, 26.2190411578471
4/7/2017, 26.37, 26.48, 26.36, 26.43, 1177236, 0.820075511934262, 1.04743401322209, 1.07796611010917, 0, 0, 0.261926018665577, 0.289111533578825, -0.0271855149132487, 26.3920000000002, 26.7259139784946, 26.2543546971028, 26.2543546971028
4/10/2017, 26.27, 26.34, 26.24, 26.28, 469932, 0.819667655684985, 1.02303751932461, 0.980358438168634, 0, 0, 0.237579986840242, 0.278805224231109, -0.0412252373908668, 26.3430909090911, 26.7019784946236, 26.2790792838875, 26.2790792838875
4/11/2017, 26.3, 26.35, 26.14, 26.33, 948165, 0.81708403690966, 1.43264065440155, 1.23776181004434, 0, 0, 0.219786600232471, 0.267001499431381, -0.0472148991989101, 26.3343636363639, 26.6761505376344, 26.3052380952381, 26.3052380952381
4/12/2017, 26.29, 26.37, 26.19, 26.36, 867561, 0.809489057558414, 1.58796731871621, 1.18503597749016, 0, 0, 0.20573438451148, 0.254748076447401, -0.0490136919359208, 26.3354545454548, 26.6669677419355, 26.3316217303823, 26.3316217303823
4/13/2017, 26.12, 26.2, 26.04, 26.11, 1405649, 0.837657027168817, 0.859351102280513, 0.907638503184949, 0, 0, 0.172437242456446, 0.23828590964921, -0.0658486671927635, 26.2307272727275, 26.6148387096774, 26.3427699530517, 26.3427699530517
4/17/2017, 26.16, 26.34, 26.16, 26.23, 1334326, 0.835976505162368, 0.632502454955487, 0.969257382250864, 0, 0, 0.15395729078989, 0.221420185877346, -0.0674628950874559, 26.2125454545457, 26.6012688172042, 26.3597526636226, 26.3597526636226
4/18/2017, 25.99, 26.04, 25.82, 25.98, 2583859, 0.880726733790934, 0.258087748123568, 0.648653201773372, 0, 0, 0.117781177195983, 0.200692384141073, -0.0829112069450903, 26.111272727273, 26.543376344086, 26.3623546834506, 26.3623546834506
4/19/2017, 26.07, 26.09, 25.92, 25.97, 4786618, 0.869742646002851, 0.625178827880299, 0.945808621122726, 0, 0, 0.087298111819603, 0.178013529676779, -0.0907154178571764, 26.0361818181821, 26.4670537634408, 26.3641513513514, 26.3641513513514
4/20/2017, 26.44, 26.63, 26.42, 26.43, 6826284, 0.936733094621995, 0.754855815317942, 1.45618119746957, 0, 0, 0.0991156747091075, 0.162233958683245, -0.0631182839741375, 26.111272727273, 26.4399784946236, 26.3897649122807, 26.3897649122807
4/21/2017, 26.32, 26.41, 26.29, 26.41, 3255453, 0.917075460292176, 0.396855750840339, 1.39646608078154, 0, 0, 0.105649484098787, 0.150917063766354, -0.0452675796675661, 26.1998181818185, 26.4204946236559, 26.413038277512, 26.413038277512
4/24/2017, 27.81, 27.96, 27.76, 27.95, 2163605, 1.10049963366728, 1.11116215361935, 1.5905572418214, 0, 0, 0.232413585653681, 0.167216368143819, 0.0651972175098622, 26.8214545454548, 26.6117419354838, 26.5135864135864, 26.5135864135864
4/25/2017, 28.05, 28.22, 27.99, 28.2, 1286794, 1.08407860010463, 1.27485228279525, 1.7062904749262, 0, 0, 0.349024621508327, 0.203578018816721, 0.145446602691607, 27.4165454545458, 26.8208387096774, 26.6221194417397, 26.6221194417397
4/26/2017, 27.99, 28.11, 27.99, 28, 2270556, 1.07473091774296, 1.1305027870074, 1.52827039276219, 0, 0, 0.420454639667856, 0.246953342986948, 0.173501296680908, 27.8478181818185, 26.9724086021505, 26.7158227848101, 26.7158227848101
4/27/2017, 27.99, 28.04, 27.9, 28.02, 1590940, 1.04524776630845, 1.10516622815023, 1.51074578955467, 0, 0, 0.473222264839361, 0.29220712735743, 0.18101513748193, 28.2009090909094, 27.1313763440859, 26.8063055555556, 26.8063055555556
4/28/2017, 28.11, 28.12, 28.01, 28.02, 1532147, 1.01261421453836, 1.05643488091531, 1.42680542912887, 0, 0, 0.509171574989807, 0.335600016883906, 0.173571558105901, 28.4134545454549, 27.2944086021505, 26.8927672387835, 26.8927672387835
5/1/2017, 28.07, 28.22, 28.05, 28.14, 1153180, 0.993417831442661, 1.09330791528181, 1.45718821406161, 0, 0, 0.541107113426882, 0.376701436192501, 0.164405677234381, 28.5872727272731, 27.4591397849462, 26.9811666176903, 26.9811666176903
5/2/2017, 28.22, 28.39, 28.13, 28.39, 2469679, 0.981227153503228, 1.11680782597623, 1.76148947963579, 0, 0, 0.579904391536537, 0.417342027261308, 0.162562364275229, 28.6932727272731, 27.6398279569892, 27.0775473321859, 27.0775473321859
5/3/2017, 28.26, 28.33, 28.2, 28.28, 2357171, 0.96938426250208, 1.01587499723607, 1.72658005044627, 0, 0, 0.594917593570749, 0.452857140523197, 0.142060453047552, 28.6278181818186, 27.7935913978494, 27.1646414565826, 27.1646414565826
5/4/2017, 28.63, 28.96, 28.58, 28.96, 2518438, 1.01669466838332, 1.3584121731592, 1.9412936923298, 0, 0, 0.65414540036598, 0.493114792491753, 0.161030607874227, 28.7632727272732, 28.023569892473, 27.2794555403557, 27.2794555403557
5/5/2017, 29.08, 29.48, 29.02, 29.47, 4062045, 1.03737033310356, 1.67303536000318, 2.11349879348535, 0, 0, 0.733778064944964, 0.541247446982395, 0.192530617962569, 28.9329090909095, 28.3055268817204, 27.4127826784282, 27.4127826784282
5/8/2017, 28.92, 28.96, 28.8, 28.9, 1460717, 1.12085600452366, 1.23182960456657, 1.9208008158524, 0, 0, 0.742336100555907, 0.581465177697098, 0.160870922858809, 29.0467272727277, 28.4976559139784, 27.5148615464995, 27.5148615464995
5/9/2017, 28.8, 28.89, 28.68, 28.76, 1983406, 1.10824414479127, 1.19196149751092, 1.83178486573437, 0, 0, 0.729413352381506, 0.611054812633979, 0.118358539747527, 29.1103636363641, 28.6678494623655, 27.6064759959142, 27.6064759959142
5/10/2017, 28.74, 28.77, 28.69, 28.76, 1041725, 1.06674014339316, 1.18101438507932, 1.82648698749015, 0, 0, 0.710976289254766, 0.631039107958137, 0.0799371812966295, 29.1034545454551, 28.8273333333332, 27.694329588015, 27.694329588015
5/11/2017, 28.65, 28.7, 28.48, 28.68, 1566320, 1.06504442809581, 1.24431194139976, 1.6374094778541, 0, 0, 0.682047236500143, 0.641240733666538, 0.0408065028336048, 29.0314545454551, 28.9583440860214, 27.7751062271062, 27.7751062271062
5/12/2017, 28.78, 28.98, 28.76, 28.97, 824063, 1.0534415080393, 1.30586308038333, 1.78951772414771, 0, 0, 0.674743309282132, 0.647941248789657, 0.0268020604924749, 29.0236363636369, 29.1032903225806, 27.87578998779, 27.8651457238414
5/15/2017, 29.02, 29.18, 29.01, 29.17, 562656, 1.02990368404194, 1.40213606444189, 1.68402452965369, 0, 0, 0.677285892695004, 0.653810177570726, 0.0234757151242774, 29.0570909090915, 29.2673763440859, 27.9858363858364, 27.9601472650772
5/16/2017, 29.42, 29.5, 29.39, 29.49, 435346, 1.02374282605386, 1.64144832483813, 1.88656792511181, 0, 0, 0.69708665300201, 0.662465472656983, 0.0346211803450273, 29.1949090909097, 29.4509032258064, 28.1118021978022, 28.0649485243652
5/17/2017, 29.25, 29.28, 28.95, 28.97, 779352, 1.08321253515057, 1.31072170460643, 1.7269912690436, 0, 0, 0.663174580273861, 0.662607294180359, 0.000567286093501984, 29.0710909090915, 29.5501720430107, 28.2095702075702, 28.1439014557671
5/18/2017, 28.83, 28.99, 28.78, 28.98, 1174619, 1.06492870207544, 1.29957225699354, 1.76890891805866, 0, 0, 0.629845468247257, 0.656054928993739, -0.0262094607464811, 29.0490909090915, 29.6225806451612, 28.3041709401709, 28.220177631579
5/19/2017, 29.24, 29.38, 29.21, 29.36, 609820, 1.06670817768525, 1.61665888187764, 1.79271520108737, 0, 0, 0.626868580269182, 0.650217659248827, -0.0233490789796452, 29.2592727272733, 29.7351827956988, 28.4119706959707, 28.3090764604811
5/22/2017, 29.47, 29.53, 29.39, 29.47, 921473, 1.03843313512036, 1.60509169999553, 1.69609524182099, 0, 0, 0.62616738791862, 0.645407604982786, -0.0192402170641655, 29.3994545454551, 29.8428387096773, 28.5239853479853, 28.3990532295393
5/23/2017, 29.54, 29.56, 29.37, 29.4, 1330541, 1.02117324038766, 1.7256596655887, 1.66416912937408, 0, 0, 0.612898164419821, 0.638905716870193, -0.0260075524503718, 29.4563636363642, 29.9119999999999, 28.6316874236874, 28.4828200371058
5/24/2017, 29.37, 29.47, 29.3, 29.45, 1109948, 0.997330003532336, 1.7571164126733, 1.82759779907156, 0, 0, 0.599506058665266, 0.631025785229208, -0.0315197265639414, 29.4956363636369, 29.9707096774193, 28.7411062271062, 28.5654282828283
5/25/2017, 29.51, 29.53, 29.37, 29.42, 709790, 0.975622031741195, 1.52046586882524, 1.67193987924772, 0, 0, 0.579788527847132, 0.620778333752793, -0.0409898059056606, 29.4709090909097, 30.0074838709677, 28.845684981685, 28.6437742574258
5/26/2017, 29.27, 29.38, 29.27, 29.37, 668964, 0.953955061802338, 1.50590840274737, 1.52388837716775, 1.93105740301316, 0, 0.553744439281967, 0.607371554858627, -0.0536271155766602, 29.4465454545461, 30.001505376344, 28.9410012210012, 28.7172626674432
5/30/2017, 29.26, 29.35, 29.23, 29.31, 385086, 0.931995126471441, 1.03155548394477, 1.5064993751596, 1.83604128990183, 0, 0.522242723861599, 0.590345788659222, -0.0681030647976232, 29.419636363637, 29.97488172043, 29.0296336996337, 28.7857167332953
5/31/2017, 29.57, 29.62, 29.35, 29.39, 469016, 0.935724338177409, 0.910080747720061, 1.56249204952073, 1.77141378477307, 0, 0.497992175040952, 0.571875065935568, -0.0738828908946154, 29.4767272727279, 29.9218709677419, 29.1226056166056, 28.8547106049291
6/1/2017, 29.52, 29.65, 29.49, 29.64, 510888, 0.925299979220052, 1.25626322905156, 1.65140413509158, 1.90507385669082, 0, 0.493260352745107, 0.556152123297476, -0.0628917705523686, 29.521636363637, 29.8779139784946, 29.2243101343101, 28.9306648351649
6/2/2017, 29.85, 29.93, 29.74, 29.9, 1153954, 0.919886181099606, 1.41858910906738, 1.72824712855208, 2.00828978580575, 0, 0.504672624704259, 0.545856223578832, -0.0411835988745732, 29.6218181818188, 29.8739354838709, 29.3345860805861, 29.0136585804133
6/5/2017, 29.62, 29.65, 29.58, 29.63, 567044, 0.935854437196568, 1.1907519655392, 1.55888276870642, 1.90727924295473, 0, 0.486324146897847, 0.533949808242635, -0.0476256613447887, 29.6545454545461, 29.8119784946236, 29.4343125763126, 29.0836748368895
6/6/2017, 29.42, 29.51, 29.39, 29.46, 757075, 0.934925275812206, 0.969903884355041, 1.45590142851581, 1.78941963911742, 0, 0.452845149791422, 0.517728876552393, -0.0648837267609708, 29.6358181818188, 29.8103440860214, 29.5175457875458, 29.1449376947041
6/7/2017, 29.62, 29.67, 29.33, 29.52, 624518, 0.943961846008002, 0.837877258560631, 1.39401516444307, 1.77311804043841, 0, 0.426240862602153, 0.499431273762345, -0.0731904111601916, 29.6243636363643, 29.8232473118279, 29.5993772893773, 29.2062079510704
6/8/2017, 29.29, 29.38, 29.25, 29.38, 371905, 0.946986589838271, 0.817975466905092, 1.3019424115228, 1.66844867737854, 0, 0.389371510956977, 0.477419321201271, -0.0880478102442944, 29.5680000000007, 29.7965376344085, 29.6669914529914, 29.260245204337
6/9/2017, 29.36, 29.44, 29.24, 29.38, 648646, 0.933674020046834, 0.361802642253954, 1.33149447593264, 1.67720313227028, 0, 0.356047984614381, 0.453145053883893, -0.0970970692695119, 29.5094545454552, 29.762258064516, 29.7333382173382, 29.3123636363637
6/12/2017, 29.21, 29.23, 29.02, 29.11, 501030, 0.95705172014865, -0.290644101434154, 1.2706792847059, 1.65153801341815, 0, 0.304343820276284, 0.423384807162371, -0.119040986886088, 29.3498181818189, 29.684946236559, 29.7857924297924, 29.3530405405406
6/13/2017, 29.27, 29.41, 29.22, 29.38, 1201974, 0.951898801730798, 0.479916691871523, 1.3066644231526, 1.76248929505119, 0, 0.281905015506819, 0.395088848831261, -0.113183833324442, 29.2856363636371, 29.6428602150537, 29.8479706959707, 29.4017604298357
6/14/2017, 29.58, 29.59, 29.19, 29.36, 2836244, 0.973039763457367, 0.603687736869703, 1.32729788388815, 1.68123717506088, 0, 0.259516720995052, 0.367974423264019, -0.108457702268967, 29.226727272728, 29.6069032258063, 29.9088058608058, 29.4480763856544
6/15/2017, 28.76, 28.99, 28.71, 28.99, 1069585, 1.04829337986729, 0.230537704917614, 1.14440423339968, 1.51333710163961, 0, 0.209502909386178, 0.336280120488451, -0.126777211102273, 29.0916363636371, 29.5104086021504, 29.9433235653235, 29.4799618611747
6/16/2017, 29.2, 29.37, 29.14, 29.36, 798963, 1.04804236472191, 0.615013113167244, 1.37811050576668, 1.62790691964395, 0, 0.19744647112411, 0.308513390615583, -0.111066919491473, 29.1718181818189, 29.5016129032257, 29.9863516483516, 29.5233823088456
6/19/2017, 29.54, 29.62, 29.49, 29.53, 1025603, 1.03393151496185, 0.515538843070519, 1.38342702685097, 1.60391990578106, 0, 0.199311695037032, 0.286673051499873, -0.0873613564628404, 29.2861818181825, 29.5458064516128, 30.0345006105006, 29.5710875331565
6/20/2017, 29.02, 29.03, 28.72, 28.77, 670293, 1.14895369325625, -0.277117680599442, 1.01665857630617, 1.40083585811489, 0, 0.137874913828785, 0.256913423965655, -0.11903851013687, 29.1094545454553, 29.4551827956988, 30.0501416361416, 29.5915239750833
6/21/2017, 28.71, 28.83, 28.68, 28.79, 1001711, 1.11679846708, -0.517333440023684, 1.09368867211041, 1.42460346177256, 0, 0.0897649010436474, 0.223483719381254, -0.133718818337606, 28.9892727272735, 29.3586021505375, 30.0638437118437, 29.6118287993163
6/22/2017, 28.73, 28.86, 28.68, 28.77, 1302694, 1.09297867479567, -0.147902037222978, 1.06332952959936, 1.51407167103781, 0, 0.0494534676530876, 0.18867766903562, -0.139224201382533, 28.8740000000007, 29.2592903225805, 30.0767326007326, 29.6306806722689
6/23/2017, 28.78, 28.92, 28.74, 28.87, 547208, 1.06590740042182, -0.0714406290633724, 1.0900633304686, 1.51273206620804, 0, 0.0252840714906455, 0.155998949526625, -0.13071487803598, 28.8265454545462, 29.1672688172042, 30.0923858363858, 29.652085399449
6/26/2017, 29.17, 29.2, 28.95, 28.97, 619582, 1.06607212004381, -0.321410376444804, 1.24983558438232, 1.52737508148042, 0, 0.0140370053064984, 0.1276065606826, -0.113569555376102, 28.7874545454553, 29.1060430107526, 30.1132112332112, 29.6759504132231
6/27/2017, 29, 29.16, 28.96, 29.04, 479016, 1.04476252933146, -0.356473199724273, 1.22503723622672, 1.53566861752845, 0, 0.0106492810276784, 0.104215104751616, -0.0935658237239373, 28.8341818181826, 29.0670322580644, 30.1354969474969, 29.7012155137945
6/28/2017, 29.15, 29.33, 29.11, 29.29, 821087, 1.03355782380322, -0.0735013541896093, 1.44537542441648, 1.57145781531801, 0, 0.0278167417091986, 0.0889354321431323, -0.0611186904339337, 28.9818181818189, 29.0819139784945, 30.1593186813187, 29.7336139522686
6/29/2017, 28.99, 28.99, 28.64, 28.79, 1017001, 1.11181879910512, -0.501841761709523, 1.22005339984122, 1.51565242973802, 0, 0.00106399162538295, 0.0713611440395824, -0.0702971524141995, 28.8865454545462, 28.9999784946236, 30.1572673992674, 29.7489870967742
6/30/2017, 28.85, 28.89, 28.51, 28.76, 1364532, 1.12339360448278, -0.502380484105322, 1.02221194156048, 1.59785934680698, 0, -0.022301427860512, 0.0526286296595635, -0.0749300575200756, 28.8658181818189, 28.9160645161289, 30.1524468864469, 29.7628038095238
7/3/2017, 28.76, 28.86, 28.73, 28.75, 644025, 1.09020382823229, -0.471198694481591, 1.02708162450416, 1.57350909966344, 0, -0.0411512416701427, 0.0338726553936223, -0.075023897063765, 28.9083636363644, 28.857634408602, 30.1453528693528, 29.7757480314961
7/5/2017, 28.67, 28.78, 28.61, 28.76, 928520, 1.06488845822651, -0.415979113414248, 0.474101256882896, 1.50197394480989, 0, -0.0546529334962607, 0.0161675376156457, -0.0708204711119064, 28.8449090909098, 28.8117419354838, 30.1311184371184, 29.7884744094488
7/6/2017, 28.57, 28.8, 28.51, 28.69, 846111, 1.0646525777506, -0.536783598354808, 0.300491992640535, 1.47624455887436, 0, -0.0701924022090736, -0.00110445034929817, -0.0690879518597755, 28.7618181818189, 28.75688172043, 30.1118559218559, 29.7985210755814
7/7/2017, 28.64, 28.75, 28.56, 28.71, 554003, 1.04380488794432, -0.735555741114519, 0.424745584190213, 1.43138484309566, 0, -0.0799718446227118, -0.0168779292039809, -0.0630939154187309, 28.6870909090917, 28.7124731182795, 30.0909133089133, 29.808740608229
7/10/2017, 28.69, 28.83, 28.67, 28.8, 308315, 1.0162936255638, -0.890387956438191, 0.462330713219766, 1.442770599575, 0, -0.0795429536975263, -0.02941093410269, -0.0501320195948363, 28.666727272728, 28.682258064516, 30.0784542124542, 29.8212577803875
7/11/2017, 28.72, 28.92, 28.67, 28.92, 285202, 1.00469549085151, -0.57493193622665, 0.526838581396673, 1.4216122318749, 0, -0.0687278060644303, -0.037274308495038, -0.0314534975693923, 28.7116363636371, 28.6679354838709, 30.0672991452991, 29.8369014573213
7/12/2017, 29.14, 29.17, 29.08, 29.12, 1373271, 0.990831178422195, -0.261614224371765, 0.566249489716458, 1.46955441291369, 0, -0.043516760983632, -0.0385227989927568, -0.00499396199087516, 28.8423636363644, 28.6778924731182, 30.0719242979242, 29.8579642287537
7/13/2017, 29.23, 29.24, 29.11, 29.23, 597124, 0.959984732120137, -0.21852287876902, 0.490055411701136, 1.64301440879764, 0, -0.0144936714076955, -0.0337169734757446, 0.019223302068049, 29.056727272728, 28.7083655913977, 30.0759047619047, 29.881589047245
7/14/2017, 29.26, 29.42, 29.19, 29.41, 608754, 0.945506155521184, 0.0455135972631252, 0.64697903158838, 1.7216025218939, 0, 0.0227693608402006, -0.0224197066125555, 0.0451890674527562, 29.2365454545462, 28.7793763440859, 30.0803467643467, 29.9097578772803
7/17/2017, 29.34, 29.38, 29.29, 29.37, 409663, 0.91988318802125, 0.0127094693022074, 0.266966913795112, 1.68231683867545, 0, 0.0485136811388074, -0.00823302906228294, 0.0567467102010903, 29.362727272728, 28.8641290322579, 30.078459096459, 29.9358747276688
7/18/2017, 29.3, 29.37, 29.26, 29.36, 584493, 0.89291964477435, 0.231976094657013, -0.0375238976338285, 1.66213936566988, 0, 0.0673331493939671, 0.00688020662896706, 0.060452942765, 29.4501818181826, 28.9330322580644, 30.0790866910866, 29.960880206097
7/19/2017, 29.32, 29.48, 29.32, 29.47, 422250, 0.872253638684974, 0.0972811930895393, 0.393352845004926, 1.80020331998366, 0, 0.0900853464668785, 0.0235212345965493, 0.0665641118703292, 29.5443636363644, 29.0063010752687, 30.0887912087911, 29.9882767375436
7/20/2017, 29.59, 29.62, 29.46, 29.6, 1034332, 0.852028682278509, 0.224829572535602, 0.568378668512897, 1.82836632877064, 0, 0.117254898629799, 0.0422679674031993, 0.0749869312265997, 29.630727272728, 29.0999999999999, 30.1014896214896, 30.0185611510791
7/21/2017, 29.32, 29.4, 29.12, 29.39, 669703, 0.896871267290632, 0.377138793974565, 0.430548122358751, 1.74422299179328, 0, 0.120453209884172, 0.0579050158993938, 0.062548193984778, 29.5989090909098, 29.1572043010752, 30.0966691086691, 30.0419619732785
7/24/2017, 29.26, 29.33, 29.17, 29.3, 868676, 0.892187515985941, -0.0378799317559896, 0.42518320359218, 1.58656435981229, 0, 0.114406835967973, 0.0692053799131096, 0.0452014560548633, 29.5169090909098, 29.2029247311827, 30.0919902319902, 30.0620911854103
7/25/2017, 29.66, 29.68, 29.4, 29.43, 845781, 0.908394138887825, -0.0754987151941167, 0.32396655603651, 1.65745531817057, 0, 0.118736237190692, 0.0791115513686261, 0.039624685822066, 29.4765454545462, 29.2476559139784, 30.0964737484737, 30.0852282489262
7/26/2017, 29.57, 29.76, 29.51, 29.68, 656458, 0.911298434369786, 1.20916792157074, 0.352526630500419, 1.58221048177631, 0, 0.140718118636514, 0.0914328648222036, 0.04928525381431, 29.534727272728, 29.3400430107526, 30.1090231990231, 30.1146242489905
7/27/2017, 29.69, 29.69, 29.41, 29.53, 1246574, 0.917540489518811, 0.961771897259732, 0.0522183589370567, 1.58244457104571, 0, 0.144370953175137, 0.10202048249279, 0.042350470682347, 29.5325454545462, 29.410129032258, 30.1115115995115, 30.1390122377622
7/28/2017, 29.35, 29.5, 29.34, 29.5, 374634, 0.904753292295457, 0.948975853724712, 0.392860632668366, 1.66585559365765, 0, 0.143194445156389, 0.11025527502551, 0.0329391701308792, 29.5396363636371, 29.4506451612902, 30.1108205128205, 30.161846743295
7/31/2017, 29.46, 29.48, 29.33, 29.44, 915845, 0.890139640508838, 0.742310402481116, 0.344157299274332, 1.67409725775577, 0, 0.135854509299463, 0.115375121880301, 0.0204793874191624, 29.5130909090916, 29.5049247311827, 30.1063492063491, 30.1823571091167
8/1/2017, 29.66, 29.72, 29.57, 29.57, 1248967, 0.889260245713601, 0.774591878588237, 0.173172622642605, 1.61483773393318, 0, 0.138926018137489, 0.120085301131739, 0.0188407170057509, 29.5256363636371, 29.5865161290321, 30.1069352869352, 30.2057674028515
8/2/2017, 29.64, 29.73, 29.55, 29.65, 645248, 0.872871979509734, 0.784785142388579, 0.151600937140863, 1.52137614928687, 0, 0.146131034826688, 0.125294447870728, 0.0208365869559594, 29.5763636363643, 29.6273333333332, 30.1096898656898, 30.2306435006435
8/3/2017, 29.77, 29.88, 29.74, 29.78, 1041379, 0.864225033003372, 0.65015912671599, 0.292547619208387, 1.56726718220307, 0, 0.160481050354388, 0.13233176836746, 0.0281492819869278, 29.6881818181825, 29.6803010752687, 30.1198876678876, 30.2582795211319
8/4/2017, 29.95, 30.02, 29.85, 29.94, 459587, 0.856706426476232, 2.05973143009643, 0.36741230495614, 1.73775188461922, 0, 0.182658628897695, 0.142397140473507, 0.0402614884241876, 29.8034545454553, 29.7458494623655, 30.135995115995, 30.2893906040268
8/7/2017, 29.95, 30.01, 29.95, 30.01, 686256, 0.8236354844473, 2.25737962873097, 0.437045401649374, 1.64372050712719, 0, 0.203536690390052, 0.154625050456816, 0.0489116399332362, 29.8949090909098, 29.8193978494623, 30.1513382173381, 30.3214975717439
8/8/2017, 30.02, 30.06, 29.8, 29.83, 969664, 0.830755475824683, 1.8266802029166, 0.344991254411534, 1.46952830339284, 0, 0.203215665173069, 0.164343173400067, 0.038872491773002, 29.9114545454553, 29.8694193548386, 30.1533382173381, 30.3480141164169
8/9/2017, 29.42, 29.68, 29.4, 29.67, 649931, 0.865937446971951, 1.46872654366577, 0.27494257092743, 1.41681901211508, 0, 0.18788476888998, 0.169051492498049, 0.0188332763919303, 29.9009090909098, 29.898258064516, 30.1493504273503, 30.3696259029928
8/10/2017, 29.49, 29.49, 29.24, 29.33, 751011, 0.905480594922431, 0.911994163580402, -0.015668480307805, 1.29896602010323, 0, 0.146609738823287, 0.164563141763097, -0.0179534029398101, 29.7434545454553, 29.8965591397848, 30.1268522588522, 30.3818164841694
8/11/2017, 29.29, 29.36, 29.16, 29.25, 1082341, 0.896747301081065, 0.764425631707246, -0.24346377694754, 1.25666813215637, 0, 0.106219219667636, 0.152894357344005, -0.0466751376763684, 29.5632727272735, 29.8511182795698, 30.0991916971916, 30.391547549225
8/14/2017, 29.5, 29.62, 29.5, 29.54, 1659758, 0.9061735148541, 0.978892349067056, -0.219334385755962, 1.3319344836007, 0, 0.0964976537232651, 0.141615016619857, -0.0451173628965917, 29.4849090909099, 29.837505376344, 30.0781709401708, 30.4083473945409
8/15/2017, 29.55, 29.6, 29.45, 29.56, 630402, 0.885654511074107, 0.852443504031684, -0.0239478562986426, 1.30698122412933, 0, 0.0893767954623108, 0.131167372388348, -0.0417905769260368, 29.4340000000008, 29.8207311827956, 30.0587545787545, 30.4251576024824
8/16/2017, 29.73, 29.78, 29.63, 29.71, 784875, 0.874148434196671, 0.792976740599543, 0.19805810966371, 1.33942235674688, 0, 0.0947450484434782, 0.123882907599374, -0.0291378591558955, 29.4514545454553, 29.8184301075267, 30.0436019536018, 30.4452592114811
8/17/2017, 29.61, 29.66, 29.33, 29.33, 537272, 0.905980309614182, 0.133171754198752, -0.103019107236749, 1.11814223741296, 0, 0.067557838688618, 0.112617893817223, -0.0450600551286046, 29.3603636363644, 29.7571182795697, 30.0061025641024, 30.4552686887986
8/18/2017, 29.3, 29.5, 29.24, 29.4, 508102, 0.902849740031795, 0.00206972916683378, 0.0387984135761675, 1.1193883049387, 0, 0.0510714739098752, 0.100308609835753, -0.0492371359258779, 29.3500000000008, 29.7018924731181, 29.9705396825396, 30.4666847484277
8/21/2017, 29.38, 29.46, 29.28, 29.4, 1061011, 0.888319497928164, 0.0503558224815791, 0.0387984135761675, 1.14368877342918, 0, 0.0375727952494955, 0.0877614469185016, -0.0501886516690061, 29.3830909090917, 29.6482150537633, 29.9333943833942, 30.4777352484472
8/22/2017, 29.49, 29.59, 29.48, 29.56, 293582, 0.871473734003168, 0.251323897317865, 0.334585683205398, 1.25339498785273, 0, 0.0393322601708554, 0.0780756095689724, -0.0387433493981169, 29.468727272728, 29.6189677419353, 29.8954603174602, 30.4923694501955
8/23/2017, 29.54, 29.64, 29.53, 29.64, 548924, 0.844221504665214, 0.215829792087463, 0.205177496617131, 1.21954631812801, 0, 0.0466442938252456, 0.071789346420227, -0.0251450525949814, 29.564727272728, 29.609075268817, 29.8611623931623, 30.5085321517837
8/24/2017, 29.62, 29.64, 29.53, 29.54, 369124, 0.823344249436801, -0.0571337313039546, 0.149599725510397, 1.20729814673442, 0, 0.0438643282402218, 0.066204342784226, -0.0223400145440042, 29.559818181819, 29.5904731182794, 29.8144395604395, 30.5218053269489
8/25/2017, 29.62, 29.85, 29.61, 29.75, 672424, 0.828756627628402, 0.444155471861064, 0.567294330045756, 1.27152762064703, 0, 0.0579385508930912, 0.064551184405999, -0.00661263351290783, 29.6000000000008, 29.6085161290321, 29.7740659340658, 30.5397605321507
8/28/2017, 29.8, 29.8, 29.72, 29.76, 610343, 0.80049510041491, 0.568827372922968, 0.317296919930276, 1.35102987920088, 0, 0.0691028159243317, 0.0654615107096655, 0.0036413052146661, 29.6743636363644, 29.6229677419353, 29.7415824175823, 30.557466958744
8/29/2017, 29.52, 29.69, 29.5, 29.63, 476579, 0.807681318897412, 0.254141513480218, 0.0967732571809594, 1.24811857517648, 0, 0.0666918803684737, 0.0657075846414272, 0.000984295727046544, 29.695818181819, 29.6177419354837, 29.7005323565322, 30.5715886299689
8/30/2017, 29.57, 29.59, 29.49, 29.52, 1128131, 0.793869160060427, -0.18517218011068, 0.696332959665849, 1.20762923555556, 0, 0.055268020541309, 0.0636196718214035, -0.00835165128009457, 29.7054545454554, 29.6041505376343, 29.6865372405371, 30.5826967493584
8/31/2017, 29.61, 29.74, 29.54, 29.7, 930367, 0.786641977263792, 0.223304908018553, 0.82978875812403, 1.33285891672637, 0, 0.0600468423799576, 0.0629051059331144, -0.00285826355315674, 29.7116363636372, 29.6217419354837, 29.6848156288155, 30.5977155536771
9/1/2017, 29.89, 29.92, 29.77, 29.8, 564514, 0.781714878808655, 0.381433695937104, 0.933856110724987, 1.34794538296973, 0, 0.0710838470412334, 0.0645408541547382, 0.00654299288649522, 29.7461818181826, 29.6373763440859, 29.6819218559217, 30.6146655064392
9/5/2017, 29.73, 29.83, 29.48, 29.59, 985557, 0.807041169958533, 0.193205475582439, 0.649376906334756, 1.25721982640785, 0, 0.0621688638323619, 0.0640664560902629, -0.00189759225790104, 29.6863636363645, 29.6177204301074, 29.6689743589742, 30.6262662538699
9/6/2017, 29.83, 29.99, 29.82, 29.9, 639563, 0.82562979291369, 0.386507156157598, 0.805366228419028, 1.46863757514486, 0, 0.0792050580267478, 0.0670941764775599, 0.0121108815491879, 29.7552727272736, 29.6441935483869, 29.6684273504272, 30.6447157622739
9/7/2017, 30.2, 30.22, 30.07, 30.16, 446376, 0.830637077841955, 0.567823499656348, 0.943800811914461, 1.50806165839253, 0, 0.112390622617493, 0.0761534657055465, 0.0362371569119466, 29.9114545454554, 29.7172903225805, 29.6805347985346, 30.6686839628982
9/8/2017, 30.2, 30.22, 30.13, 30.16, 343571, 0.804025648353041, 0.428989521052567, 0.747827088509519, 1.61830271267683, 0, 0.137109904019159, 0.088344753368269, 0.0487651506508898, 30.0192727272736, 29.7772903225805, 29.6967179487178, 30.6920689655172
9/11/2017, 30.37, 30.48, 30.37, 30.41, 257303, 0.81015925276591, 0.514236673157084, 1.50752028364113, 1.70571447300003, 0, 0.174857376296597, 0.105647277953935, 0.0692100983426623, 30.2216363636372, 29.862946236559, 29.7200879120877, 30.720583908046
9/12/2017, 30.5, 30.58, 30.5, 30.57, 597325, 0.793428057990865, 0.602227066614127, 1.67160496733079, 1.5968743082115, 0, 0.215202462823974, 0.127558314927943, 0.0876441478960319, 30.4452727272736, 29.9590322580643, 29.7640024420023, 30.7520584415584
9/13/2017, 30.53, 30.56, 30.34, 30.38, 223183, 0.796324586772275, 0.594448520386368, 1.48459146983708, 1.53405706980409, 0, 0.229202716224918, 0.147887195187338, 0.0813155210375807, 30.5330909090918, 30.032387096774, 29.8097655677654, 30.778530431433
9/14/2017, 30.39, 30.53, 30.38, 30.52, 364341, 0.777612185413979, 0.922495704188048, 1.59147631235064, 1.21116204871061, 0, 0.248727670129082, 0.168055290175686, 0.0806723799533952, 30.6063636363645, 30.1236129032256, 29.8483150183148, 30.8075211070907
9/15/2017, 30.52, 30.57, 30.45, 30.54, 1214663, 0.757894161882545, 1.43885798927615, 1.68095437582328, 1.10705619358711, 0, 0.262785936918622, 0.187001419524274, 0.0757845173943483, 30.6680000000008, 30.2204301075267, 29.8834407814406, 30.8362933902454
9/18/2017, 30.59, 30.64, 30.52, 30.59, 395707, 0.738436852523644, 1.61245686264271, 1.70606535101818, 1.23112475612097, 0, 0.274794140962637, 0.204559963811946, 0.0702341771506908, 30.7210909090917, 30.3293548387095, 29.9194481074479, 30.8655176908752
9/19/2017, 30.74, 30.77, 30.67, 30.75, 366406, 0.727133143179296, 1.49866555135624, 1.75431481181275, 1.28989112831313, 0, 0.293834253635719, 0.222414821776701, 0.0714194318590182, 30.7443636363644, 30.4590537634407, 29.9593308913307, 30.8976071209331
9/20/2017, 30.79, 30.85, 30.52, 30.68, 572825, 0.746133537976701, 1.37643149984109, 1.58150218095598, 1.25815053422432, 0, 0.29981913674272, 0.237895684769905, 0.061923451972815, 30.7421818181826, 30.5630967741934, 30.0010818070816, 30.9274500637484
9/21/2017, 30.72, 30.83, 30.71, 30.78, 419329, 0.730890451522707, 1.31866423267203, 1.49998209378815, 1.24503773797074, 0, 0.309068613402133, 0.25213027049635, 0.0569383429057823, 30.7840000000008, 30.6636774193547, 30.0503956043954, 30.9588074220861
9/22/2017, 30.91, 30.98, 30.89, 30.9, 378332, 0.724011899449045, 2.28164249400105, 1.50286525957608, 1.18380606037855, 0, 0.322365854506778, 0.266177387298436, 0.056188467208342, 30.8334545454553, 30.7496559139783, 30.1108864468863, 30.9920759087669
9/25/2017, 30.66, 30.75, 30.53, 30.61, 680047, 0.754765413535665, 1.59000956858179, 1.05804488389297, 1.10097219896945, 0, 0.305976332813756, 0.2741371764015, 0.0318391564122565, 30.7923636363644, 30.7833763440858, 30.1461123321121, 31.0183683901293
9/26/2017, 30.48, 30.52, 30.37, 30.48, 887697, 0.759455408231967, 1.39136935092183, 0.976292593865722, 0.757541997928813, 0, 0.279278259318492, 0.275165392984898, 0.00411286633359342, 30.7274545454554, 30.8111612903224, 30.1746764346762, 31.0412850915432
9/27/2017, 30.4, 30.54, 30.39, 30.47, 522584, 0.746333797202653, 1.18322638114724, 0.976621098406804, 0.519874027589487, 0, 0.254380586245929, 0.271008431637105, -0.0166278453911751, 30.6260000000008, 30.832946236559, 30.2101489621488, 31.0634673106779
9/28/2017, 30.58, 30.64, 30.56, 30.57, 365873, 0.734502821744409, 1.20361924238602, 0.965463493583824, 0.885643024102069, 0, 0.239952146246104, 0.264797174558904, -0.0248450283128006, 30.5821818181826, 30.8715483870966, 30.2516239316237, 31.0872670383434
9/29/2017, 30.71, 30.91, 30.69, 30.9, 570769, 0.745341867239167, 1.67438999117331, 1.09892219251053, 1.11368283779649, 0, 0.252238101844579, 0.262285360016039, -0.0100472581714602, 30.6536363636372, 30.9211397849461, 30.3051623931622, 31.1175008443094
10/2/2017, 30.77, 30.88, 30.75, 30.83, 905544, 0.734009423055652, 1.34242391582867, 1.24143732945128, 1.07856622859373, 0, 0.253405296665665, 0.260509347345965, -0.00710405068029929, 30.6912727272735, 30.956387096774, 30.355653235653, 31.1456179337232
10/3/2017, 30.95, 31.01, 30.94, 30.95, 367588, 0.723684490700015, 1.47051271733565, 1.42304772630591, 1.17924196250937, 0, 0.261004605466624, 0.260608398970096, 0.000396206496527718, 30.7892727272735, 30.997634408602, 30.4097118437116, 31.1756368145495
10/4/2017, 30.89, 30.96, 30.87, 30.91, 1361774, 0.702948341566069, 1.61569870390421, 1.27884456341954, 1.01746572895249, 0, 0.260793185234135, 0.260645356222904, 0.000147829011230949, 30.8485454545463, 31.0344731182794, 30.4597899877898, 31.2041884816754
10/5/2017, 30.82, 30.95, 30.82, 30.9, 424949, 0.689052639997309, 1.77704664985932, 1.07258034863629, 0.911785005082181, 0, 0.256857819693195, 0.259887848916962, -0.00303002922376727, 30.911818181819, 31.0666666666665, 30.5069694749692, 31.2319273531952
10/6/2017, 30.77, 30.91, 30.74, 30.9, 349112, 0.68210809861233, 1.5607483950462, 1.21908426621181, 0.754061211294355, 0, 0.250847401452365, 0.258079759424043, -0.00723235797167804, 30.9925454545462, 31.0840645161289, 30.5547619047617, 31.259078040703
10/9/2017, 30.85, 30.91, 30.8, 30.85, 294846, 0.666881142131765, 1.35963963993628, 1.2020237202249, 1.04286305784184, 0, 0.239291120477894, 0.254322031634813, -0.0150309111569192, 30.9980000000008, 31.1003440860213, 30.6048180708178, 31.2846312450436
10/10/2017, 31.02, 31.16, 30.98, 31.15, 844206, 0.67719483380503, 2.03196376452814, 1.478934593857, 1.18135173144981, 0, 0.251441713783048, 0.25374596806446, -0.00230425428141179, 31.0680000000008, 31.1482580645159, 30.6728791208789, 31.3157482993198
10/11/2017, 31.12, 31.25, 31.1, 31.21, 518017, 0.666129065023241, 1.80148616228281, 1.41945784084312, 1.02330223141389, 0, 0.262882301543122, 0.255573234760193, 0.00730906678292964, 31.1201818181826, 31.1861505376342, 30.7366471306469, 31.3474417279602
10/12/2017, 31.14, 31.19, 31.11, 31.15, 448076, 0.65009289609652, 1.40824819037271, 1.29682886978015, 0.931693503789152, 0, 0.264063590511348, 0.257271305910424, 0.00679228460092457, 31.1312727272735, 31.1989032258062, 30.7928571428569, 31.3772804183972
10/13/2017, 31.12, 31.19, 31.05, 31.07, 619103, 0.6417082081666, 1.2817601297243, 1.11681552571843, 0.928415996755111, 0, 0.255598063742738, 0.256936657476887, -0.00133859373414852, 31.1490909090917, 31.2029892473116, 30.8456654456652, 31.4049053347546
10/16/2017, 31.09, 31.09, 31.02, 31.04, 370519, 0.621487768245794, 0.929036960384697, 0.958570453512288, 0.884995822472838, 0, 0.243659567684794, 0.254281239518468, -0.0106216718336739, 31.1332727272735, 31.2010967741934, 30.8929157509155, 31.4313638190955
10/17/2017, 30.97, 31.01, 30.94, 30.99, 411035, 0.607500203615101, 0.631454535781485, 0.855039565889751, 0.875126555674741, 0, 0.227540693933584, 0.248933130401491, -0.0213924364679076, 31.1127272727281, 31.1708602150536, 30.9367643467641, 31.4562850746269
10/18/2017, 31.11, 31.19, 31.09, 31.16, 438024, 0.606068990517663, 1.19725969582693, 1.16296075158096, 0.98930268741368, 1.52005126023869, 0.22588014391274, 0.244322533103741, -0.0184423891910014, 31.1407272727281, 31.173827956989, 30.9808644688642, 31.4840490616226
10/19/2017, 31.08, 31.22, 31.08, 31.2, 1106325, 0.597463277477688, 1.05713513683791, 1.35587120564397, 1.0440892682202, 1.48649879574507, 0.22519589368088, 0.240497205219169, -0.015301311538289, 31.1669090909099, 31.191075268817, 31.031211233211, 31.5120377505731
10/20/2017, 31.11, 31.12, 31.02, 31.04, 286202, 0.5995106811997, 0.753539458663881, 1.59238511382396, 0.913340229084886, 1.39683946988147, 0.209329932460118, 0.234263750667359, -0.0249338182072404, 31.1214545454553, 31.1813118279568, 31.0727863247861, 31.5363343958274
10/23/2017, 31.13, 31.14, 30.97, 31, 2143471, 0.59768938603925, 0.618174859393252, 1.63811163554617, 0.761210687963876, 1.4151249278152, 0.191322926575364, 0.22567558584896, -0.0343526592735962, 31.0445454545462, 31.1774623655912, 31.1031599511597, 31.559355810617
10/24/2017, 31.11, 31.23, 31.06, 31.12, 626351, 0.602569165130331, 0.562641915895386, 1.51124714329737, 0.68670075627559, 1.44719737996761, 0.184607204852831, 0.217461909649734, -0.0328547047969027, 31.0609090909098, 31.195698924731, 31.1455286935284, 31.584229220933
10/25/2017, 31.23, 31.27, 31.03, 31.14, 574590, 0.610608696143645, 0.703264368299629, 1.51024535896653, 0.855800283308643, 1.45657414801442, 0.178837255299822, 0.209736978779752, -0.0308997234799298, 31.0978181818189, 31.2002580645159, 31.1912600732598, 31.6089869143099
10/26/2017, 31.23, 31.32, 31.13, 31.17, 569696, 0.609997980687118, 0.601106132862526, 1.40197385047871, 0.972355898595716, 1.43289374144847, 0.174671770546894, 0.20272393713318, -0.0280521665862862, 31.1369090909098, 31.2130537634407, 31.2202344322342, 31.6338233927908
10/27/2017, 31.16, 31.25, 31.11, 31.2, 551811, 0.601376769394762, 0.469474953584494, 1.96349766692025, 0.954685122481903, 1.41652031320448, 0.171810815021985, 0.196541312710941, -0.0247304976889562, 31.1692727272735, 31.2267956989245, 31.2492063492061, 31.658737118145
10/30/2017, 31.25, 31.32, 31.2, 31.3, 488400, 0.588651995043475, 1.20267421445753, 1.98679050355829, 1.0907563061396, 1.40704969684089, 0.175588575621873, 0.192350765293128, -0.0167621896712544, 31.2230909090916, 31.2523010752686, 31.2803394383392, 31.685056732741
10/31/2017, 31.34, 31.43, 31.29, 31.39, 476670, 0.579916122096774, 1.64272256932871, 2.07637015263325, 1.13821519004366, 1.43038712580874, 0.183726837338348, 0.190625979702172, -0.00689914236382355, 31.2838181818189, 31.2953118279568, 31.3157753357751, 31.7125633039946
11/1/2017, 31.41, 31.46, 31.34, 31.35, 672850, 0.570762000605641, 1.58117078083926, 1.87557254193439, 1.28785119340021, 1.47137056283124, 0.184818331989845, 0.189464450159706, -0.00464611816986105, 31.3429090909098, 31.324451612903, 31.3498388278386, 31.7387847625861
11/2/2017, 31.37, 31.5, 31.34, 31.47, 501748, 0.565577352495631, 1.60490877711593, 1.90660793080353, 1.20648729815275, 1.50596675119973, 0.193139949372195, 0.190199550002204, 0.00294039936999127, 31.4410909090916, 31.3711612903224, 31.3889597069595, 31.7667459473824
11/3/2017, 31.4, 31.41, 31.25, 31.35, 747008, 0.574442849087261, 0.914398662161006, 1.88879371134338, 1.14975212513572, 1.43649876404876, 0.187886060433897, 0.189736852088543, -0.00185079165464597, 31.4510909090916, 31.4061935483869, 31.4266105006102, 31.791934974332
11/6/2017, 31.22, 31.33, 31.2, 31.32, 448843, 0.570189787769519, 1.00797900930575, 1.66109057587197, 1.38440603573575, 1.42003829573743, 0.179235451602647, 0.187636571991364, -0.00840112038871654, 31.4258181818189, 31.4151827956987, 31.4503296703294, 31.8160804173006
11/7/2017, 31.15, 31.17, 30.97, 31.09, 1194264, 0.601975778233975, 0.270612253465529, 1.36831936556478, 1.04505104625684, 1.36425380122237, 0.152067761474431, 0.180522809887977, -0.0284550484135463, 31.3276363636371, 31.3817419354837, 31.4614749694747, 31.8355090439277
11/8/2017, 31, 31.11, 30.96, 31.08, 368988, 0.596192265058866, 0.32805213624018, 1.51267069074122, 0.94049296579438, 1.31204298580184, 0.128251847425553, 0.170068617395492, -0.0418167699699397, 31.2316363636371, 31.3424301075267, 31.4702539682537, 31.8543646526711
11/9/2017, 30.79, 30.88, 30.66, 30.79, 561253, 0.639921169799548, -0.172532153331028, 1.28517301422275, 1.36933648393725, 1.32169055833897, 0.0849971928581894, 0.153054332488032, -0.0680571396298422, 31.044727272728, 31.2690537634407, 31.4648717948715, 31.8675335052636
11/10/2017, 30.8, 30.82, 30.7, 30.75, 372004, 0.628228103324282, -0.238555679180362, 1.07422747564601, 1.32882715242873, 1.32361289446464, 0.0469487063127261, 0.131833207252971, -0.0848845009402445, 30.870727272728, 31.2111827956987, 31.4546984126981, 31.8796883247455
11/13/2017, 30.35, 30.58, 30.31, 30.55, 444799, 0.672736938407876, -0.466051936887646, 0.758838945098499, 1.20234416232571, 1.34006106017653, 0.00064919455986967, 0.10559640471435, -0.104947210154481, 30.6721818181825, 31.1242365591396, 31.4347179487177, 31.8879476961395
11/14/2017, 30.61, 30.75, 30.55, 30.72, 498242, 0.66811548811662, -0.729934769133308, 1.15324024850343, 1.23941079006279, 1.35177130394823, -0.0220714963525985, 0.0800628245009606, -0.102134320853559, 30.5912727272734, 31.0686666666665, 31.4228205128202, 31.8990728095434
11/15/2017, 30.57, 30.71, 30.52, 30.6, 366947, 0.669878509973707, -1.03471227358539, 0.743871144660445, 1.09291444159188, 1.31282431421123, -0.0491937300150411, 0.0542115135977603, -0.103405243612801, 30.4974545454552, 30.9966881720428, 31.4069377289375, 31.9077925889691
11/16/2017, 30.84, 30.86, 30.77, 30.85, 507719, 0.673366881197266, -0.455215946743592, 0.730368422248181, 1.19285824381722, 1.351965607661, -0.0499397110324509, 0.033381268671718, -0.0833209797041689, 30.5549090909097, 30.95776344086, 31.4051965811963, 31.9207776835131
11/17/2017, 30.76, 30.78, 30.68, 30.72, 391069, 0.67007486558232, -0.528444426094804, 0.591040238289186, 0.952961878525532, 1.29402422538182, -0.0603254259488573, 0.014639929747603, -0.0749653556964602, 30.5772727272734, 30.9026666666664, 31.3989499389497, 31.9311723254324
11/20/2017, 30.76, 30.79, 30.69, 30.69, 439751, 0.653485333240613, -0.528960963288092, 0.311113803759322, 1.34704781675098, 1.37882692136052, -0.0701680752315248, -0.00232167124822258, -0.0678464039833022, 30.617636363637, 30.8415913978493, 31.3943003663001, 31.9408023809524
11/21/2017, 30.86, 30.94, 30.85, 30.87, 261490, 0.657683564408704, -0.166529917745703, 0.329474829573142, 1.48242808729515, 1.47459167318508, -0.0627209420457895, -0.014401525407736, -0.0483194166380535, 30.7085454545461, 30.824387096774, 31.395692307692, 31.9533919370698
11/22/2017, 31.06, 31.11, 30.89, 31.01, 503654, 0.660675815918473, -0.212206504221632, 0.683829794679999, 1.57855462544935, 1.49006221321685, -0.0450034338000371, -0.0205219070861962, -0.0244815267138409, 30.8578181818188, 30.8307526881718, 31.4018827838825, 31.9681794082102
11/24/2017, 31.51, 31.55, 31.48, 31.5, 212698, 0.70359299044604, 0.371772917577517, 0.945375629108091, 1.81241015304231, 1.53142360211425, 0.00847898358681221, -0.0147217289515945, 0.0232007125384067, 31.1221818181824, 30.8965806451611, 31.4307277167274, 31.9912485508927
11/27/2017, 31.45, 31.46, 31.28, 31.31, 212156, 0.707602051711841, 0.335410584878799, 0.735293524368075, 1.72952074099256, 1.48988995775655, 0.0351278407008699, -0.00475181502110163, 0.0398796557219716, 31.2741818181824, 30.9307096774191, 31.4526691086688, 32.0105853060599
11/28/2017, 31.41, 31.49, 31.35, 31.42, 270743, 0.698512706147131, 0.511685898179776, 0.786868866036098, 1.78211207038724, 1.47971463981931, 0.0643811864090331, 0.00907478526492532, 0.0553064011441078, 31.393636363637, 30.9752473118277, 31.4734993894991, 32.0314687677995
11/29/2017, 31.52, 31.58, 31.33, 31.36, 465821, 0.704716382837555, 0.299029311061122, 0.58579738577176, 1.68303395068542, 1.45434223822262, 0.0817804608366899, 0.0236159203792782, 0.0581645404574117, 31.4789090909097, 31.006387096774, 31.4882197802195, 32.0509316770187
11/30/2017, 31.49, 31.55, 31.35, 31.36, 680183, 0.701368318797718, 0.275143279856414, 0.653627745517696, 1.60511561978643, 1.41529222680769, 0.0944803999371402, 0.0377888162908506, 0.0566915836462896, 31.5052727272733, 31.0464731182793, 31.5043199023196, 32.0700339602926
12/1/2017, 31.18, 31.28, 30.99, 31.17, 1376108, 0.729713344678268, 0.013764160056622, 0.377988796033028, 1.3500265568008, 1.36130476598614, 0.0881970998028869, 0.0478704729932579, 0.040326626809629, 31.474545454546, 31.063827956989, 31.5162564102561, 32.0855279709931
12/4/2017, 31.32, 31.41, 31.19, 31.25, 2933063, 0.729853014590097, 0.0716280839768854, 0.340959806760886, 1.32797583584338, 1.46279416740893, 0.0886509575347034, 0.056026569901547, 0.0326243876331564, 31.4280000000006, 31.0808602150535, 31.5272649572646, 32.1020886981402
12/5/2017, 31.13, 31.28, 31.06, 31.12, 789177, 0.731603835817593, -0.193517610277523, 0.506733816453437, 1.12858669827386, 1.44518045120174, 0.0776259063840214, 0.0603464371980419, 0.0172794691859796, 31.3016363636369, 31.0773763440858, 31.5306642246639, 32.1161291143845
12/6/2017, 31.03, 31.16, 30.99, 31.08, 232392, 0.72326691769985, -0.345184039547409, 0.599442557021829, 1.13010595765395, 1.42135517503939, 0.0649125368912138, 0.0612596571366763, 0.00365287975453751, 31.1740000000006, 31.0760430107524, 31.5297948717945, 32.1292196177426
12/7/2017, 31.11, 31.27, 31.08, 31.19, 452787, 0.715138794870336, -0.169543414098421, 0.712169829079438, 1.20402788920378, 1.43344252995438, 0.0629871045319952, 0.0616051466157401, 0.00138195791625512, 31.1009090909096, 31.0902580645159, 31.5354212454209, 32.1439047414718
12/8/2017, 31.22, 31.27, 31.14, 31.27, 380195, 0.698430446479229, -0.216023925456856, 0.69190451107083, 1.18235524982261, 1.51189667210752, 0.067142539526543, 0.0627126251979007, 0.00442991432864237, 31.1436363636369, 31.1163010752686, 31.5451355311352, 32.1596514555189
12/11/2017, 31.21, 31.27, 31.19, 31.26, 450376, 0.676517084399719, -0.0908498120267767, 0.379283122740268, 1.09295714824463, 1.49938995187895, 0.0688353442712604, 0.0639371690125726, 0.00489817525868776, 31.1574545454551, 31.1424301075266, 31.5561147741144, 32.1749368868887
12/12/2017, 31.17, 31.26, 31.12, 31.26, 483101, 0.665084064472759, -0.056072604984788, 0.451752144016101, 1.24578466040609, 1.49676443932905, 0.0693771674271346, 0.065025168695485, 0.00435199873164961, 31.1960000000006, 31.1748387096772, 31.569565323565, 32.1899361924687
12/13/2017, 31.2, 31.28, 31.11, 31.25, 606397, 0.659232046804721, 0.207196646337233, 0.321282357051021, 1.30329857114977, 1.41816259755423, 0.068213328960347, 0.0656628007484574, 0.00255052821188961, 31.2278181818187, 31.2122365591395, 31.5831672771669, 32.2044892807746
12/14/2017, 31.25, 31.29, 30.89, 30.92, 389061, 0.697637496426751, -0.166895398613082, 0.0263368029315721, 0.984966453166048, 1.35835221489238, 0.0401993435067567, 0.0605701093001173, -0.0203707657933606, 31.1516363636369, 31.2059999999997, 31.5774358974356, 32.2133263605501
12/15/2017, 30.89, 30.97, 30.78, 30.94, 434693, 0.693031797674188, 0.193927460990933, 0.0554699317235801, 0.842876881513558, 1.26446472854297, 0.0193883937239576, 0.0523337661848854, -0.0329453724609277, 31.0683636363642, 31.213075268817, 31.5682246642243, 32.2223028262422
12/18/2017, 31.35, 31.49, 31.29, 31.33, 391147, 0.737959898788299, 0.648902179311053, 0.406517194437588, 1.16439655015792, 1.37370004315734, 0.0339736792932861, 0.0486617488065655, -0.0146880695132794, 31.1483636363642, 31.2650537634406, 31.5675750915747, 32.2374694731161
12/19/2017, 31.3, 31.32, 31.13, 31.22, 536258, 0.735562762574809, 0.765998656908541, 0.351783767066204, 1.11347307413594, 1.40816662307572, 0.0362388041206145, 0.0461771598693753, -0.00993835574876079, 31.1600000000005, 31.301204301075, 31.5588742368739, 32.2505664101706
12/20/2017, 31.16, 31.2, 31.08, 31.12, 339187, 0.72352364958889, 0.46467740333176, -0.0106529453704281, 1.08954789970363, 1.40514119427521, 0.0296232887674321, 0.0428663856489867, -0.0132430968815545, 31.1236363636369, 31.3099784946234, 31.5508034188031, 32.261793927327
12/21/2017, 31.1, 31.31, 31.09, 31.21, 243100, 0.720610483064593, 0.708178617303113, 0.0172713737539998, 1.06219575192809, 1.35956697461933, 0.0312820925361024, 0.0405495270264098, -0.00926743449030746, 31.1381818181824, 31.3293118279567, 31.5459536019533, 32.2742569369014
12/22/2017, 31.15, 31.21, 31.06, 31.19, 279052, 0.70906510155895, 0.412852280558778, 0.054373645461284, 0.998588518124845, 1.28072671601637, 0.0306297924399246, 0.0385655801091128, -0.0079357876691882, 31.1607272727278, 31.3259354838707, 31.5423540903538, 32.2861626616168
12/26/2017, 31.16, 31.33, 31.15, 31.22, 606654, 0.701792232278747, 0.610516419569888, 0.156905705844214, 0.93543105258172, 1.28707809831294, 0.0321628360404667, 0.0372850312953836, -0.0051221952549169, 31.1960000000005, 31.3211182795696, 31.5305372405369, 32.2983229692966
12/27/2017, 31.27, 31.33, 31.19, 31.23, 2614766, 0.688903484378973, 0.659646160488949, 0.194296069958829, 0.841916676815597, 1.35928920175216, 0.0337951313281799, 0.0365870513019428, -0.00279191997376293, 31.2369090909096, 31.301204301075, 31.5193284493281, 32.3104141365462
12/28/2017, 31.36, 31.38, 31.23, 31.27, 1725448, 0.677605789136474, 0.499223993818893, 0.278431875578143, 0.821917138811798, 1.29483115598833, 0.0378797486467235, 0.036845590770899, 0.00103415787582453, 31.2912727272732, 31.2933118279567, 31.5085274725271, 32.3229147410359
12/29/2017, 31.37, 31.39, 31.18, 31.22, 874471, 0.678388737187145, 0.270230591678565, 0.0734816895722436, 0.913460401425415, 1.21964513740068, 0.0366596653647093, 0.036808405689661, -0.000148740324951713, 31.2612727272732, 31.2675268817201, 31.4977264957262, 32.3343919559856
1/2/2018, 31.19, 31.32, 31.15, 31.29, 1366834, 0.670192763062753, -0.306619475150744, 0.101483038959684, 1.06809224290574, 1.239678787688, 0.0408700312792014, 0.0376207308075691, 0.0032493004716323, 31.2430909090914, 31.2632903225804, 31.4905470085467, 32.3467576384968
1/3/2018, 31.38, 31.53, 31.34, 31.45, 2355987, 0.67159984033138, 0.224288230478841, 0.402431751733863, 1.42803831181547, 1.28317849846113, 0.0564665284341004, 0.0413898903328754, 0.015076638101225, 31.3390909090914, 31.2678494623653, 31.4869304029301, 32.3614107870904
1/4/2018, 32, 32.11, 31.92, 31.95, 1044553, 0.73132157212835, 0.661776068064968, 0.826996334661527, 1.72876548056223, 1.36776415888484, 0.107928552946518, 0.0546976228556039, 0.0532309300909142, 31.5792727272732, 31.3291397849459, 31.5084371184368, 32.3836340898565
1/5/2018, 32.16, 32.3, 32.09, 32.25, 528325, 0.742556217613201, 1.05058645049738, 0.952558231999093, 1.72159075742735, 1.4102468124788, 0.17094947183293, 0.0779479926510692, 0.0930014791818611, 31.8632727272732, 31.4323655913976, 31.5416678876676, 32.4101758578432
1/8/2018, 32.2, 32.2, 32.11, 32.14, 797390, 0.729622467863238, 0.912488705499712, 0.84168006058575, 1.63707254449871, 1.36690707655982, 0.209601764728745, 0.104278747066604, 0.105323017662141, 32.0656363636369, 31.5220645161287, 31.565377289377, 32.4345917436771
1/9/2018, 32.2, 32.33, 32.12, 32.31, 2582526, 0.721992039964972, 1.36113839365245, 0.947483514727041, 1.64064361908485, 1.38804600910578, 0.251057529650211, 0.133634503583326, 0.117423026066885, 32.2720000000005, 31.658709677419, 31.5922344322341, 32.4612514704552
1/10/2018, 32.32, 32.32, 32.09, 32.13, 658145, 0.725527067248827, 1.02381695634095, 0.768820354617496, 1.8294419221941, 1.30399340172971, 0.266317088723721, 0.160171020611405, 0.106146068112316, 32.3610909090914, 31.7546236559137, 31.6131794871791, 32.4847211996049
1/11/2018, 32.27, 32.38, 32.26, 32.35, 286554, 0.723203259263356, 1.42402578922674, 0.852884441407021, 1.90550270715431, 1.33211900520896, 0.292787488696142, 0.186694314228352, 0.10609317446779, 32.4785454545459, 31.8804946236556, 31.6441831501828, 32.5111980991981
1/12/2018, 32.67, 32.81, 32.62, 32.79, 634126, 0.747967190158923, 1.8176684825367, 1.07040745618199, 2.10987086886443, 1.4268859056106, 0.345289511595379, 0.218413353701758, 0.126876157893621, 32.6949090909095, 32.0521935483868, 31.6878852258849, 32.5439955791336
1/16/2018, 32.94, 33, 32.85, 32.88, 903123, 0.740558149545181, 1.79255679511156, 1.16757895116603, 2.06448946988026, 1.4786952123481, 0.389668139090841, 0.252664310779574, 0.137003828311266, 32.849454545455, 32.2260860215051, 31.7400659340656, 32.5776719019625
1/17/2018, 32.92, 33.12, 32.82, 32.99, 3766138, 0.746652754143475, 1.81752746154891, 1.15682391319148, 2.07577812178745, 1.46217020867219, 0.428771985258614, 0.287885845675382, 0.140886139583232, 32.965454545455, 32.3914623655911, 31.8006495726492, 32.6125156009637
1/18/2018, 32.93, 32.99, 32.81, 32.95, 473950, 0.73749531536369, 1.78227615641666, 1.22591802421512, 2.12282695571429, 1.46938445822202, 0.451331728150649, 0.320575022170435, 0.130756705980213, 33.0069090909095, 32.5453548387093, 31.8574114774111, 32.6462383339095
1/19/2018, 33.12, 33.19, 33.02, 33.14, 563074, 0.732813732926128, 1.96746598415404, 1.38145105738039, 2.10262264068229, 1.50065242548392, 0.479020054027309, 0.35226402854181, 0.126756025485499, 33.1321818181822, 32.7037204301072, 31.9259902319899, 32.6823241852488
1/22/2018, 33.18, 33.37, 33.16, 33.34, 347570, 0.726489944622474, 2.1739310651503, 1.7297346438898, 2.20267100321551, 1.58684570306317, 0.511208684796465, 0.384052959792741, 0.127155725003724, 33.3216363636368, 32.8717634408599, 32.0048669108666, 32.7208832458505
1/23/2018, 33.28, 33.37, 33.23, 33.36, 401858, 0.710734892566775, 2.83454706247095, 1.75350489746056, 2.31073196559039, 1.55715444978294, 0.532197399105101, 0.413681847655213, 0.118515551449888, 33.4365454545458, 33.0350967741932, 32.078366300366, 32.759182225226
1/24/2018, 33.47, 33.49, 33.26, 33.39, 497935, 0.709032950441038, 2.84617268734448, 2.07830085278757, 2.41041259126322, 1.56310732746709, 0.544969783260242, 0.439939434776219, 0.105030348484023, 33.5292727272731, 33.1935698924728, 32.1541050061047, 32.7973743641344
1/25/2018, 33.6, 33.62, 33.26, 33.35, 577051, 0.728362210028934, 2.47493570009446, 2.08125918468997, 2.27699980250101, 1.59512780891762, 0.545575271891643, 0.461066602199304, 0.0845086696923391, 33.5132727272731, 33.3326236559136, 32.2264371184368, 32.8344224047051
1/26/2018, 33.6, 33.73, 33.55, 33.73, 575683, 0.740478378868712, 2.98481985893358, 2.51740061954351, 2.38866915197971, 1.64992407932489, 0.570145665869049, 0.482882414933253, 0.0872632509357961, 33.6060000000004, 33.5064086021502, 32.3144322344319, 32.8765559686081
1/29/2018, 33.44, 33.47, 33.29, 33.44, 397073, 0.775344465708121, 2.60001058184095, 2.09784819956684, 2.3471551382943, 1.58013500576018, 0.559764684901275, 0.498258868926857, 0.0615058159744175, 33.6112727272731, 33.6267956989244, 32.3910061050058, 32.913819598196
1/30/2018, 33.41, 33.43, 33.17, 33.22, 581002, 0.782093407182889, 2.14382765299732, 2.01028695804933, 2.0336944763955, 1.60257378255905, 0.527702495426219, 0.50414759422673, 0.0235549011994893, 33.5230909090912, 33.6831397849459, 32.4544371184368, 32.9448574552413
1/31/2018, 33.48, 33.49, 33.26, 33.33, 528660, 0.781040679186463, 2.29177654980985, 1.91533746155852, 1.95010659453124, 1.59470376538124, 0.505343771530647, 0.504386829687513, 0.000956941843134107, 33.476363636364, 33.7399354838706, 32.5230378510375, 32.9780732540659
2/1/2018, 33.27, 33.52, 33.23, 33.5, 564376, 0.7815069118036, 2.4303828833453, 2.15812682268548, 2.04243647292484, 1.6970242161523, 0.495628602991033, 0.502635184348217, -0.00700658135718402, 33.4618181818185, 33.8288817204297, 32.5998681318678, 33.0148003280033
2/2/2018, 32.93, 32.97, 32.52, 32.57, 950245, 0.914076065954853, 1.02555391930063, 1.21629290468658, 1.19292836086268, 1.46707780806371, 0.408180780311952, 0.483744303540964, -0.0755635232290123, 33.1340000000003, 33.7784946236555, 32.6276971916969, 33.036393057264
2/5/2018, 32.19, 32.35, 31.02, 31.16, 2951764, 1.15638268917658, -0.0270071222577149, 0.174554310923172, 0.297894363499384, 1.01682156101432, 0.222537263622506, 0.431502895557273, -0.208965631934766, 32.3901818181821, 33.5338279569889, 32.5895677655674, 33.0363662703295
2/6/2018, 31.1, 32.04, 31.08, 32.04, 2850458, 1.21820350702263, 0.422149724434097, 0.491311996681948, 0.720461836887447, 1.15866560761977, 0.144753456944194, 0.374153007834657, -0.229399550890463, 32.073272727273, 33.4065591397846, 32.589184371184, 33.0486453464535
2/7/2018, 31.5, 31.78, 31.36, 31.48, 1757853, 1.28588558915993, 0.122477192577898, 0.0277894453046015, 0.427267905554677, 0.805430208984965, 0.0374897513478558, 0.306820356537297, -0.269330605189441, 31.6409090909093, 33.2015483870964, 32.5653943833941, 33.0529782697828
2/8/2018, 31.46, 31.46, 30.64, 30.66, 1924025, 1.39124900291641, -0.307958958434343, -0.234882159291392, 0.0890428746608218, 0.565271517530916, -0.112389103479444, 0.222978464533949, -0.335367568013393, 31.0214545454548, 32.8926236559136, 32.512427350427, 33.0453680470139
2/9/2018, 30.72, 30.85, 29.84, 30.69, 2926338, 1.48494329449157, -0.524611117706318, -0.26825425374205, 0.0812336248026922, 0.617330125730208, -0.226141606794517, 0.133154450268255, -0.359296057062772, 30.6350909090912, 32.5917849462362, 32.4593919413916, 33.0386344130109
2/12/2018, 30.95, 31.21, 30.88, 31.18, 1057469, 1.47191354145442, -0.425282596504396, -0.0340462171430388, 0.205442058292292, 0.706667692887495, -0.27359850703516, 0.0518038588075723, -0.325402365842733, 30.5258181818184, 32.3592688172039, 32.4305445665442, 33.0385248052481
2/13/2018, 31.05, 31.16, 30.99, 31.13, 418897, 1.43108098334152, -0.400688334965282, -0.0545303838684523, 0.213346891168943, 0.696552315299862, -0.311650511417028, -0.0208870152373478, -0.29076349617968, 30.4785454545457, 32.1176559139781, 32.3984542124539, 33.0358564985651
2/14/2018, 30.98, 31.8, 30.98, 31.78, 697049, 1.46073233042323, -0.179695641653877, 0.280902839170345, 0.407890734292831, 0.7879230481951, -0.28605991073141, -0.0739215943361602, -0.21213831639525, 30.7918181818184, 31.9637634408598, 32.3943931623928, 33.0419688396885
2/15/2018, 32.1, 32.14, 31.86, 32.09, 632455, 1.43038235549417, 0.0222256566956357, 0.36768431088192, 0.472179881533459, 0.792815305349128, -0.238021008077638, -0.106741477084456, -0.131279530993182, 31.3307272727275, 31.856709677419, 32.4032380952377, 33.053425720924
2/16/2018, 32.18, 32.35, 32.09, 32.15, 496450, 1.39676271534735, -0.0431575261072818, 0.442664028308965, 0.603224370136932, 0.828655259677899, -0.1928848762768, -0.123970156922925, -0.0689147193538752, 31.7812727272729, 31.7864731182792, 32.4127228327225, 33.0654962416292
2/20/2018, 32.03, 32.12, 31.81, 31.88, 690272, 1.39148761711093, -0.336598959931516, 0.352843938568427, 0.553930141078633, 0.640894993807054, -0.176862153341361, -0.134548556206612, -0.0423135971347489, 31.8794545454547, 31.7006881720426, 32.4161196581193, 33.0731687850213
2/21/2018, 32.02, 32.27, 31.77, 31.78, 839987, 1.40473863976783, -0.415312377558394, 0.270901524087024, 0.521653822066687, 0.516907818360125, -0.170270422798311, -0.141692929524952, -0.0285774932733589, 32.0798181818184, 31.5972688172039, 32.4159438339435, 33.0803791171246
2/22/2018, 31.98, 32.14, 31.87, 31.99, 822810, 1.38200888631543, -0.3705126386831, 0.319664077122409, 0.55828777105227, 0.690810953513313, -0.146413421115884, -0.142637027843138, -0.00377639327274615, 32.2549090909093, 31.534150537634, 32.4231965811962, 33.0881642749762
2/23/2018, 32.03, 32.21, 31.98, 32.19, 582584, 1.34047657842712, -0.270146533368608, 0.399088279401, 0.50928370133496, 0.761873672322847, -0.110099093061379, -0.136129440886786, 0.0260303478254073, 32.3072727272729, 31.4864731182792, 32.4367985347982, 33.0980412737462
2/26/2018, 32.3, 32.41, 32.1, 32.39, 416744, 1.3134437791476, -0.264099890201524, 0.473835609898707, 0.604670956542105, 0.800691516742739, -0.0644385899638422, -0.121791270702198, 0.0573526807383553, 32.3512727272729, 31.4784516129028, 32.4576556776553, 33.1086570999044
2/27/2018, 32.19, 32.22, 31.84, 31.84, 767589, 1.3556947803474, -0.55881523918859, 0.265049013393664, 0.361102917420146, 0.701263992575995, -0.0718049924946733, -0.111794015060693, 0.0399890225660194, 32.2105454545456, 31.4297204301071, 32.4523711843709, 33.1112239989068
2/28/2018, 32.04, 32.04, 31.63, 31.63, 829205, 1.3612727067957, -0.6514185592671, 0.313840287857499, 0.301181727840654, 0.59655046079951, -0.0935102367282887, -0.108137259394212, 0.0146270226659232, 31.9512727272729, 31.3664731182792, 32.4410622710619, 33.1105073117399
3/1/2018, 31.48, 31.61, 31.05, 31.4, 1700252, 1.39503830987741, -0.756393399194443, 0.218176955160286, 0.223217752571882, 0.506354407705342, -0.127797704583937, -0.112069348432157, -0.0157283561517802, 31.7152727272729, 31.2894408602147, 32.4202442002438, 33.1061596282631
3/2/2018, 31.18, 31.38, 30.96, 31.37, 1444282, 1.3966845005943, -0.753211863303446, 0.05724562434781, 0.212622817212273, 0.432750558092267, -0.155597883620878, -0.120775055469901, -0.0348228281509768, 31.5516363636366, 31.2161935483867, 32.3944126984123, 33.1017422440892
3/5/2018, 31.04, 31.44, 31.04, 31.43, 636329, 1.3879507841063, -0.889148209533134, 0.122658574237139, 0.251718550492299, 0.564507807565334, -0.170819130631351, -0.130783870502191, -0.0400352601291598, 31.4600000000002, 31.1734193548383, 32.3700732600729, 33.0953341533417
3/6/2018, 31.65, 31.67, 31.49, 31.62, 330694, 1.34858091357489, -0.694581815297702, 0.233772542070261, 0.211718486660695, 0.600471598042097, -0.165641257142333, -0.13775534783022, -0.0278859093121136, 31.4192727272729, 31.1791182795695, 32.3563907203904, 33.0896342763429
3/7/2018, 31.5, 31.77, 31.48, 31.77, 785895, 1.32074353361272, -0.545065778905934, 0.255824297816912, 0.242757908723641, 0.549840243113145, -0.147731057033926, -0.139750489670961, -0.00798056736296543, 31.4245454545456, 31.2162795698921, 32.3493431013427, 33.085946426131
3/8/2018, 31.93, 31.99, 31.72, 31.81, 739340, 1.29556809052915, -0.572731112651011, 0.27867792606244, 0.278126952495461, 0.533962938689464, -0.128824420971405, -0.13756527593105, 0.00874085495964461, 31.486181818182, 31.270774193548, 32.3442490842487, 33.0836788301217
3/9/2018, 31.9, 31.98, 31.82, 31.98, 696986, 1.25082613857866, -0.569370575876783, 0.330817820115025, 0.365565046295641, 0.583579026217604, -0.098982191338699, -0.12984865901258, 0.0308664676738806, 31.6563636363638, 31.3543655913974, 32.3467838827835, 33.0833516468499
3/12/2018, 31.94, 32.02, 31.89, 32, 726908, 1.20785465362995, -0.210541592653723, 0.334481218286806, 0.383244006677508, 0.576654231535694, -0.0728780833206102, -0.118454543874186, 0.0455764605535755, 31.8849090909093, 31.4746666666663, 32.3518437118434, 33.0837039770399
3/13/2018, 32.11, 32.13, 31.75, 31.8, 681204, 1.21442709026259, 0.384007629325308, 0.243299441253361, 0.330996412569275, 0.541816191951806, -0.0675500433255749, -0.108273643764464, 0.0407236004388886, 31.9556363636365, 31.5614193548383, 32.349648351648, 33.0809110291104
3/14/2018, 32.04, 32.09, 31.75, 31.91, 661776, 1.20300352230752, -0.0560345899302932, 0.303718223565234, 0.308898556796934, 0.575047627538299, -0.0538309231776068, -0.0973850996470922, 0.0435541764694854, 32.0245454545456, 31.6580430107523, 32.3510720390717, 33.0803752904197
3/15/2018, 31.85, 32.01, 31.83, 31.89, 529883, 1.17179210652215, 0.299731935598899, 0.269438242784319, 0.287746012488466, 0.584322193938119, -0.0440643085525316, -0.0867209414281801, 0.0426566328756485, 32.0252727272729, 31.7679139784942, 32.3538778998775, 33.0793707803746
3/16/2018, 31.84, 31.99, 31.82, 31.88, 617100, 1.14021417073845, 1.04040804901916, 0.204833459472937, 0.341670904155645, 0.564763206598327, -0.0367079659425436, -0.0767183463310528, 0.0400103803885093, 31.9898181818183, 31.8971397849458, 32.3532722832719, 33.0754579745799
3/19/2018, 31.84, 31.85, 31.58, 31.73, 547145, 1.13559805783122, 0.880395310668508, -0.0427260571612423, 0.303349674599891, 0.48014851035833, -0.042491937220273, -0.0698730645088968, 0.0273811272886238, 31.8867272727274, 31.9557849462362, 32.3450549450546, 33.0684764247644
3/20/2018, 31.56, 31.74, 31.54, 31.64, 652735, 1.11349241644233, 0.425783140533761, -0.192857901740037, 0.229093328342407, 0.406018003804069, -0.0537187872273783, -0.0666422090525931, 0.0129234218252148, 31.7741818181819, 31.9144301075265, 32.3274920634917, 33.0600598605987
3/21/2018, 31.62, 31.81, 31.55, 31.66, 613892, 1.09821083554718, 0.488995683094692, -0.143398774698116, 0.228976414408378, 0.470487479717971, -0.0603071308257981, -0.0653751934072341, 0.00506806258143605, 31.6974545454547, 31.9311827956985, 32.3101782661779, 33.0516930435972
3/22/2018, 31.21, 31.35, 31, 31, 1421315, 1.17196410647589, -0.678329912307463, -0.451231177597634, -0.0123734803390028, 0.365699619779131, -0.117431250387799, -0.0757864048033472, -0.0416448455844521, 31.4067272727274, 31.8293118279566, 32.2571452991449, 33.0314333743339
3/23/2018, 31.08, 31.15, 30.72, 30.75, 1158524, 1.192336355633, -1.21535146508116, -0.479948756174241, -0.109415671399305, 0.300185144083572, -0.180791386792354, -0.0967874012011485, -0.0840039855912054, 31.1078181818183, 31.644150537634, 32.1921416361413, 33.0072833128333
3/26/2018, 31.27, 31.4, 30.94, 31.36, 943512, 1.21432161316738, -0.595171331194494, -0.317238495198239, 0.0679757393724487, 0.450692569438079, -0.179711249937888, -0.113372170948496, -0.0663390789893919, 31.0907272727273, 31.5378064516125, 32.1493577533574, 32.9917146371465
3/27/2018, 31.34, 31.39, 30.81, 30.92, 1599160, 1.26381207954342, -0.710145079860082, -0.639428779426248, -0.108818740612006, 0.359418477675587, -0.211916712517009, -0.133081079262199, -0.0788356332548103, 30.9165454545455, 31.4039784946233, 32.0905250305247, 32.9715790624574
3/28/2018, 31.13, 31.43, 31.01, 31.16, 1401060, 1.2732097568841, -0.440458239114004, -0.578587261285412, -0.0146470918374572, 0.465948047390778, -0.215588608127238, -0.149582585035207, -0.066006023092031, 30.8952727272728, 31.2989462365587, 32.0393699633696, 32.954069154025
3/29/2018, 31.46, 31.52, 31.27, 31.4, 1235562, 1.25762914723831, -0.412843590590513, -0.526127750226392, 0.0255187318283713, 0.456565767613584, -0.196863300036934, -0.159038728035552, -0.0378245720013821, 30.9938181818182, 31.2675053763437, 32.0038510378507, 32.9428640153069
4/2/2018, 31.4, 31.47, 30.78, 30.98, 2328281, 1.32230721310907, -0.848893549322955, -0.659844291344813, -0.0728913383874589, 0.374347309609239, -0.213453291703654, -0.169921640769173, -0.0435316509344817, 30.972, 31.2058924731179, 31.9466813186809, 32.9240341670084
4/3/2018, 31.19, 31.28, 31.03, 31.24, 1407812, 1.29375235560221, -0.791540054945302, -0.628073437723023, 0.023023443080151, 0.506871115489617, -0.203277891537084, -0.176592890922755, -0.026685000614329, 31.0590909090909, 31.1884301075265, 31.9000195360192, 32.9070291102912
4/4/2018, 30.91, 31.42, 30.91, 31.41, 3401886, 1.30359702036174, -0.303526465664721, -0.635167825030035, 0.154034393708451, 0.463490290806835, -0.179427901189634, -0.177159892976131, -0.00226800821350281, 31.2136363636364, 31.1804086021501, 31.8643858363854, 32.8915213885473
4/5/2018, 31.64, 31.8, 31.62, 31.72, 733076, 1.28778951100518, 0.0880464229053886, -0.52555232641602, 0.257182548438825, 0.487910137196306, -0.13396790418021, -0.168521495216947, 0.0345535910367366, 31.4918181818182, 31.208086021505, 31.8450183150179, 32.8820724340578
4/6/2018, 31.77, 31.9, 31.55, 31.63, 2319921, 1.28220831883117, 0.194678959423019, -0.567829982721316, 0.324780533007878, 0.648557274827332, -0.104003884823193, -0.155617973138196, 0.0516140883150029, 31.6036363636364, 31.2387311827953, 31.8320854700851, 32.8731562115622
4/9/2018, 31.92, 32.11, 31.84, 31.93, 810880, 1.28181762193544, 0.433556975385313, -0.44391055969207, 0.433374763642027, 0.702740049242556, -0.0554109478930762, -0.135576568089172, 0.0801656201960958, 31.7347272727273, 31.3230967741931, 31.8279487179483, 32.8681817684845
4/10/2018, 32.2, 32.35, 32.17, 32.28, 937301, 1.26957914606501, 0.627466258059316, -0.449068351418721, 0.609557788865497, 0.774063757353757, 0.0112121331535207, -0.106218827840633, 0.117430960994154, 32.0443636363636, 31.4668817204297, 31.8411013431009, 32.8660092934264
4/11/2018, 32.17, 32.3, 32.09, 32.13, 888677, 1.24441064715934, 0.384628078795439, -0.405832300905431, 0.505715950932219, 0.721680460647543, 0.0513161182110728, -0.0747118386302922, 0.126027956841365, 32.164, 31.5556774193544, 31.8457338217334, 32.8633713270468
4/12/2018, 32.12, 32.29, 32.12, 32.28, 1043475, 1.20302876048848, 0.382982187044863, -0.279123566791866, 0.592949175545688, 0.729111264496944, 0.0941176322224138, -0.040945944459751, 0.135063576682165, 32.3174545454545, 31.6476344086017, 31.8563589743586, 32.8644291376249
4/13/2018, 32.4, 32.4, 32.22, 32.32, 1063919, 1.16930940498576, 0.382533807820315, -0.302727065613087, 0.52406049216414, 0.721696160863646, 0.129769899527911, -0.00680277566221855, 0.13657267519013, 32.4716363636363, 31.7251397849458, 31.863836385836, 32.8654238075716
4/16/2018, 32.44, 32.52, 32.35, 32.49, 1455908, 1.13581027918383, 0.3806997063679, -0.300892308564158, 0.62067251459965, 0.70156907328671, 0.169784981895148, 0.0285147758492548, 0.141270206045893, 32.5503636363636, 31.8162795698921, 31.8796800976797, 32.8681175345088
4/17/2018, 32.64, 32.76, 32.59, 32.72, 1618817, 1.11269413729061, 0.521679612869067, 0.0969485644025626, 0.70139592136799, 0.865368464810985, 0.217548536662697, 0.0663215280119433, 0.151227008650754, 32.6781818181818, 31.9333763440856, 31.9017802197798, 32.8738955856227
4/18/2018, 32.8, 32.91, 32.78, 32.85, 1523686, 1.08179557271054, 0.759945570033504, 0.767660214341522, 0.682711588046501, 0.897455394808818, 0.262861309923164, 0.105629484394187, 0.157231825528976, 32.8041818181818, 32.0713118279566, 31.9275018315014, 32.8814905015718
4/19/2018, 32.91, 32.97, 32.75, 32.86, 1217764, 1.06086839121619, 0.689014947019478, 0.411709869912255, 0.640124585153248, 0.901699685006923, 0.296164920769137, 0.143736571669177, 0.152428349099959, 32.9170909090909, 32.2125806451609, 31.9548083028079, 32.8892767527677
4/20/2018, 32.73, 32.8, 32.64, 32.72, 1161810, 1.0457557630989, 0.602413909972906, 0.631430545841043, 0.44050091946295, 0.871070491110467, 0.307714303388984, 0.176532118013139, 0.131182185375845, 32.9014545454545, 32.3317204301071, 31.976549450549, 32.8948279349462
4/23/2018, 32.71, 32.73, 32.57, 32.66, 562829, 1.01978787936822, 0.567176909940191, 1.10809874416257, 0.484708142800816, 0.875063432330824, 0.30846992449127, 0.202919679308765, 0.105550245182505, 32.8656363636363, 32.4487096774189, 31.994383394383, 32.9003752904197
4/24/2018, 32.67, 32.8, 32.47, 32.57, 1064685, 1.02213566266987, 0.614015455262574, 1.04195905297093, 0.419964960352372, 0.852380342215125, 0.298367121372081, 0.222009167721428, 0.076357953650653, 32.828909090909, 32.5512258064512, 32.0072576312572, 32.9045343720105
4/25/2018, 32.46, 32.52, 32.33, 32.47, 549044, 1.01097661245765, 0.608426124732182, 0.740386293727292, 0.407835383750474, 0.81212571568494, 0.279074416690413, 0.233422217515225, 0.0456521991751882, 32.7118181818181, 32.6240430107523, 32.0145787545784, 32.9062812628127
4/26/2018, 32.66, 32.71, 32.52, 32.6, 599819, 0.99340767104831, 0.683339761020923, 0.838377411988501, 0.448853465336304, 0.811113480217931, 0.271149084912004, 0.240967590994581, 0.0301814939174231, 32.6510909090908, 32.7163655913974, 32.0193553113549, 32.9084892715595
4/27/2018, 32.65, 32.81, 32.54, 32.78, 752352, 0.979738730090487, 1.47947982436697, 0.605519335769582, 0.568824078665404, 0.802649198928875, 0.276208735684911, 0.248015819932647, 0.0281929157522639, 32.6430909090908, 32.8257419354835, 32.0312136752133, 32.9140218668855
4/30/2018, 32.69, 32.85, 32.68, 32.68, 1185397, 0.959609663211379, 1.65601261829925, 0.371133275848125, 0.510600433179415, 0.758514704266857, 0.269047963661571, 0.252222248678432, 0.016825714983139, 32.6094545454544, 32.9160215053759, 32.0460195360191, 32.9171225912261
5/1/2018, 32.68, 32.73, 32.36, 32.57, 498854, 0.971508799633419, 1.16093014048078, 0.271555504053899, 0.518980937055758, 0.69756801006441, 0.251596669755408, 0.252097132893827, -0.000500463138419116, 32.5734545454544, 32.9771827956985, 32.0525836385832, 32.9182399890667
5/2/2018, 32.78, 32.8, 32.52, 32.55, 761049, 0.966511198889628, 1.77727395502617, 0.424250070608369, 0.525965118726956, 0.702447874932134, 0.233461363478433, 0.248369979010748, -0.0149086155323149, 32.5647272727271, 33.0243870967738, 32.0550622710619, 32.9172291922921
5/3/2018, 32.7, 32.79, 32.46, 32.72, 986941, 0.96384298739806, 1.71323500147567, 0.583290267817536, 0.542968613155691, 0.737700641851425, 0.230153515387038, 0.244726686286006, -0.0145731708989685, 32.6330909090907, 33.0886236559136, 32.0659242979239, 32.9192466858003
5/4/2018, 32.46, 32.73, 32.44, 32.68, 799742, 0.961141230730762, 1.42555294289554, 0.436392586656954, 0.503928884991798, 0.705870993724402, 0.221748181236947, 0.240130985276194, -0.0183828040392472, 32.6672727272725, 33.0969462365587, 32.0734871794868, 32.920159081591
5/7/2018, 32.58, 32.64, 32.49, 32.56, 5404682, 0.945626248441868, 2.04136546880092, 0.246460629644022, 0.468931087088893, 0.653676123996699, 0.203063111105259, 0.232717410442007, -0.0296542993367486, 32.6501818181816, 33.0625376344082, 32.0753797313793, 32.9176799234661
5/8/2018, 32.36, 32.47, 32.26, 32.46, 630715, 0.94732320138028, 1.60144566488357, 0.0676916554017046, 0.436990598275817, 0.680895162254416, 0.178132493639055, 0.221800427081417, -0.043667933442362, 32.5859999999998, 33.0444301075265, 32.0721416361412, 32.9135828891624
5/9/2018, 32.43, 32.57, 32.43, 32.5, 726206, 0.920387863414267, 1.44670375078044, 0.446298791177352, 0.452978608252387, 0.709007459255909, 0.159760841850563, 0.209392510035246, -0.049631668184683, 32.5216363636362, 32.9949677419351, 32.0706398046394, 32.9097947246141
5/10/2018, 32.69, 32.8, 32.59, 32.8, 393657, 0.912102904966936, 1.43315785668951, 0.768003155012258, 0.658518681227894, 0.73814006348148, 0.16747808512909, 0.201009625054015, -0.0335315399249244, 32.5852727272725, 32.9893763440856, 32.0802393162389, 32.9080710673775
5/11/2018, 32.86, 32.92, 32.82, 32.84, 446333, 0.88371274417691, 1.63220596801287, 0.954960411012257, 0.664421225311913, 0.693040964707225, 0.174806659377175, 0.195769031918647, -0.0209623725414716, 32.687818181818, 32.994279569892, 32.0919853479849, 32.9072770261038
5/14/2018, 32.96, 32.99, 32.81, 32.86, 330177, 0.866405057602899, 1.33374895412191, 0.988160942482204, 0.544747985851347, 0.730605823998316, 0.180151762741033, 0.192645578083124, -0.0124938153420909, 32.7739999999998, 32.9644301075264, 32.1070256410252, 32.9043837638378
5/15/2018, 32.6, 32.72, 32.51, 32.63, 517334, 0.882518133104189, 0.531083891816597, 0.792787701086558, 0.507337888488648, 0.690302004422207, 0.163938931898009, 0.186904248846101, -0.022965316948092, 32.7489090909089, 32.9106021505372, 32.1220903540899, 32.8974637146374
5/16/2018, 32.54, 32.68, 32.48, 32.61, 523173, 0.8695718598292, 0.748331526561562, 0.66002399671822, 0.534597375187501, 0.699632737325018, 0.147772880019311, 0.179077975080743, -0.0313050950614326, 32.7096363636361, 32.8566021505372, 32.1424493284489, 32.8931102911031
5/17/2018, 32.73, 32.85, 32.69, 32.76, 1220953, 0.858940825139766, 0.745423312618469, 0.657217305587248, 0.552017215628445, 0.700778916784144, 0.145388960399025, 0.172340172144399, -0.0269512117453747, 32.7529090909088, 32.8345591397845, 32.1666568986564, 32.8903118764523
5/18/2018, 32.74, 32.8, 32.68, 32.7, 383400, 0.83583964403669, 0.588755072018164, 0.592794262267774, 0.53952852389799, 0.671451427952164, 0.137078038070896, 0.165287745329699, -0.0282097072588024, 32.7652727272725, 32.7921935483866, 32.1915653235649, 32.8975161951621
5/21/2018, 32.92, 32.97, 32.84, 32.94, 604453, 0.829245857377042, 0.672164862446689, 0.630827432634051, 0.604258724373628, 0.689630095918413, 0.148149787949755, 0.16186015385371, -0.0137103659039549, 32.8354545454543, 32.7933763440856, 32.2226788766785, 32.9097187371875
5/22/2018, 33.03, 33.06, 32.92, 32.96, 391703, 0.80854340457827, 0.380868726998025, 0.630453857923645, 0.607232314503072, 0.659536988583885, 0.156731360784192, 0.160834395239807, -0.00410303445561419, 32.8718181818179, 32.8139139784941, 32.2589621489617, 32.9203457701245
5/23/2018, 32.38, 32.53, 32.27, 32.53, 4087904, 0.884325578978014, -0.409087846146935, 0.477454452926679, 0.454383700607814, 0.556069578742563, 0.127366708608506, 0.154140857913546, -0.0267741493050409, 32.7403636363634, 32.7655053763436, 32.2857802197798, 32.9243791171247
5/24/2018, 32.49, 32.61, 32.28, 32.61, 5183030, 0.888646290400093, -0.314309218901893, 0.457985409597496, 0.496019677408008, 0.611215496185089, 0.109290508657651, 0.145170788062367, -0.0358802794047165, 32.6949090909088, 32.7346666666662, 32.3182857142853, 32.9292212655462
5/25/2018, 32.21, 32.31, 32.09, 32.27, 2171983, 0.933678889167947, -0.537257532293696, 0.256712701270896, 0.363884718303729, 0.576713372376194, 0.0667602607342488, 0.129488682596744, -0.0627284218624948, 32.5503636363634, 32.6612258064511, 32.338571428571, 32.9295667623344
5/29/2018, 31.49, 31.62, 31.05, 31.26, 1515862, 1.11079100658276, -1.09427111786326, -0.296781067611222, -0.00705636253746224, 0.434706593476836, -0.047891759840887, 0.0940125941092175, -0.141904353950105, 32.0919999999997, 32.4712903225802, 32.3143467643463, 32.9165453054532
5/30/2018, 31.63, 31.91, 31.44, 31.81, 1106976, 1.13917511859441, -0.51958178731202, 0.0717128229014537, 0.00940522021255782, 0.554308485335635, -0.0932984225725093, 0.0565503907728721, -0.149848813345381, 31.8649090909088, 32.37440860215, 32.3196239316235, 32.9105767391009
5/31/2018, 31.76, 31.86, 31.52, 31.82, 1499555, 1.13530177549855, -0.442336385489526, 0.122307312663431, -0.0789033346465177, 0.497277423052311, -0.127012492546605, 0.0198378141089767, -0.146850306655582, 31.6819999999997, 32.2933333333328, 32.3307570207565, 32.9095030750309
6/1/2018, 32.07, 32.13, 31.88, 32.09, 1049594, 1.11776370743365, -0.333970633396451, 0.246069981701138, 0.0367989138871627, 0.543859895708222, -0.13044075258275, -0.0102178992293686, -0.120222853353381, 31.6654545454542, 32.2538279569887, 32.3552503052498, 32.9159505261721
6/4/2018, 32.3, 32.35, 32.14, 32.17, 504818, 1.09964518193871, -0.405355726154437, 0.655749914762364, 0.00966431636186482, 0.528401227967581, -0.125258440615831, -0.033226007506661, -0.0920324331091696, 31.7010909090906, 32.2201075268812, 32.3848376068371, 32.9191395380622
6/5/2018, 32.19, 32.25, 32.04, 32.15, 1291514, 1.07797219993219, -0.350572403273906, 0.790234558635304, 0.0578413638839887, 0.606917348134861, -0.121366219666065, -0.0508540499385418, -0.0705121697275232, 31.806727272727, 32.1833978494618, 32.4135555555551, 32.920728713954
6/6/2018, 32.19, 32.47, 32.11, 32.45, 986850, 1.07007599126129, -0.0597540710879579, 0.638304026915166, 0.0818601313293127, 0.647906216815001, -0.0930020440539536, -0.0592836487616242, -0.0337183952923295, 32.0630909090906, 32.1820430107522, 32.4647106227102, 32.9264597512643
6/7/2018, 32.39, 32.41, 32.07, 32.11, 628077, 1.08650786734997, -0.272914095934413, 0.712291903908117, -0.152570178364213, 0.580854656310317, -0.096842054112237, -0.0667953298317467, -0.0300467242804903, 32.1438181818179, 32.131655913978, 32.4954969474965, 32.926286456198
6/8/2018, 32.2, 32.33, 32.06, 32.25, 550067, 1.06956214696363, -0.292322608282272, 0.654543273178312, -0.136746298057717, 0.574437833996204, -0.0875789046808322, -0.0709520448015638, -0.0166268598792683, 32.3118181818179, 32.1100215053758, 32.5284884004879, 32.9300426404265
6/11/2018, 32.38, 32.56, 32.35, 32.51, 1422032, 1.05563550530908, -0.0883836706795723, 0.660537016565794, -0.0905585440840753, 0.606036081972501, -0.0585826604860813, -0.0684781679384673, 0.00989550745238604, 32.5212727272724, 32.1356344086016, 32.5759999999995, 32.9388418750856
6/12/2018, 32.42, 32.43, 32.15, 32.19, 722953, 1.06874106131464, -0.216831544555483, 0.735615446848195, -0.173665426192514, 0.564575758462805, -0.0607242622082964, -0.0669273867924332, 0.00620312458413674, 32.4050909090906, 32.115720430107, 32.6139023199018, 32.9450230968978
6/13/2018, 32.38, 32.39, 32.16, 32.29, 738509, 1.04777442011559, -0.08659022531356, 0.643766064343989, -0.199629039821644, 0.540950217268002, -0.0537329329341532, -0.0642884960207772, 0.010555563086624, 32.3827272727269, 32.1043225806446, 32.6364688644684, 32.9486043460436
6/14/2018, 32.41, 32.49, 32.27, 32.29, 708749, 1.02945197349817, -0.112582737937525, 0.544422986737982, -0.258562462498852, 0.538896748848065, -0.0476430546375042, -0.0609594077441226, 0.0133163531066184, 32.3361818181815, 32.0933978494619, 32.6279072039067, 32.9519874265411
6/15/2018, 32.28, 32.32, 32.16, 32.27, 574680, 1.00337632516403, -0.326853798146893, 0.353448773444048, -0.270402577403098, 0.562219408746723, -0.0439242832696181, -0.0575523828492217, 0.0136280995796036, 32.3110909090905, 32.0929462365586, 32.6371990231985, 32.9576192428592
6/18/2018, 31.77, 31.94, 31.7, 31.92, 1496040, 1.052945059912, -0.573821416155309, 0.197109617332869, -0.382427845548699, 0.5165678096669, -0.0684303822461132, -0.0597279827286, -0.00870239951751323, 32.1712727272723, 32.0483225806446, 32.6185787545783, 32.9586707667078
6/19/2018, 30.7, 30.94, 30.62, 30.94, 948201, 1.2420654814729, -1.053388241039, -0.485705218860341, -0.640693026977484, 0.283324460336339, -0.165027122102394, -0.0807878106033588, -0.0842393114990354, 31.7025454545451, 31.8762580645156, 32.5385763125758, 32.9445647123139
6/20/2018, 30.81, 30.83, 30.67, 30.74, 612442, 1.23155597582735, -1.04455762429568, -0.782689038184739, -0.810291145072925, 0.225252214371878, -0.254782093532782, -0.115586667189243, -0.139195426343539, 31.2907272727269, 31.6826021505371, 32.4502930402925, 32.9277561842286
6/21/2018, 30.61, 30.62, 30.39, 30.47, 706460, 1.23777909951054, -1.18469155142272, -0.845984791395285, -0.811918553405529, 0.214847091531439, -0.343737901992114, -0.161216914149818, -0.182520987842296, 30.8109090909087, 31.4684516129027, 32.3610598290593, 32.9066417930847
6/22/2018, 30.86, 30.98, 30.74, 30.83, 552226, 1.24487099266889, -1.03039699530881, -0.715112017951649, -0.637122932567404, 0.222474594124297, -0.380797433953216, -0.205133018110497, -0.175664415842719, 30.5729090909087, 31.3330752688167, 32.2869719169714, 32.8903747437476
6/25/2018, 30.79, 30.81, 30.44, 30.53, 603156, 1.25812001535482, -1.15928987625588, -0.884997184793992, -0.755887203214902, 0.114384083856315, -0.429424731826412, -0.24999136085368, -0.179433370972732, 30.3607272727268, 31.1750107526876, 32.2144346764342, 32.8691236845703
6/26/2018, 30.53, 30.55, 30.4, 30.43, 564369, 1.22378849376746, -1.36483712171619, -1.02730560830277, -0.834340282320984, 0.0951661551191278, -0.470606520965507, -0.294114392876046, -0.176492128089462, 30.1579999999995, 31.0204946236554, 32.1453308913304, 32.8468918955857
6/27/2018, 30.6, 30.75, 30.16, 30.17, 1236809, 1.27039740378112, -1.52302876181195, -1.28358228460353, -0.676123874614002, -0.00337028657364563, -0.518249158940975, -0.338941346089031, -0.179307812851944, 29.9814545454541, 30.8333333333328, 32.067411477411, 32.8225961459615
6/28/2018, 30.09, 30.26, 30.03, 30.19, 1414524, 1.24417009567647, -1.29869011247299, -1.341864268808, -0.281820719810173, -0.0303118464442832, -0.548074597138953, -0.380767996299016, -0.167306600839937, 29.9274545454541, 30.6632473118274, 31.9858168498164, 32.8004775181086
6/29/2018, 30.64, 30.8, 30.5, 30.52, 611023, 1.26911600357303, -1.11983005140574, -1.14608939744246, -0.480865016512277, 0.0699381785048692, -0.538871455018974, -0.412388688043007, -0.126482766975967, 30.0979999999995, 30.5606451612898, 31.9176630036625, 32.7811969386361
7/2/2018, 30.19, 30.36, 30.15, 30.34, 624224, 1.27378870822665, -1.04934384231684, -1.17044281332977, -0.360823804688452, 0.00855766668696297, -0.539879005152677, -0.437886751464941, -0.101992253687736, 30.2318181818177, 30.445655913978, 31.8472307692303, 32.7579322126555
7/3/2018, 30.61, 30.65, 30.47, 30.48, 2003960, 1.25539409242837, -0.487976511636244, -1.06287587846452, -0.0238496900813029, 0.0316528712232367, -0.523347837819799, -0.454978968735913, -0.0683688690838857, 30.3041818181813, 30.379655913978, 31.7885714285709, 32.7371023643571
7/5/2018, 30.96, 31.06, 30.93, 31.03, 885364, 1.26494332389159, -0.477175922347189, -0.701540183796903, 0.168540591661104, 0.126022086192162, -0.460557346743382, -0.456094644337407, -0.00446270240597535, 30.5516363636358, 30.4006451612898, 31.7596507936503, 32.7232598059315
7/6/2018, 31.13, 31.24, 31.06, 31.17, 975408, 1.22998497829124, -0.390067462868448, -0.584874205035747, 0.0403401718458972, 0.121901292304559, -0.394945909612357, -0.443864897392397, 0.0489189877800399, 30.7776363636358, 30.4231827956984, 31.7256239316234, 32.7113445401121
7/9/2018, 31.37, 31.37, 31.27, 31.34, 421048, 1.19405552599461, -0.455436959478311, -0.561901784045531, 0.120685217485482, 0.166408406744287, -0.32547887585315, -0.420187693084548, 0.0947088172313972, 31.0961818181812, 30.4813978494618, 31.6948522588517, 32.6997870712041
7/10/2018, 31.37, 31.52, 31.37, 31.48, 728610, 1.15789755957553, -0.413873026797983, -0.578630659307755, -0.0681881428567297, 0.173324125570932, -0.256175885006446, -0.387385331468927, 0.131209446462482, 31.3752727272721, 30.5429032258059, 31.6653015873011, 32.6921093344267
