Date,EXI_Open,EXI_High,EXI_Low,EXI_Close,EXI_Volume,EXI_ATRPercentOfClose20,EXI_SQN25,EXI_SQN50,EXI_SQN100,EXI_SQN200,EXI_MACD,EXI_MACD_Avg,EXI_MACD_Diff,EXI_LinReg10,EXI_LinReg30,EXI_LinReg90,EXI_LinReg270
1/3/2017, 75.59, 76.09, 75.47, 75.87, 126788, 0, 0, 0, 0, 0, 0, 0, 0, 75.87, 75.87, 75.87, 75.87
1/4/2017, 76.05, 76.47, 76.05, 76.44, 5712, 0, 0, 0, 0, 0, 0.045470085470086, 0.0090940170940172, 0.0363760683760688, 76.44, 76.44, 76.44, 76.44
1/5/2017, 76.64, 76.64, 76.37, 76.6, 16051, 0, 0, 0, 0, 0, 0.0933401514597989, 0.0259432439671735, 0.0673969074926254, 76.6683333333333, 76.6683333333333, 76.6683333333333, 76.6683333333333
1/6/2017, 76.31, 76.88, 76.17, 76.64, 18731, 0, 0, 0, 0, 0, 0.132972366677265, 0.0473490685091919, 0.0856232981680732, 76.758, 76.758, 76.758, 76.758
1/9/2017, 76.58, 76.6, 76.28, 76.47, 3609, 0, 0, 0, 0, 0, 0.148946639378394, 0.0676685826830323, 0.0812780566953619, 76.684, 76.684, 76.684, 76.684
1/10/2017, 76.48, 76.83, 76.48, 76.51, 5210, 0, 0, 0, 0, 0, 0.1629555807895, 0.0867259823043259, 0.0762295984851743, 76.6595238095238, 76.6595238095238, 76.6595238095238, 76.6595238095238
1/11/2017, 76.59, 76.98, 76.43, 76.9, 9917, 0, 0, 0, 0, 0, 0.203185314592631, 0.110017848761987, 0.0931674658306437, 76.8221428571429, 76.8221428571429, 76.8221428571429, 76.8221428571429
1/12/2017, 77, 77.05, 76.53, 77.03, 7718, 0, 0, 0, 0, 0, 0.242759205012831, 0.136566120012156, 0.106193085000675, 76.9733333333334, 76.9733333333334, 76.9733333333334, 76.9733333333334
1/13/2017, 77, 77.31, 77, 77.31, 3717, 0, 0, 0, 0, 0, 0.293334085484346, 0.167919713106594, 0.125414372377753, 77.1744444444444, 77.1744444444444, 77.1744444444444, 77.1744444444444
1/17/2017, 76.98, 77.06, 76.7, 76.94, 10626, 0, 0, 0, 0, 0, 0.300099771489258, 0.194355724783127, 0.105744046706131, 77.1807272727272, 77.1807272727272, 77.1807272727272, 77.1807272727272
1/18/2017, 76.69, 76.98, 76.69, 76.86, 6018, 0, 0, 0, 0, 0, 0.29559881583512, 0.214604342993525, 0.080994472841595, 77.0858181818182, 77.1559090909091, 77.1559090909091, 77.1559090909091
1/19/2017, 77.02, 77.29, 76.74, 77.01, 13837, 0, 0, 0, 0, 0, 0.300669590569512, 0.231817392508723, 0.0688521980607896, 77.1027272727273, 77.1788461538461, 77.1788461538461, 77.1788461538461
1/20/2017, 77.22, 77.23, 77.08, 77.23, 13324, 0, 0, 0, 0, 0, 0.318765843246666, 0.249207082656312, 0.0695587605903547, 77.1965454545455, 77.2540659340659, 77.2540659340659, 77.2540659340659
1/23/2017, 77.32, 77.32, 76.84, 76.99, 5442, 0, 0, 0, 0, 0, 0.310165860663275, 0.261398838257704, 0.048767022405571, 77.181090909091, 77.248, 77.248, 77.248
1/24/2017, 77.09, 77.96, 77.09, 77.76, 33768, 0, 0, 0, 0, 0, 0.361317830312601, 0.281382636668684, 0.079935193643917, 77.3785454545455, 77.4273333333333, 77.4273333333333, 77.4273333333333
1/25/2017, 78.46, 78.77, 78.37, 78.77, 219022, 0, 0, 0, 0, 0, 0.477846378267898, 0.320675384988527, 0.157170993279372, 77.8625454545455, 77.7984558823529, 77.7984558823529, 77.7984558823529
1/26/2017, 78.59, 78.83, 78.39, 78.68, 10995, 0, 0, 0, 0, 0, 0.556518643722711, 0.367844036735363, 0.188674606987348, 78.2701818181819, 78.0764705882353, 78.0764705882353, 78.0764705882353
1/27/2017, 78.66, 78.66, 78.31, 78.48, 7239, 0, 0, 0, 0, 0, 0.595859949777378, 0.413447219343766, 0.182412730433611, 78.5376363636364, 78.2601754385964, 78.2601754385964, 78.2601754385964
1/30/2017, 78, 78, 77.47, 77.9, 9628, 0, 0, 0, 0, 0, 0.573624677315607, 0.445482710938134, 0.128141966377472, 78.5816363636363, 78.2963157894737, 78.2963157894737, 78.2963157894737
1/31/2017, 77.64, 77.64, 77.17, 77.59, 18401, 0, 0, 0, 0, 0, 0.524937501713751, 0.461373669093258, 0.0635638326204933, 78.4123636363637, 78.2662857142857, 78.2662857142857, 78.2662857142857
2/1/2017, 78.1, 78.18, 77.44, 77.8, 22407, 0, 0, 0, 0, 0, 0.497562221664282, 0.468611379607463, 0.0289508420568193, 78.2641818181818, 78.2759307359308, 78.2759307359308, 78.2759307359308
2/2/2017, 77.71, 77.71, 77.37, 77.38, 8633, 0.713520935642284, 0, 0, 0, 0, 0.436939854427067, 0.462277074571383, -0.0253372201443168, 77.9496363636364, 78.2106719367589, 78.2106719367589, 78.2106719367589
2/3/2017, 77.76, 77.93, 77.76, 77.93, 2933, 0.708348999101758, 0, 0, 0, 0, 0.428338970073966, 0.4554894536719, -0.0271504835979338, 77.8489090909091, 78.2427173913043, 78.2427173913043, 78.2427173913043
2/6/2017, 77.54, 77.72, 77.37, 77.53, 67125, 0.712518452534503, 0, 0, 0, 0, 0.384810197773675, 0.441353602492255, -0.0565434047185803, 77.5238181818182, 78.2060333333334, 78.2060333333334, 78.2060333333334
2/7/2017, 77.83, 77.85, 77.67, 77.68, 15761, 0.696182773477729, 0, 0, 0, 0, 0.358286969358673, 0.424740275865539, -0.0664533065068656, 77.3750909090909, 78.1954153846154, 78.1954153846154, 78.1954153846154
2/8/2017, 77.55, 77.83, 77.55, 77.79, 2652, 0.678435582357148, 1.03774937443084, 0, 0, 0, 0.342198548584975, 0.408231930409426, -0.0660333818244512, 77.4707272727272, 78.2008547008547, 78.2008547008547, 78.2008547008547
2/9/2017, 77.75, 78.2, 77.75, 78.09, 10337, 0.67085066915078, 0.914888395595212, 0, 0, 0, 0.34962558588667, 0.396510661504875, -0.0468850756182044, 77.7054545454544, 78.246507936508, 78.246507936508, 78.246507936508
2/10/2017, 78.23, 78.63, 78.22, 78.63, 3384, 0.667269392296644, 1.08605970276258, 0, 0, 0, 0.394537075671337, 0.396115944338167, -0.00157886866682994, 78.118909090909, 78.3587438423645, 78.3587438423645, 78.3587438423645
2/13/2017, 78.94, 79.44, 78.94, 79.2, 17245, 0.680480084601905, 1.32237081467595, 0, 0, 0, 0.47069807677704, 0.411032370825942, 0.0596657059510984, 78.6050909090908, 78.5315862068966, 78.5315862068966, 78.5315862068966
2/14/2017, 79.06, 79.19, 78.84, 79.19, 4738, 0.669267856616332, 1.41772468488449, 0, 0, 0, 0.524206575343882, 0.43366721172953, 0.0905393636143522, 78.9549090909089, 78.6826666666667, 78.6826666666667, 78.6826666666667
2/15/2017, 79.23, 79.52, 79.23, 79.52, 4083, 0.653915436206929, 1.5562808476257, 0, 0, 0, 0.586480110399449, 0.464229791463514, 0.122250318935936, 79.3734545454544, 78.8290107526882, 78.8567741935484, 78.8567741935484
2/16/2017, 79.38, 79.58, 79.24, 79.58, 5308, 0.642113441980601, 1.39684996052383, 0, 0, 0, 0.633372707831597, 0.498058374737131, 0.135314333094467, 79.6349090909089, 78.9974193548387, 79.0185227272727, 79.0185227272727
2/17/2017, 79.26, 79.38, 79.12, 79.38, 10847, 0.640519253302789, 1.21292764810252, 0, 0, 0, 0.64693958379317, 0.527834616548339, 0.119104967244831, 79.8172727272725, 79.1308602150538, 79.1393582887701, 79.1393582887701
2/21/2017, 79.65, 79.84, 79.36, 79.8, 30809, 0.635365882341061, 1.26832499114776, 0, 0, 0, 0.683700645201327, 0.559007822278936, 0.124692822922391, 79.9856363636361, 79.3023225806452, 79.2942857142857, 79.2942857142857
2/22/2017, 79.67, 79.7, 79.41, 79.55, 7692, 0.630007385798565, 1.35237249509865, 0, 0, 0, 0.684767566302284, 0.584159771083606, 0.100607795218678, 79.973818181818, 79.4103440860215, 79.4056666666666, 79.4056666666666
2/23/2017, 79.87, 79.88, 79.36, 79.5, 8463, 0.631587838531598, 1.37087005932145, 0, 0, 0, 0.673811250169962, 0.602090066900877, 0.0717211832690847, 79.864727272727, 79.4948172043011, 79.50006006006, 79.50006006006
2/24/2017, 78.86, 79.29, 78.86, 79.23, 9181, 0.642441897073065, 1.13661880171265, 0, 0, 0, 0.636010019580013, 0.608874057436704, 0.0271359621433086, 79.6290909090907, 79.5517419354839, 79.5566145092461, 79.5566145092461
2/27/2017, 79.35, 79.61, 79.22, 79.61, 13162, 0.6319009914564, 1.20369649756373, 0, 0, 0, 0.629459083709492, 0.612991062691262, 0.0164680210182298, 79.5705454545452, 79.6505161290323, 79.6454655870445, 79.6454655870445
2/28/2017, 79.65, 79.8, 79.43, 79.44, 10563, 0.624878600621245, 1.24906708806117, 0, 0, 0, 0.6035920076433, 0.611111251681669, -0.00751924403836934, 79.5138181818178, 79.7297419354839, 79.7087179487179, 79.7087179487179
3/1/2017, 80.13, 80.84, 80.13, 80.56, 158990, 0.6722733146932, 1.32329541433937, 0, 0, 0, 0.665791967903203, 0.622047394925976, 0.0437445729772271, 79.8289090909088, 79.9126666666667, 79.8734512195121, 79.8734512195121
3/2/2017, 80.41, 80.41, 79.84, 79.84, 541525, 0.689509285071392, 0.528678473866011, 0, 0, 0, 0.64950086021048, 0.627538087982877, 0.0219627722276032, 79.8865454545452, 79.9755483870967, 79.9557491289198, 79.9557491289198
3/3/2017, 79.87, 80.08, 79.73, 80.08, 15690, 0.67492382934684, 0.685950000188138, 0, 0, 0, 0.648480751787872, 0.631726620743876, 0.0167541310439959, 80.0216363636361, 80.0596559139785, 80.0524141749723, 80.0524141749723
3/6/2017, 79.57, 79.87, 79.57, 79.81, 21065, 0.675297647430024, 0.65143776081489, 0, 0, 0, 0.618752965966308, 0.629131889788363, -0.0103789238220542, 79.9961818181815, 80.1043655913979, 80.1161627906976, 80.1161627906976
3/7/2017, 79.64, 79.78, 79.55, 79.55, 15286, 0.65997146422779, 0.839400621637345, 0, 0, 0, 0.567669909086547, 0.616839493648, -0.0491695845614526, 79.9414545454542, 80.0834408602151, 80.1511515151515, 80.1511515151515
3/8/2017, 79.54, 79.6, 79.4, 79.47, 13797, 0.640187410096321, 0.972069148325777, 0, 0, 0, 0.514796631940456, 0.596430921306491, -0.0816342893660349, 79.8227272727269, 80.087182795699, 80.1756714975845, 80.1756714975845
3/9/2017, 79.37, 79.42, 78.93, 79.11, 6593, 0.645075323048121, 0.668784978820064, 0, 0, 0, 0.438787122701314, 0.564902161585455, -0.126115038884142, 79.5739999999997, 80.1015483870968, 80.1671692876965, 80.1671692876965
3/10/2017, 79.61, 79.71, 79.33, 79.71, 12757, 0.645845105582988, 1.1751533084859, 0, 0, 0, 0.422098337711077, 0.53634139681058, -0.114243059099503, 79.4998181818178, 80.1838494623656, 80.2078989361701, 80.2078989361701
3/13/2017, 79.81, 79.85, 79.59, 79.82, 40405, 0.628993957626146, 0.978383386525636, 0, 0, 0, 0.412987770123735, 0.511670671473211, -0.0986829013494761, 79.5134545454542, 80.2601290322581, 80.2538010204081, 80.2538010204081
3/14/2017, 79.39, 79.39, 79.05, 79.15, 2789, 0.651244255373758, 0.814555933221482, 0, 0, 0, 0.347696154263289, 0.478875768031227, -0.131179613767937, 79.2501818181815, 80.2040860215054, 80.2426612244897, 80.2426612244897
3/15/2017, 79.38, 80.35, 79.38, 80.14, 22205, 0.685908206540944, 1.11951994979806, 0, 0, 0, 0.37155376401067, 0.457411367227115, -0.085857603216445, 79.5687272727268, 80.2449247311828, 80.3083999999999, 80.3083999999999
3/16/2017, 80.41, 80.45, 80.24, 80.24, 3937, 0.670117765311338, 1.11357490877589, 1.52067172489684, 0, 0, 0.393988600547658, 0.444726813891224, -0.0507382133435659, 79.8007272727269, 80.296, 80.3766214177979, 80.3766214177979
3/17/2017, 80.37, 80.74, 80.34, 80.55, 5397, 0.665198473173838, 1.11379343487227, 1.44028392066777, 0, 0, 0.43180519782824, 0.442142490678627, -0.0103372928503873, 80.1659999999996, 80.3426666666666, 80.4628156748911, 80.4628156748911
3/20/2017, 80.62, 80.7, 80.42, 80.53, 7595, 0.649480319923569, 0.877660823265259, 1.37647229884001, 0, 0, 0.454917287460262, 0.444697450034954, 0.0102198374253077, 80.4447272727269, 80.4030107526882, 80.5412788259958, 80.5412788259958
3/21/2017, 80.81, 80.81, 79.71, 79.74, 19146, 0.69209327383086, 0.250291569218712, 1.05258545639084, 0, 0, 0.404820864380397, 0.436722132904043, -0.0319012685236453, 80.3592727272723, 80.3196774193549, 80.5571582491582, 80.5571582491582
3/22/2017, 79.67, 79.92, 79.53, 79.84, 4579, 0.681088950056477, 0.298086620048064, 1.14663033281708, 0, 0, 0.368935394851945, 0.423164785293623, -0.054229390441678, 80.2819999999995, 80.2447741935484, 80.578461038961, 80.578461038961
3/23/2017, 79.82, 80.33, 79.82, 79.97, 29614, 0.677869634661545, 0.211677161460227, 1.1753468686529, 0, 0, 0.346985976904008, 0.4079290236157, -0.0609430467116919, 80.1574545454541, 80.1797634408602, 80.6068609022556, 80.6068609022556
3/24/2017, 80.11, 80.36, 79.85, 80.01, 10067, 0.675525221218467, 0.202804999160243, 1.0617239312759, 0, 0, 0.329025766524225, 0.392148372197405, -0.0631226056731803, 80.1198181818177, 80.1257634408602, 80.6356684815486, 80.6356684815486
3/27/2017, 79.52, 80.01, 79.45, 79.88, 558883, 0.677845947699112, 0.234476812717057, 0.972908439453278, 0, 0, 0.300834424870288, 0.373885582731982, -0.0730511578616937, 80.0429090909087, 80.0788817204301, 80.6534365867913, 80.6534365867913
3/28/2017, 79.97, 80.69, 79.83, 80.54, 4183, 0.692066272499315, 0.330978792343954, 1.07679105807725, 0, 0, 0.327968451496162, 0.364702156484818, -0.0367337049886564, 80.0567272727269, 80.1456774193548, 80.713220338983, 80.713220338983
3/29/2017, 80.35, 80.55, 80.31, 80.54, 1730, 0.672362387729576, 0.441641606757251, 1.21313605192227, 0, 0, 0.345489772054947, 0.360859679598844, -0.0153699075438969, 80.1927272727269, 80.2031612903225, 80.7690218579235, 80.7690218579235
3/30/2017, 80.43, 80.85, 80.43, 80.69, 4612, 0.66358239400611, 0.52757047758081, 1.29027869243689, 0, 0, 0.367245908993539, 0.362136925477783, 0.00510898351575595, 80.3787272727268, 80.2929677419354, 80.830729772607, 80.830729772607
3/31/2017, 80.36, 80.65, 80.35, 80.38, 14354, 0.653984078175359, 0.511039958561859, 1.13055640383821, 0, 0, 0.355376832133544, 0.360784906808935, -0.00540807467539106, 80.4950909090905, 80.3398924731182, 80.868955453149, 80.868955453149
4/3/2017, 80.44, 80.44, 79.96, 80.36, 9686, 0.651305104449336, 0.340903711163738, 1.05102705778121, 0, 0, 0.340432377817194, 0.356714401010587, -0.0162820231933927, 80.6098181818178, 80.3657849462365, 80.9033283730158, 80.9033283730158
4/4/2017, 80.26, 80.48, 80.25, 80.48, 4573, 0.632106539312515, 0.468883446630122, 1.17655420872746, 0, 0, 0.334416838078567, 0.352254888424183, -0.0178380503456156, 80.6172727272724, 80.4285806451612, 80.9426682692307, 80.9426682692307
4/5/2017, 80.53, 81.05, 80.18, 80.18, 2991, 0.65700096744422, -0.174151036737057, 0.837059127691763, 0, 0, 0.30196116633941, 0.342196144007229, -0.0402349776678184, 80.5007272727268, 80.4322580645161, 80.9613846153846, 80.9613846153846
4/6/2017, 80.4, 80.61, 80.4, 80.49, 2549, 0.648458450629813, 0.350572533293783, 0.62654997485449, 0, 0, 0.297821125331936, 0.33332114027217, -0.0355000149402341, 80.4987272727268, 80.4678709677419, 80.9970058796924, 80.9970058796924
4/7/2017, 80.42, 80.64, 80.19, 80.47, 4812, 0.644149368169927, 0.216046424508052, 0.652277617679991, 0, 0, 0.28958808892628, 0.324574530002992, -0.0349864410767121, 80.4694545454541, 80.4765591397849, 81.0291571553995, 81.0291571553995
4/10/2017, 80.52, 80.74, 80.3, 80.55, 4560, 0.638646364665454, 0.404135849298815, 0.754710155363171, 0, 0, 0.286219321498194, 0.316903488302032, -0.0306841668038381, 80.4167272727268, 80.5127311827957, 81.0638235294117, 81.0638235294117
4/11/2017, 80.69, 80.73, 80.19, 80.65, 6037, 0.639439757471943, 0.602673226288909, 1.02557127582865, 0, 0, 0.288295423125788, 0.311181875266784, -0.0228864521409952, 80.4939999999995, 80.5441935483871, 81.1019834368529, 81.1019834368529
4/12/2017, 80.52, 80.52, 80.17, 80.2, 2369, 0.640801441622277, 0.393522374466162, 0.971919952542976, 0, 0, 0.250739144650254, 0.299093329143478, -0.0483541844932238, 80.4098181818177, 80.5854193548387, 81.1126559356136, 81.1126559356136
4/13/2017, 79.87, 80, 79.67, 79.67, 8698, 0.646073325432425, 0.300458683168047, 0.689834215557336, 0, 0, 0.176178081518131, 0.274510279618408, -0.0983321981002773, 80.1910909090905, 80.5137204301075, 81.0931455399061, 81.0931455399061
4/17/2017, 80.08, 80.37, 79.89, 80.37, 10979, 0.651972486566396, 0.344172189374739, 1.07822228493011, 0, 0, 0.171594022579654, 0.253927028210658, -0.0823330056310032, 80.2078181818177, 80.5479354838709, 81.1122450532725, 81.1122450532725
4/18/2017, 79.89, 80.14, 79.71, 80.08, 9881, 0.662825640710218, 0.141966788514921, 0.785798342083585, 0, 0, 0.142913132840604, 0.231724249136647, -0.0888111162960426, 80.1209090909086, 80.5254838709676, 81.1144761199556, 81.1144761199556
4/19/2017, 80.15, 80.25, 80.05, 80.05, 7455, 0.642412535198882, 0.491237767389069, 0.931987802705711, 0, 0, 0.11642054819788, 0.208663508948894, -0.0922429607510138, 80.0629090909086, 80.4801505376344, 81.114627027027, 81.114627027027
4/20/2017, 80.52, 81, 80.52, 80.87, 21851, 0.662839956356338, 0.414141184194917, 1.12915579291978, 0, 0, 0.159750625207721, 0.198880932200659, -0.039130306992938, 80.2516363636359, 80.5303010752687, 81.1572666666667, 81.1572666666667
4/21/2017, 80.81, 80.84, 80.75, 80.84, 2269, 0.637353709883847, 0.342336839848623, 1.07943166528931, 0, 0, 0.189485008902537, 0.197001747541035, -0.00751673863849778, 80.4543636363631, 80.5436129032257, 81.1960594668489, 81.1960594668489
4/24/2017, 82.28, 82.61, 82.26, 82.42, 14745, 0.701255644402568, 0.800230768491301, 1.34881770728465, 0, 0, 0.336661691183068, 0.224933736269441, 0.111727954913626, 81.1798181818177, 80.7862365591397, 81.3132567432567, 81.3132567432567
4/25/2017, 82.75, 83.12, 82.75, 82.91, 20481, 0.704470096503156, 0.999284301552751, 1.32912904947097, 0, 0, 0.487222776261163, 0.277391544267786, 0.209831231993377, 81.9841818181813, 81.08088172043, 81.4495683219733, 81.4495683219733
4/26/2017, 82.91, 83.05, 82.84, 82.88, 4471, 0.682157757191395, 1.42116213437936, 1.1544181027808, 0, 0, 0.597238181649857, 0.3413608717442, 0.255877309905657, 82.669454545454, 81.3071182795699, 81.578079113924, 81.578079113924
4/27/2017, 82.91, 82.98, 82.77, 82.86, 4027, 0.660878266596931, 1.36393872612571, 1.15145414326616, 0, 0, 0.675031012861524, 0.408094899967665, 0.266936112893859, 83.1361818181813, 81.572752688172, 81.6997037037037, 81.6997037037037
4/28/2017, 82.97, 82.97, 82.6, 82.6, 9792, 0.652207681739838, 1.1748620034099, 0.967607190627045, 0, 0, 0.707546410387906, 0.467985202051713, 0.239561208336193, 83.2619999999995, 81.7945161290322, 81.8031767539897, 81.8031767539897
5/1/2017, 83.01, 83.01, 82.7, 82.77, 13280, 0.643092144329167, 1.23087858573392, 0.99960294864056, 0, 0, 0.738519483545176, 0.522092058350406, 0.21642742519477, 83.4267272727268, 82.0432903225807, 81.9100705260065, 81.9100705260065
5/2/2017, 82.85, 83.25, 82.85, 83.25, 3636, 0.636243843205032, 1.4890906015457, 1.20201823559167, 0, 0, 0.792660558143652, 0.576205758309055, 0.216454799834597, 83.5683636363631, 82.337311827957, 82.0348709122203, 82.0348709122203
5/3/2017, 82.88, 83.18, 82.75, 83.03, 7735, 0.636142779109695, 1.12145120874086, 1.00726134124429, 0, 0, 0.808495752679292, 0.622663757183102, 0.18583199549619, 83.4550909090904, 82.5332043010753, 82.1438823529412, 82.1438823529412
5/4/2017, 83.29, 83.35, 83.15, 83.29, 3688, 0.621659121167055, 1.23393613570126, 1.16701634936503, 0, 0, 0.832429358054185, 0.664616877357319, 0.167812480696866, 83.4330909090904, 82.7475268817204, 82.2601176470588, 82.2601176470588
5/5/2017, 83.44, 83.95, 83.44, 83.95, 2236, 0.625242272684977, 1.41596723691738, 1.36153457057318, 0, 0, 0.894343956475481, 0.710562293180951, 0.18378166329453, 83.5010909090903, 83.032, 82.4014835605453, 82.4014835605453
5/8/2017, 83.73, 83.76, 83.51, 83.66, 14903, 0.622336054892525, 1.4333262659502, 1.35988450090637, 0, 0, 0.909526687928349, 0.750355172130431, 0.159171515797918, 83.6152727272721, 83.2566666666667, 82.5237591431558, 82.5237591431558
5/9/2017, 83.6, 83.72, 83.54, 83.54, 1994, 0.602841783992018, 1.38626617901506, 1.2094674183721, 0, 0, 0.901484364275433, 0.780581010559431, 0.120903353716002, 83.7183636363631, 83.4338924731183, 82.6354979570991, 82.6354979570991
5/10/2017, 83.44, 83.5, 83.16, 83.23, 9173, 0.597661089786838, 1.18278871778225, 1.1662645618174, 0, 0, 0.860180727632553, 0.796500953974056, 0.0636797736584974, 83.6739999999995, 83.5921720430108, 82.7288239700375, 82.7288239700375
5/11/2017, 82.66, 83.21, 82.62, 83.09, 3437, 0.605441880825739, 1.26680036374582, 0.822011590567599, 0, 0, 0.806849608010538, 0.798570684781352, 0.00827892322918555, 83.5581818181813, 83.7153333333333, 82.8120732600733, 82.8120732600733
5/12/2017, 83, 83.11, 82.87, 83.11, 6717, 0.589470070796776, 1.14299197186722, 1.09513671732379, 0, 0, 0.757466541548737, 0.790349856134829, -0.0328833145860918, 83.3847272727268, 83.8345806451613, 82.8784371184371, 82.8926540850454
5/15/2017, 83.15, 83.44, 83.05, 83.32, 4237, 0.581988894679838, 1.2416528597609, 1.08301788776203, 0, 0, 0.726896144274662, 0.777659113762796, -0.0507629694881342, 83.2899999999995, 83.9441935483871, 82.9613431013431, 82.9788218793829
5/16/2017, 83.78, 83.78, 83.48, 83.64, 61885, 0.578272943202868, 1.33748688127602, 1.28079853139675, 0, 0, 0.720188327102392, 0.766164956430715, -0.0459766293283234, 83.3718181818177, 84.0741075268817, 83.0567521367522, 83.0749645390071
5/17/2017, 83, 83.04, 82.19, 82.19, 14136, 0.647261364168555, 0.574395321744875, 0.814283348768031, 0, 0, 0.591056124735502, 0.731143190091673, -0.140087065356171, 82.887454545454, 84.0068817204302, 83.0845103785104, 83.1064792833147
5/18/2017, 82.12, 82.5, 81.71, 82.37, 107579, 0.661508934623805, 0.817932717140725, 0.892137545034724, 0, 0, 0.497507463339957, 0.684416044741329, -0.186908581401372, 82.5630909090904, 83.9314623655914, 83.1122930402931, 83.1439473684211
5/19/2017, 82.58, 83.52, 82.58, 83.26, 4677, 0.690776680251197, 1.32665307485309, 1.23988909154784, 0, 0, 0.489541902835285, 0.645441216360121, -0.155899313524836, 82.7283636363632, 83.9755053763441, 83.1755457875458, 83.2162220790378
5/22/2017, 83.44, 83.77, 83.44, 83.57, 1957, 0.684316896946619, 1.20107166563041, 1.15977398279862, 0, 0, 0.502451598703885, 0.616843292828874, -0.114391694124988, 82.9803636363631, 84.0396774193548, 83.2560708180708, 83.2981590574374
5/23/2017, 83.74, 83.79, 83.48, 83.69, 12917, 0.667689627481628, 1.37173937762265, 1.16110354069541, 0, 0, 0.516412738216843, 0.596757181906467, -0.0803444436896243, 83.2547272727268, 84.1044086021505, 83.3398437118437, 83.3816821273965
5/24/2017, 83.55, 83.86, 83.48, 83.85, 5233, 0.655754295500782, 1.44528493013758, 1.44694099442455, 0, 0, 0.534229440248751, 0.584251633574924, -0.0500221933261731, 83.5141818181813, 84.1758494623656, 83.4319536019536, 83.4683111111112
5/25/2017, 83.95, 84.16, 83.93, 84.16, 8334, 0.639089208577157, 1.28612857714533, 1.27840880030982, 0, 0, 0.56682965477232, 0.580767237814403, -0.0139375830420833, 83.8189090909085, 84.2359784946237, 83.5246007326008, 83.5638178217822
5/26/2017, 83.89, 84.01, 83.87, 84.01, 11229, 0.625478638306878, 1.23649674139483, 1.19755370784361, 1.91622118937053, 0, 0.573945724216458, 0.579402935094814, -0.00545721087835671, 84.017454545454, 84.2161935483871, 83.603623931624, 83.6498602213163
5/30/2017, 83.91, 84.11, 83.91, 84.06, 3884, 0.605747530144573, 0.781608487044838, 1.11692690924897, 1.801159728319, 0, 0.576968904274224, 0.578916128930696, -0.00194722465647201, 84.2261818181813, 84.2214193548388, 83.682927960928, 83.7345783361889
5/31/2017, 84.3, 84.3, 83.94, 84.2, 17984, 0.595881003738185, 0.627442357751471, 1.1664143291976, 1.79342243183059, 0, 0.583930439598404, 0.579918991064238, 0.00401144853416646, 84.5069090909085, 84.2012688172043, 83.7680757020757, 83.8214731142644
6/1/2017, 84.5, 85.05, 84.48, 84.86, 21411, 0.611766692069495, 0.919373257870004, 1.66108501653303, 1.91452193176513, 0, 0.635379728646143, 0.591011138580619, 0.044368590065524, 84.6950909090903, 84.2362795698925, 83.8716336996337, 83.9301648351649
6/2/2017, 85.4, 85.79, 85.4, 85.73, 4404, 0.629520534405302, 1.24998061518607, 1.84813513641119, 2.11913640864879, 0, 0.737849915465361, 0.620378893957567, 0.117471021507794, 85.0741818181813, 84.4053118279571, 84.0245665445666, 84.0676154537287
6/5/2017, 85.45, 85.55, 85.24, 85.28, 5392, 0.629929123403357, 1.15576416761666, 1.64797414308684, 2.00011834540434, 0, 0.773826843423834, 0.651068483850821, 0.122758359573013, 85.2925454545449, 84.4838924731184, 84.1744346764349, 84.1835020278611
6/6/2017, 84.86, 85.2, 84.86, 84.99, 36151, 0.625183408185038, 0.948511745790081, 1.53884251822932, 1.84464018857934, 0, 0.77006145258305, 0.674867077597267, 0.0951943749857836, 85.3625454545449, 84.6023655913979, 84.3048571428573, 84.2846157840084
6/7/2017, 84.97, 84.97, 84.59, 84.79, 10856, 0.618912854918788, 0.66639298568434, 1.51828971358828, 1.76809099655805, 0, 0.742381315000287, 0.688369925077871, 0.0540113899224164, 85.3099999999994, 84.7115483870968, 84.4174700854702, 84.3748504926946
6/8/2017, 84.62, 84.97, 84.56, 84.88, 4327, 0.611495522150516, 0.804272585012154, 1.35943552143364, 1.72346535962283, 0, 0.719413898774491, 0.694578719817195, 0.0248351789572959, 85.2605454545449, 84.8180215053764, 84.5165054945057, 84.4651459549625
6/9/2017, 84.84, 85.15, 84.66, 85.02, 4885, 0.60878090948164, 0.753334710014681, 1.40190810738571, 1.85027164086111, 0, 0.704389126531751, 0.696540801160106, 0.00784832537164515, 85.2652727272721, 84.9280215053764, 84.6096581196583, 84.5572923832924
6/12/2017, 84.94, 85.24, 84.84, 84.95, 8534, 0.602361686614745, 0.453920020852439, 1.33207414095295, 1.8544807694266, 0, 0.67900630923009, 0.693033902774103, -0.0140275935440131, 85.1689090909085, 84.997870967742, 84.6989743589745, 84.6437483912484
6/13/2017, 85.27, 85.46, 85.26, 85.45, 4108, 0.598737203206862, 0.795705792775324, 1.58131272179284, 1.91903895811897, 0, 0.691267562805947, 0.692680634780472, -0.00141307197452423, 85.2039999999995, 85.1273333333334, 84.7955750915752, 84.7448261694059
6/14/2017, 85.82, 85.82, 85.36, 85.47, 3642, 0.595577270543173, 0.860250617669831, 1.59426190560936, 1.87217532794051, 0, 0.694591706629708, 0.693062849150319, 0.00152885747938936, 85.1981818181813, 85.2740430107528, 84.8993601953603, 84.8431811830461
6/15/2017, 84.64, 85.4, 84.57, 85.36, 12325, 0.619245429330586, 0.961249092531632, 1.520211881827, 1.90901123312166, 0, 0.680505589037153, 0.690551397127686, -0.0100458080905327, 85.2170909090904, 85.377806451613, 84.9839242979245, 84.9344164759725
6/16/2017, 85.65, 85.98, 85.65, 85.98, 6751, 0.62009595667918, 1.27151313661527, 1.79428184997922, 1.87209608379449, 0, 0.711173097031164, 0.694675737108382, 0.0164973599227823, 85.5969090909086, 85.5625376344087, 85.093186813187, 85.0438695652174
6/19/2017, 86.18, 86.57, 86.18, 86.47, 65947, 0.619868831242189, 1.45639976540469, 1.83357148912484, 1.77513809459147, 0, 0.766184129254043, 0.708977415537514, 0.0572067137165291, 86.0423636363631, 85.8360860215055, 85.2202319902322, 85.1664146772768
6/20/2017, 85.47, 85.63, 84.82, 84.87, 20441, 0.697184575770431, 0.562709652799443, 1.22773382920293, 1.36371355844495, 0, 0.67291717012094, 0.701765366454199, -0.0288481963332595, 85.8121818181813, 85.8710322580646, 85.2776459096461, 85.231006808634
6/21/2017, 84.88, 84.95, 84.43, 84.52, 13293, 0.695830007079444, 0.325305999099157, 1.10438713327457, 1.33314602431811, 0, 0.564255966582209, 0.674263486479801, -0.110007519897592, 85.4276363636358, 85.8457634408603, 85.3267936507938, 85.2816707021792
6/22/2017, 84.53, 84.61, 84.39, 84.52, 24221, 0.674053177809239, 0.987877230797697, 1.07624057694173, 1.47840704410708, 0, 0.472692277580833, 0.633949244700008, -0.161256967119174, 85.0758181818177, 85.7935053763442, 85.3842930402931, 85.3305462184874
6/23/2017, 84.44, 84.86, 84.44, 84.68, 23036, 0.663939842454122, 0.977861373790549, 1.25793761563991, 1.58840721726595, 0, 0.408331070783987, 0.588825609916804, -0.180494539132816, 84.8269090909086, 85.7438924731184, 85.4446666666667, 85.3829683195593
6/26/2017, 85.01, 85.16, 84.76, 84.79, 18124, 0.658229797925041, 0.688811941783972, 1.46073108401403, 1.56408507270983, 0, 0.362027207102301, 0.543465929353903, -0.181438722251602, 84.620545454545, 85.6993118279571, 85.51315995116, 85.4371751795149
6/27/2017, 84.61, 84.61, 84.26, 84.29, 9672, 0.66046671417441, 0.325227926529351, 1.1245689161231, 1.55358175912641, 0, 0.281737545162486, 0.49112025251562, -0.209382707353134, 84.3501818181814, 85.5944516129033, 85.5572698412699, 85.4733466613354
6/28/2017, 84.56, 84.92, 84.56, 84.92, 3701, 0.659882270029121, 0.527933002595105, 1.37419873719237, 1.55894942024931, 0, 0.265878265350239, 0.446071855082543, -0.180193589732305, 84.3647272727269, 85.5846021505377, 85.6210231990232, 85.528440860215
6/29/2017, 84.61, 84.61, 83.76, 84.11, 48663, 0.701882561554266, 0.118113230843309, 1.13031162073006, 1.46380276992331, 0, 0.185807567316715, 0.394018997529378, -0.208211430212663, 84.1074545454542, 85.367053763441, 85.6546446886448, 85.5558851612903
6/30/2017, 84.38, 84.87, 84.25, 84.66, 17885, 0.707342016769582, 0.209466994418261, 1.06211720519727, 1.53749098835315, 0, 0.164831293161484, 0.348181456655799, -0.183350163494315, 84.2323636363633, 85.2189032258066, 85.7035946275947, 85.5996685714285
7/3/2017, 84.6, 84.96, 84.6, 84.76, 14275, 0.692418550999613, 0.307193473016486, 1.09782829604291, 1.53342063376649, 0, 0.154495679015227, 0.309444301127685, -0.154948622112458, 84.561818181818, 85.1280000000002, 85.7520610500611, 85.6450981127359
7/5/2017, 84.64, 85, 84.64, 84.94, 7483, 0.677595085514373, 0.356824059046758, 0.77567440106619, 1.50474608044575, 0, 0.158996315464577, 0.279354703995063, -0.120358388530486, 84.726727272727, 85.0709247311829, 85.7985421245422, 85.6946075295275
7/6/2017, 84.41, 84.58, 84.22, 84.22, 4409, 0.691963669382704, 0.0233954763218261, 0.407544407078303, 1.22558848315233, 0, 0.103274633874008, 0.244138689970852, -0.140864056096844, 84.5690909090906, 84.9216559139787, 85.817811965812, 85.7202579941861
7/7/2017, 84.3, 84.82, 84.17, 84.7, 4017, 0.692010876312169, -0.0447631257259751, 0.552600277795466, 1.20186031919258, 0, 0.0967317251192981, 0.214657297000541, -0.117925571881243, 84.5936363636361, 84.8405376344088, 85.8509084249085, 85.7596553369112
7/10/2017, 84.71, 84.97, 84.69, 84.87, 24274, 0.67258931498125, -0.326857871555806, 0.607330959592666, 1.23893249556052, 0, 0.104064412275946, 0.192538720055622, -0.0884743077796763, 84.6990909090906, 84.7961720430109, 85.9124713064713, 85.8029007633587
7/11/2017, 84.77, 84.96, 84.35, 84.96, 4551, 0.674182231689451, -0.114523245841309, 0.712927959183514, 1.18683134868076, 0, 0.115802963042242, 0.177191568652946, -0.0613886056107043, 84.8472727272725, 84.7486451612906, 85.9588107448108, 85.8474496877169
7/12/2017, 85.55, 85.64, 85.44, 85.64, 5005, 0.675088700188218, 0.269400347548346, 0.845810467037035, 1.303121735504, 0, 0.177925155659224, 0.177338286054202, 0.000586869605022439, 85.1210909090906, 84.7846021505379, 86.0364566544566, 85.9109364319891
7/13/2017, 85.5, 85.52, 85.21, 85.45, 8088, 0.66792119917979, 0.274001474854095, 0.655420411522636, 1.30859751739484, 0, 0.20941205693282, 0.183753040229925, 0.0256590167028943, 85.3816363636361, 84.7955913978497, 86.095724053724, 85.9668544495567
7/14/2017, 85.72, 86.07, 85.52, 86.03, 5255, 0.666281217556868, 0.455200574246545, 0.877840107806415, 1.33141502201737, 0, 0.277962625657921, 0.202594957315524, 0.0753676683423961, 85.6516363636361, 84.916107526882, 86.1704346764347, 86.0381857379767
7/17/2017, 85.74, 85.87, 85.6, 85.81, 62083, 0.65964531510426, 0.316439551254178, 0.739590328902541, 1.34222323480551, 0, 0.310952813398004, 0.22426652853202, 0.0866862848659832, 85.8509090909088, 85.0591612903229, 86.2290036630037, 86.1009793028322
7/18/2017, 85.63, 85.71, 85.56, 85.69, 2258, 0.642128092713755, 0.297457112643108, 0.522675614203505, 1.32833145952239, 0, 0.323683555206941, 0.244149933867004, 0.0795336213399364, 85.9659999999997, 85.1564731182799, 86.2696825396825, 86.1584242164019
7/19/2017, 85.67, 85.84, 85.59, 85.84, 26890, 0.623517689322106, 0.165600145037151, 0.652772652125236, 1.42104705941145, 0, 0.341934893601888, 0.263706925813981, 0.0782279677879067, 86.1181818181815, 85.2508387096777, 86.325431013431, 86.2184925420501
7/20/2017, 85.86, 85.86, 85.52, 85.72, 1029738, 0.613003039300503, 0.111557297024724, 0.65369589487606, 1.31571098214368, 0, 0.342765031733521, 0.279518546997889, 0.0632464847356317, 86.0358181818178, 85.3111612903229, 86.3738876678877, 86.2733583567928
7/21/2017, 85.1, 85.34, 84.92, 85.28, 10864, 0.632261837504657, -0.0150758059821453, 0.616134218516147, 1.25857335156211, 0, 0.304409555549086, 0.284496748708128, 0.0199128068409572, 85.8156363636361, 85.3156559139788, 86.3838998778999, 86.3140791366906
7/24/2017, 85.14, 85.14, 84.98, 85.11, 11524, 0.619472741478995, -0.325450767338391, 0.608249451427382, 1.00635870859912, 0, 0.257328660469554, 0.279063131060413, -0.0217344705908595, 85.5390909090906, 85.3053333333336, 86.4039902319903, 86.3487386018236
7/25/2017, 85.39, 85.4, 84.99, 85, 11269, 0.613378338540159, -0.571919416533763, 0.570218013432332, 1.15860459458361, 0, 0.208734470188219, 0.264997398885975, -0.0562629286977557, 85.2294545454543, 85.2758064516132, 86.4178534798535, 86.3792138647487
7/26/2017, 85.33, 85.35, 85.14, 85.31, 7716, 0.601105390190104, 0.235209479981443, 0.596556987637706, 1.16952194214866, 0, 0.193012703213512, 0.250600459751482, -0.0575877565379702, 85.160727272727, 85.3186236559143, 86.4486691086691, 86.4173446272037
7/27/2017, 85.38, 85.38, 84.75, 84.88, 100005, 0.611054262432397, 0.193992819702206, 0.377891201829157, 1.13642540967492, 0, 0.144193510248002, 0.229319069850786, -0.0851255596027843, 84.9234545454543, 85.3091182795702, 86.456757020757, 86.4424096736596
7/28/2017, 84.92, 85.15, 84.79, 85.11, 26698, 0.600081911708363, 0.308507547502561, 0.957355306482899, 1.24606265975906, 0, 0.122649202252248, 0.207985096331078, -0.0853358940788305, 84.9127272727271, 85.3252688172046, 86.4541562881563, 86.4729588122605
7/31/2017, 85.21, 85.25, 85.02, 85.12, 31887, 0.583521181041163, 0.233334709102595, 0.902270971487318, 1.26683785702459, 0, 0.105169767756976, 0.187422030616258, -0.0822522628592816, 84.9116363636361, 85.3856344086025, 86.4502808302808, 86.5028181388757
8/1/2017, 85.63, 85.63, 85.27, 85.35, 20374, 0.582728257571325, 0.292019984838747, 0.710474230131768, 1.4027313940538, 0, 0.108624116596772, 0.171662447812361, -0.0630383312155887, 85.0036363636361, 85.5133978494628, 86.4554798534799, 86.5379759575062
8/2/2017, 85.32, 85.64, 85.3, 85.62, 41182, 0.571701284098657, 0.698956909799578, 0.695733999497864, 1.3316367423463, 0, 0.131631095128299, 0.163656177275548, -0.0320250821472497, 85.2374545454543, 85.575978494624, 86.4694285714286, 86.57935006435
8/3/2017, 85.57, 85.85, 85.53, 85.85, 21354, 0.560298319712296, 0.510606837287782, 0.729591243564774, 1.35468580452054, 0, 0.166504014546106, 0.16422574472966, 0.00227826981644635, 85.538727272727, 85.6395698924734, 86.4864322344322, 86.6256838382005
8/4/2017, 85.64, 85.99, 85.64, 85.99, 5845, 0.551767998720032, 1.15617000433624, 0.721941953532896, 1.55912233197703, 0, 0.203096711929888, 0.171999938169706, 0.0310967737601823, 85.7932727272724, 85.7123440860219, 86.5198485958486, 86.6744375838926
8/7/2017, 85.86, 85.99, 85.82, 85.9, 11019, 0.534624024440498, 0.796158749553679, 0.591337902554284, 1.33976130872252, 0, 0.222272224559006, 0.182054395447566, 0.0402178291114406, 85.9439999999997, 85.7748817204305, 86.5453382173382, 86.7194675496688
8/8/2017, 85.88, 86.04, 85.81, 85.81, 9097, 0.521827217276155, 0.673473529499588, 0.612570074697664, 1.29570644086828, 0, 0.227583270356078, 0.191160170429268, 0.0364230999268099, 85.9985454545452, 85.8254623655918, 86.5663003663003, 86.7608844545137
8/9/2017, 85.38, 85.58, 85.29, 85.58, 12153, 0.527449098372791, 0.41047782210649, 0.518775288053876, 1.17182543872292, 0, 0.210803226232926, 0.19508878159, 0.0157144446429263, 85.9914545454542, 85.8069462365595, 86.566568986569, 86.7951470588235
8/10/2017, 85.21, 85.21, 84.48, 84.48, 8629, 0.572705245582461, 0.156607763770333, 0.106291246342289, 0.905026984393315, 0, 0.107504864299031, 0.177571998131806, -0.070067133832775, 85.503636363636, 85.682537634409, 86.5145006105007, 86.7999414311178
8/11/2017, 84.51, 84.67, 84.42, 84.62, 6994, 0.557941765415575, -0.0360888127825754, -0.0572129383008108, 1.135587658839, 0, 0.0365160637605157, 0.149360811257548, -0.112844747497032, 85.1319999999997, 85.5247311827961, 86.4682002442003, 86.8080192710515
8/14/2017, 85.15, 85.26, 85.15, 85.19, 4839, 0.564061281605736, 0.186765411895597, -0.154870457638615, 1.23002298067238, 0, 0.0259520056319218, 0.124679050132423, -0.098727044500501, 84.9859999999997, 85.4726236559144, 86.4371159951161, 86.8302779156327
8/15/2017, 84.99, 85.11, 84.96, 85.11, 4687, 0.549873828586453, 0.0932078903478908, -0.0371023078847068, 1.18209932798321, 0, 0.0109978061792475, 0.101942801341788, -0.0909449951625402, 84.8545454545452, 85.4136129032262, 86.4057533577534, 86.8498056508247
8/16/2017, 85.43, 85.57, 85.41, 85.45, 7565, 0.547217945856564, -0.0996615321794786, 0.167378255196148, 1.24450332701625, 0, 0.0262787290447903, 0.0868099868823883, -0.0605312578375979, 84.9076363636361, 85.4074838709682, 86.3854236874238, 86.8772804966539
8/17/2017, 85.24, 85.28, 84.48, 84.52, 7712, 0.5829600662538, -0.469169710180916, -0.0656351641546748, 1.05053217198602, 0, -0.0362365448246322, 0.0622006805409842, -0.0984372253656164, 84.694727272727, 85.2320645161295, 86.3225714285715, 86.8806305230474
8/18/2017, 84.28, 84.52, 84.28, 84.31, 3448, 0.569424689358114, -0.923313979808116, -0.159415333023493, 0.863108756242891, 0, -0.101554932673011, 0.0294495578981851, -0.131004490571196, 84.5098181818179, 85.0600645161295, 86.2498534798535, 86.8784779874213
8/21/2017, 84.27, 84.34, 84.04, 84.32, 13147, 0.55867867388275, -0.801673984740125, -0.20016196766577, 0.865289219306901, 0, -0.150775265800135, -0.00659540684147892, -0.144179858958656, 84.4019999999997, 84.9031827956994, 86.1648913308914, 86.8764270186335
8/22/2017, 84.61, 85.13, 84.61, 85.13, 4725, 0.573269076620508, -0.263849622542365, 0.0739003122384145, 0.993413848419334, 0, -0.123004583597165, -0.0298772421926162, -0.093127341404549, 84.6421818181814, 84.8586236559145, 86.1005396825398, 86.8941683919944
8/23/2017, 84.81, 84.81, 84.52, 84.57, 4001, 0.584276654464569, -0.596882392345498, -0.245639297164169, 0.939311516961034, 0, -0.14451752963646, -0.0528052996813849, -0.0917122299550747, 84.6799999999997, 84.7872473118285, 86.023264957265, 86.8976422025296
8/24/2017, 84.62, 84.62, 84.15, 84.21, 1008696, 0.585342154550115, -0.706410982477415, -0.358838422489247, 0.864376759808084, 0, -0.188443427192752, -0.0799329251836582, -0.108510502009094, 84.4285454545451, 84.6644301075273, 85.9207326007327, 86.8921038455782
8/25/2017, 84.48, 84.72, 84.48, 84.67, 3860, 0.583170895156867, -0.274644443753183, -0.184932361882204, 0.931794222786142, 0, -0.184015644056601, -0.100749468958247, -0.0832661750983538, 84.3787272727269, 84.6466451612908, 85.8346153846154, 86.897618625277
8/28/2017, 84.73, 84.73, 84.54, 84.58, 125616, 0.565833834337731, -0.237867596032697, -0.402229730903695, 0.98166199639751, 0, -0.185629025997727, -0.117725380366143, -0.0679036456315843, 84.4090909090906, 84.6115483870973, 85.7594017094018, 86.9006761591821
8/29/2017, 84.14, 84.74, 84.14, 84.7, 34610, 0.572199698026813, -0.129048921405512, -0.517971327944119, 0.939527537828599, 0, -0.175204991609746, -0.129221302614863, -0.0459836889948828, 84.4981818181815, 84.5916129032263, 85.6860488400489, 86.9063588485678
8/30/2017, 84.7, 84.9, 84.54, 84.89, 2988, 0.563576966683089, -0.186569719640582, 0.023937405961728, 0.983706135118701, 0, -0.149884679862922, -0.133353978064475, -0.0165307017984465, 84.7432727272723, 84.6121720430112, 85.6532844932845, 86.9162596236097
8/31/2017, 85.24, 85.63, 85.22, 85.44, 17443, 0.575256861735031, 0.274506780891391, 0.333146534477678, 1.07577579674782, 0, -0.0844640973847817, -0.123576001928536, 0.0391119045437548, 85.0229090909087, 84.7006451612909, 85.6536410256411, 86.9387630318398
9/1/2017, 85.76, 85.88, 85.59, 85.59, 7409, 0.571240202749258, 0.237220205367392, 0.384020198431628, 1.08475553800588, 0, -0.0202802894901168, -0.102916859440853, 0.0826365699507357, 85.2621818181815, 84.7806236559145, 85.6580341880342, 86.9641531500173
9/5/2017, 85.58, 85.58, 84.97, 85.12, 3425, 0.582093826429083, 0.0128574759480913, 0.166649611985046, 1.08651196903093, 0, -0.00725559339610982, -0.083784606231904, 0.0765290128357942, 85.2712727272724, 84.7876344086027, 85.639452991453, 86.9778947368419
9/6/2017, 85.45, 85.52, 85.32, 85.32, 13717, 0.575134026961572, -0.000880583192365577, 0.196615988690297, 1.25563727455, 0, 0.0189860413601082, -0.0632304767135016, 0.0822165180736097, 85.4678181818179, 84.8126236559145, 85.6221807081807, 86.9958289133685
9/7/2017, 85.64, 85.76, 85.52, 85.71, 3363, 0.569559134539066, 0.0536159786479258, 0.50158358024379, 1.18982542452762, 0, 0.0704404726778307, -0.0364962868352351, 0.106936759513066, 85.6767272727269, 84.9056989247317, 85.6237411477411, 87.0222281220593
9/8/2017, 85.83, 86.08, 85.53, 85.93, 5543, 0.571698682070012, 0.0490128263105273, 0.366553228883512, 1.30452869568677, 0, 0.127500890688268, -0.00369685133053458, 0.131197742018802, 85.8274545454543, 84.9954408602156, 85.643431013431, 87.0529778752241
9/11/2017, 86.51, 86.75, 86.49, 86.7, 4125, 0.585579750435552, 0.315673368045219, 0.924354863809521, 1.45789046296043, 0, 0.232177846215677, 0.0434780881787078, 0.188699758036969, 86.2423636363634, 85.1914408602157, 85.6899267399268, 87.100502463054
9/12/2017, 86.88, 87.03, 86.83, 87.03, 5903, 0.573150363605931, 0.490888065859861, 0.852201160181231, 1.36024073181801, 0, 0.337868590902772, 0.102356188723521, 0.235512402179252, 86.6425454545452, 85.4197204301082, 85.7539365079365, 87.1544025974024
9/13/2017, 86.86, 86.86, 86.64, 86.64, 4052, 0.569450742583022, 0.360269914931811, 0.673378116134333, 1.28019658194196, 0, 0.38571326447925, 0.159027603874667, 0.226685660604583, 86.7983636363634, 85.6015268817211, 85.8128253968254, 87.1982916024651
9/14/2017, 86.55, 87.09, 86.55, 87.09, 4672, 0.569185345281012, 0.638998870695575, 0.758657264051653, 1.08210039220721, 0, 0.454700250734561, 0.218162133246645, 0.236538117487916, 87.0418181818179, 85.8501075268823, 85.8829694749695, 87.2512454770518
9/15/2017, 87.07, 87.31, 86.96, 87.29, 12960, 0.559535274767983, 1.356805307748, 1.11831696888877, 1.01709240915266, 0, 0.519522530555847, 0.278434212708486, 0.241088317847361, 87.3443636363634, 86.1299139784953, 85.9566764346764, 87.3074659468958
9/18/2017, 87.46, 87.81, 87.46, 87.81, 7574, 0.55802007092327, 1.50738384531286, 1.12485024235751, 1.13279010269425, 0, 0.605870213828283, 0.343921412932445, 0.261948800895838, 87.7556363636362, 86.4757419354845, 86.0434774114773, 87.3739627560519
9/19/2017, 87.85, 87.96, 87.81, 87.94, 8403, 0.537863944807638, 1.32648714309424, 1.10922787561224, 1.16574102336964, 0, 0.676987399140558, 0.410534610174068, 0.26645278896649, 87.9967272727271, 86.8203225806458, 86.1294945054945, 87.441885819521
9/20/2017, 87.92, 88.36, 87.85, 88.1, 5135, 0.538987145755557, 1.44667780878992, 1.13198682683752, 1.26362307560776, 0, 0.737754568269651, 0.475978601793184, 0.261775966476467, 88.1792727272726, 87.1660430107533, 86.2193968253968, 87.5118572035697
9/21/2017, 88.07, 88.38, 88.07, 88.37, 14310, 0.528013230327162, 1.41294819681606, 1.00314531471717, 1.2820386334566, 0, 0.798495175783685, 0.540481916591284, 0.258013259192401, 88.3814545454544, 87.5159139784952, 86.3221123321123, 87.5862241037649
9/22/2017, 88.38, 88.6, 88.38, 88.56, 6438, 0.513521936605812, 2.29055474156339, 1.14408559420606, 1.21750156714852, 0, 0.852141005878337, 0.602813734448695, 0.249327271429642, 88.5481818181817, 87.7985591397856, 86.4365445665445, 87.6631444523638
9/25/2017, 88.42, 88.51, 88.16, 88.48, 21853, 0.510890908346747, 2.40049435041447, 0.917707506204581, 1.25296002525275, 0, 0.878078439646188, 0.657866675488194, 0.220211764157995, 88.6978181818181, 88.0540645161297, 86.5116532356532, 87.736733842538
9/26/2017, 88.47, 88.47, 88.22, 88.36, 6044, 0.500718042009894, 2.30656884248666, 0.959304127362742, 1.16688558190679, 0, 0.878820549411358, 0.702057450272827, 0.176763099138532, 88.774909090909, 88.3074408602158, 86.5809084249085, 87.8062144725369
9/27/2017, 88.44, 88.53, 88.29, 88.36, 5339, 0.489262945703876, 1.98374939778303, 1.00627346688592, 1.02425899009828, 0, 0.869386925444914, 0.735523345307244, 0.13386358013767, 88.7014545454545, 88.5350322580652, 86.6655531135531, 87.8742447242825
9/28/2017, 88.34, 88.66, 88.34, 88.6, 9603, 0.481599437790911, 2.7488479577393, 1.03577876227662, 1.14706922371593, 0, 0.871233665352165, 0.762665409316228, 0.108568256035936, 88.7070909090909, 88.7947741935491, 86.7638412698413, 87.945951757879
9/29/2017, 88.53, 88.93, 88.45, 88.9, 57468, 0.482972156117671, 3.42886959771637, 1.1881671116587, 1.24043180323186, 0, 0.886683576500559, 0.787469042753094, 0.0992145337474646, 88.7739999999999, 89.0102580645168, 86.8742246642247, 88.0225143532589
10/2/2017, 88.73, 89.21, 88.67, 89.08, 184995, 0.488206257801054, 3.28648572214408, 1.44403115758648, 1.35691445370508, 0, 0.903042525958696, 0.810583739394215, 0.0924587865644815, 88.9192727272727, 89.2063225806458, 86.9922148962149, 88.101297688666
10/3/2017, 89.16, 89.47, 89.16, 89.47, 9614, 0.483569272076361, 3.67845174421175, 1.64997090893374, 1.47350746030598, 0, 0.936679394896458, 0.835802870494664, 0.100876524401795, 89.156, 89.4217634408609, 87.1303101343102, 88.1866354367593
10/4/2017, 89.52, 89.59, 89.37, 89.46, 17009, 0.471738158216392, 3.54252881899898, 1.69226927569577, 1.46647574935421, 0, 0.951560937284782, 0.858954483852687, 0.0926064534320946, 89.3378181818182, 89.6567096774201, 87.2607448107449, 88.2700621727747
10/5/2017, 89.31, 89.4, 89.18, 89.4, 36517, 0.464111978214054, 3.30065145153665, 1.55435410528784, 1.40426001915724, 0, 0.947589941295163, 0.876681575341183, 0.0709083659539808, 89.4787272727273, 89.8187741935491, 87.3856752136753, 88.3505882987909
10/6/2017, 89.08, 89.35, 89.05, 89.35, 5582, 0.460739007383544, 2.94016114620786, 1.7336457975995, 1.32027076170441, 0, 0.929691412342677, 0.887283542741482, 0.0424078696011957, 89.5841818181818, 89.9193333333341, 87.5076190476191, 88.4284861919768
10/9/2017, 89.29, 89.36, 89.02, 89.04, 7327, 0.45831849499364, 2.46130933392194, 1.51271128767556, 1.69588656856633, 0, 0.880344229689399, 0.885895680131065, -0.00555145044166616, 89.5234545454546, 89.9780645161298, 87.6269059829061, 88.4984964314035
10/10/2017, 89.54, 89.72, 89.37, 89.61, 76973, 0.470575213196317, 3.42065727167276, 1.69455765791691, 1.77258003071828, 0, 0.87711957969394, 0.88414046004364, -0.00702088034970061, 89.605090909091, 90.0749247311836, 87.7873797313798, 88.5787127158555
10/11/2017, 89.61, 89.79, 89.55, 89.75, 10509, 0.459719583418339, 3.36737398475602, 1.65957607192618, 1.61576563412118, 0, 0.875765570954528, 0.882465482225818, -0.0066999112712901, 89.6669090909092, 90.1650967741943, 87.9411306471308, 88.6601932041851
10/12/2017, 89.62, 90.1, 89.62, 89.99, 57392, 0.462238481844717, 3.28655627335097, 1.64522052272782, 1.5953579432164, 0, 0.883869802615052, 0.882746346303665, 0.00112345631138777, 89.7838181818183, 90.2658064516137, 88.0956532356533, 88.7449238578679
10/13/2017, 90.26, 90.79, 89.97, 89.97, 10810, 0.484794919774878, 3.07102419681368, 1.55127065433443, 1.5599993349316, 0, 0.878551239926125, 0.881907325028157, -0.00335608510203178, 89.8780000000002, 90.3677419354847, 88.2411941391942, 88.8276178874168
10/16/2017, 90.03, 90.14, 89.86, 89.98, 4937, 0.476063002728812, 2.81942787377342, 1.50135030524907, 1.52213125189854, 0, 0.865170015711996, 0.878559863164925, -0.0133898474529286, 89.9532727272729, 90.4517204301084, 88.3853772893774, 88.9089190954773
10/17/2017, 89.84, 89.84, 89.65, 89.74, 5736, 0.471855822779826, 2.26396099319244, 1.44138382741329, 1.38633476987843, 0, 0.825681364083138, 0.867984163348568, -0.0423027992654293, 89.9745454545456, 90.4455913978503, 88.5184444444445, 88.9838955223879
10/18/2017, 89.97, 90.15, 89.97, 90, 25495, 0.469745827327206, 3.08704723924933, 1.56995867518399, 1.48601068630472, 1.71084489060502, 0.806074228315978, 0.85560217634205, -0.0495279480260714, 90.0689090909093, 90.4559784946245, 88.6578632478633, 89.0625639131076
10/19/2017, 89.76, 90.14, 89.74, 90.14, 2710, 0.467753142184115, 2.92997081666585, 1.72020169895301, 1.50615422453185, 1.65917584715585, 0.79269457233525, 0.84302065554069, -0.0503260832054395, 90.170181818182, 90.4799354838719, 88.8108131868133, 89.1424835389942
10/20/2017, 90.08, 90.7, 90.08, 90.7, 9182, 0.475800494207854, 3.03196332273211, 2.60244426802858, 1.5922319524731, 1.69546197208479, 0.817850744175601, 0.837986673267672, -0.0201359290920711, 90.4145454545456, 90.5610322580654, 88.9852503052504, 89.2318414952187
10/23/2017, 90.75, 90.75, 90.16, 90.33, 10964, 0.48651997767541, 2.1864915130029, 2.34787213875263, 1.34944329597256, 1.64611685611619, 0.798724089700926, 0.830134156554323, -0.0314100668533971, 90.3954545454547, 90.6157419354848, 89.1372380952382, 89.3123285509324
10/24/2017, 90.56, 90.85, 90.53, 90.53, 8365, 0.489892655520256, 2.23621585960829, 2.2279484250864, 1.20370387136034, 1.69104391978616, 0.790590966227029, 0.822225518488864, -0.0316345522618352, 90.4890909090911, 90.6944086021514, 89.3081050061051, 89.3951787828557
10/25/2017, 90.57, 90.57, 89.87, 90.2, 12996, 0.505903359191089, 1.71140785191074, 2.10330437759119, 1.2431478903745, 1.64671141072275, 0.748884490955717, 0.807557312982235, -0.0586728220265176, 90.4465454545456, 90.6826236559149, 89.4721025641027, 89.4701238215842
10/26/2017, 90.45, 90.56, 90.3, 90.43, 8295, 0.499290709378353, 1.68267463946576, 2.05951528471292, 1.37653279800497, 1.62403301426331, 0.726021759720865, 0.791250202329961, -0.0652284426090959, 90.5069090909093, 90.7070537634418, 89.6078656898658, 89.5480773875881
10/27/2017, 90.39, 90.49, 90.34, 90.48, 3585, 0.482353181991934, 1.57266222790443, 2.74924892336369, 1.44300140576166, 1.61292358816596, 0.703824215195326, 0.773765004903034, -0.0699407897077085, 90.5565454545457, 90.7296129032268, 89.7339633699635, 89.6255378174456
10/30/2017, 90.41, 90.51, 90.25, 90.36, 11383, 0.473230966260499, 1.53501155666342, 2.81304930132209, 1.38957785735819, 1.56452888571004, 0.668839538257131, 0.752779911573854, -0.0839403733167221, 90.5389090909094, 90.7510322580655, 89.8504493284496, 89.6992850307586
10/31/2017, 90.47, 90.57, 90.18, 90.19, 24525, 0.472037837961345, 1.48678460312648, 2.7124060783171, 1.31085642030436, 1.5969156226052, 0.620246534521996, 0.726273236163482, -0.106026701641486, 90.3938181818185, 90.7430967741945, 89.9587814407816, 89.7684522681109
11/1/2017, 90.66, 90.86, 90.16, 90.23, 57695, 0.487026908738192, 1.52093752535138, 2.48694600339413, 1.33912986645379, 1.61209991612163, 0.57829763946431, 0.696678116823648, -0.118380477359338, 90.2900000000003, 90.7363870967752, 90.06726984127, 89.8370893320217
11/2/2017, 90.2, 90.61, 90.11, 90.48, 28984, 0.489027587054318, 1.52405385852877, 3.05243524579196, 1.2782480660064, 1.61980037382909, 0.558784429496441, 0.669099379358207, -0.110314949861765, 90.2880000000003, 90.7656559139795, 90.17158974359, 89.9091416423065
11/3/2017, 90.55, 90.56, 90.38, 90.54, 4161, 0.474208695304186, 1.35130985802641, 3.3835179376875, 1.28769914524148, 1.59875882345214, 0.541914713088602, 0.643662446104286, -0.101747733015684, 90.4001818181822, 90.8015913978504, 90.2879975579978, 89.9809942521169
11/6/2017, 90.66, 90.7, 90.48, 90.7, 6252, 0.461831449936041, 1.3345400710339, 3.2695799786751, 1.3554383393708, 1.64932703494775, 0.535285565326461, 0.621987069948721, -0.0867015046222597, 90.502363636364, 90.8397204301085, 90.3892820512823, 90.0545072810257
11/7/2017, 90.66, 90.86, 90.58, 90.7, 4959, 0.454175379093043, 1.05160307101108, 3.33521651111414, 1.20895596195575, 1.56317253569662, 0.523991668187165, 0.60238798959641, -0.0783963214092449, 90.6243636363641, 90.8555268817215, 90.4979609279612, 90.1266899224805
11/8/2017, 90.63, 90.77, 90.45, 90.61, 43142, 0.449553267184108, 0.978771557286849, 3.20027954639184, 1.06695422097314, 1.44484385641653, 0.501992271075892, 0.582308845892306, -0.0803165748164143, 90.6400000000005, 90.8448172043021, 90.6005030525033, 90.1959144051885
11/9/2017, 89.88, 90.01, 89.15, 89.59, 7468, 0.513420252958749, 0.130251344980248, 2.20909357671147, 1.30338934386444, 1.32348254350203, 0.397668045178733, 0.545380685749592, -0.147712640570859, 90.3269090909096, 90.7061720430118, 90.6581733821736, 90.2452166744175
11/10/2017, 89.33, 89.53, 89.3, 89.31, 6349, 0.505513989916534, -0.016333364666927, 1.83805734875598, 1.33015964379326, 1.31711426158638, 0.289064528647572, 0.494117454329188, -0.205052925681616, 89.9729090909096, 90.5456129032269, 90.6841978021981, 90.2884906371747
11/13/2017, 88.71, 89.08, 88.64, 88.72, 23568, 0.521191182568456, -0.18416845895496, 1.42938462970299, 1.15694003807102, 1.32654220662062, 0.153616593716933, 0.426017282206737, -0.272400688489804, 89.4549090909096, 90.3195483870979, 90.6913699633702, 90.3202361975922
11/14/2017, 88.64, 88.64, 88.44, 88.5, 9065, 0.512181668153669, -0.70387912104354, 1.58368018073903, 1.0526480539439, 1.34311770845146, 0.0281959427745022, 0.34645301432029, -0.318257071545788, 88.9163636363642, 90.0938924731194, 90.6897582417585, 90.3473698066638
11/15/2017, 88.08, 88.3, 87.83, 88.09, 20408, 0.526866542740603, -1.03900081826604, 1.27541895785632, 0.907926157694983, 1.26659978170031, -0.103095973978398, 0.256543216660552, -0.35963919063895, 88.3363636363642, 89.8218064516139, 90.6695653235656, 90.3665696465695
11/16/2017, 88.73, 89.23, 88.72, 89.17, 4323, 0.558383874201175, -0.41095033206354, 1.45091227031542, 1.29557977183142, 1.42923881957061, -0.118631282272233, 0.181508316873995, -0.300139599146228, 88.2961818181824, 89.6915913978506, 90.7093992673995, 90.4046624651557
11/17/2017, 88.81, 88.83, 88.51, 88.51, 8378, 0.5717041640424, -0.706978524864228, 1.04703350475518, 0.955729958948217, 1.28261559770585, -0.18210046931415, 0.108786559636366, -0.290887028950516, 88.1114545454552, 89.4757849462376, 90.7135750915754, 90.4302678571428
11/20/2017, 88.55, 89.26, 88.55, 88.84, 114167, 0.583312233019171, -0.538815483736748, 0.89824742066415, 1.28452201843374, 1.37336679792409, -0.20342703501008, 0.046343840707077, -0.249770875717157, 88.1834545454552, 89.2866021505387, 90.7428229548232, 90.4611964285714
11/21/2017, 89.35, 89.65, 89.19, 89.4, 10020, 0.595977470272394, -0.146338793538568, 0.974404370005579, 1.28002793145378, 1.41248139957453, -0.173145261295957, 0.00244602030647013, -0.175591281602427, 88.5503636363644, 89.2077634408613, 90.7896019536022, 90.5014045231071
11/22/2017, 89.68, 89.76, 89.51, 89.69, 5034, 0.584417064892791, -0.131627788447076, 1.26606967835286, 1.32525966412737, 1.4296986974081, -0.124313156405449, -0.0229058150359138, -0.101407341369536, 89.0703636363644, 89.1764086021516, 90.843760683761, 90.5459615609527
11/24/2017, 90, 90.21, 89.83, 89.87, 17729, 0.58301489065008, -0.112669810273034, 1.16510060865699, 1.32269126038292, 1.4125817962497, -0.0702787362615425, -0.0323803992810395, -0.037898336980503, 89.498727272728, 89.1842795698935, 90.9061904761907, 90.592856480408
11/27/2017, 90.11, 90.11, 89.71, 89.72, 6848, 0.577081707663693, -0.456365736440031, 1.01829903077885, 1.51100169359872, 1.33216018850587, -0.0391089912911013, -0.0337261176830519, -0.00538287360804947, 89.8040000000008, 89.172559139786, 90.9564444444447, 90.636292040144
11/28/2017, 89.97, 90.72, 89.97, 90.72, 6327, 0.597299187290644, 0.181742482324151, 1.14652281055382, 1.60215236066617, 1.36191208133347, 0.0655295153528641, -0.0138749910758687, 0.0794045064287328, 90.3143636363644, 89.290000000001, 91.0377020757023, 90.6962923865578
11/29/2017, 90.87, 91.11, 90.85, 90.97, 6913, 0.587310466719324, 0.202602507722446, 1.18815714711928, 1.6183001749385, 1.38978875483082, 0.166707496166779, 0.0222415063726609, 0.144465989794118, 90.7580000000008, 89.4183870967752, 91.1221245421247, 90.7595765104461
11/30/2017, 91.27, 92.14, 91.04, 91.64, 97564, 0.617702438886775, 0.61888571360497, 1.34618421644252, 1.74317819877882, 1.41681867411418, 0.297525486876623, 0.0772983024734533, 0.22022718440317, 91.2163636363645, 89.6411827957, 91.2290964590967, 90.8333064636512
12/1/2017, 91.44, 91.51, 90.38, 90.9, 199275, 0.660901418312485, 0.202773318517059, 0.93275498537672, 1.3694810468507, 1.32051206467167, 0.337596271770366, 0.129357896332836, 0.20823837543753, 91.4414545454554, 89.7688387096784, 91.3057460317463, 90.8931267574366
12/4/2017, 91.54, 91.97, 91.17, 91.17, 22558, 0.684678534368483, 0.289549204414901, 0.957766196382273, 1.48774374193036, 1.37454215231236, 0.386681971937591, 0.180822711453787, 0.205859260483804, 91.5334545454554, 89.9631827956999, 91.3805470085472, 90.9565324089358
12/5/2017, 91.38, 91.38, 90.73, 90.86, 8061, 0.688433137568301, 0.212742800363078, 0.870587718973974, 1.26455257155693, 1.29046975959572, 0.396003452445399, 0.223858859652109, 0.17214459279329, 91.4392727272737, 90.090494623657, 91.4423003663006, 91.0136035642843
12/6/2017, 90.55, 90.94, 90.55, 90.69, 12194, 0.676739256097508, 0.213121945273609, 0.853030892571542, 1.28142052020134, 1.30375095675135, 0.385232493271204, 0.256133586375928, 0.129098906895275, 91.2881818181827, 90.2061505376355, 91.4926324786327, 91.0668287053732
12/7/2017, 91.17, 91.48, 91.12, 91.36, 4357, 0.681423040484992, 0.449256830161459, 1.06580273889857, 1.46558085300548, 1.3762689517713, 0.425850887157281, 0.290077046532199, 0.135773840625083, 91.3561818181828, 90.3837849462376, 91.5732820512823, 91.1304280197382
12/8/2017, 91.58, 91.64, 91.45, 91.53, 7206, 0.661445083904441, 0.418310842949671, 1.04033825546542, 1.46796949994223, 1.42942129616872, 0.466382667128912, 0.325338170651541, 0.14104449647737, 91.4278181818192, 90.5908387096785, 91.66295970696, 91.1958199482324
12/11/2017, 91.62, 91.73, 91.38, 91.38, 3579, 0.648555100714432, 0.336846337136712, 0.88332438367894, 1.46215837625482, 1.36828355347316, 0.48085762104256, 0.356442060729745, 0.124415560312815, 91.327090909092, 90.7750967741946, 91.7468620268623, 91.2576263141239
12/12/2017, 91.51, 91.74, 91.5, 91.53, 17002, 0.634783315285924, 0.332525021839818, 0.87166838939002, 1.62830892962232, 1.40601203246884, 0.498684349937363, 0.384890518571269, 0.113793831366095, 91.3876363636374, 90.9645806451623, 91.8363809523812, 91.3209037656902
12/13/2017, 91.57, 91.99, 91.57, 91.75, 6473, 0.626666277991439, 0.415534054039005, 0.813983640361245, 1.73023002705006, 1.31433217677786, 0.524518005339999, 0.412816015925015, 0.111701989414984, 91.5300000000012, 91.1630967741946, 91.9294578754581, 91.386784232365
12/14/2017, 91.93, 92.03, 91.34, 91.34, 1773, 0.635776214751793, 0.290565103815684, 0.66778574735392, 1.64825431592562, 1.36748857512554, 0.506074082873795, 0.431467629314771, 0.0746064535590238, 91.622181818183, 91.3021935483881, 91.9983272283275, 91.4448276808065
12/15/2017, 91.5, 91.89, 91.5, 91.82, 30358, 0.630779889813301, 0.927557617768636, 0.844643945648056, 1.67947702670698, 1.38778424780697, 0.524147088544154, 0.450003521160648, 0.0741435673835067, 91.7485454545467, 91.5116989247322, 92.0790158730161, 91.5097990001019
12/18/2017, 92.5, 92.79, 92.5, 92.67, 14538, 0.646080705821998, 1.3464474681433, 1.11086261315031, 1.98307689107702, 1.50521032144848, 0.600139932433535, 0.480030803415225, 0.12010912901831, 92.1723636363649, 91.8244086021515, 92.1678437118439, 91.5876236254468
12/19/2017, 92.66, 92.81, 92.32, 92.7, 147477, 0.640007379267512, 1.66974312227745, 1.23452559744596, 1.93129270392759, 1.54310152453008, 0.655232446222286, 0.515071131976637, 0.140161314245648, 92.4627272727285, 92.1378494623666, 92.2550940170943, 91.6647052525927
12/20/2017, 93.17, 93.17, 92.68, 92.68, 16121, 0.634573261277443, 1.77328958447886, 1.04948789052416, 1.92355743892166, 1.55127123705134, 0.689333618606952, 0.5499236293027, 0.139409989304252, 92.6118181818194, 92.4358494623665, 92.3482173382175, 91.7402458934792
12/21/2017, 92.33, 92.61, 92.26, 92.28, 36280, 0.628214535787102, 1.79059521367097, 0.859790401395117, 1.75680800801013, 1.55373586915252, 0.676286575676329, 0.575196218577426, 0.101090357098903, 92.6481818181831, 92.6643225806461, 92.4165909645912, 91.8081320562192
12/22/2017, 92.47, 92.61, 92.25, 92.61, 2960, 0.614113545991924, 1.58943570132267, 0.885274990309196, 1.76504597060775, 1.51974087390489, 0.684682350295617, 0.597093444921064, 0.0875889053745527, 92.782363636365, 92.8558924731192, 92.5016923076925, 91.8802527099385
12/26/2017, 92.56, 92.88, 92.54, 92.54, 10549, 0.602219610110184, 2.00335403679442, 0.868672426823652, 1.6891835073415, 1.49818412045864, 0.677873542942692, 0.61324946452539, 0.0646240784173018, 92.803454545456, 93.0004301075278, 92.557821733822, 91.9501185386707
12/27/2017, 92.65, 92.91, 92.54, 92.61, 216337, 0.591652441244105, 1.87618182963087, 0.888267838618753, 1.67008638309469, 1.60272594004923, 0.670397998230939, 0.6246791712665, 0.0457188269644394, 92.815454545456, 93.0936774193558, 92.6064688644692, 92.0200054618473
12/28/2017, 92.88, 92.88, 92.58, 92.73, 3370, 0.57751845092673, 1.68995198485869, 1.01298416575899, 1.72337515437561, 1.5112319065784, 0.666473876325938, 0.633038112278387, 0.0334357640475504, 92.8540000000015, 93.1623870967752, 92.6545030525034, 92.0907082071712
12/29/2017, 93.01, 93.07, 92.84, 92.87, 63155, 0.566120616525399, 1.61593669406843, 0.972746328309602, 1.7814638527234, 1.51384740375391, 0.666972369120302, 0.63982496364677, 0.0271474054735315, 92.8054545454561, 93.1942365591407, 92.720495726496, 92.1625289318914
1/2/2018, 93, 93.4, 92.9, 93.4, 23607, 0.563135338050087, 1.75385451428734, 1.08689868949198, 1.96253390037321, 1.53026147521162, 0.70204130371279, 0.652268231659974, 0.0497730720528153, 92.9525454545471, 93.3344946236568, 92.7915409035412, 92.2416014179057
1/3/2018, 93.5, 94, 93.5, 93.94, 70966, 0.563838604909349, 2.07941963828876, 1.07614268297522, 2.48064240685008, 1.58762481848471, 0.764593417097657, 0.674733268747511, 0.0898601483501466, 93.3700000000017, 93.4719784946245, 92.8717216117219, 92.327954312035
1/4/2018, 94.62, 95.05, 94.62, 95, 72824, 0.588091038083421, 2.0801988456985, 1.48402420109478, 2.63183709204073, 1.80235989398116, 0.88944657240377, 0.717675929478763, 0.171770642925007, 94.0903636363653, 93.7309247311837, 93.0013308913312, 92.4295998147289
1/5/2018, 95.28, 95.75, 95.15, 95.75, 209578, 0.593474842684373, 2.23421678516071, 1.61860221876845, 2.64839667108985, 1.86043383701147, 1.03695891263045, 0.781532526109101, 0.255426386521352, 94.9403636363653, 94.0826236559149, 93.1541562881566, 92.5414347426469
1/8/2018, 95.72, 95.87, 95.64, 95.78, 12041, 0.575631189994543, 1.97948073582732, 1.74767895822724, 2.67906282481699, 1.84718267713115, 1.14310722576954, 0.853847466041189, 0.289259759728352, 95.5532727272745, 94.4164946236568, 93.3027765567768, 92.6520959995135
1/9/2018, 95.95, 96.45, 95.94, 96.21, 44761, 0.579225211607873, 2.82126605710303, 1.79695400029344, 2.68813520882642, 1.88505775570523, 1.24754698990107, 0.932587370813165, 0.314959619087903, 96.1898181818199, 94.7776344086031, 93.4662979242983, 92.7677929599131
1/10/2018, 96.15, 96.55, 96.01, 96.13, 81569, 0.578808849769622, 2.60583645366748, 1.75445994947714, 3.02500399304885, 1.89371921703096, 1.30877418983431, 1.00782473461739, 0.300949455216916, 96.5883636363654, 95.0777204301084, 93.6302515262519, 92.8805764568554
1/11/2018, 96.53, 97.44, 96.3, 97.1, 41067, 0.611831616806757, 3.17067124289068, 2.02467488896272, 3.2641757993904, 1.90633013800237, 1.4192083300688, 1.09010145370767, 0.329106876361124, 97.1401818181837, 95.526193548388, 93.8321074481078, 93.0066189486189
1/12/2018, 97.55, 98.57, 97.55, 98.03, 46420, 0.650702922496575, 3.62620718319036, 2.29789426839875, 3.42407064934592, 1.9880070727733, 1.56374552449674, 1.18483026786549, 0.378915256631251, 97.7923636363656, 96.0681720430116, 94.0557387057391, 93.1450795755968
1/16/2018, 98.55, 100.28, 97.43, 97.75, 55826, 0.765718538288719, 3.10642710255208, 2.19235645893675, 3.18186397224882, 1.93819899908052, 1.63683027198877, 1.27523026869014, 0.361600003298627, 98.0867272727292, 96.5737419354847, 94.2621172161176, 93.2773066011523
1/17/2018, 97.94, 98.32, 97.75, 98.15, 158658, 0.753505224267306, 3.20525199576416, 2.22431533568442, 3.47809514607087, 2.02006272738816, 1.70734589726611, 1.36165339440534, 0.345692502860771, 98.3590909090929, 97.0413118279579, 94.4855409035413, 93.4137282674947
1/18/2018, 98, 98.32, 97.59, 97.78, 29800, 0.755867364223198, 3.03498752884601, 2.08299591130944, 3.4944465462802, 1.98072841161277, 1.71362057920972, 1.43204683136621, 0.281573747843504, 98.3525454545475, 97.4331612903234, 94.6885665445669, 93.5426278949187
1/19/2018, 98.21, 98.31, 97.94, 98.08, 9259, 0.742896363479375, 3.10210903527328, 2.11619597215411, 3.45121461391134, 1.9956176182005, 1.72293982484405, 1.49022543006178, 0.232714394782267, 98.4521818181839, 97.7997634408611, 94.913135531136, 93.6742264150942
1/22/2018, 97.92, 98.38, 97.7, 98.17, 9860, 0.739738327020008, 3.02600436850766, 2.14237717942068, 3.5032827185122, 2.04644263787243, 1.71778607341975, 1.53573755873337, 0.182048514686372, 98.5649090909112, 98.1198709677428, 95.1406349206354, 93.8053255780961
1/23/2018, 98.19, 98.52, 98.07, 98.52, 11005, 0.723092833793915, 3.57876771918688, 2.26723296880391, 3.54933142079396, 2.0437678066756, 1.72209255223638, 1.57300855743397, 0.149083994802402, 98.6725454545476, 98.4807956989256, 95.3666056166061, 93.9398209005659
1/24/2018, 98.57, 98.8, 98.09, 98.24, 18968, 0.725032071316242, 3.10568490884457, 2.6382757497826, 3.41380606629468, 2.01521029038399, 1.68350540541481, 1.59510792703014, 0.0883974783846655, 98.6200000000022, 98.7713333333342, 95.5816336996341, 94.0682693275196
1/25/2018, 98.51, 98.63, 97.85, 98.1, 7082, 0.729518788499513, 2.7039346518634, 2.70200431034917, 3.24553593242278, 1.98992527452836, 1.62291997237323, 1.60067033609876, 0.0222496362744677, 98.3923636363658, 98.9908172043019, 95.7868180708185, 94.1928491372135
1/26/2018, 98.48, 99.02, 98.42, 99.02, 28260, 0.733059013272189, 2.99110833298973, 3.18646879706423, 3.36605096305874, 2.05678635943067, 1.63034825164409, 1.60660591920782, 0.0237423324362691, 98.5690909090931, 99.2936774193557, 96.0358534798539, 94.3292986369268
1/29/2018, 98.59, 98.81, 98.33, 98.33, 17498, 0.736378809310501, 2.48572604218229, 2.98146150352254, 3.31246540303574, 2.0389970733225, 1.56254592626777, 1.59779392061981, -0.0352479943520407, 98.5887272727295, 99.4753333333342, 96.2494041514046, 94.4537004236708
1/30/2018, 97.68, 97.99, 97.27, 97.68, 14799, 0.758473811461164, 2.31868411823135, 2.89119121049488, 3.05827651466223, 2.03897234513511, 1.43976580323769, 1.56618829714339, -0.126422493905699, 98.3114545454568, 99.5047311827966, 96.4304859584864, 94.5623826704932
1/31/2018, 98.14, 98.17, 97.58, 97.8, 65857, 0.749829609492333, 2.22495466827994, 2.69663850264261, 2.99113498657966, 1.97600510581303, 1.33673561222281, 1.52029776015927, -0.183562147936464, 98.1594545454569, 99.5404516129042, 96.6157948717954, 94.6752666393329
2/1/2018, 97.13, 98.07, 97.08, 97.58, 62092, 0.764671746443253, 2.14518504497315, 2.93270909892532, 2.87482048649931, 1.99160218649055, 1.22323064077555, 1.46088433628253, -0.237653695506976, 97.8765454545478, 99.5663440860224, 96.7888009768015, 94.7843430367636
2/2/2018, 96.83, 96.83, 95.53, 95.65, 17392, 0.848257559509001, 0.999461573097553, 1.87936432654908, 2.04530798872429, 1.72702098588076, 0.9664021800602, 1.36198790503806, -0.395585724977864, 96.9978181818205, 99.3176774193557, 96.8690573870579, 94.8635610222767
2/5/2018, 94.43, 95.04, 90.97, 91.42, 18970, 1.09909258136824, -0.228375555179146, 0.403183421572182, 0.77739469221558, 1.03771198731696, 0.416734272889357, 1.17293717860832, -0.756202905718966, 94.8083636363661, 98.5119354838719, 96.7564932844938, 94.8776411097443
2/6/2018, 90.6, 93.39, 90.25, 93.07, 69166, 1.19431709035403, 0.0665493088583483, 0.62481518594594, 1.08404330444266, 1.16554825800203, 0.112957601768144, 0.960941263240287, -0.847983661472143, 93.6270909090933, 97.897010752689, 96.7138119658125, 94.9151007243404
2/7/2018, 92.75, 93.97, 92.69, 92.69, 17707, 1.20830010809459, -0.10156547328671, 0.525762647758264, 0.947836089818262, 0.997192733181677, -0.156644720070588, 0.737424066578112, -0.8940687866487, 92.5558181818206, 97.2507741935493, 96.6564029304035, 94.948492824928
2/8/2018, 92.74, 92.85, 89.53, 89.6, 9111, 1.37273962241432, -0.680148084670409, 0.0172417956361374, 0.381669992794839, 0.628183752287213, -0.612582211880763, 0.467422810886337, -1.0800050227671, 90.6918181818207, 96.2072903225815, 96.4675946275952, 94.9360287002868
2/9/2018, 90.29, 90.29, 88.16, 90.24, 35076, 1.41287230341209, -0.750609961736404, -0.0394077378466411, 0.396733954919216, 0.683952070179531, -0.911763070570998, 0.19158563459487, -1.10334870516587, 89.696545454548, 95.2686451612912, 96.3102490842496, 94.9340369003687
2/12/2018, 90.82, 92.08, 90.81, 91.83, 50098, 1.41917365596114, -0.583246954100789, 0.166466384256378, 0.593491240489252, 0.806865760335794, -1.008935959054, -0.0485186841349039, -0.960417274919096, 89.5914545454571, 94.5550322580654, 96.2302222222227, 94.951669263359
2/13/2018, 92.92, 92.92, 91.18, 91.53, 10215, 1.44768470431078, -0.636273643330582, 0.0200994700500733, 0.527906522750711, 0.80585087812059, -1.09750234223525, -0.258315415754972, -0.839186926480273, 89.6072727272754, 93.8184946236568, 96.1351306471311, 94.9630681973484
2/14/2018, 91.09, 92.99, 91.09, 92.99, 9814, 1.45586893145809, -0.453639331117368, 0.346528386617305, 0.679811063279807, 0.898506578588238, -1.03791757302128, -0.414235847208233, -0.623681725813042, 90.4869090909118, 93.3111827956998, 96.101008547009, 94.9958851988517
2/15/2018, 93.74, 94.29, 93.1, 94.06, 17361, 1.4364468354186, -0.271934572662413, 0.457846036441141, 0.789966475026608, 0.936155325281442, -0.894050103431738, -0.510198698452934, -0.383851404978804, 91.9545454545482, 92.9782795698934, 96.1099169719175, 95.0447855678554
2/16/2018, 94.16, 95.04, 94.15, 94.48, 14347, 1.41042104014077, -0.35478194799058, 0.563895083536289, 0.855912421810282, 0.988454843873779, -0.737640546306821, -0.555687068023711, -0.18195347828311, 93.3732727272755, 92.7685591397859, 96.1268449328455, 95.0967158671585
2/20/2018, 94.15, 94.5, 93.7, 93.8, 25036, 1.39225747205623, -0.599475668208816, 0.489673544504861, 0.779904715671485, 0.909444989764298, -0.660936300168416, -0.576736914452652, -0.0841993857157637, 93.7749090909119, 92.5259139784955, 96.1227301587307, 95.1428973623067
2/21/2018, 94.22, 95.08, 94.19, 94.75, 20314, 1.376929428337, -0.406986688737592, 0.524320570983104, 0.899057530731538, 0.92381743537145, -0.517524867436961, -0.564894505049514, 0.0473696376125528, 94.704909090912, 92.4183870967752, 96.1601831501838, 95.2092412190786
2/22/2018, 93.85, 94.59, 93.83, 94.3, 8702, 1.36310562214406, -0.533575257618477, 0.435014937253992, 0.80581389375134, 0.913699299556076, -0.43516519942871, -0.538948643925353, 0.103783444496644, 95.3118181818211, 92.2890752688182, 96.1796361416368, 95.2669782697824
2/23/2018, 94.44, 94.91, 94.14, 94.89, 42393, 1.32747199030219, -0.388838578559592, 0.538910246260871, 0.839502089504408, 0.968751579538466, -0.318613719371783, -0.494881659014639, 0.176267939642856, 95.4167272727303, 92.2416129032268, 96.2212771672778, 95.3306453464532
2/26/2018, 95.2, 95.92, 94.86, 95.71, 5966, 1.30566948387615, -0.307559000559268, 0.628574200756165, 0.916290658629022, 1.05683228832346, -0.158254426228922, -0.427556212457496, 0.269301786228574, 95.6443636363667, 92.3708602150547, 96.2953797313804, 95.4007514008471
2/27/2018, 95.57, 95.57, 94.7, 94.74, 2172522, 1.3063895396527, -0.459398671648105, 0.458253038088583, 0.733906642751377, 0.989106676310465, -0.10819225153034, -0.363683420272065, 0.255491168741724, 95.5565454545485, 92.448000000001, 96.3175506715514, 95.4528098947653
2/28/2018, 94.8, 94.8, 93.06, 93.06, 288697, 1.35696301028758, -0.740281380254041, 0.277545871817487, 0.508669999392261, 0.843505725666089, -0.201753883871561, -0.331297512991964, 0.129543629120403, 94.6696363636394, 92.3145376344096, 96.2684004884012, 95.4802665026648
3/1/2018, 92.82, 93.02, 91.13, 91.38, 31727, 1.41841791256833, -0.927190635186659, -0.0190242014355336, 0.296577046815059, 0.684620500830724, -0.406775061530666, -0.346393022699704, -0.060382038830962, 93.4109090909122, 92.0248387096785, 96.1466837606845, 95.4786095394284
3/2/2018, 90.7, 91.63, 90.51, 91.4, 39442, 1.40847130643293, -0.904673144908389, -0.132337662922111, 0.305568262344312, 0.659548275465615, -0.561173134494013, -0.389349045058566, -0.171824089435446, 92.4609090909122, 91.7566881720441, 96.0373772893781, 95.480173295066
3/5/2018, 90.79, 92.39, 90.63, 92.17, 35774, 1.42234527001813, -0.919216003759137, -0.0307205373120108, 0.441294456974203, 0.85146281335974, -0.614320648815792, -0.434343365810011, -0.17997728300578, 92.0060000000032, 91.6473978494634, 95.9529938949947, 95.4890138034711
3/6/2018, 92.64, 92.78, 92.31, 92.69, 38674, 1.37655286827805, -0.747535240788029, 0.0421104608586974, 0.432802533401709, 0.875021472212128, -0.607478152642642, -0.468970323176537, -0.138507829466105, 91.7207272727304, 91.6482150537645, 95.8944371184379, 95.5054259942597
3/7/2018, 91.94, 92.8, 91.73, 92.8, 34637, 1.36382598160192, -0.644270424324154, 0.11061765595707, 0.428502873106731, 0.810906948401178, -0.586419465867181, -0.492460151714666, -0.0939593141525146, 91.7240000000032, 91.7216774193558, 95.8317728937737, 95.5230427770942
3/8/2018, 92.86, 93.06, 92.46, 92.96, 21847, 1.32567661938495, -0.637474568816016, 0.0876443697691542, 0.417669311671882, 0.796969159690605, -0.550474119067417, -0.504062945185216, -0.0464111738822005, 91.7989090909123, 91.8336774193559, 95.7793089133098, 95.5440082000818
3/9/2018, 93.37, 94.34, 93.37, 94.34, 16792, 1.31411017183722, -0.400285605152899, 0.277352559041696, 0.583123508120712, 0.883756192144659, -0.40595313090158, -0.484440982328489, 0.0784878514269093, 92.5416363636396, 92.145505376345, 95.7864249084258, 95.5880855541886
3/12/2018, 94.54, 94.54, 93.81, 94.05, 22552, 1.29106322095234, -0.188574364917681, 0.2302238041079, 0.54651708571483, 0.847960409895771, -0.311232093097573, -0.449799204482306, 0.138567111384733, 93.378181818185, 92.506129032259, 95.7753699633709, 95.6308243815768
3/13/2018, 94.24, 94.43, 93.25, 93.42, 11307, 1.29793696354142, 0.389821342575834, 0.131913228655181, 0.499453443372029, 0.772755890909904, -0.283730059569109, -0.416585375499666, 0.132855315930557, 93.8936363636396, 92.7728817204311, 95.7302954822964, 95.6629897498972
3/14/2018, 93.84, 93.92, 92.79, 92.95, 10982, 1.30006032896544, 0.00683159331499856, 0.0520531747678678, 0.409142010667942, 0.748867817909104, -0.296442368803838, -0.392556774160501, 0.0961144053566627, 93.9827272727306, 92.9683440860225, 95.6631990232, 95.6895082684157
3/15/2018, 93.06, 93.29, 92.97, 93.02, 3844, 1.25240353900742, 0.0906436190566843, -0.00826460421896542, 0.400108956321037, 0.749979481397304, -0.29743984904411, -0.373533389137223, 0.0760935400931123, 93.7660000000033, 93.2112043010762, 95.6027252747262, 95.7164012573456
3/16/2018, 93.42, 93.42, 93.13, 93.28, 6432, 1.20790789385235, 0.890012360638864, -0.0447883470380814, 0.36215653545335, 0.757798786355864, -0.274090982006783, -0.353644907711135, 0.079553925704352, 93.5536363636397, 93.5032258064526, 95.5530891330901, 95.7445412054118
3/19/2018, 92.8, 92.8, 91.95, 92.52, 25728, 1.22881502293147, 0.553800614451552, -0.283840025942922, 0.315058697616799, 0.644455558474174, -0.313300946783727, -0.345576115525653, 0.0322751687419263, 93.1301818181852, 93.5978924731192, 95.4717802197812, 95.7634555145548
3/20/2018, 92.46, 92.86, 92.46, 92.7, 8459, 1.18668249865737, 0.236536682943459, -0.358714221326209, 0.312048029279508, 0.588719202759418, -0.326091649138505, -0.341679222248223, 0.0155875731097188, 92.8538181818216, 93.4535913978504, 95.3970061050071, 95.7821268279346
3/21/2018, 92.49, 93.14, 92.49, 92.86, 9250, 1.16040484863517, 0.35127679341556, -0.341150221437914, 0.372967505967198, 0.639042040239733, -0.319633177773852, -0.337270013353349, 0.017636835579497, 92.6541818181852, 93.4313333333343, 95.3257606837617, 95.8017067104002
3/22/2018, 91.82, 92.07, 90.25, 90.25, 23508, 1.27886354052131, -0.581276429602742, -0.706228947915444, 0.0255404859074323, 0.446463822790813, -0.519135706730054, -0.37364315202869, -0.145492554701364, 91.5816363636398, 93.053935483872, 95.1161123321134, 95.7797384173839
3/23/2018, 90.41, 90.71, 89.04, 89.1, 41075, 1.3243160808692, -1.08399685415347, -0.838426517170822, -0.116435959271387, 0.372821892320418, -0.761262922217327, -0.451167106066418, -0.310095816150909, 90.5356363636399, 92.3403655913989, 94.8494896214907, 95.7427385540519
3/26/2018, 90.51, 90.96, 89.42, 90.91, 150796, 1.33535072780963, -0.696433392699677, -0.703704617273102, 0.111695814559907, 0.49414387959861, -0.797900906747628, -0.52051386620266, -0.277387040544969, 90.3427272727308, 91.9023440860225, 94.6490280830292, 95.7303676370094
3/27/2018, 91.54, 91.82, 89.85, 90.28, 11548, 1.3865407391661, -0.691774827510457, -0.896554344062447, 0.0589425682622061, 0.436139068536374, -0.867769402812712, -0.58996497352467, -0.277804429288042, 89.977454545458, 91.4860645161301, 94.4145347985359, 95.716070794041
3/28/2018, 90.46, 90.86, 89.9, 90.12, 7417, 1.37281461424012, -0.939031601073916, -0.884256458258091, 0.0359036823991535, 0.429788563991508, -0.925384100267536, -0.657048798873243, -0.268335301394292, 89.6341818181854, 91.0394838709688, 94.1626324786336, 95.6932863195296
3/29/2018, 90.74, 91.7, 90.71, 91.39, 25863, 1.37249316537426, -0.552081601054122, -0.759524914346139, 0.152028283780727, 0.480863402437577, -0.858667591432805, -0.697372557385156, -0.16129503404765, 89.8980000000036, 90.8604731182806, 93.9887570207581, 95.6901473281397
4/2/2018, 91, 91, 89, 89.68, 22709, 1.46198196771159, -0.976657094115825, -0.911324433530063, -0.0464507539489943, 0.350660325160239, -0.933021693155652, -0.744502384539255, -0.188519308616397, 89.7120000000036, 90.5461505376355, 93.7238412698424, 95.6588877955443
4/3/2018, 90.07, 90.57, 89.55, 90.56, 27121, 1.43170291211525, -0.951772678734743, -0.83112636896978, 0.0346637705551556, 0.421068607865831, -0.91044417521023, -0.77769074267345, -0.13275343253678, 89.8743636363673, 90.399741935485, 93.5038681318693, 95.637857865245
4/4/2018, 88.9, 90.64, 88.77, 90.58, 16888, 1.4630411231519, -0.775739685312258, -0.838940746342001, 0.0368842704386257, 0.376337703183025, -0.880784362857426, -0.798309466710246, -0.0824748961471806, 90.1865454545491, 90.2358279569904, 93.2959536019548, 95.6156271696048
4/5/2018, 91.18, 91.67, 91.05, 91.36, 2409963, 1.43767679168503, -0.312761612467258, -0.779814166742818, 0.132964021941039, 0.39452742093938, -0.785286967277798, -0.795704966823756, 0.0104179995459577, 90.9158181818219, 90.254989247313, 93.1277142857155, 95.6013103731035
4/6/2018, 90.91, 91.14, 89.33, 89.88, 22485, 1.50121099359064, -0.281516848050708, -0.914540277970477, 0.0828793816241812, 0.410812977945931, -0.819580609290611, -0.800480095317127, -0.0191005139734839, 90.6936363636401, 90.0782365591409, 92.8975579975592, 95.5686289462892
4/9/2018, 90.53, 90.96, 89.96, 89.96, 3695, 1.48490886948344, -0.268932240166373, -0.88915914837405, 0.122894346172667, 0.443687407327413, -0.830727130989629, -0.806529502451628, -0.0241976285380017, 90.2892727272765, 89.9794838709689, 92.6675579975592, 95.5371070110699
4/10/2018, 91.1, 91.52, 90.94, 91.29, 12314, 1.47555353054874, -0.146550950098048, -0.823613464997741, 0.333129391583966, 0.534974262294807, -0.723896318862202, -0.790002865733743, 0.0661065468715404, 90.6594545454584, 90.1359569892484, 92.5177411477424, 95.5193852671858
4/11/2018, 90.66, 91.2, 90.57, 90.57, 8759, 1.45266774554051, -0.391307505136501, -0.832945304861791, 0.278926975171238, 0.470767658063954, -0.689383331367935, -0.769878958860581, 0.080495627492646, 90.6341818181857, 90.1649247311839, 92.3415897435909, 95.4973937406038
4/12/2018, 91.19, 91.41, 91, 91.41, 7269, 1.41329954958893, -0.241012469386071, -0.659475230670001, 0.414764630643796, 0.520265304704118, -0.587478474141733, -0.733398861916812, 0.145920387775079, 90.8512727272767, 90.2153763440872, 92.2173382173394, 95.4876632499656
4/13/2018, 91.75, 91.75, 91.16, 91.19, 3217, 1.37822377713048, -0.314817170163583, -0.698429692289533, 0.272500749824536, 0.543294329865759, -0.518493432450057, -0.690417776023461, 0.171924343573403, 91.1760000000039, 90.1365591397861, 92.0671941391953, 95.4760718873853
4/16/2018, 91.82, 92.01, 91.64, 91.99, 22300, 1.3424960857126, -0.433910354719208, -0.577660231128788, 0.432153413379576, 0.55115892199351, -0.394718901979942, -0.631278001214757, 0.236559099234815, 91.4460000000039, 90.161806451614, 91.9578070818083, 95.4752461391278
4/17/2018, 92.31, 92.61, 92.31, 92.44, 5936, 1.30269801145031, -0.286858202943248, -0.321974011660204, 0.44345286658715, 0.645618719794237, -0.257348897742901, -0.556492180520386, 0.299143282777485, 91.9214545454584, 90.291677419356, 91.8606007326019, 95.4742585759189
4/18/2018, 93.21, 93.59, 93.21, 93.48, 6816, 1.28530524143713, 0.0394963217669711, 0.312730484940001, 0.490345324775944, 0.673675136962752, -0.0638271121128184, -0.457959166838872, 0.394132054726054, 92.6576363636403, 90.586430107528, 91.8039194139206, 95.4882924695911
4/19/2018, 93.47, 93.57, 93.08, 93.1, 2817, 1.25233960548943, 0.0569138848403808, 0.0443740407643426, 0.418198987473278, 0.639569333298222, 0.0582065046869502, -0.354726032533708, 0.412932537220658, 93.2603636363675, 90.8352043010765, 91.7434725274738, 95.4965723657235
4/20/2018, 93.43, 93.43, 92.81, 92.85, 2378, 1.22631315463126, -0.00487244133870223, 0.0618309995895846, 0.371951195103758, 0.608640535833477, 0.133210546285795, -0.257138716769807, 0.390349263055603, 93.3858181818221, 91.060989247313, 91.674600732602, 95.5003886838866
4/23/2018, 92.89, 93.14, 92.47, 92.6, 5456, 1.20431984435353, -0.103411056136587, 0.488795200051763, 0.36180319601557, 0.647469906045064, 0.170513307694719, -0.171608311876902, 0.342121619571621, 93.278909090913, 91.3477634408614, 91.5905006105019, 95.4985059450593
4/24/2018, 93.14, 93.14, 90.89, 91.18, 2804, 1.28530397793135, -0.226575763154919, 0.176809812440418, 0.101060582835103, 0.508039002996755, 0.084519593041378, -0.120382730893246, 0.204902323934624, 92.8034545454584, 91.4462580645174, 91.4467692307705, 95.4795484488176
4/25/2018, 90.95, 91.03, 90.15, 90.97, 10980, 1.28046955999111, -0.3010985943594, -0.0941619861697812, 0.0516597872020133, 0.480569937844246, -0.000569722918257298, -0.0964201292982483, 0.095850406379991, 92.1174545454585, 91.4946236559152, 91.299003663005, 95.4566245729122
4/26/2018, 91.3, 91.31, 90.6, 91.06, 7220, 1.25422908059271, -0.314144378500605, -0.035220873103052, -0.0106364105386408, 0.480120111212693, -0.0600491616567922, -0.0891459357699571, 0.0290967741131649, 91.6087272727312, 91.5388817204314, 91.1466324786338, 95.4352824928247
4/27/2018, 91, 91.16, 90.73, 90.99, 5387, 1.21606324953108, 0.188957319611044, -0.274044501749331, 0.0610935976316424, 0.425388868231495, -0.11154958617665, -0.0936266658512958, -0.0179229203253547, 91.050909090913, 91.5911182795711, 91.0020732600746, 95.4097624709578
4/30/2018, 90.64, 91.1, 90.28, 90.37, 14667, 1.20855499968011, 0.31590960130609, -0.540602939527302, -0.0349437769758853, 0.395424191148425, -0.200086390730092, -0.114918610827055, -0.0851677799030374, 90.4498181818221, 91.5951182795712, 90.849909645911, 95.3740899275657
5/1/2018, 90.14, 90.14, 89.28, 90.13, 42085, 1.21165271890643, -0.172555924760711, -0.644683742461144, -0.027650587414228, 0.335874325781455, -0.286317945400398, -0.149198477741724, -0.137119467658675, 89.9441818181858, 91.5367741935497, 90.6896068376082, 95.3349495694955
5/2/2018, 90.05, 90.29, 89.65, 89.65, 7837, 1.19292745763843, -0.136956934607103, -0.618989951985029, -0.061455076113843, 0.317960158198362, -0.388905995977964, -0.197139981388972, -0.191766014588992, 89.6067272727312, 91.4449462365604, 90.5097606837621, 95.2857239305724
5/3/2018, 89.51, 89.92, 88.55, 89.65, 47551, 1.20968933907887, -0.0967696918512899, -0.775303082745469, -0.134177655944542, 0.326885148396579, -0.464849272117348, -0.250681839534647, -0.214167432582701, 89.4021818181859, 91.3834623655927, 90.3232454212469, 95.2380180401802
5/4/2018, 89.27, 90.7, 89.27, 90.48, 14416, 1.21768586191423, -0.213067625185777, -0.564874248046631, -0.0612792531433525, 0.373433337464872, -0.452840736077064, -0.291113618843131, -0.161727117233934, 89.6225454545495, 91.2740000000014, 90.1822710622725, 95.2016411097442
5/7/2018, 90.71, 91.14, 90.71, 90.8, 4988, 1.18906834743062, 0.341958329761425, -0.606301567926498, -0.0106487465716854, 0.404584598629898, -0.412744695178532, -0.315439834110211, -0.0973048610683208, 90.0327272727313, 91.1269892473131, 90.0552893772909, 95.1697504441709
5/8/2018, 90.81, 91.39, 90.81, 91.39, 4857, 1.15460154994381, 0.260316698404312, -0.639945470971105, 0.0367619127249515, 0.478123862129545, -0.329561247805842, -0.318264116849337, -0.0112971309565046, 90.4609090909132, 91.1645376344099, 89.9569279609295, 95.1464523711902
5/9/2018, 91.49, 92.05, 91.49, 91.78, 5259, 1.12816609138044, 0.365539008173752, -0.432521214280024, 0.0549183427086485, 0.517584607802823, -0.229522236356516, -0.300515740750773, 0.0709935043942569, 90.9703636363677, 91.2064731182809, 89.8791746031762, 95.1246860735272
5/10/2018, 92.3, 92.56, 92.3, 92.55, 2585, 1.10498033142682, 0.360147074498412, -0.0496013127518413, 0.179919604748132, 0.577489685551467, -0.0871039540374596, -0.25783338340811, 0.170729429370651, 91.7196363636405, 91.3257634408614, 89.8388864468881, 95.1093885472186
5/11/2018, 92.77, 93.07, 92.65, 92.84, 17450, 1.07445748804259, 0.972638711805755, 0.280373079265959, 0.159402560812653, 0.574314724773908, 0.048603862070479, -0.196545934312392, 0.245149796382871, 92.4738181818223, 91.5508387096787, 89.8232869352885, 95.102492551592
5/14/2018, 92.93, 92.98, 92.4, 92.6, 5512, 1.05469764071685, 0.86474662234226, 0.236201278202853, 0.044232101653991, 0.590319173944157, 0.135228460308099, -0.130191055388294, 0.265419515696393, 92.920181818186, 91.6221075268829, 89.8096068376084, 95.0888899822329
5/15/2018, 92.02, 92.25, 91.86, 92.25, 4209, 1.0458726444863, 0.348063832570921, 0.0455048328396449, 0.00412056150497192, 0.549011941829126, 0.173635442285629, -0.0694257558535094, 0.243061198139139, 93.0760000000041, 91.688795698926, 89.8051648351664, 95.068882055487
5/16/2018, 92.21, 92.56, 92.19, 92.34, 6905, 1.01264526620282, 0.653785258601626, -0.0280971868879962, 0.0157567802920181, 0.554430068808563, 0.208927118281864, -0.0137551810264348, 0.222682299308298, 93.0512727272769, 91.7573333333345, 89.8233382173398, 95.0552737460705
5/17/2018, 92.38, 92.87, 92.38, 92.74, 2648, 0.986438221771727, 0.507718263669705, 0.0215828711128494, 0.100226324364087, 0.564502346460933, 0.266105187871133, 0.0422168927530788, 0.223888295118055, 93.0180000000042, 91.9172688172055, 89.8621611721628, 95.0463957906242
5/18/2018, 92.67, 93.08, 92.67, 92.97, 8547, 0.956848087046945, 0.677004612780265, 0.0334957801353411, 0.0895481288712799, 0.560258452616615, 0.326217861334285, 0.0990170864693201, 0.227200774864965, 93.0616363636405, 91.9988172043023, 89.9228205128221, 95.0516342763424
5/21/2018, 94.1, 94.1, 93.96, 94.1, 1506, 0.958132394475204, 0.764240821012757, -0.00901922410955124, 0.21423270745516, 0.616837240251333, 0.459739552949756, 0.171161579765407, 0.288577973184349, 93.4238181818224, 92.2091397849475, 90.0334700854717, 95.0762853628533
5/22/2018, 94.32, 94.32, 93.48, 93.49, 19934, 0.961089372169332, 0.381696779730538, -0.0630081443588353, 0.143683502799813, 0.564805116102174, 0.510450399053624, 0.239019343623051, 0.271431055430574, 93.513272727277, 92.4040215053777, 90.1404981684999, 95.0908096214292
5/23/2018, 92.64, 92.81, 92.44, 92.79, 2827, 0.976502135293731, -0.234201456511482, -0.0754073358374802, 0.0584683020063883, 0.523159929821365, 0.488523564530396, 0.28892018780452, 0.199603376725877, 93.3243636363678, 92.4478924731195, 90.240239316241, 95.0940027333603
5/24/2018, 92.87, 93.17, 92.56, 93, 1823, 0.958377972873226, -0.0215278791418903, 0.0401483601087549, 0.0657372145114903, 0.543852818758344, 0.482529337316691, 0.327642017706954, 0.154887319609737, 93.3069090909133, 92.5600860215067, 90.3467765567783, 95.0975495421617
5/25/2018, 92.86, 92.87, 92.67, 92.87, 4964, 0.929500311223748, 0.0220629776504767, 0.00601623879784773, -0.00288372430213113, 0.552015148736517, 0.461963725256766, 0.354506359216917, 0.107457366039849, 93.2780000000042, 92.6308602150551, 90.4600000000017, 95.099587535875
5/29/2018, 92.06, 92.15, 91.02, 91.36, 58310, 0.998867767164865, -0.385916753826614, -0.287390454374693, -0.213804390855062, 0.528588516250039, 0.320130681902043, 0.347631223753942, -0.0275005418518988, 92.6778181818224, 92.5525376344099, 90.5028644688662, 95.0821063277296
5/30/2018, 91.98, 92.6, 91.66, 92.53, 43612, 1.00393095480139, 0.470664426673731, 0.0346426048110774, -0.198891133402215, 0.594610007499955, 0.29869304757112, 0.337843588517378, -0.0391505409462571, 92.4794545454588, 92.656731182797, 90.6082417582435, 95.0795678556782
5/31/2018, 92.46, 92.46, 91.55, 91.66, 4910, 1.01624530531731, 0.241077775385346, -0.136562720864951, -0.363893502623446, 0.493505725010899, 0.209091561442094, 0.312093183102321, -0.103001621660227, 91.9832727272771, 92.719290322582, 90.6816556776574, 95.0653587535872
6/1/2018, 92.36, 92.69, 92.36, 92.51, 4234, 1.01223210951373, 0.471165720542417, -0.0226964957600216, -0.277186888175864, 0.555040875590052, 0.204314424885823, 0.290537431459021, -0.0862230065731986, 91.8978181818225, 92.8761075268831, 90.8047716727735, 95.0678750854173
6/4/2018, 92.98, 93.03, 92.6, 92.6, 14264, 0.988763637457444, 0.521611976638118, 0.453625441721598, -0.310922853962109, 0.536658828930953, 0.205422771744736, 0.273514499516164, -0.0680917277714281, 91.9020000000044, 93.0314838709691, 90.9300024420043, 95.0688672953394
6/5/2018, 92.51, 92.81, 92.49, 92.55, 3826, 0.957120877224542, 0.718975171884905, 0.670912380907769, -0.308151007832911, 0.603408379405089, 0.199961530431978, 0.258803905699327, -0.0588423752673494, 92.1350909090953, 93.1654623655928, 91.0540683760702, 95.067500888342
6/6/2018, 92.8, 93.47, 92.8, 93.41, 3461, 0.95013874668424, 1.04810246262601, 0.507956998269741, -0.315976862240604, 0.674654935139911, 0.262008004840126, 0.259444725527487, 0.00256327931263955, 92.6278181818226, 93.3142150537648, 91.2402368742387, 95.0757695776956
6/7/2018, 93.65, 93.85, 93.2, 93.44, 30995, 0.937123686979731, 1.23460393006956, 0.641893213888212, -0.405957405409619, 0.675910765693966, 0.310027231173137, 0.269561226656617, 0.0404660045165205, 92.9952727272771, 93.4383870967755, 91.4164932844952, 95.0826084460842
6/8/2018, 93.31, 93.57, 93.19, 93.44, 12247, 0.910601406740333, 1.23460393006956, 0.674119822847737, -0.378732375447361, 0.618461633850018, 0.344116058286772, 0.284472192982648, 0.0596438653041244, 93.3692727272771, 93.5526236559153, 91.5818876678896, 95.088746754134
6/11/2018, 93.71, 94.08, 93.57, 93.89, 9463, 0.895007622468057, 1.12788680126032, 0.522274136365149, -0.371686068193485, 0.689987712690513, 0.402799714193051, 0.308137697224729, 0.0946620169683227, 93.8487272727317, 93.7039354838723, 91.7727252747272, 95.1022233155662
6/12/2018, 94.05, 94.05, 93.57, 93.57, 5014, 0.878814282246977, 0.912049877659825, 0.856432869805459, -0.368266847269918, 0.695457586279458, 0.418659561821116, 0.330242070144006, 0.0884174916771097, 93.8600000000044, 93.7546021505389, 91.9475506715526, 95.1124889982231
6/13/2018, 93.74, 93.93, 93.46, 93.58, 4870, 0.85989655663985, 0.730958925916221, 0.677197246483956, -0.39681220228158, 0.66280111298094, 0.427112040027481, 0.349616064120701, 0.0774959759067799, 93.9881818181863, 93.7698924731196, 92.082862026864, 95.1113470001364
6/14/2018, 93.59, 93.62, 93.15, 93.18, 3713, 0.845628501629527, 0.470480061097534, 0.58511976092845, -0.446250836797574, 0.642323425518906, 0.396958146428162, 0.359084480582193, 0.0378736658459685, 93.7469090909135, 93.6801720430121, 92.1082051282071, 95.1047112204453
6/15/2018, 92.77, 92.86, 92.43, 92.68, 6829, 0.848142863538491, 0.059130299987984, 0.31070076881561, -0.531526425937708, 0.599394150780706, 0.328923521569124, 0.353052288779579, -0.0241287672104558, 93.4200000000045, 93.5042365591412, 92.1470695970716, 95.096415197485
6/18/2018, 91.96, 92.28, 91.44, 92.22, 146078, 0.876985323824659, -0.18589585152137, 0.562622798831068, -0.551457095294316, 0.554117393252618, 0.235176467658846, 0.329477124555433, -0.0943006568965867, 92.9429090909136, 93.3057204301089, 92.1576678876699, 95.082865928659
6/19/2018, 89.92, 89.92, 89.13, 89.48, 36048, 1.03131210588908, -0.75779745029982, -0.0666664102802701, -0.791984080501242, 0.319324023777809, -0.0595276511330667, 0.251676169417733, -0.311203820550799, 91.5300000000044, 92.7696559139799, 91.9801733821754, 95.029128331283
6/20/2018, 89.69, 89.69, 89.39, 89.41, 17440, 0.997290201020096, -0.690627187029166, -0.355876245031504, -0.889573865028295, 0.304104058864978, -0.295326859290469, 0.142275563676092, -0.437602422966562, 90.4323636363681, 92.2725591397864, 91.8139291819313, 94.9750698373648
6/21/2018, 88.99, 88.99, 88.51, 88.56, 4514, 1.00733210286299, -0.915607794181303, -0.383964406739757, -0.911623281790167, 0.279377043337125, -0.544510548196811, 0.00491834130151166, -0.549428889498323, 89.2652727272772, 91.7063870967757, 91.6464713064734, 94.910328823288
6/22/2018, 89.34, 89.5, 89.18, 89.24, 33550, 1.00234048048038, -0.829899745520173, -0.415220505671945, -0.778250233443473, 0.310724637860291, -0.679289671434589, -0.131923261245708, -0.54736641018888, 88.5992727272772, 91.2986021505391, 91.5044664224685, 94.8541342080084
6/25/2018, 88.44, 88.44, 87.44, 87.84, 37724, 1.06985907620863, -1.18369744812146, -0.636081722925388, -0.9258930756497, 0.188052553618503, -0.888825569453502, -0.283303722887267, -0.605521846566235, 87.7687272727319, 90.7538709677434, 91.3353870573892, 94.7772551592179
6/26/2018, 88.02, 88.16, 87.79, 87.95, 54495, 1.03612962127865, -1.48457362358968, -0.780451898697654, -0.893759961689567, 0.180288446244184, -1.03408787622669, -0.433460553555152, -0.60062732267154, 87.2421818181863, 90.2393548387112, 91.1986666666688, 94.7027237939043
6/27/2018, 88.21, 88.72, 87.22, 87.22, 13871, 1.07855102249352, -1.51871179307012, -1.014951696585, -0.798981671601356, 0.0779584348329046, -1.19434651684699, -0.58563774621352, -0.608708770633471, 86.7720000000045, 89.6388817204317, 91.0438461538483, 94.6220188601883
6/28/2018, 87.06, 87.45, 86.74, 87.45, 2735, 1.06252326098102, -1.29292552612398, -1.19703161980315, -0.399006834711682, 0.0710420072114801, -1.28794691600139, -0.726099580171094, -0.561847335830295, 86.6481818181864, 89.1060430107543, 90.889286935289, 94.5509533962003
6/29/2018, 87.92, 88.59, 87.82, 87.89, 24831, 1.06919759033054, -1.22156164411867, -1.02456533088951, -0.53927860595881, 0.127462002049409, -1.31150338923059, -0.843180341982994, -0.468323047247601, 86.8889090909136, 88.6872473118296, 90.7797240537262, 94.4828959956262
7/2/2018, 86.78, 87.32, 86.67, 87.32, 7798, 1.09222614983329, -1.32839527923101, -1.0893014228367, -0.563284814320783, 0.0581458873729527, -1.36048349345029, -0.946640972276453, -0.413842521173836, 87.1020000000045, 88.2427526881736, 90.6402710622731, 94.4040787207868
7/3/2018, 87.78, 87.83, 87.78, 87.82, 751, 1.06074388559862, -0.876752432079407, -0.929286157777194, -0.172220888416363, 0.0784034276036552, -1.34346809369706, -1.02600639656057, -0.317461697136482, 87.2070909090955, 87.9734838709693, 90.5408986569008, 94.3309553095527
7/5/2018, 87.73, 87.73, 87.19, 87.62, 5777, 1.04595756256114, -1.29413444518531, -0.717981583285335, -0.275545025055245, 0.0296624052292052, -1.3307811782927, -1.086961352907, -0.243819825385698, 87.3196363636409, 87.6786881720446, 90.4561855921877, 94.2553035397017
7/6/2018, 87.65, 88.16, 87.52, 88.05, 8234, 1.0251500459969, -0.95171851799872, -0.58014714319037, -0.421749903097726, 0.049943514263854, -1.27137369553098, -1.1238438214318, -0.147529874099188, 87.5083636363681, 87.4296559139801, 90.3746398046419, 94.1867992346586
7/9/2018, 88.53, 89.36, 88.53, 89.36, 5576, 1.0329144860399, -0.781892031538816, -0.309295313981506, -0.217200751153159, 0.126353411814045, -1.10583935780562, -1.12024292870656, 0.0144035709009394, 88.3134545454591, 87.3914193548404, 90.3179242979264, 94.1368279349456
7/10/2018, 89.55, 89.55, 89.29, 89.52, 7474, 0.99403682471961, -0.762002134787985, -0.263291449431795, -0.378362446765844, 0.118885468582741, -0.950781522176854, -1.08635064740062, 0.135569125223765, 88.8872727272773, 87.3883010752704, 90.2335799755821, 94.0925559655593
