Date,FXA_Open,FXA_High,FXA_Low,FXA_Close,FXA_Volume,FXA_ATRPercentOfClose20,FXA_SQN25,FXA_SQN50,FXA_SQN100,FXA_SQN200,FXA_MACD,FXA_MACD_Avg,FXA_MACD_Diff,FXA_LinReg10,FXA_LinReg30,FXA_LinReg90,FXA_LinReg270
1/3/2017, 71.85, 72.38, 71.85, 72.25, 35407, 0, 0, 0, 0, 0, 0, 0, 0, 72.25, 72.25, 72.25, 72.25
1/4/2017, 72.79, 72.84, 72.6, 72.83, 12002, 0, 0, 0, 0, 0, 0.0462678062678066, 0.00925356125356132, 0.0370142450142453, 72.83, 72.83, 72.83, 72.83
1/5/2017, 73.1, 73.56, 73.1, 73.43, 45580, 0, 0, 0, 0, 0, 0.129853491448927, 0.0333735472926344, 0.0964799441562923, 73.4266666666667, 73.4266666666667, 73.4266666666667, 73.4266666666667
1/6/2017, 73.16, 73.31, 72.92, 73.03, 50616, 0, 0, 0, 0, 0, 0.161952207856359, 0.0590892794053793, 0.10286292845098, 73.326, 73.326, 73.326, 73.326
1/9/2017, 73.43, 73.7, 73.4, 73.56, 59641, 0, 0, 0, 0, 0, 0.227534367915112, 0.0927782971073259, 0.134756070807786, 73.584, 73.584, 73.584, 73.584
1/10/2017, 73.56, 73.83, 73.56, 73.72, 19951, 0, 0, 0, 0, 0, 0.289086950662963, 0.132040027818453, 0.15704692284451, 73.7895238095238, 73.7895238095238, 73.7895238095238, 73.7895238095238
1/11/2017, 73.61, 74.52, 73.61, 74.49, 50562, 0, 0, 0, 0, 0, 0.395441971896602, 0.184720416634083, 0.210721555262519, 74.2546428571429, 74.2546428571429, 74.2546428571429, 74.2546428571429
1/12/2017, 75.03, 75.18, 74.91, 74.96, 10764, 0, 0, 0, 0, 0, 0.511754971758904, 0.250127327659047, 0.261627644099857, 74.7283333333333, 74.7283333333333, 74.7283333333333, 74.7283333333333
1/13/2017, 74.75, 75.04, 74.54, 75.04, 21772, 0, 0, 0, 0, 0, 0.603433191346056, 0.320788500396449, 0.282644690949607, 75.0584444444444, 75.0584444444444, 75.0584444444444, 75.0584444444444
1/17/2017, 75.5, 75.68, 75.39, 75.65, 33826, 0, 0, 0, 0, 0, 0.717045093400429, 0.400039818997245, 0.317005274403184, 75.4849090909091, 75.4849090909091, 75.4849090909091, 75.4849090909091
1/18/2017, 75.61, 75.68, 75.13, 75.15, 16163, 0, 0, 0, 0, 0, 0.757999773432786, 0.471631809884353, 0.286367963548433, 75.5889090909091, 75.6190909090909, 75.6190909090909, 75.6190909090909
1/19/2017, 75.5, 75.64, 75.35, 75.64, 5310, 0, 0, 0, 0, 0, 0.820536918490234, 0.54141283160553, 0.279124086884704, 75.82, 75.8521794871795, 75.8521794871795, 75.8521794871795
1/20/2017, 75.47, 75.58, 75.34, 75.58, 17729, 0, 0, 0, 0, 0, 0.855396084350161, 0.604209482154456, 0.251186602195705, 75.9970909090909, 76.0024175824176, 76.0024175824176, 76.0024175824176
1/23/2017, 75.72, 75.88, 75.62, 75.76, 38720, 0, 0, 0, 0, 0, 0.887318267467194, 0.660831239217003, 0.22648702825019, 76.039090909091, 76.1562857142857, 76.1562857142857, 76.1562857142857
1/24/2017, 75.95, 76.05, 75.8, 75.9, 16090, 0, 0, 0, 0, 0, 0.913384726975224, 0.711341936768648, 0.202042790206576, 76.0865454545455, 76.3035, 76.3035, 76.3035
1/25/2017, 75.45, 75.78, 75.34, 75.77, 14180, 0, 0, 0, 0, 0, 0.913027853632798, 0.751679120141478, 0.16134873349132, 75.9934545454546, 76.3845588235294, 76.3845588235294, 76.3845588235294
1/26/2017, 75.39, 75.54, 75.29, 75.41, 12225, 0, 0, 0, 0, 0, 0.873625427468411, 0.776068381606864, 0.097557045861547, 75.818181818182, 76.3664705882353, 76.3664705882353, 76.3664705882353
1/27/2017, 75.65, 75.67, 75.5, 75.55, 6905, 0, 0, 0, 0, 0, 0.843966826599228, 0.789648070605337, 0.0543187559938909, 75.7350909090911, 76.3751461988304, 76.3751461988304, 76.3751461988304
1/30/2017, 75.47, 75.66, 75.47, 75.57, 8273, 0, 0, 0, 0, 0, 0.812707617068114, 0.794259979897893, 0.018447637170221, 75.6427272727274, 76.3816842105263, 76.3816842105263, 76.3816842105263
1/31/2017, 75.97, 76.09, 75.71, 75.86, 25820, 0, 0, 0, 0, 0, 0.802089061258059, 0.795825796169926, 0.0062632650881328, 75.7436363636365, 76.437, 76.437, 76.437
2/1/2017, 75.7, 75.9, 75.59, 75.84, 33886, 0, 0, 0, 0, 0, 0.783033622247245, 0.79326736138539, -0.0102337391381445, 75.726181818182, 76.4764502164502, 76.4764502164502, 76.4764502164502
2/2/2017, 76.8, 76.94, 76.59, 76.62, 37881, 0.678768598277213, 0, 0, 0, 0, 0.821402909378406, 0.798894470983993, 0.0225084383944131, 76.0385454545456, 76.6392490118577, 76.6392490118577, 76.6392490118577
2/3/2017, 76.82, 76.93, 76.69, 76.85, 13158, 0.663069453480808, 0, 0, 0, 0, 0.860451178106487, 0.811205812408492, 0.0492453656979951, 76.3649090909093, 76.8129347826087, 76.8129347826087, 76.8129347826087
2/6/2017, 76.49, 76.62, 76.37, 76.6, 15533, 0.663303435052219, 0, 0, 0, 0, 0.861295819667149, 0.821223813860223, 0.040072005806925, 76.5716363636365, 76.9203666666667, 76.9203666666667, 76.9203666666667
2/7/2017, 76.2, 76.41, 76.1, 76.34, 6874, 0.665032629928609, 0, 0, 0, 0, 0.831401498158655, 0.82325935071991, 0.00814214743874542, 76.6707272727274, 76.9714153846154, 76.9714153846154, 76.9714153846154
2/8/2017, 76.51, 76.6, 76.32, 76.4, 5592, 0.649609442674248, 2.32103593025884, 0, 0, 0, 0.803291685031951, 0.819265817582318, -0.0159741325503672, 76.7405454545456, 77.0219658119659, 77.0219658119659, 77.0219658119659
2/9/2017, 76.69, 76.69, 76.27, 76.32, 8595, 0.645291579524331, 1.9906346213231, 0, 0, 0, 0.765732239590449, 0.808559101983944, -0.0428268623934955, 76.6763636363638, 77.0525661375662, 77.0525661375662, 77.0525661375662
2/10/2017, 76.73, 76.9, 76.69, 76.78, 26738, 0.647124520471895, 1.9381314457675, 0, 0, 0, 0.764274187012745, 0.799702118989704, -0.0354279319769593, 76.7494545454547, 77.1395320197045, 77.1395320197045, 77.1395320197045
2/13/2017, 76.56, 76.56, 76.35, 76.46, 5496, 0.645460497616277, 2.02559107239405, 0, 0, 0, 0.728895095255126, 0.785540714242789, -0.0566456189876627, 76.6489090909093, 77.1723448275862, 77.1723448275862, 77.1723448275862
2/14/2017, 76.8, 76.81, 76.25, 76.55, 4663, 0.649043947293972, 1.81256753978529, 0, 0, 0, 0.700049423989128, 0.768442456192057, -0.0683930322029286, 76.5889090909093, 77.2108817204301, 77.2108817204301, 77.2108817204301
2/15/2017, 76.54, 77.21, 76.54, 77.21, 18959, 0.654709214571763, 2.00916703199965, 0, 0, 0, 0.722121340530137, 0.759178233059673, -0.0370568925295358, 76.715272727273, 77.2440215053763, 77.3245161290323, 77.3245161290323
2/16/2017, 77.13, 77.13, 76.93, 76.96, 8421, 0.642185466920887, 1.49773032069703, 0, 0, 0, 0.711241829665923, 0.749590952380923, -0.038349122715, 76.8365454545457, 77.2521075268817, 77.3945454545455, 77.3945454545455
2/17/2017, 76.77, 76.77, 76.61, 76.74, 11703, 0.634629448234556, 1.09254457536232, 0, 0, 0, 0.677062818821696, 0.735085325669077, -0.0580225068473814, 76.9092727272729, 77.2456344086021, 77.4301960784314, 77.4301960784314
2/21/2017, 76.65, 76.86, 76.65, 76.84, 41033, 0.615778119008899, 1.10328300527495, 0, 0, 0, 0.650545783900185, 0.718177417315299, -0.067631633415114, 76.9725454545457, 77.2038279569892, 77.4719327731092, 77.4719327731092
2/22/2017, 76.9, 77.12, 76.89, 77.12, 8395, 0.601018816538014, 0.94283647826555, 0, 0, 0, 0.644692884358847, 0.703480510724009, -0.0587876263651619, 77.0674545454548, 77.2083010752687, 77.5387619047619, 77.5387619047619
2/23/2017, 77.35, 77.4, 77.14, 77.19, 6628, 0.58858715604147, 1.40386683703149, 0, 0, 0, 0.638344397432036, 0.690453288065614, -0.0521088906335783, 77.1560000000002, 77.2093548387096, 77.6053003003003, 77.6053003003003
2/24/2017, 76.72, 76.93, 76.72, 76.83, 6234, 0.592364837252362, 0.823781866268165, 0, 0, 0, 0.597377982917493, 0.67183822703599, -0.0744602441184968, 77.0610909090911, 77.1936774193547, 77.6269559032717, 77.6269559032717
2/27/2017, 76.86, 76.99, 76.77, 76.82, 21325, 0.577139038320672, 0.860075113100584, 0, 0, 0, 0.557676342110739, 0.64900585005094, -0.091329507940201, 77.0269090909093, 77.1929677419353, 77.6443319838056, 77.6443319838056
2/28/2017, 76.8, 76.97, 76.68, 76.68, 24465, 0.568192877903029, 0.638266721895202, 0, 0, 0, 0.509047690856335, 0.621014218212019, -0.111966527355684, 76.878181818182, 77.1678279569891, 77.6451153846154, 77.6451153846154
3/1/2017, 76.48, 76.82, 76.47, 76.82, 182378, 0.56158003623697, 0.637163803967366, 0, 0, 0, 0.47631529809739, 0.592074434189093, -0.115759136091703, 76.7838181818184, 77.1905376344085, 77.6581341463415, 77.6581341463415
3/2/2017, 75.81, 75.87, 75.59, 75.72, 27493, 0.622471598844926, -0.01545808959082, 0, 0, 0, 0.357492878721047, 0.545158123095484, -0.187665244374437, 76.4267272727275, 77.0327956989246, 77.5654703832753, 77.5654703832753
3/3/2017, 75.69, 75.95, 75.52, 75.93, 14546, 0.618028078378914, 0.302310428413866, 0, 0, 0, 0.277076534437924, 0.491541805363972, -0.214465270926048, 76.1734545454547, 76.9306881720429, 77.4985825027686, 77.4985825027686
3/6/2017, 76.04, 76.04, 75.78, 75.83, 9418, 0.605044552179156, 0.168237757693616, 0, 0, 0, 0.202937500775207, 0.433820944446219, -0.230883443671012, 75.8978181818184, 76.8100215053763, 77.4270613107823, 77.4270613107823
3/7/2017, 76.01, 76.08, 75.9, 75.9, 10417, 0.590731251280081, 0.195972624188723, 0, 0, 0, 0.148122730802697, 0.376681301717515, -0.228558570914817, 75.7160000000001, 76.7086236559139, 77.3663636363636, 77.3663636363636
3/8/2017, 75.51, 75.51, 75.32, 75.32, 9399, 0.604018545851703, -0.278627107503708, 0, 0, 0, 0.0572208713564066, 0.312789215645293, -0.255568344288886, 75.441090909091, 76.5420645161289, 77.2595942028986, 77.2595942028986
3/9/2017, 75.18, 75.21, 74.96, 75.09, 9823, 0.599546451323382, -0.389870881903019, 0, 0, 0, -0.0329982022423252, 0.243631732067769, -0.276629934310095, 75.1989090909092, 76.3413978494622, 77.14065679926, 77.14065679926
3/10/2017, 75.36, 75.53, 75.3, 75.48, 6304, 0.595772997858759, -0.641621944423798, 0, 0, 0, -0.0721955026146333, 0.180466285131289, -0.252661787745922, 75.1340000000001, 76.1706021505375, 77.0618617021277, 77.0618617021277
3/13/2017, 75.82, 75.91, 75.81, 75.82, 11527, 0.591802935695861, -0.569168838767366, 0, 0, 0, -0.0749603903409195, 0.129380950036847, -0.204341340377767, 75.2581818181819, 76.0518279569891, 77.0155527210884, 77.0155527210884
3/14/2017, 75.5, 75.76, 75.5, 75.65, 6333, 0.584626221483636, -0.527861640965049, 0, 0, 0, -0.0898336170171774, 0.0855380366260422, -0.17537165364322, 75.3501818181819, 75.9110752688171, 76.9584734693878, 76.9584734693878
3/15/2017, 75.92, 77.15, 75.92, 77.13, 16943, 0.641976208640934, 0.356846801032299, 0, 0, 0, 0.0175999930457778, 0.0719504279099893, -0.0543504348642116, 76.0376363636364, 75.9769247311827, 77.0197176470588, 77.0197176470588
3/16/2017, 76.97, 76.97, 76.7, 76.76, 9078, 0.640826520633812, 0.169110860453601, 1.54794981675984, 0, 0, 0.0720553856244948, 0.0719714194528904, 8.39661716043327E-05, 76.3603636363637, 75.9863010752687, 77.048197586727, 77.048197586727
3/17/2017, 77.02, 77.16, 76.97, 77.08, 26304, 0.632204872050582, 0.337487182695928, 1.46842589342474, 0, 0, 0.139425788520938, 0.0854622932665, 0.0539634952544384, 76.7789090909092, 76.0823440860214, 77.0982583454282, 77.0982583454282
3/20/2017, 77.29, 77.41, 77.2, 77.4, 29319, 0.61942937933819, 0.279135402927022, 1.38294654730891, 0, 0, 0.216147035365481, 0.111599241686296, 0.104547793679184, 77.2252727272728, 76.2313548387095, 77.1681132075472, 77.1681132075472
3/21/2017, 77.4, 77.5, 76.91, 76.91, 20761, 0.630563545218269, 0.2055233787218, 1.35452032074155, 0, 0, 0.234704741179698, 0.136220341584977, 0.0984843995947213, 77.4307272727274, 76.2979784946235, 77.1977845117845, 77.1977845117845
3/22/2017, 76.66, 76.87, 76.65, 76.84, 29765, 0.616499351244146, 0.137879012272251, 1.1579075520308, 0, 0, 0.240985510792783, 0.157173375426538, 0.0838121353662448, 77.4409090909092, 76.336387096774, 77.2202142857143, 77.2202142857143
3/23/2017, 76.4, 76.52, 76.27, 76.35, 22112, 0.626761226484875, -0.355018613145047, 0.919346788676801, 0, 0, 0.20407174897062, 0.166553050135354, 0.0375186988352655, 77.1529090909092, 76.3133978494622, 77.2067669172932, 77.2067669172932
3/24/2017, 76.2, 76.31, 76.2, 76.28, 2854, 0.605801765338413, -0.279511075929869, 0.64827765528466, 0, 0, 0.167241060945045, 0.166690652297292, 0.000550408647752854, 76.8500000000001, 76.2765161290321, 77.1889352692075, 77.1889352692075
3/27/2017, 76.36, 76.36, 76.19, 76.28, 13423, 0.586654833862263, -0.18529897000352, 0.486987913016095, 0, 0, 0.136479227751849, 0.160648367388204, -0.0241691396363547, 76.5714545454546, 76.2705591397848, 77.1717708942139, 77.1717708942139
3/28/2017, 76.33, 76.56, 76.33, 76.4, 2898, 0.574771324485115, -0.176215379398124, 0.50038721781386, 0, 0, 0.120395407127532, 0.152597775336069, -0.0322023682085374, 76.2752727272728, 76.2617204301074, 77.1631694915254, 77.1631694915254
3/29/2017, 76.59, 76.78, 76.59, 76.76, 2835, 0.568224371171569, -0.139929147295499, 0.414998280557706, 0, 0, 0.135140044448903, 0.149106229158636, -0.013966184709733, 76.3585454545456, 76.304946236559, 77.1781202185792, 77.1781202185792
3/30/2017, 76.82, 76.82, 76.58, 76.59, 6193, 0.556679169533531, -0.243008534380666, 0.543152398232617, 0, 0, 0.131590799678492, 0.145603143262607, -0.0140123435841157, 76.3292727272728, 76.3692473118278, 77.1810153358011, 77.1810153358011
3/31/2017, 76.42, 76.54, 76.31, 76.45, 7583, 0.548126287963957, -0.150615756612083, 0.316373578080114, 0, 0, 0.116142350930403, 0.139710984796166, -0.0235686338657634, 76.3249090909092, 76.4031182795698, 77.1746082949309, 77.1746082949309
4/3/2017, 76.16, 76.16, 75.98, 76.03, 11863, 0.554505352875211, -0.324845592193531, 0.182400359371816, 0, 0, 0.0692110323849846, 0.12561099431393, -0.0563999619289454, 76.2738181818182, 76.372322580645, 77.1421974206349, 77.1421974206349
4/4/2017, 75.6, 75.71, 75.52, 75.62, 13200, 0.563357443535403, -0.437024853851779, -0.0325713821240189, 0, 0, -0.00105380160229629, 0.100278035130685, -0.101331836732981, 76.0578181818182, 76.3007526881719, 77.0861971153846, 77.0861971153846
4/5/2017, 75.78, 75.85, 75.58, 75.58, 113467, 0.553334683595393, -0.515150756665277, -0.0979100279528579, 0, 0, -0.0592834715170767, 0.0683657338011325, -0.127649205318209, 75.8843636363637, 76.2506451612902, 77.0304755244755, 77.0304755244755
4/6/2017, 75.46, 75.52, 75.39, 75.45, 4565, 0.539164792800965, -0.116998113907795, -0.098108362932563, 0, 0, -0.114599783028467, 0.0317726304352126, -0.14637241346368, 75.6367272727273, 76.1986451612902, 76.969696969697, 76.969696969697
4/7/2017, 75.14, 75.21, 74.97, 75, 22961, 0.547279792479882, -0.430013616464333, -0.130800987466593, 0, 0, -0.192530228992922, -0.0130879414504144, -0.179442287542508, 75.2687272727272, 76.0767741935482, 76.8855267778754, 76.8855267778754
4/10/2017, 74.91, 75.05, 74.91, 75, 17825, 0.529249136189221, -0.382708557855064, -0.181820856694285, 0, 0, -0.251392769517864, -0.0607489070639042, -0.190643862453959, 74.9705454545454, 75.9660430107525, 76.8053964194374, 76.8053964194374
4/11/2017, 75, 75.02, 74.77, 74.96, 9954, 0.519730535665449, -0.435726006682716, -0.203671969262582, 0, 0, -0.297836152897574, -0.108166356230638, -0.189669796666936, 74.7523636363635, 75.8526451612902, 76.7267950310559, 76.7267950310559
4/12/2017, 74.97, 75.12, 74.8, 75.12, 3030, 0.513991625476677, -0.0857505974368285, -0.251313250157034, 0, 0, -0.318065742122172, -0.150146233408945, -0.167919508713227, 74.7399999999999, 75.7799784946235, 76.6608289738431, 76.6608289738431
4/13/2017, 75.83, 75.89, 75.7, 75.71, 9727, 0.535338771107087, 0.310240307578776, -0.0275043122339236, 0, 0, -0.283224927501877, -0.176761972227531, -0.106462955274345, 74.986909090909, 75.7198064516127, 76.6304460093897, 76.6304460093897
4/17/2017, 75.93, 76.1, 75.88, 75.94, 14100, 0.532709684520565, 0.235055282032776, -0.230408308250693, 0, 0, -0.234352780121284, -0.188280133806282, -0.0460726463150023, 75.3332727272726, 75.7028817204299, 76.6138812785388, 76.6138812785388
4/18/2017, 75.47, 75.63, 75.39, 75.61, 6334, 0.544653812595782, -0.0874167260594779, -0.434015143513171, 0, 0, -0.219716735533964, -0.194567454151819, -0.0251492813821459, 75.5094545454544, 75.6373548387094, 76.5802406516106, 76.5802406516106
4/19/2017, 75.24, 75.24, 74.97, 74.98, 20790, 0.564446666202303, -0.297371309227734, -0.563287400970116, 0, 0, -0.256002264868314, -0.206854416295118, -0.0491478485731967, 75.4089090909089, 75.4979784946234, 76.5146594594595, 76.5146594594595
4/20/2017, 75.32, 75.49, 75.28, 75.28, 14269, 0.567960952181937, -1.16263471749678, -0.360753327065505, 0, 0, -0.257582069732891, -0.216999946982672, -0.0405821227502184, 75.4389090909089, 75.3639354838707, 76.467652631579, 76.467652631579
4/21/2017, 75.4, 75.45, 75.3, 75.42, 4118, 0.549831549406569, -0.849348017295173, -0.331220500693474, 0, 0, -0.244716309216741, -0.222543219429486, -0.0221730897872553, 75.5076363636362, 75.232580645161, 76.4298906356802, 76.4298906356802
4/24/2017, 75.66, 75.71, 75.6, 75.65, 4246, 0.539919110157716, -0.914620283877162, -0.219463655803343, 0, 0, -0.213499929220134, -0.220734561387616, 0.00723463216748155, 75.5674545454543, 75.1542795698922, 76.4054345654346, 76.4054345654346
4/25/2017, 75.43, 75.45, 75.34, 75.37, 13955, 0.535393878854447, -1.33151785353307, -0.486956109067193, 0, 0, -0.208945786154771, -0.218376806341047, 0.00943102018627551, 75.4950909090907, 75.0620215053761, 76.367877312561, 76.367877312561
4/26/2017, 74.78, 74.92, 74.6, 74.78, 33792, 0.564121487253233, -1.37598608058933, -0.578005763317296, 0, 0, -0.250062103853907, -0.224713865843619, -0.0253482380102877, 75.1907272727271, 74.8864731182793, 76.3025569620254, 76.3025569620254
4/27/2017, 74.55, 74.75, 74.53, 74.75, 6795, 0.552852904026179, -1.35010029033605, -0.620985243025104, 0, 0, -0.281819194884818, -0.236134931651859, -0.0456842632329593, 74.917818181818, 74.8113978494621, 76.2385000000001, 76.2385000000001
4/28/2017, 74.65, 74.94, 74.59, 74.94, 7648, 0.547230675836123, -0.930399186688172, -0.806368477723094, 0, 0, -0.288331796747954, -0.246574304671078, -0.0417574920768763, 74.8487272727271, 74.7511182795696, 76.1863113520025, 76.1863113520025
5/1/2017, 75.25, 75.37, 75.25, 75.31, 48541, 0.545863676866301, -0.611447963506093, -0.575606749115454, 0, 0, -0.260632760637904, -0.249385995864443, -0.0112467647734609, 74.9954545454544, 74.7708602150535, 76.1539788421982, 76.1539788421982
5/2/2017, 75.18, 75.3, 75.16, 75.28, 9205, 0.528739955227963, -0.630991036859978, -0.509344444351534, 0, 0, -0.23835422510281, -0.247179641712117, 0.00882541660930622, 75.1001818181817, 74.8195483870965, 76.1215146299485, 76.1215146299485
5/3/2017, 74.67, 74.67, 74.21, 74.3, 187985, 0.580933602127632, -1.15838389929687, -0.854715223081233, 0, 0, -0.296359882730854, -0.257015689915864, -0.0393441928149903, 74.7583636363635, 74.7249032258061, 76.0444901960786, 76.0444901960786
5/4/2017, 73.9, 74.08, 73.86, 74.08, 38052, 0.583223519251875, -1.5254469614924, -1.03140862127561, 0, 0, -0.355978447735936, -0.276808241479878, -0.0791702062560573, 74.4376363636362, 74.614516129032, 75.9603775649796, 75.9603775649796
5/5/2017, 73.96, 74.23, 73.94, 74.22, 8147, 0.572553737414039, -1.3358824399788, -1.00427647018223, 0, 0, -0.387463324047772, -0.298939257993457, -0.0885240660543148, 74.2587272727271, 74.5070322580643, 75.886006415397, 75.886006415397
5/8/2017, 73.85, 73.9, 73.82, 73.88, 8393, 0.573500155269715, -1.44015989129466, -1.00233272315857, 0, 0, -0.434837932849945, -0.326118992964755, -0.10871893988519, 74.073818181818, 74.3654838709676, 75.7991954022989, 75.7991954022989
5/9/2017, 73.53, 73.6, 73.37, 73.43, 112864, 0.582890942363614, -1.45859228138842, -1.14732014763385, 0, 0, -0.502896809457354, -0.361474556263275, -0.14142225319408, 73.7739999999999, 74.182322580645, 75.6956639427989, 75.6956639427989
5/10/2017, 73.78, 73.93, 73.63, 73.64, 6908, 0.58611621133721, -1.11045099667454, -1.02189168739668, 0, 0, -0.53373613660608, -0.395926872331836, -0.137809264274245, 73.5345454545453, 74.0521935483868, 75.6054232209739, 75.6054232209739
5/11/2017, 73.61, 73.78, 73.6, 73.78, 21011, 0.567952262303179, -1.00028715695768, -1.01981537916713, 0, 0, -0.540647448342497, -0.424870987533968, -0.115776460808529, 73.3996363636363, 73.9816344086019, 75.5247667887669, 75.5247667887669
5/12/2017, 74.02, 74.02, 73.91, 73.92, 8487, 0.554766531616506, -0.843098880705732, -0.642018708025356, 0, 0, -0.528732978069399, -0.445643385641054, -0.083089592428345, 73.4039999999999, 73.9367311827955, 75.3752747252748, 75.4532345914955
5/15/2017, 74.4, 74.4, 74.16, 74.19, 4204, 0.557459562154435, -0.445590258548057, -0.616388902876201, 0, 0, -0.491834370555495, -0.454881582623943, -0.0369527879315521, 73.6312727272726, 73.9339784946234, 75.2492503052504, 75.3959537166901
5/16/2017, 74.3, 74.38, 74.3, 74.38, 2506, 0.541006032138016, -0.335160244826734, -0.50867959626955, 0, 0, -0.44216355987588, -0.45233797807433, 0.0101744181984502, 73.9792727272727, 73.9419139784944, 75.1438681318682, 75.3488629604211
5/17/2017, 74, 74.34, 74, 74.31, 6585, 0.540008440814215, -0.352113914748586, -0.55986878585607, 0, 0, -0.403792827179586, -0.442628947895381, 0.038836120715795, 74.1561818181817, 73.9242795698923, 75.0258412698414, 75.3005957446809
5/18/2017, 74.38, 74.38, 74.25, 74.25, 8790, 0.522176779462075, -0.477739489904104, -0.380817511652935, 0, 0, -0.373914984443985, -0.428886155205102, 0.054971170761117, 74.267818181818, 73.9048172043008, 74.9160317460319, 75.2516250000001
5/19/2017, 74.56, 74.68, 74.5, 74.58, 4010, 0.522701053651196, -0.647690173953315, -0.170951643019606, 0, 0, -0.319920492449484, -0.407093022653978, 0.0871725302044948, 74.5121818181817, 73.927139784946, 74.8236971916973, 75.2179853951891
5/22/2017, 74.76, 74.92, 74.75, 74.81, 13194, 0.517763565729727, -0.645463560023522, -0.231061727078789, 0, 0, -0.255623719605367, -0.376799162044256, 0.121175442438889, 74.7483636363635, 73.9542580645159, 74.7578974358975, 75.194916894593
5/23/2017, 75.05, 75.08, 74.81, 74.83, 9057, 0.509784815376571, -0.449463468200011, -0.352402618462177, 0, 0, -0.2007402227092, -0.341587374177245, 0.140847151468045, 74.8507272727272, 73.985139784946, 74.703181929182, 75.1735003092147
5/24/2017, 74.72, 75.03, 74.63, 75.03, 4833, 0.509660640382479, 0.0421184147612733, -0.213633632798504, 0, 0, -0.139498278158527, -0.301169554973501, 0.161671276814974, 74.9878181818181, 74.039827956989, 74.659081807082, 75.1608262626263
5/25/2017, 74.74, 74.8, 74.57, 74.64, 3969, 0.517522051922596, -0.388879729406573, -1.08512531344389, 0, 0, -0.121038084813605, -0.265143260941522, 0.144105176127917, 74.9423636363635, 74.0552473118277, 74.611496947497, 75.1332574257427
5/26/2017, 74.51, 74.55, 74.43, 74.5, 10476, 0.506663807486274, -0.565587756355304, -0.996095004388899, 0.63516309762851, 0, -0.116363710143787, -0.235387350781975, 0.119023640638188, 74.8296363636362, 74.095333333333, 74.5474212454213, 75.1012055911474
5/30/2017, 74.55, 74.73, 74.55, 74.71, 6666, 0.495370512312155, -0.577433410293406, -1.04843595415261, 0.537268992399805, 0, -0.09462323186807, -0.207234526999194, 0.112611295131124, 74.811818181818, 74.185204301075, 74.5038901098902, 75.0783932990672
5/31/2017, 74.42, 74.48, 74.34, 74.35, 9015, 0.497762937808998, -0.624244452229141, -1.35916907295144, 0.276990740691686, 0, -0.105229714907139, -0.186833564580783, 0.0816038496736439, 74.6792727272725, 74.215333333333, 74.4439706959708, 75.0426064227036
6/1/2017, 73.82, 73.88, 73.74, 73.75, 22803, 0.518077840065004, -0.633060050488669, -1.40055728147629, 0.222202222213594, 0, -0.16020368634905, -0.181507588934437, 0.0213039025853868, 74.3270909090907, 74.1354623655912, 74.3627252747254, 74.9853021978023
6/2/2017, 74.15, 74.45, 74.13, 74.38, 11023, 0.535060885581532, -0.201217067179232, -1.0321290153151, 0.247056015891109, 0, -0.151192368403557, -0.175444544828261, 0.024252176424704, 74.2110909090907, 74.1634623655912, 74.3136019536021, 74.9535884995508
6/5/2017, 74.75, 74.93, 74.75, 74.85, 6536, 0.54185620889882, -0.037963094683962, -0.619268308954075, 0.327850824694072, 0, -0.104916351569855, -0.161338906176579, 0.0564225546067242, 74.3163636363634, 74.2662365591396, 74.283247863248, 74.9404408393582
6/6/2017, 75.13, 75.17, 75.06, 75.12, 10238, 0.534212465046231, -0.0942598829768537, -0.470809258856626, 0.195461276721778, 0, -0.0459261235483552, -0.138256349650935, 0.0923302261025794, 74.5461818181815, 74.4222795698923, 74.2573699633701, 74.9377154724819
6/7/2017, 75.46, 75.62, 75.43, 75.52, 27831, 0.53791761593696, 0.142843790686729, -0.297104000413252, 0.17589605210676, 0, 0.0327234981043745, -0.104060380099873, 0.136783878204247, 74.9012727272724, 74.613827956989, 74.2523003663005, 74.9497315664288
6/8/2017, 75.44, 75.5, 75.39, 75.5, 7662, 0.519766376659354, 0.797520865072839, -0.355135391658092, 0.14884137612897, 0, 0.092375213096048, -0.0647732614606887, 0.157148474556737, 75.2518181818179, 74.7625376344084, 74.2468229548231, 74.9606839032527
6/9/2017, 75.22, 75.35, 75.22, 75.33, 13576, 0.513477278187869, 0.837065500064881, -0.579327752468176, -0.0630296652696543, 0, 0.124496924692437, -0.0269192242300635, 0.151416148922501, 75.4399999999996, 74.8830322580643, 74.2404102564104, 74.9652334152335
6/12/2017, 75.41, 75.43, 75.28, 75.43, 7869, 0.497099710958473, 0.810331645749575, -0.467390517178748, 0.101323573543384, 0, 0.156221947456643, 0.00970901010727784, 0.146512937349365, 75.5970909090906, 75.0251397849461, 74.2383125763127, 74.9732351994852
6/13/2017, 75.37, 75.44, 75.37, 75.41, 5438, 0.477011266910459, 1.05986042300868, -0.418405862195433, -0.0400402082491054, 0, 0.17770198583365, 0.0433076052525523, 0.134394380581098, 75.7385454545451, 75.1862150537633, 74.2529743589744, 74.9803223767383
6/14/2017, 76.27, 76.37, 75.72, 75.95, 58283, 0.51313823114986, 1.77319018081872, -0.0169830725036649, 0.125388804076305, 0, 0.235582904951443, 0.0817626651923304, 0.153820239759112, 75.9563636363632, 75.4131612903224, 74.2972380952382, 75.0060922217047
6/15/2017, 75.82, 75.85, 75.72, 75.83, 7518, 0.503418254293028, 1.5296760199941, 0.10380309994067, 0.0432397364905919, 0, 0.268673848363363, 0.119144901826537, 0.149528946536826, 75.9254545454541, 75.5552258064515, 74.3313601953604, 75.0269580472922
6/16/2017, 76.2, 76.32, 76.2, 76.27, 46357, 0.507611064794654, 1.68666181881789, 0.300002687922851, 0.124519097567752, 0, 0.326637706040927, 0.160643462669415, 0.165994243371512, 76.0590909090905, 75.7285806451612, 74.379501831502, 75.0623343328336
6/19/2017, 76.05, 76.09, 75.98, 75.99, 22897, 0.503088842167309, 1.36521147005413, 0.237745277663742, 0.0839389390620418, 0, 0.345992435491539, 0.19771325723384, 0.148279178257699, 76.0869090909087, 75.8616129032257, 74.4167887667889, 75.0871529619805
6/20/2017, 76, 76, 75.78, 75.78, 54921, 0.493774545532846, 1.04193867000629, 0.342050622505275, 0.125240748268245, 0, 0.340461326821895, 0.226262871151451, 0.114198455670444, 76.0339999999996, 75.9339139784946, 74.4434188034189, 75.1041764450239
6/21/2017, 75.63, 75.63, 75.48, 75.61, 13716, 0.489979147036835, 0.802824963202474, 0.270544789069939, 0.040592092263714, 0, 0.318686682401818, 0.244747633401524, 0.0739390490002938, 75.9663636363632, 75.9423870967741, 74.4732356532358, 75.1150363196126
6/22/2017, 75.49, 75.51, 75.41, 75.45, 22778, 0.479721101949402, 0.741670934921072, 0.220289186268684, -0.00852694760174619, 0, 0.285231485976965, 0.252844403916613, 0.0323870820603524, 75.834545454545, 75.9304946236559, 74.4898046398048, 75.1202941176471
6/23/2017, 75.7, 75.81, 75.69, 75.76, 13111, 0.477629478418404, 0.96753372251701, 0.28058589664913, -0.00293529135002745, 0, 0.280498993211324, 0.258375321775555, 0.0221236714357695, 75.778545454545, 75.9555913978494, 74.5226642246644, 75.135629476584
6/26/2017, 75.96, 76.01, 75.87, 75.89, 17437, 0.469441939922643, 0.850124967751884, 0.0918022776122882, 0.0378320233023593, 0, 0.28396500038113, 0.26349325749667, 0.0204717428844601, 75.7639999999995, 75.9937419354838, 74.5764517704519, 75.1547933884297
6/27/2017, 75.91, 75.97, 75.87, 75.95, 13716, 0.452200808159221, 0.744652087368733, 0.0197858185122811, -0.161338840891325, 0, 0.288230789469949, 0.268440763891326, 0.0197900255786235, 75.7410909090903, 76.0447956989248, 74.6282735042736, 75.1753778488604
6/28/2017, 76.16, 76.48, 76.1, 76.45, 22304, 0.461444327151187, 1.01159046407772, 0.367823756593784, -0.0852206288963758, 0, 0.328174290443002, 0.280387469201661, 0.0477868212413408, 75.969454545454, 76.1606021505377, 74.6978021978023, 75.211466037241
6/29/2017, 76.63, 76.88, 76.63, 76.88, 41211, 0.463885898415359, 1.12632997387348, 0.833187928107244, 0.0999535170875666, 0, 0.390031172510845, 0.302316209863498, 0.0877149626473472, 76.2950909090903, 76.3129462365592, 74.7885616605618, 75.2602683870967
6/30/2017, 76.89, 76.97, 76.73, 76.91, 95491, 0.456122356997323, 1.44246943331778, 0.720000146809281, 0.179187560706035, 0, 0.436442904358771, 0.329141548762552, 0.107301355596218, 76.6618181818176, 76.4485161290324, 74.8868253968255, 75.3086819047619
7/3/2017, 76.6, 76.64, 76.48, 76.56, 250505, 0.463379727701553, 1.28097070979915, 0.503171336691375, 0.0675145615592254, 0, 0.439911436098782, 0.351295526229798, 0.0886159098689839, 76.8167272727267, 76.5445161290324, 74.9714993894995, 75.3447969003874
7/5/2017, 75.86, 76.03, 75.74, 76.02, 105393, 0.497270907066421, 0.773049453700432, 0.170761414774555, -0.0566705637451826, 0, 0.394538787905347, 0.359944178564908, 0.0345946093404388, 76.7119999999994, 76.5745591397851, 75.0250305250307, 75.3631286909449
7/6/2017, 75.93, 75.93, 75.79, 75.91, 92677, 0.488241439038728, 0.944917271278558, 0.243878038608325, -0.211923695314444, 0, 0.345719319515567, 0.35709920675504, -0.0113798872394731, 76.5221818181812, 76.584172043011, 75.0741245421247, 75.3775763081395
7/7/2017, 76.04, 76.06, 75.96, 76.01, 4773, 0.473086268327304, 1.49775274281599, 0.554648133504097, -0.0986153595313074, 0, 0.311507834942191, 0.34798093239247, -0.0364730974502794, 76.3185454545448, 76.6128387096777, 75.1251452991455, 75.3947096004771
7/10/2017, 75.94, 76.05, 75.94, 76.05, 25241, 0.456427651450105, 1.18606236890954, 0.585479864231339, -0.112168812875178, 0, 0.284344901616137, 0.335253726237204, -0.0509088246210663, 76.1601818181812, 76.6142580645164, 75.1815164835167, 75.4126106870229
7/11/2017, 76.11, 76.43, 76.05, 76.34, 14608, 0.456847743622498, 1.08605949107232, 0.625092860251373, -0.214949717057701, 0, 0.282956906541699, 0.324794362298103, -0.0418374557564036, 76.1121818181812, 76.6340430107529, 75.2266837606839, 75.43879944483
7/12/2017, 76.66, 76.84, 76.6, 76.8, 31094, 0.463957928525188, 1.18466537316617, 0.657010139259374, -0.0197092884104337, 0, 0.315340022576919, 0.322903494353866, -0.00756347177694694, 76.2105454545449, 76.7143225806454, 75.2961709401711, 75.4780884028253
7/13/2017, 77.23, 77.34, 77.17, 77.32, 13391, 0.472715603533338, 1.23588648050397, 0.873747973446958, 0.180467650686237, 0, 0.378599272774565, 0.334042650038006, 0.0445566227365593, 76.5421818181812, 76.8230967741938, 75.3855286935288, 75.5318213444058
7/14/2017, 78.13, 78.29, 78.03, 78.29, 72715, 0.505464962855255, 1.64208579324249, 1.74216703932779, 0.40100560600299, 0, 0.501225759137114, 0.367479271857827, 0.133746487279286, 77.2474545454539, 76.9957849462368, 75.517750915751, 75.6127993366501
7/17/2017, 78.34, 78.41, 77.97, 78.02, 40400, 0.510051388680351, 1.57212343361787, 1.72218359838315, 0.258249923320993, 0, 0.570050205613327, 0.407993458608927, 0.1620567470044, 77.7885454545448, 77.1469247311831, 75.6235311355312, 75.6837843137255
7/18/2017, 79.33, 79.35, 79.14, 79.21, 70532, 0.561223316217636, 1.87677626241695, 1.96223363188953, 0.523399718795402, 0, 0.712404969027872, 0.468875760692716, 0.243529208335156, 78.6101818181812, 77.4569032258067, 75.7742393162394, 75.7875719192787
7/19/2017, 79.44, 79.6, 79.36, 79.59, 31644, 0.555117149562998, 2.06661248544806, 2.26725762526868, 0.706200391528468, 0, 0.846131293993366, 0.544326867352847, 0.30180442664052, 79.3105454545448, 77.8049677419358, 75.9472063492064, 75.89969850841
7/20/2017, 79.39, 79.69, 79.23, 79.59, 19496, 0.556259394861578, 1.82383141914733, 2.51657390660643, 0.708723602733527, 0, 0.941260109348164, 0.62371351575191, 0.317546593596254, 79.7941818181813, 78.150860215054, 76.124717948718, 76.0089948910437
7/21/2017, 79.3, 79.3, 79.09, 79.2, 21408, 0.562614279989664, 1.65449452096778, 2.23352469208577, 0.646669843314747, 0, 0.973953510445554, 0.693761514690639, 0.280191995754915, 79.962363636363, 78.4196774193551, 76.2786422466422, 76.1044450154162
7/24/2017, 79.57, 79.57, 79.17, 79.31, 65580, 0.558959758245143, 1.50639847673316, 2.21812487789662, 0.638416326008792, 0, 0.997243741955529, 0.754457960143617, 0.242785781811912, 80.0025454545448, 78.6672473118283, 76.467663003663, 76.2006200607903
7/25/2017, 79.61, 79.72, 79.39, 79.42, 38654, 0.556088434967277, 1.73600709188398, 2.20278074168387, 0.979696215927446, 0, 1.01290140206213, 0.806146648527319, 0.206754753534808, 79.9609090909084, 78.9097634408605, 76.6516727716727, 76.2974937568675
7/26/2017, 79.17, 80.15, 79.17, 79.97, 41494, 0.585923675501389, 2.11054315595497, 2.27626268897049, 1.05518352918984, 0, 1.05750040753526, 0.856417400328907, 0.201083007206351, 80.033272727272, 79.1949892473122, 76.8648864468864, 76.4073052299813
7/27/2017, 80.03, 80.06, 79.65, 79.73, 22719, 0.584014806388483, 2.069712897631, 2.09125848323115, 1.01991197041172, 0, 1.06124606244968, 0.897383132753062, 0.163862929696621, 79.9538181818175, 79.4563440860218, 77.0726031746032, 76.5077797202798
7/28/2017, 79.86, 80.09, 79.81, 79.94, 54857, 0.575873473701352, 2.28603299383387, 2.20210680602403, 1.05294728791373, 0, 1.06883885689889, 0.931674277582228, 0.137164579316664, 80.0094545454538, 79.7119569892476, 77.2769035409036, 76.6115737547893
7/31/2017, 79.77, 80.08, 79.69, 80.06, 12058, 0.570616527770444, 2.18826827816488, 2.27654579043974, 1.25057344814266, 0, 1.07217977725769, 0.95977537751732, 0.112404399740368, 79.9625454545447, 79.9856129032261, 77.482673992674, 76.7161247047709
8/1/2017, 79.68, 79.96, 79.65, 79.68, 369992, 0.570398861102368, 1.8675429938219, 1.97547969735988, 1.21285527885644, 0, 1.03226534417973, 0.974273370849803, 0.0579919733299312, 79.9110909090902, 80.1679354838712, 77.6585860805861, 76.8078473581213
8/2/2017, 79.6, 79.93, 79.6, 79.65, 15967, 0.562798646453294, 1.81786324921854, 1.87338332010716, 1.10588706339198, 0, 0.986836482432835, 0.976785993166409, 0.0100504892664258, 79.8996363636356, 80.3086451612906, 77.8291916971917, 76.8965554329841
8/3/2017, 79.36, 79.55, 79.34, 79.53, 97531, 0.554954942543753, 1.52514132444247, 1.81562047656149, 0.987423187871359, 0, 0.93042542001082, 0.967513878535292, -0.0370884585244713, 79.8434545454538, 80.3978279569895, 77.992083028083, 76.9799292581172
8/4/2017, 79.25, 79.31, 78.94, 79.3, 16618, 0.56593680014476, 1.19848064272777, 1.64121982577831, 0.973547468956668, 0, 0.857278001645881, 0.94546670315741, -0.0881887015115288, 79.6330909090902, 80.4218709677422, 78.1452063492063, 77.0552026845638
8/7/2017, 79.01, 79.13, 79.01, 79.11, 40289, 0.557260129426184, 1.08231869209767, 1.74430664707463, 0.575174645393631, 0, 0.775042525700158, 0.911381867665959, -0.136339341965801, 79.3736363636356, 80.4176344086025, 78.2958998778999, 77.1236706401766
8/8/2017, 79.25, 79.25, 78.91, 79.17, 13137, 0.550468692648228, 1.31539172851308, 1.82998950393884, 0.700480272708, 0, 0.706566953085158, 0.870418884749799, -0.163851931664641, 79.1678181818174, 80.4080645161293, 78.4437167277167, 77.1920895782503
8/9/2017, 78.83, 78.89, 78.65, 78.87, 8147, 0.557900039014989, 1.49328912091612, 1.61746209092933, 0.525869033758857, 0, 0.62093433120063, 0.820521974039965, -0.199587642839336, 78.9819999999992, 80.3432688172046, 78.5734188034188, 77.2510784313726
8/10/2017, 78.95, 78.97, 78.79, 78.87, 32674, 0.541416220023539, 1.55965616206057, 1.78658020648122, 0.436523504378488, 0, 0.546767070964037, 0.76577099342478, -0.219003922460743, 78.808181818181, 80.2929677419358, 78.6920146520146, 77.3086775316187
8/11/2017, 78.77, 79.1, 78.73, 78.96, 38440, 0.537188733657468, 1.55239403848777, 2.14882485568338, 0.607090447949819, 0, 0.489607342049723, 0.710538263149769, -0.220930921100045, 78.7543636363629, 80.2671397849466, 78.8033528693529, 77.3672408881441
8/14/2017, 78.6, 78.71, 78.46, 78.59, 26369, 0.544542579070034, 1.30333224879117, 1.75129665750621, 0.520237432056734, 0, 0.409728838290079, 0.650376378177831, -0.240647539887752, 78.6501818181811, 80.1829462365594, 78.8951819291819, 77.414982630273
8/15/2017, 78.22, 78.24, 78.11, 78.22, 59328, 0.550445170348482, 0.948995632164598, 1.4009033931981, 0.559758096778665, 0, 0.312961020948023, 0.582893306731869, -0.269932285783846, 78.4223636363628, 80.0176344086025, 78.9657435897435, 77.4522113343132
8/16/2017, 78.55, 79.34, 78.55, 79.3, 47441, 0.586419043674973, 1.13856993638093, 1.60152268274012, 0.849707090011181, 0, 0.31973311823333, 0.530261269032161, -0.210528150798831, 78.6412727272719, 79.9426451612906, 79.0714847374847, 77.5158171410143
8/17/2017, 79.27, 79.33, 78.92, 78.93, 24547, 0.585681979668746, 0.737216579218115, 1.30196295273923, 0.746181220683766, 0, 0.291879540684974, 0.482584923362724, -0.19070538267775, 78.7274545454537, 79.7922150537637, 79.1579023199023, 77.5686911870074
8/18/2017, 79.28, 79.46, 79.11, 79.38, 16618, 0.58662742154814, 0.536685768255214, 1.46250334012867, 0.828530424538378, 0, 0.302628110518199, 0.446593560793819, -0.14396545027562, 78.9558181818173, 79.6860645161293, 79.2602222222221, 77.6315691823899
8/21/2017, 79.48, 79.51, 79.37, 79.41, 52254, 0.565900522432525, 0.689835133063723, 1.5449906169685, 0.740479851173503, 0, 0.309993763686478, 0.419273601372351, -0.109279837685873, 79.152181818181, 79.5646451612906, 79.3641709401709, 77.6937686335404
8/22/2017, 79.28, 79.29, 79.05, 79.14, 32063, 0.562184135229321, -0.029814277833627, 1.39679374366966, 0.714259423084644, 0, 0.290693420571174, 0.393557565212115, -0.102864144640942, 79.2509090909083, 79.4066236559143, 79.4662857142856, 77.747922705314
8/23/2017, 78.97, 79.12, 78.95, 79.12, 17042, 0.546217010097902, -0.268988878307272, 1.39716832951854, 0.748194021868851, 0, 0.270663881998544, 0.368978828569401, -0.0983149465708569, 79.2843636363627, 79.258666666667, 79.5701245421245, 77.8003680981595
8/24/2017, 79.01, 79.12, 79.01, 79.01, 69643, 0.526589739868355, -0.334160585516827, 1.16817837879352, 0.840670726012009, 0, 0.243111806114044, 0.34380542407833, -0.100693617964286, 79.266181818181, 79.1164516129035, 79.659492063492, 77.8489622923836
8/25/2017, 79.15, 79.52, 79.06, 79.44, 145279, 0.529652096924077, 0.152161724141113, 1.36416128877311, 1.07315654416556, 0, 0.253056911263045, 0.325655721515273, -0.0725988102522281, 79.4069090909082, 79.0825591397853, 79.7511648351648, 77.9068603104213
8/28/2017, 79.48, 79.75, 79.42, 79.66, 47409, 0.522492900460285, 0.215476566187352, 1.28744680380889, 1.14237109523601, 0, 0.27551467841667, 0.315627512895552, -0.0401128344788824, 79.5234545454536, 79.0511612903229, 79.8558534798534, 77.9687645125958
8/29/2017, 79.73, 79.82, 79.5, 79.5, 46642, 0.517493021737521, 0.0574133737373836, 1.34313226678962, 1.13587690443803, 0, 0.277206493953926, 0.307943309107227, -0.0307368151533007, 79.4523636363627, 79.0682150537638, 79.9534505494504, 78.0254916672678
8/30/2017, 79.31, 79.35, 79.01, 79.02, 31420, 0.525609471864417, -0.553616892862633, 1.22883195968392, 1.13406669449809, 0, 0.237082343802726, 0.293771116046327, -0.0566887722436009, 79.3616363636354, 79.0478279569896, 80.0321880341879, 78.0695829769033
8/31/2017, 79.09, 79.51, 79.08, 79.51, 34721, 0.527065494194315, -0.114743500532343, 1.46235028967075, 1.25702135901594, 0, 0.242032569823294, 0.28342340680172, -0.0413908369784259, 79.3814545454536, 79.093290322581, 80.1236532356531, 78.1242638771485
9/1/2017, 79.85, 79.88, 79.48, 79.67, 122148, 0.524810199212005, -0.14347067064892, 1.58692246594007, 1.31057793979027, 0, 0.255916278872746, 0.277921981215925, -0.0220057023431792, 79.5149090909081, 79.1335698924734, 80.2059682539682, 78.1815120083536
9/5/2017, 80.07, 80.26, 79.77, 79.97, 72211, 0.533588184852563, -0.0396276833261237, 1.57830928214472, 1.34274912890586, 0, 0.287809027798971, 0.279899390532535, 0.00790963726643668, 79.7421818181809, 79.2162150537638, 80.2971477411476, 78.2445242518059
9/6/2017, 79.65, 80.14, 79.65, 79.89, 245062, 0.538083549699918, 0.132143399337876, 1.49754628467626, 1.1692348655332, 0, 0.303134582908726, 0.284546429007773, 0.0185881539009529, 79.8572727272717, 79.2917849462369, 80.3852283272281, 78.3043376852985
9/7/2017, 80.23, 80.49, 80.2, 80.47, 91856, 0.54477594191935, 0.460993771493112, 1.65809236358768, 1.24831236768446, 0, 0.357955065311984, 0.299228156268615, 0.0587269090433687, 80.1278181818172, 79.4745806451616, 80.5032576312574, 78.3762501680333
9/8/2017, 80.89, 80.89, 80.53, 80.54, 39416, 0.543161336527658, 0.567344890372535, 1.51435640293334, 1.36602873385749, 0, 0.402410371293882, 0.319864599273669, 0.0825457720202138, 80.3269090909081, 79.6470322580648, 80.6198998778996, 78.4482579230615
9/11/2017, 80.32, 80.5, 80.2, 80.26, 40109, 0.538984591848252, 0.539344687245369, 1.2541082378926, 1.4908336222517, 0, 0.410317971464394, 0.337955273711814, 0.0723626977525805, 80.4318181818172, 79.792731182796, 80.6986715506713, 78.5123802955665
9/12/2017, 80.22, 80.43, 80.15, 80.19, 29190, 0.529940867622568, 0.610058167566677, 1.21644113688141, 1.38859061935515, 0, 0.406253350840558, 0.351614889137563, 0.0546384617029953, 80.5118181818172, 79.9354838709681, 80.765128205128, 78.5735766233766
9/13/2017, 80.19, 80.19, 79.73, 79.85, 25767, 0.534391487362818, 0.381333946976734, 1.22701151258668, 1.25041203611918, 0, 0.371316644074398, 0.35555524012493, 0.015761403949468, 80.4134545454535, 80.0089247311831, 80.8153577533575, 78.6258359013867
9/14/2017, 79.68, 79.92, 79.68, 79.86, 4741, 0.522634638775669, 0.559918996037858, 1.4721361005565, 1.1891955233897, 0, 0.340510772459055, 0.352546346591755, -0.0120355741326997, 80.2034545454536, 80.080537634409, 80.8543443223441, 78.6772259252205
9/15/2017, 80.2, 80.25, 79.99, 80, 20346, 0.520009026749921, 0.636279867321428, 1.5704339228646, 1.3117549841822, 0, 0.32366274458424, 0.346769626190252, -0.0231068816060117, 80.093999999999, 80.1605591397854, 80.8850695970693, 78.7306647416985
9/18/2017, 79.89, 79.94, 79.48, 79.62, 85680, 0.529021427191585, 0.368196663972105, 1.3712539143951, 1.3921673807353, 0, 0.276460868105872, 0.332707874573376, -0.056247006467504, 79.8585454545444, 80.1740000000004, 80.8990378510376, 78.7745772811917
9/19/2017, 80.07, 80.19, 79.97, 80.13, 9539, 0.534938870976466, 0.838220576338278, 1.524061759512, 1.52922223549861, 0, 0.277012550430726, 0.321568809744846, -0.0445562593141199, 79.861999999999, 80.2374193548391, 80.934029304029, 78.8288133824431
9/20/2017, 80.62, 81, 79.91, 80.22, 103473, 0.575559949448729, 1.11883407506545, 1.451206651668, 1.49962161671825, 0, 0.281467429170348, 0.313548533629946, -0.0320811044595981, 79.8718181818171, 80.3096774193553, 80.9714139194136, 78.8839123307631
9/21/2017, 79.33, 79.47, 79.23, 79.27, 74474, 0.615779591113134, -0.00584256731548542, 0.886501481927965, 1.10111900881772, 0, 0.205966636967261, 0.292032154297409, -0.0860655173301481, 79.6514545454535, 80.2346236559144, 80.9686568986566, 78.9171824896414
9/22/2017, 79.73, 79.78, 79.64, 79.67, 20380, 0.614060572086874, 0.430265639176299, 0.845009942208192, 1.21039758424725, 0, 0.176375228409654, 0.268900769119858, -0.0925255407102043, 79.6487272727263, 80.2077419354843, 80.9838852258849, 78.9584242100261
9/25/2017, 79.46, 79.56, 79.34, 79.35, 14724, 0.606504038931988, -0.00618945779165801, 0.407869471128595, 1.4520960964702, 0, 0.125654036765837, 0.240251422649054, -0.114597385883217, 79.5269090909081, 80.141096774194, 80.9796947496944, 78.9919183313748
9/26/2017, 78.91, 78.92, 78.65, 78.85, 16181, 0.624220554404445, -0.298598159427921, 0.321073783497315, 1.36817706590445, 0, 0.0445972166829023, 0.201120581455824, -0.156523364772922, 79.2679999999989, 79.9838279569897, 80.9486227106223, 79.0139912816041
9/27/2017, 78.5, 78.83, 78.5, 78.53, 29276, 0.617710444149382, -0.326023543187286, -0.25690935393641, 1.23426350326895, 0, -0.0449441348542479, 0.151907638193809, -0.196851773048057, 78.9036363636353, 79.7596129032263, 80.9075262515259, 79.0287574032545
9/28/2017, 78.25, 78.56, 78.23, 78.53, 22199, 0.607836000510612, -0.31497359175038, -0.413874700180078, 1.34070097065594, 0, -0.114585431530315, 0.0986090242489845, -0.2131944557793, 78.6132727272717, 79.6053978494628, 80.8686471306468, 79.0431818181818
9/29/2017, 78.44, 78.5, 78.28, 78.43, 25112, 0.59411823363628, -0.309946641693218, -0.454451552561868, 1.45889372643198, 0, -0.17581909209953, 0.0437234009792815, -0.219542493078812, 78.3889090909081, 79.4187956989252, 80.8231159951157, 79.0551621073961
10/2/2017, 78.15, 78.34, 78.07, 78.22, 119748, 0.588939637060712, -0.683838890528128, -0.386402982138304, 1.33628918309238, 0, -0.238542682664033, -0.0127298157493813, -0.225812866914651, 78.1016363636353, 79.2387741935489, 80.7702124542121, 79.0624466722361
10/3/2017, 78.02, 78.34, 78, 78.34, 55103, 0.580335913841517, -0.744512243461622, -0.381616209107683, 1.32855819247915, 0, -0.275394012221255, -0.0652626550437561, -0.210131357177499, 78.0341818181807, 79.0834623655918, 80.7115506715503, 79.0720391292367
10/4/2017, 78.46, 78.63, 78.37, 78.55, 121617, 0.568304770411549, -0.527859155992141, -0.338837706018391, 1.34476669896703, 0, -0.284375606464394, -0.109085245327884, -0.17529036113651, 78.154909090908, 78.9436989247316, 80.6562466422463, 79.0857558900524
10/5/2017, 78.04, 78.1, 77.88, 77.89, 39772, 0.587473651688738, -0.614617880170692, -0.827092861484056, 1.06489330085472, 0, -0.340821293048478, -0.155432454872003, -0.185388838176475, 77.9487272727262, 78.7226666666671, 80.573792429792, 79.0855170552677
10/6/2017, 77.54, 77.77, 77.35, 77.69, 54235, 0.594290212299319, -1.04103394417689, -0.814050788292553, 0.954093856697717, 0, -0.397115534183598, -0.203769070734322, -0.193346463449276, 77.8287272727262, 78.4768602150541, 80.4722661782658, 79.0811062443245
10/9/2017, 77.53, 77.69, 77.48, 77.58, 75104, 0.578910624695248, -1.2078854510899, -0.94828366299174, 0.943614921396308, 0, -0.445470104483945, -0.252109277484246, -0.193360826999699, 77.7147272727262, 78.2542795698929, 80.350151404151, 79.0744615384615
10/10/2017, 77.79, 77.95, 77.79, 77.83, 20075, 0.571968289228633, -1.23926869165936, -0.888272013803039, 1.02830369352257, 0, -0.458335137004354, -0.293354449388268, -0.164980687616086, 77.6836363636353, 78.0900860215058, 80.2501587301583, 79.0729628466771
10/11/2017, 77.93, 77.98, 77.75, 77.96, 18189, 0.557214948090448, -1.10761401429271, -0.687650153131708, 0.972300234361834, 0, -0.45282101562286, -0.325247762635186, -0.127573252987673, 77.6890909090898, 77.9435268817209, 80.1637655677652, 79.0740629856003
10/12/2017, 78.18, 78.35, 78.12, 78.31, 9241, 0.551889330679028, -1.28698218848781, -0.524415089276755, 1.0002469884878, 0, -0.41542025367869, -0.343282260843887, -0.0721379928348027, 77.8465454545443, 77.8193118279575, 80.0963931623928, 79.0821365943701
10/13/2017, 78.93, 78.98, 78.81, 78.89, 29132, 0.562904434164039, -0.90875464004208, -0.233984745982814, 1.14042450208655, 0, -0.335115722199021, -0.341648953114914, 0.00653323091589314, 78.1963636363624, 77.8059354838714, 80.0609255189251, 79.1016379879194
10/16/2017, 78.74, 78.75, 78.47, 78.53, 37083, 0.563952047251254, -0.950603596076176, -0.284111591569534, 0.982922974959005, 0, -0.297098032610123, -0.332738769013956, 0.0356407364038329, 78.3547272727261, 77.7615483870973, 80.0068083028079, 79.1135577889447
10/17/2017, 78.35, 78.51, 78.25, 78.49, 7572, 0.553864142656503, -0.9344728493072, -0.226556523792821, 1.08912207929207, 0, -0.26711724409904, -0.319614464030973, 0.0524972199319322, 78.5063636363625, 77.7394408602156, 79.9449450549446, 79.1244179104478
10/18/2017, 78.37, 78.52, 78.31, 78.51, 7858, 0.539410988781728, -0.744094770343482, -0.242172395590825, 1.13569823183887, 0.87673634467938, -0.238988509577851, -0.303489273140348, 0.0645007635624973, 78.6987272727261, 77.7240860215058, 79.8838632478627, 79.1354273188513
10/19/2017, 78.73, 78.87, 78.65, 78.76, 11426, 0.533668091579365, -0.599318121104522, -0.0269725866620307, 1.14298717513576, 0.831471411320676, -0.194283791538979, -0.281648176820074, 0.0873643852810956, 78.8476363636351, 77.7880215053768, 79.8310085470081, 79.151103740916
10/20/2017, 78.32, 78.33, 78.15, 78.19, 13780, 0.549688118022141, -0.961993239379487, -0.244765003730247, 1.08401898159333, 0.672207294161533, -0.202514752716056, -0.265821491999271, 0.0633067392832151, 78.7121818181806, 77.7953333333338, 79.7627838827834, 79.1553057084903
10/23/2017, 78.1, 78.17, 78.03, 78.14, 20364, 0.532775892638132, -0.798224292862703, -0.2987142135206, 1.26097013985472, 0.724313015290839, -0.210644255031838, -0.254786044605784, 0.0441417895739464, 78.5101818181806, 77.7927956989252, 79.6880659340654, 79.1584065040651
10/24/2017, 77.81, 77.92, 77.79, 77.85, 25156, 0.530501642109267, -1.29206372190031, -0.270243344050571, 1.00950735987109, 0.612867250714735, -0.237746922031008, -0.251378220090829, 0.0136312980598213, 78.2274545454533, 77.76247311828, 79.6087570207565, 79.1557816717973
10/25/2017, 77.21, 77.23, 76.97, 77.02, 58861, 0.56653564264212, -1.69171701761111, -0.433391862440025, 0.629596691002141, 0.473660916916793, -0.322482664870464, -0.265599109046756, -0.0568835558237077, 77.6829090909078, 77.6192688172048, 79.4857875457869, 79.137146475306
10/26/2017, 77.04, 77.04, 76.62, 76.62, 47096, 0.568426604495971, -1.54575940895906, -1.07378724007036, 0.441172360059581, 0.315759168099314, -0.417104883164953, -0.295900263870395, -0.121204619294558, 77.1214545454533, 77.4442365591403, 79.3399120879115, 79.1110967112598
10/27/2017, 76.52, 76.79, 76.42, 76.77, 75300, 0.563048119247848, -1.74369596559988, -0.868103854876759, 0.372004180513414, 0.271761037707448, -0.474519955809768, -0.33162420225827, -0.142895753551498, 76.8199999999987, 77.3184731182801, 79.1962002441996, 79.0882936142804
10/30/2017, 76.71, 76.96, 76.68, 76.95, 29615, 0.551838127471401, -1.43213547359259, -0.990705590230555, 0.426966499516961, 0.284899239927606, -0.49973666565046, -0.365246694936708, -0.134489970713752, 76.6243636363623, 77.2110537634413, 79.0559511599505, 79.0692385509228
10/31/2017, 76.54, 76.75, 76.52, 76.62, 72379, 0.554564692162336, -1.36270543098829, -1.1345993314143, 0.382564518307781, 0.156806829268891, -0.540123128737605, -0.400221981696887, -0.139901147040718, 76.3929090909077, 77.1129892473123, 78.9070671550665, 79.0442071767095
11/1/2017, 76.76, 77.01, 76.76, 76.77, 14426, 0.551207625085375, -1.07507211314195, -0.962612570281099, 0.395723669185266, 0.247259524150603, -0.553643883250473, -0.430906362007604, -0.122737521242869, 76.3192727272713, 77.0626021505381, 78.7669987789981, 79.0223620674237
11/2/2017, 77.1, 77.29, 77.1, 77.22, 18968, 0.554265720136157, -0.757307107972135, -0.750132029382052, 0.52151136294461, 0.240571724981839, -0.52203029908533, -0.449131149423149, -0.0728991496621804, 76.5459999999986, 77.0282365591403, 78.6472893772887, 79.0092572415626
11/3/2017, 76.8, 76.8, 76.46, 76.52, 30442, 0.581029521216263, -1.04199108102015, -0.958471049932323, 0.179632821628356, 0.152462522634671, -0.547153214066086, -0.468735562351737, -0.0784176517143488, 76.5009090909076, 76.9449462365596, 78.5071623931617, 78.9832648852617
11/6/2017, 76.57, 76.86, 76.57, 76.85, 20290, 0.571728822580286, -0.727876482161338, -0.998668532497944, 0.301332207269765, 0.172290587469468, -0.534276258976163, -0.481843701676622, -0.0524325572995413, 76.6509090909076, 76.9025161290328, 78.3909645909639, 78.9637730928059
11/7/2017, 76.57, 76.57, 76.31, 76.45, 18000, 0.581301399797648, -0.998343503184365, -1.23844539766058, 0.0730026108713123, 0.0988513592258631, -0.55000769007124, -0.495476499355546, -0.0545311907156943, 76.6750909090894, 76.7921290322586, 78.25797069597, 78.9371602067183
11/8/2017, 76.82, 76.84, 76.75, 76.84, 24500, 0.574810872121339, -0.880743367182469, -1.00631154115849, 0.254599521023477, 0.168964354253614, -0.524953880358595, -0.501371975556156, -0.0235819048024393, 76.7443636363621, 76.7253763440865, 78.1345836385829, 78.9181029185868
11/9/2017, 76.55, 76.84, 76.55, 76.84, 10787, 0.564940708525684, -0.567893208877666, -0.835829478794905, 0.31242463122952, 0.218561774832144, -0.499342446761972, -0.500966069797319, 0.00162362303534713, 76.743454545453, 76.669526881721, 77.9989914529907, 78.8993066418636
11/10/2017, 76.61, 76.79, 76.61, 76.64, 5428, 0.553099449908115, -0.56931723703645, -1.12677213334749, 0.304841236989525, 0.172332502106731, -0.489540412499522, -0.49868093833776, 0.00914052583823721, 76.691454545453, 76.5925376344091, 77.8516117216109, 78.8771220309161
11/13/2017, 76.39, 76.45, 76.2, 76.29, 64350, 0.556692420355354, -0.694404181688925, -1.32726919347133, 0.253063711136805, 0.122070156343365, -0.504202175826663, -0.49978518583554, -0.0044169899911225, 76.5616363636348, 76.4686881720435, 77.6906202686195, 78.8488978829389
11/14/2017, 76.43, 76.43, 76.21, 76.33, 27229, 0.542991766166181, -0.818296863527653, -1.44144335083743, 0.179569940574117, 0.0880062005528645, -0.506752535404033, -0.501178655749239, -0.00557387965479395, 76.4156363636347, 76.3703655913984, 77.5320610500603, 78.821800493624
11/15/2017, 75.97, 75.98, 75.79, 75.91, 30278, 0.554264700775804, -1.10986477071317, -1.56664478771957, 0.0296502803023269, 0.0337438609914062, -0.536479996207916, -0.508238923840974, -0.0282410723669417, 76.170363636362, 76.2457204301081, 77.3613821733814, 78.7875382169499
11/16/2017, 76, 76.04, 75.91, 75.93, 6662, 0.534973288082402, -1.32319854728448, -1.84448691577658, 0.0187824792762724, -0.0703038421803816, -0.552061568106026, -0.517003452693985, -0.0350581154120416, 76.0689090909074, 76.096645161291, 77.2021147741141, 78.7541308124268
11/17/2017, 75.51, 75.75, 75.47, 75.72, 74467, 0.540009187478764, -1.90456219926432, -1.96276204777786, -0.175381567417706, -0.130435105021482, -0.574730189187378, -0.528548799992663, -0.0461813891947142, 75.825272727271, 75.9202365591404, 77.04586080586, 78.7174639654068
11/20/2017, 75.56, 75.62, 75.49, 75.52, 13136, 0.529595085965273, -1.830247913777, -1.93904430038276, -0.349204241537557, -0.12410597021567, -0.601895289018216, -0.543218097797774, -0.0586771912204423, 75.6221818181801, 75.7238279569899, 76.9035921855914, 78.6777809523809
11/21/2017, 75.84, 75.94, 75.8, 75.82, 10787, 0.528821812813144, -1.56980463605995, -1.75971204343121, -0.273321148649327, -0.0472661624285431, -0.592387657386894, -0.553052009715598, -0.0393356476712958, 75.515272727271, 75.5954408602158, 76.7704664224657, 78.6439724680432
11/22/2017, 75.88, 76.24, 75.87, 76.24, 63863, 0.527157743377727, -1.27109776157675, -1.42656323295874, -0.0629895501374051, 0.00226609075868473, -0.544683528246836, -0.551378313421846, 0.00669478517500988, 75.6658181818164, 75.5419784946243, 76.683755799755, 78.618032825231
11/24/2017, 76.24, 76.3, 76.17, 76.17, 21742, 0.509793633154287, -1.47838646650425, -1.4598975976222, 0.0651730093430755, 0.0036058737319919, -0.506685324182726, -0.542439715574022, 0.0357543913912957, 75.8249090909073, 75.5140645161297, 76.6046056166048, 78.5912300023186
11/27/2017, 76.32, 76.32, 76.07, 76.08, 68083, 0.501306939872423, -1.25463931352025, -1.55707601107272, 0.0707580008696239, -0.0715519375942082, -0.478319946933837, -0.529615761845985, 0.0512958149121477, 75.9494545454528, 75.527204301076, 76.524026862026, 78.5632329732628
11/28/2017, 76.18, 76.22, 76.01, 76.02, 30790, 0.490429628863709, -1.26169420776319, -1.44320029936252, 0.0265309970108949, -0.0363811618866201, -0.455431745990296, -0.514778958674847, 0.059347212684551, 76.0138181818164, 75.5268602150545, 76.4347301587293, 78.5345862920068
11/29/2017, 75.65, 75.82, 75.59, 75.8, 10393, 0.495624503521216, -1.2286663472425, -1.78279433677365, -0.0452408186043111, -0.0788515726737516, -0.449859147006165, -0.501794996341111, 0.0519358493349453, 76.0249090909073, 75.5121290322588, 76.3405909645901, 78.5025386787125
11/30/2017, 75.84, 75.93, 75.65, 75.7, 9709, 0.489959319663973, -0.891978154247083, -1.86682184379809, -0.153322771625419, -0.184112530054758, -0.448343758662389, -0.491104748805367, 0.0427609901429772, 75.9463636363619, 75.5033978494631, 76.2470964590956, 78.4692211524108
12/1/2017, 75.8, 76.41, 75.8, 76.1, 75695, 0.509663922123976, -0.340349951845057, -1.36876330538403, -0.169240101225123, -0.094235097571438, -0.410138326100594, -0.474911464264412, 0.0647731381638185, 76.0214545454527, 75.5802150537643, 76.1860341880333, 78.4432240639337
12/4/2017, 76, 76.02, 75.9, 75.91, 77196, 0.498566107890302, -0.569940085848891, -1.65585578354052, -0.367969450323396, -0.0904531958108164, -0.390688049009725, -0.458066781213475, 0.0673787322037495, 75.9796363636346, 75.6120860215063, 76.1141684981676, 78.4143435677341
12/5/2017, 76.15, 76.15, 75.99, 76.1, 17311, 0.488223989322671, -0.561119791119568, -1.4289792694208, -0.60320086399999, -0.0778091895977653, -0.355840247311633, -0.437621474433106, 0.0817812271214732, 75.953090909089, 75.679440860216, 76.0580732600724, 78.3890896526641
12/6/2017, 75.8, 75.8, 75.59, 75.62, 38511, 0.500478091881545, -0.648436036568324, -1.42913784097281, -0.662055364279509, -0.181784661324047, -0.362773277350897, -0.422651835016664, 0.0598785576657678, 75.7890909090891, 75.6797204301084, 75.9864761904753, 78.3560620266859
12/7/2017, 75.15, 75.27, 75.07, 75.14, 27213, 0.515089774323641, -1.03270696271617, -1.49057962259589, -1.19763615454144, -0.256681129330334, -0.402361568380499, -0.418593781689431, 0.0162322133089323, 75.5541818181799, 75.5781505376353, 75.8887057387049, 78.3154087105771
12/8/2017, 75.21, 75.23, 75.03, 75.05, 30602, 0.503246547109187, -1.45923484494925, -1.53206767002991, -1.34641432292157, -0.221011197553284, -0.435972205872318, -0.422069466526009, -0.0139027393463092, 75.3341818181799, 75.4506236559149, 75.7896605616596, 78.2738151969649
12/11/2017, 75.23, 75.44, 75.21, 75.29, 58227, 0.502460096859041, -0.88831841876434, -1.36655305918039, -1.26717256915101, -0.186016561002022, -0.438191683042561, -0.425293909829319, -0.0128977732132418, 75.2401818181799, 75.3736774193558, 75.7018095238085, 78.2368112935551
12/12/2017, 75.61, 75.69, 75.47, 75.64, 90266, 0.501569403197929, -0.865149123441735, -1.10297867234656, -1.04355312051498, -0.118232835301033, -0.407016724323597, -0.421638472728175, 0.0146217484045776, 75.2981818181799, 75.362688172044, 75.6272527472517, 78.2061412133891
12/13/2017, 76.05, 76.47, 76.03, 76.37, 19176, 0.526276995875301, -0.0419561698834821, -0.789507664494476, -0.830606894354989, -0.0363802629961209, -0.319719913654069, -0.401254760913354, 0.0815348472592847, 75.5850909090889, 75.4307741935493, 75.5830647130636, 78.1879813278009
12/14/2017, 76.57, 76.8, 76.56, 76.76, 41200, 0.525432327595712, -0.0416878802557142, -0.705334055606451, -0.741578072145725, 0.167217039632683, -0.216570333629178, -0.364317875456519, 0.14774754182734, 75.9556363636344, 75.5599569892482, 75.5592649572639, 78.1764915469292
12/15/2017, 76.66, 76.75, 76.4, 76.46, 73103, 0.52466094942368, -0.23174420762291, -0.579537131850243, -0.994853735845603, 0.0968513371935402, -0.157218721545519, -0.322898044674319, 0.1656793231288, 76.2447272727253, 75.6811397849472, 75.5174505494495, 78.1602142638507
12/18/2017, 76.68, 76.81, 76.65, 76.68, 88870, 0.519819997173811, 0.0356601121375279, -0.403585550230899, -0.860735307625431, 0.140830457046689, -0.0913766468754744, -0.27659376511455, 0.185217118239075, 76.5521818181799, 75.7884731182805, 75.4870183150173, 78.1477450583553
12/19/2017, 76.58, 76.67, 76.5, 76.66, 100223, 0.505697984791593, 0.251840927889949, -0.366838372666832, -0.928446000695494, 0.128407016850147, -0.0403450881239849, -0.229344029716437, 0.188998941592452, 76.8487272727254, 75.9142365591408, 75.4593162393152, 78.1351040481767
12/20/2017, 76.66, 76.76, 76.63, 76.67, 30654, 0.488828317965532, 0.232184949844264, -0.468869986813506, -0.960383643461699, 0.211421095503244, 0.000894396232567374, -0.183296344526636, 0.184190740759203, 77.0221818181798, 76.0158279569903, 75.425514041513, 78.1227814833251
12/21/2017, 76.85, 77.08, 76.85, 77.04, 30969, 0.488766144619632, 0.763012930612126, -0.362910876789978, -0.741470453329804, 0.294321060699806, 0.0627100105149623, -0.134095073518316, 0.196805084033279, 77.1701818181799, 76.1889462365602, 75.4010695970685, 78.1165899739969
12/22/2017, 77.15, 77.2, 77.11, 77.18, 18578, 0.473850953516736, 0.840800673710349, -0.45235488029617, -0.690943535482157, 0.259334232985605, 0.121594494519528, -0.0829571599107476, 0.204551654430275, 77.2449090909072, 76.3785376344097, 75.4076092796082, 78.1127164685909
12/26/2017, 77.23, 77.31, 77.19, 77.3, 39561, 0.457868379855117, 1.07702667716362, -0.660349925823101, -0.621333057031003, 0.228555254153723, 0.175916019086984, -0.0311825241112014, 0.207098543198185, 77.2929090909071, 76.5678279569903, 75.4127252747242, 78.1107986785853
12/27/2017, 77.69, 77.79, 77.65, 77.73, 27161, 0.464088054479101, 1.48588928909236, -0.321521771278438, -0.427138801924129, 0.310487471474018, 0.250772871450806, 0.0252085550012001, 0.225564316449606, 77.4498181818162, 76.7840860215065, 75.4478315018304, 78.1157516465864
12/28/2017, 77.93, 77.99, 77.88, 77.96, 12241, 0.456258161248429, 1.44297034965644, -0.206380140722728, -0.306418329929124, 0.140836932042658, 0.324911170351797, 0.0851490780713195, 0.239762092280477, 77.7181818181798, 77.0229032258076, 75.4948669108659, 78.1242715537849
12/29/2017, 78.14, 78.23, 78.02, 78.05, 19607, 0.45024204917849, 1.25137907417734, -0.176804494740398, -0.297464146649064, 0.207135248299943, 0.386473527948283, 0.145413968046712, 0.241059559901571, 78.0089090909071, 77.2346236559151, 75.5408986568976, 78.1340770252324
1/2/2018, 78.26, 78.31, 78.19, 78.31, 40550, 0.442910513873862, 1.47312495969711, -0.171911271435468, -0.137722745421276, 0.19800797935807, 0.451042628310802, 0.20653970009953, 0.244502928211272, 78.2590909090889, 77.4668602150549, 75.5986495726485, 78.1478276554364
1/3/2018, 78.34, 78.42, 78.24, 78.39, 116853, 0.431816637637314, 1.60168738329702, 0.100737366633154, -0.114750878846871, 0.163635794238671, 0.502872634255084, 0.265806286930641, 0.237066347324443, 78.479999999998, 77.6798924731194, 75.6580463980453, 78.1626245681741
1/4/2018, 78.36, 78.68, 78.36, 78.68, 30534, 0.42904932528177, 1.83670358041594, 0.244836127003812, -0.0571425619260486, 0.275977319168875, 0.560883349633031, 0.324821699471119, 0.236061650161912, 78.7038181818162, 77.8991612903237, 75.7401294261283, 78.1817369152386
1/5/2018, 78.48, 78.73, 78.42, 78.73, 17237, 0.427025541312221, 2.07822238567497, 0.393196927405447, 0.0622684937351202, 0.293230145129356, 0.603930111258109, 0.380643381828517, 0.223286729429592, 78.8367272727252, 78.1243870967754, 75.8298437118426, 78.2013462009804
1/8/2018, 78.38, 78.43, 78.32, 78.43, 17250, 0.433363952876905, 1.8868030828889, 0.66379641884594, 0.0826215724332892, 0.322908946376455, 0.606842188186505, 0.425883143100114, 0.18095904508639, 78.8276363636342, 78.3207741935496, 75.9035702075691, 78.2160068093386
1/9/2018, 78.22, 78.24, 78.09, 78.22, 21124, 0.434534621361914, 1.46643306191988, 0.764665082129567, -0.303602226214497, 0.302963326630194, 0.585456012695232, 0.457797717019138, 0.127658295676094, 78.6981818181797, 78.4717204301087, 75.9582344322333, 78.2271975386843
1/10/2018, 78.38, 78.54, 78.37, 78.39, 7640, 0.432323423635445, 1.74539523557849, 0.772137662955209, -0.142261886440334, 0.327076124652844, 0.575589852265367, 0.481356144068384, 0.0942337081969829, 78.5947272727251, 78.6250107526893, 76.0318046398035, 78.2408359522314
1/11/2018, 78.74, 78.92, 78.7, 78.89, 4580, 0.441695291162928, 1.89015456385324, 0.900136265637927, -0.125861071004181, 0.379002371410996, 0.601186565862875, 0.505322228427282, 0.095864337435593, 78.6905454545432, 78.8228387096786, 76.1316068376056, 78.2619468369469
1/12/2018, 78.76, 79.14, 78.74, 79.14, 31749, 0.443556664693597, 2.61067414001985, 1.1782165127227, -0.05945289782785, 0.362372241909731, 0.634332862090403, 0.531124355159906, 0.103208506930497, 78.8554545454523, 79.0192043010765, 76.2495750915738, 78.2865773651636
1/16/2018, 79.49, 79.66, 79.38, 79.6, 30034, 0.451607044241943, 3.66291406651568, 1.29639442620346, 0.157605084642699, 0.450281436692257, 0.689768474666494, 0.562853179061224, 0.12691529560527, 79.1329090909069, 79.2457204301087, 76.3864810744799, 78.3178669825393
1/17/2018, 79.74, 80.22, 79.66, 79.96, 40186, 0.465864490815104, 4.0977307561212, 1.25846705836372, 0.268484230237982, 0.519829515274898, 0.754058273982054, 0.60109419804539, 0.152964075936664, 79.5021818181795, 79.5194193548399, 76.5522246642234, 78.3541836705077
1/18/2018, 79.97, 80.07, 79.86, 79.99, 22190, 0.455531922131478, 3.88403557158122, 1.70410070632353, 0.309978488558914, 0.587216190208131, 0.798227680579927, 0.640520894552297, 0.15770678602763, 79.8078181818158, 79.7593548387109, 76.7212087912076, 78.3904510888352
1/19/2018, 80.05, 80.1, 79.97, 79.97, 36222, 0.440991603460448, 3.56138584320636, 1.54234675935183, 0.178108603083563, 0.646963843785055, 0.822141287679898, 0.676844973177817, 0.14529631450208, 80.0772727272703, 79.9830967741948, 76.8834993894982, 78.4259165237279
1/22/2018, 80.11, 80.29, 80.04, 80.06, 48175, 0.438456077970216, 3.44016590564528, 1.83606068924793, 0.139560586223698, 0.665434668073902, 0.838687375434247, 0.709213453629103, 0.129473921805144, 80.3174545454521, 80.1612903225819, 77.0483809523797, 78.4622442899702
1/23/2018, 79.81, 80.02, 79.79, 80.01, 29102, 0.433666465719044, 3.06683155034981, 1.62989526706241, 0.17245613163493, 0.677939287485081, 0.838104539624297, 0.734991670828142, 0.103112868796155, 80.4078181818158, 80.2724946236572, 77.2036166056153, 78.4973261806201
1/24/2018, 80.7, 80.83, 80.6, 80.78, 45224, 0.458811230825348, 3.81377029080985, 1.90371789413832, 0.535362807116734, 0.847169944671312, 0.889521354421348, 0.765897607546783, 0.123623746874564, 80.6359999999976, 80.4439784946249, 77.3926153846141, 78.5433987366538
1/25/2018, 80.84, 81.01, 80.16, 80.34, 55846, 0.491157986865423, 2.87903922779205, 1.76081841486469, 0.263997658546391, 0.783429919979411, 0.884568473086603, 0.789631780654747, 0.0949366924318554, 80.606545454543, 80.538666666668, 77.5648180708168, 78.5823189813017
1/26/2018, 80.79, 81.36, 80.79, 81.14, 52933, 0.524853968838177, 3.1830094826264, 2.22889099774726, 0.43862882203815, 0.889624766219663, 0.934425121920214, 0.818590448907841, 0.115834673012373, 80.8470909090884, 80.7256129032271, 77.7632967032954, 78.6325419248245
1/29/2018, 80.96, 81.05, 80.8, 81.03, 14493, 0.520268030111727, 3.05973897805861, 2.15283483191452, 0.322816590797827, 0.851439511901154, 0.954062950813565, 0.845684949288985, 0.10837800152458, 80.9769090909066, 80.9117849462378, 77.9671868131855, 78.6804728713955
1/30/2018, 80.97, 81.07, 80.78, 80.81, 33827, 0.513543528721142, 2.58487806862001, 2.2967259611233, 0.283129436721239, 0.739965248098453, 0.941026344381697, 0.864753228307528, 0.0762731160741694, 81.0196363636338, 81.0659784946249, 78.1628009767996, 78.7029072024054
1/31/2018, 81.05, 81.16, 80.4, 80.62, 33340, 0.536150830168168, 2.30253683115879, 2.18412256504442, 0.0646623086538062, 0.680699988209841, 0.904931836842408, 0.872788950014504, 0.0321428868279042, 81.0027272727247, 81.1499354838723, 78.3285665445652, 78.7261366680334
2/1/2018, 80.01, 80.45, 80.01, 80.45, 92569, 0.54833133538533, 2.06950975997862, 2.21487023945002, -0.00410017086003141, 0.706664183538557, 0.852778797182367, 0.868786919448077, -0.0160081222657096, 80.8970909090883, 81.2001505376358, 78.4948009767997, 78.7506672133389
2/2/2018, 79.65, 79.65, 79.21, 79.27, 75506, 0.606882719000408, 0.807379545649921, 1.55414714683806, -0.249179208871148, 0.625570814097437, 0.70806882255205, 0.836643300068871, -0.128574477516821, 80.3547272727246, 81.0749892473132, 78.6017728937716, 78.7542744294111
2/5/2018, 79.3, 79.4, 78.82, 78.82, 61388, 0.616622855600156, 0.445220798756148, 1.2274715137012, -0.351947935174491, 0.519489666714463, 0.550725465533404, 0.779459733161778, -0.228734267628374, 79.7130909090883, 80.8765591397863, 78.6780219780206, 78.7546661199946
2/6/2018, 78.56, 78.91, 78.5, 78.88, 22814, 0.611334974701877, 0.429857302071862, 1.09066720317243, -0.244045983506713, 0.507765400434117, 0.42596100672354, 0.70875998787413, -0.28279898115059, 79.1498181818155, 80.6965376344099, 78.7498046398033, 78.7566956402898
2/7/2018, 78.54, 78.65, 78.19, 78.2, 25502, 0.629936031512274, -0.0393511413988856, 0.814570449490688, -0.427846716078699, 0.378617786940788, 0.26911180387566, 0.620830351074436, -0.351718547198776, 78.5672727272701, 80.4276989247326, 78.7916068376055, 78.753987426541
2/8/2018, 78.24, 78.24, 77.75, 77.75, 8905, 0.633414119370377, -0.287501058601056, 0.664866304754825, -0.585543637056909, 0.355794189493564, 0.107260014705673, 0.518116283800684, -0.410856269095011, 77.8819999999973, 80.1031827957002, 78.8117582417569, 78.7478267049338
2/9/2018, 78.06, 78.2, 77.72, 77.99, 22191, 0.630664833850423, -0.31096629526069, 0.778731689744768, -0.419120129314146, 0.47554239946981, -0.00162397982586526, 0.414168231075374, -0.415792210901239, 77.5809090909063, 79.8348817204315, 78.8382319902306, 78.7455656689901
2/12/2018, 78.31, 78.52, 78.22, 78.47, 22418, 0.629237579615073, -0.104764872964243, 1.03969429695259, -0.424802015367265, 0.543911162383882, -0.04862284756625, 0.321610015347049, -0.370232862913299, 77.5954545454518, 79.6411397849476, 78.8885225885212, 78.7546529998634
2/13/2018, 78.38, 78.61, 78.3, 78.58, 12217, 0.616664026836028, 0.0829762122434245, 1.12189575804581, -0.418757886270789, 0.531932877822205, -0.07611628699172, 0.242064754879295, -0.318181041871015, 77.7436363636335, 79.4640645161304, 78.9481929181915, 78.76142599426
2/14/2018, 78.09, 79.32, 78.03, 79.31, 66159, 0.661765051914466, 0.493488935058782, 1.21311193512892, 0.03403152759358, 0.574674562859584, -0.0385556906784359, 0.185940665767749, -0.224496356446185, 78.2276363636335, 79.3935268817219, 79.0250842490829, 78.7823023096898
2/15/2018, 79.32, 79.43, 78.96, 79.42, 16496, 0.65739557987874, 0.466815034802262, 1.33168641580663, -0.0454690107293582, 0.593634696866327, 8.64368112161173E-05, 0.148769819976443, -0.148683383165226, 78.787090909088, 79.3358279569908, 79.1012991452977, 78.8040538472052
2/16/2018, 79.16, 79.39, 78.98, 79.08, 17400, 0.655030843528971, 0.0984383027150234, 1.12336452042324, -0.0512023134424517, 0.699184488046778, 0.00323811576394917, 0.119663479133944, -0.116425363369995, 79.0492727272698, 79.2476774193563, 79.1589401709387, 78.8218146781468
2/20/2018, 78.96, 79.1, 78.79, 78.85, 37198, 0.643752024742643, -0.114204661504715, 1.24027852370977, 0.0228185283077088, 0.69978211946895, -0.0126771000510217, 0.0931953632969508, -0.105872463347973, 79.1523636363607, 79.1310967741951, 79.2109841269827, 78.8369517561843
2/21/2018, 78.7, 78.81, 78.09, 78.11, 73504, 0.666007614817687, -0.630524016921439, 1.12638339747235, -0.092419908748784, 0.571436560058328, -0.0840331568855248, 0.0577496592604557, -0.14178281614598, 79.0101818181789, 78.8998494623672, 79.2328229548215, 78.8399816864836
2/22/2018, 78.45, 78.6, 78.42, 78.46, 10302, 0.661110910702766, -0.632111541544322, 1.28401612060486, 0.00418079582190818, 0.669132775461945, -0.111061028685953, 0.023987521671174, -0.135048550357127, 78.8949090909061, 78.7010752688188, 79.2776288156274, 78.8453095530957
2/23/2018, 78.1, 78.41, 78.1, 78.38, 17065, 0.651661443621486, -0.680259615216904, 1.16478145365143, 0.00962853160093391, 0.726885222160346, -0.137352825353659, -0.00828054773379261, -0.129072277619867, 78.6478181818152, 78.5019354838725, 79.3317167277153, 78.8502457291241
2/26/2018, 78.41, 78.53, 78.31, 78.53, 12395, 0.63190325676174, -0.603864408919669, 1.09287531557052, 0.108274268789171, 0.717004927965059, -0.14442072501808, -0.03550858319065, -0.10891214182743, 78.4661818181788, 78.3552258064532, 79.3847350427336, 78.8573079130793
2/27/2018, 78.42, 78.42, 77.89, 77.91, 16693, 0.646158318775824, -0.888160351714283, 0.592312282315033, -0.0930184631211273, 0.606743731712308, -0.197771122475757, -0.0679610910476714, -0.129810031428086, 78.1369090909061, 78.148838709679, 79.4097631257617, 78.8571411780787
2/28/2018, 78.09, 78.09, 77.67, 77.68, 23697, 0.642701916645639, -0.96377352209, 0.362095085778165, -0.212352994047277, 0.554312279923612, -0.255663643304686, -0.105501601499074, -0.150162041805612, 77.7807272727242, 77.9518709677436, 79.4256068376054, 78.85326964603
3/1/2018, 77.37, 77.66, 77.19, 77.6, 65223, 0.642768436092547, -1.41406500299835, 0.448365476416616, -0.0570273757722546, 0.504784374307705, -0.304489252007642, -0.145299131600788, -0.159190120406854, 77.5919999999969, 77.7811397849479, 79.4441172161158, 78.8538463851307
3/2/2018, 77.47, 77.61, 77.4, 77.61, 34043, 0.624080519375629, -1.22590338439378, 0.369358089816351, 0.0010116269285254, 0.479028298433425, -0.338475250256309, -0.183934355331892, -0.154540894924417, 77.5219999999969, 77.6289032258081, 79.4512478632465, 78.8561937952715
3/5/2018, 77.34, 77.66, 77.32, 77.66, 28721, 0.614385071507925, -1.70676407651245, 0.395819675059123, 0.04543510095513, 0.496090170263198, -0.357256585063595, -0.218598801278233, -0.138657783785363, 77.4999999999969, 77.4970322580662, 79.4598778998765, 78.8573636736369
3/6/2018, 78.12, 78.27, 78.09, 78.15, 24237, 0.619033748184775, -1.34283765359422, 0.567761142264181, 0.111249726721835, 0.5700611054832, -0.32881168686346, -0.240641378395278, -0.088170308468182, 77.6787272727241, 77.4482365591415, 79.4838339438326, 78.8637397840647
3/7/2018, 78.11, 78.25, 77.93, 78.23, 15447, 0.607933184834566, -1.19940368221653, 0.462086590179108, 0.0974374271099558, 0.534570206213815, -0.296396889847813, -0.251792480685785, -0.0446044091620277, 77.7752727272695, 77.418580645163, 79.4926227106214, 78.8715905425723
3/8/2018, 78.02, 78.02, 77.78, 77.87, 4168, 0.609100839824422, -1.27498444265819, 0.273411757797178, -0.0973351511562932, 0.451563974314922, -0.296340887743256, -0.260702162097279, -0.0356387256459764, 77.8109090909059, 77.4060645161307, 79.4758998778985, 78.8733948339485
3/9/2018, 78.21, 78.51, 78.21, 78.48, 19811, 0.614922888344436, -0.859273650512128, 0.443870718206485, -0.0880536952046214, 0.528890145319496, -0.244258938655719, -0.257413517408967, 0.0131545787532484, 78.0734545454513, 77.460387096776, 79.4882588522575, 78.887466447998
3/12/2018, 78.65, 78.79, 78.62, 78.79, 15969, 0.601550842282114, -0.22986296507486, 0.400807043723935, 0.0941556197315551, 0.541965463278396, -0.175941070411582, -0.24111902800949, 0.065177957597908, 78.4676363636331, 77.6193763440878, 79.5169157509144, 78.9035954626215
3/13/2018, 78.83, 78.92, 78.48, 78.58, 10640, 0.600997471624299, -0.111829777752552, 0.241661529932552, 0.0479088229668114, 0.570174154380497, -0.137162785372325, -0.220327779482057, 0.0831649941097318, 78.6510909090876, 77.7595483870986, 79.5277118437104, 78.9171061910621
3/14/2018, 79.03, 79.03, 78.69, 78.8, 16482, 0.597906881398801, -0.0286794043541975, 0.287497889728945, 0.102143682278192, 0.619733642820768, -0.0876679719042528, -0.193795817966496, 0.106127846062244, 78.8279999999967, 77.9287741935502, 79.5500219780206, 78.9385805658059
3/15/2018, 78.41, 78.41, 77.96, 78, 13378, 0.627683450532234, -0.0885870095257022, -0.0895116259575274, -0.178786196467127, 0.476488652880359, -0.111708582755156, -0.177378370924228, 0.0656697881690721, 78.6514545454511, 77.9967956989265, 79.5458754578741, 78.946286456198
3/16/2018, 77.5, 77.5, 77.13, 77.13, 34753, 0.659423618364301, -0.282986717700069, -0.403405353575741, -0.256711993053448, 0.405328500507673, -0.19867249629641, -0.181637195998665, -0.0170353002977456, 78.154545454542, 77.9600000000018, 79.4875726495713, 78.9394598879324
3/19/2018, 77.07, 77.25, 77, 77.16, 29428, 0.642408974860247, -0.3859244284124, -0.492411577356821, -0.235537125071964, 0.496867279815024, -0.26214938016723, -0.197739632832378, -0.0644097473348523, 77.7041818181784, 77.869763440862, 79.4374676434663, 78.9337840645075
3/20/2018, 77.07, 77.07, 76.81, 76.82, 8076, 0.635770146774353, -0.797985228469595, -0.62150141786896, -0.249560594557795, 0.363308840665421, -0.336017031289202, -0.225395112523743, -0.11062191876546, 77.2616363636328, 77.7200000000019, 79.3633846153832, 78.9251469181361
3/21/2018, 76.97, 77.8, 76.93, 77.69, 49928, 0.660289220510304, -0.38215552066929, -0.217583212954807, 0.201983587882048, 0.412044239821891, -0.320659583805963, -0.244448006780187, -0.0762115770257759, 77.2081818181783, 77.6975268817223, 79.3357264957252, 78.9298704387045
3/22/2018, 77.06, 77.15, 76.9, 77.07, 3449, 0.683573064284069, -1.01453556562186, -0.344670109610827, 0.143728644793847, 0.289596666424367, -0.354431844794235, -0.266444774382996, -0.0879870704112382, 76.8979999999964, 77.5587311827975, 79.280344322343, 78.9227519475197
3/23/2018, 77.33, 77.38, 77.03, 77.03, 9041, 0.672450048827139, -1.08728560972546, -0.411789209498848, 0.0934086628233379, 0.229722244373239, -0.380043367280265, -0.28916449296245, -0.0908788743178153, 76.7396363636328, 77.3921505376363, 79.2186007325994, 78.9149503895041
3/26/2018, 77.3, 77.46, 77.17, 77.46, 7340, 0.663037514821802, -0.716521277327702, -0.432776590244995, 0.158487066378076, 0.289536949173176, -0.361476402079532, -0.303626874785867, -0.0578495272936654, 76.8709090909054, 77.3007741935502, 79.1675897435884, 78.9124296842971
3/27/2018, 77.12, 77.15, 76.77, 76.77, 11852, 0.680486408794997, -0.895644726275916, -0.719216955349927, 0.0641386454540965, 0.218839010297787, -0.397852980317367, -0.322472095892167, -0.0753808844252004, 76.7943636363599, 77.1572688172061, 79.0864493284479, 78.900716413831
3/28/2018, 76.68, 76.83, 76.63, 76.64, 13380, 0.660606661313052, -0.661599520606688, -0.91303231604517, -0.00888564556102616, 0.187776214527891, -0.432189581725154, -0.344415593058764, -0.0877739886663901, 76.8156363636326, 77.0155698924749, 78.9899706959693, 78.8789438294385
3/29/2018, 76.85, 76.89, 76.77, 76.89, 12278, 0.641792818271306, -0.710063252580704, -0.947467431573927, -0.0611807620700245, 0.223766495531292, -0.43422322007342, -0.362377118461696, -0.0718461016117247, 76.8810909090871, 76.9667741935502, 78.9043296703283, 78.8623345633459
4/2/2018, 76.73, 76.74, 76.53, 76.58, 35309, 0.635676120488857, -0.812757893947636, -1.05355260242016, 0.0405296145272619, 0.109323640514351, -0.4555974584366, -0.381021186456676, -0.0745762719799234, 76.7259999999962, 76.9015913978513, 78.7997680097666, 78.8403386633869
4/3/2018, 76.8, 76.92, 76.79, 76.8, 12812, 0.624297831271938, -0.775517777915616, -0.972609685458879, 0.0112214502467759, 0.155080562364116, -0.4496018052062, -0.394737310206581, -0.0548644949996188, 76.6829090909053, 76.8599784946255, 78.699748473747, 78.8220410004103
4/4/2018, 76.92, 77.22, 76.9, 77.18, 80520, 0.617371984576323, -0.324582652255705, -0.87114735272044, 0.218676810503092, 0.146428383195774, -0.409467298484856, -0.397683307862236, -0.0117839906226197, 76.7227272727234, 76.8659569892491, 78.622068376067, 78.8049717097174
4/5/2018, 76.86, 76.95, 76.77, 76.82, 72656, 0.615937663123153, -0.383276944521173, -0.965156627748694, 0.0191514351377485, 0.136077099005666, -0.402074539105087, -0.398561554110806, -0.00351298499428043, 76.7925454545416, 76.787698924733, 78.5369890109876, 78.7807423807574
4/6/2018, 76.98, 77, 76.73, 76.8, 20071, 0.602871285378445, -0.355889723834703, -1.24575993035098, 0.0138282145606387, 0.161971271067563, -0.393295886723706, -0.397508420633386, 0.00421253390968002, 76.7789090909051, 76.7385591397868, 78.4490549450535, 78.7589654229879
4/9/2018, 76.74, 77.15, 76.73, 76.98, 38572, 0.598668342182533, -0.275576885976159, -1.05377475038008, 0.11500084921651, 0.209220998505456, -0.367577046405273, -0.391522145787764, 0.0239450993824904, 76.8341818181778, 76.717634408604, 78.366527472526, 78.7422506491734
4/10/2018, 77.45, 77.7, 77.45, 77.66, 49098, 0.610110926244538, 0.0147696473085372, -1.09000592769483, 0.384754852121212, 0.319604378257118, -0.288993031381935, -0.371016322906598, 0.082023291524663, 77.2130909090869, 76.8020215053782, 78.31173137973, 78.7341998086651
4/11/2018, 77.5, 77.75, 77.5, 77.61, 8281, 0.596084960772365, -0.226156968721518, -1.0720479273524, 0.361086271017091, 0.271448828319995, -0.228119594752471, -0.342436977275772, 0.114317382523302, 77.4258181818142, 76.8443440860234, 78.248659340658, 78.7362104687717
4/12/2018, 77.55, 77.64, 77.5, 77.59, 4688, 0.575448461338653, -0.270901387405454, -1.01086424171834, 0.470273629939868, 0.25130328893794, -0.179422519390315, -0.309834085698681, 0.130411566308366, 77.5598181818141, 76.8707311827976, 78.1811648351634, 78.735146371464
4/13/2018, 77.86, 77.89, 77.67, 77.73, 11974, 0.56498898507015, -0.0488334280684075, -0.904331295169714, 0.501389011458752, 0.261620306951501, -0.128056747874211, -0.273478618133787, 0.145421870259576, 77.7403636363596, 76.9101290322599, 78.1272942612928, 78.7384471778055
4/16/2018, 77.79, 77.86, 77.77, 77.86, 10004, 0.544191678898377, -0.275378056810588, -0.807683513835995, 0.592585316820578, 0.21221708416259, -0.0759832032633057, -0.233979535159691, 0.157996331896385, 77.8579999999959, 76.9658494623675, 78.0736898656885, 78.7459803198036
4/17/2018, 77.69, 77.8, 77.67, 77.73, 6501, 0.530068518114965, -0.485927331238709, -0.512671637098819, 0.612992702298178, 0.137623134009178, -0.0446893070209882, -0.19612148953195, 0.151432182510962, 77.9049090909049, 77.0067956989266, 78.0171965811953, 78.7479308459755
4/18/2018, 77.84, 78.01, 77.8, 77.89, 8919, 0.520504745377101, -0.311425067141782, -0.305835710694309, 0.575197904770869, 0.154761653137045, -0.00689848452891795, -0.158276888531344, 0.151378404002426, 78.0323636363595, 77.100258064518, 77.955836385835, 78.7516528631957
4/19/2018, 77.82, 77.85, 77.35, 77.35, 1276, 0.532837865372351, -0.656942592338518, -0.507934388377765, 0.31870685339389, 0.129827144928731, -0.0202885981373555, -0.130679230452546, 0.110390632315191, 77.8625454545412, 77.1322150537653, 77.8585421245407, 78.743703430368
4/20/2018, 76.74, 76.84, 76.63, 76.73, 19100, 0.557203941642431, -0.593818661643279, -0.493381052064987, 0.171998631120379, 0.119753379135838, -0.0800069082506667, -0.12054476601217, 0.0405378577615036, 77.4456363636321, 77.0671827957008, 77.7305274725261, 78.7260191335251
4/23/2018, 76.33, 76.41, 76.06, 76.11, 16012, 0.577671075024472, -0.499445948471189, -0.550087118730912, 0.0330622246088008, 0.0513426502308682, -0.175341687875033, -0.131504150384743, -0.0438375374902901, 76.8543636363594, 76.971505376346, 77.5795140415127, 78.6991635916363
4/24/2018, 76.08, 76.18, 75.99, 76.12, 15277, 0.561195720495363, -0.509515351838132, -0.631694388706126, 0.0513047151701943, 0.0392606460439267, -0.247238262362799, -0.154650972780354, -0.0925872895824452, 76.4499999999957, 76.9130537634427, 77.4361147741134, 78.6733582069158
4/25/2018, 75.69, 75.77, 75.59, 75.69, 11664, 0.571175945724688, -0.552830857393737, -0.954921945071076, -0.00329392997726736, -0.0236182084196908, -0.335051951635393, -0.190731168551362, -0.144320783084031, 75.9710909090866, 76.8032688172061, 77.2897899877886, 78.6439073390738
4/26/2018, 75.91, 75.91, 75.53, 75.56, 5979, 0.568696293876476, -1.18616398934242, -1.04051087024356, -0.0111500919138375, -0.0799182184053064, -0.410403965149428, -0.234665727870975, -0.175738237278453, 75.5479999999956, 76.7103010752707, 77.1469474969461, 78.6113696870306
4/27/2018, 75.62, 75.87, 75.61, 75.87, 7245, 0.558483687452764, -0.682002875851064, -1.21589694000032, -0.0345294149043564, -0.0996856708209612, -0.44003412998066, -0.275739408292912, -0.164294721687748, 75.3707272727229, 76.6242365591417, 77.0118681318668, 78.5824466311334
4/30/2018, 75.42, 75.56, 75.32, 75.33, 13554, 0.570868837099286, -0.937256029290768, -1.43472671525875, -0.124813190018161, -0.241212008213337, -0.501310935703359, -0.320853713775001, -0.180457221928357, 75.1343636363592, 76.4253978494643, 76.8585054945042, 78.5425043050434
5/1/2018, 75.03, 75.03, 74.71, 74.82, 15909, 0.587454851961438, -1.4805783897562, -1.49071531248223, -0.304402603375748, -0.443549398383757, -0.58429064462338, -0.373541099944677, -0.210749544678703, 74.8338181818137, 76.1754623655933, 76.6833943833931, 78.4920686073531
5/2/2018, 75, 75.35, 74.88, 74.89, 18185, 0.592945699326573, -1.11540983581364, -1.38562871752324, -0.164596690539486, -0.398697870269464, -0.637060608653343, -0.42624500168641, -0.210815606966933, 74.7481818181773, 75.9268387096793, 76.5129133089119, 78.4424335110021
5/3/2018, 75.22, 75.39, 74.99, 75.32, 136324, 0.593274273120535, -0.745421864842271, -0.983885442363393, 0.07245981473702, -0.508112101717565, -0.636842653307539, -0.468364532010636, -0.168478121296903, 74.8667272727228, 75.8032258064535, 76.3707545787532, 78.3982271422718
5/4/2018, 74.97, 75.41, 74.95, 75.31, 28071, 0.59422583108308, -0.907024312151232, -1.12263800941278, 0.0933891124633329, -0.561783243264853, -0.630212145235376, -0.500734054655584, -0.129478090579792, 74.968545454541, 75.6523010752707, 76.2325299145286, 78.3505507721747
5/7/2018, 75.02, 75.28, 74.97, 75.14, 11590, 0.588416156134195, -0.835388603893559, -1.15619554743859, -0.0137216277135878, -0.585438662762824, -0.631396651500935, -0.526866574024654, -0.104530077476281, 74.9650909090864, 75.4884946236578, 76.0909108669095, 78.3003444034444
5/8/2018, 74.44, 74.59, 74.35, 74.51, 10789, 0.616734807050426, -1.28722693114358, -1.41697959997188, -0.267425555394773, -0.619260304589219, -0.675385690295883, -0.5565703972789, -0.118815293016983, 74.7989090909046, 75.2856129032277, 75.9328913308899, 78.2405485854863
5/9/2018, 74.51, 74.72, 74.51, 74.61, 8682, 0.599185966353852, -1.48632979944164, -1.18373928812004, -0.43713584421995, -0.619763900064409, -0.694176125929587, -0.584091543009038, -0.11008458292055, 74.6690909090864, 75.0684516129052, 75.7867130647117, 78.1834481344818
5/10/2018, 75.28, 75.39, 75.05, 75.36, 27324, 0.615313186069239, -0.757361976322774, -0.789342800367467, -0.334032831752768, -0.522483252766792, -0.641158078338563, -0.595504850074943, -0.0456532282636204, 74.8312727272682, 74.9517204301095, 75.6777728937716, 78.1418094847619
5/11/2018, 75.58, 75.59, 75.35, 75.5, 35011, 0.599357637312172, -0.668913131488958, -0.710935590628616, -0.221794939634359, -0.578233360067313, -0.581144986028349, -0.592632877265624, 0.0114878912372751, 75.1147272727227, 74.8776774193568, 75.5827008546995, 78.103965832992
5/14/2018, 75.59, 75.61, 75.28, 75.28, 30690, 0.592971925295105, -0.882480738471845, -0.790484595033307, -0.335269716128688, -0.577349811117209, -0.54505330417814, -0.583116962648127, 0.0380636584699874, 75.2343636363591, 74.7640215053783, 75.4818485958473, 78.0604725980598
5/15/2018, 74.73, 74.82, 74.5, 74.72, 37730, 0.619740099162269, -1.61754762661877, -0.989923009164915, -0.471141628921816, -0.679667538934749, -0.555237276470095, -0.577541025412521, 0.0223037489424259, 75.0612727272681, 74.6023655913998, 75.3652405372392, 78.0040893808942
5/16/2018, 75.07, 75.23, 75.03, 75.14, 29134, 0.619398871425799, -1.29750226050707, -1.01114383165824, -0.362373764459838, -0.634532370466481, -0.523384408306029, -0.566709701991222, 0.0433252936851933, 75.0527272727227, 74.532752688174, 75.2710036630023, 77.9561374880419
5/17/2018, 75.11, 75.18, 75, 75.12, 9966, 0.600566422244247, -1.29786394418086, -1.04606915049499, -0.462671521864771, -0.589261248380858, -0.494059404379129, -0.552179642468804, 0.0581202380896745, 75.1096363636317, 74.4497634408622, 75.1718559218546, 77.9089394560616
5/18/2018, 74.98, 75.16, 74.96, 75.12, 7252, 0.583850135210842, -1.38009183593834, -0.92978276292531, -0.498244307765807, -0.585337962708169, -0.465453667349465, -0.534834447444936, 0.0693807800954713, 75.1754545454499, 74.3764086021525, 75.0704664224651, 77.863469728031
5/21/2018, 75.54, 75.83, 75.52, 75.83, 32064, 0.596279586564507, -0.980412140453697, -0.877886087743904, -0.339540062943227, -0.466623912382015, -0.381099273182642, -0.504087412592477, 0.122988139409835, 75.4629090909044, 74.4159784946256, 75.0061611721598, 77.8264296842972
5/22/2018, 76, 76.03, 75.72, 75.77, 22881, 0.587370819542394, -0.947596756500728, -1.00928152944978, -0.463391849561741, -0.445297031184153, -0.315452961249278, -0.466360522323837, 0.150907561074559, 75.5659999999953, 74.500688172045, 74.9522197802184, 77.7840975809762
5/23/2018, 75.48, 75.54, 75.36, 75.39, 25317, 0.58800679993223, -1.20987519269667, -1.06585170834536, -0.614905373421857, -0.471394643325997, -0.290739150347079, -0.431236247928486, 0.140497097581407, 75.4890909090862, 74.5460430107546, 74.8895091575078, 77.7358636053031
5/24/2018, 75.68, 75.86, 75.58, 75.82, 29386, 0.586432880698316, -0.73029035982196, -0.980012018784937, -0.524645666873574, -0.418983058045263, -0.2337612170152, -0.391741241745829, 0.157980024730629, 75.6681818181771, 74.6589462365611, 74.8585641025627, 77.6953196665303
5/25/2018, 75.56, 75.66, 75.48, 75.5, 7079, 0.581989059123429, -0.606482768779759, -0.848447635025879, -0.667963231339565, -0.42325962354765, -0.211983506091173, -0.355789694614897, 0.143806188523725, 75.7396363636317, 74.7520000000019, 74.8244004883991, 77.6527298072984
5/29/2018, 75.36, 75.36, 75.04, 75.07, 25658, 0.586694621894604, -0.526802049217825, -0.725454406963187, -0.791864912577742, -0.480142706480656, -0.226807424813472, -0.329993240654612, 0.10318581584114, 75.6185454545408, 74.8135483870987, 74.7753748473734, 77.6035670356706
5/30/2018, 75.39, 75.85, 75.39, 75.82, 24171, 0.603284186261495, -0.129833720227669, -0.44388955811877, -0.662183472516484, -0.385600220831185, -0.176007846321681, -0.299196161788026, 0.123188315466345, 75.6559999999953, 74.9795913978514, 74.7622930402916, 77.5582118354519
5/31/2018, 75.86, 75.92, 75.6, 75.69, 22635, 0.595243184730206, 0.0134738371098615, -0.374709409969055, -0.705826712870922, -0.356205506374495, -0.144572189710487, -0.268271367372518, 0.123699177662031, 75.6725454545407, 75.15212903226, 74.7485689865676, 77.5091870985379
6/1/2018, 75.47, 75.71, 75.37, 75.67, 78348, 0.588096455922, 0.0674774153213983, -0.718211101042874, -0.641150263210472, -0.311845326866348, -0.119891009291891, -0.238595295756393, 0.118704286464502, 75.6481818181771, 75.300322580647, 74.7360610500596, 77.4607727210608
6/4/2018, 76.52, 76.55, 76.39, 76.47, 19678, 0.610385718303084, 0.289852706064886, -0.195155324265374, -0.386601989390865, -0.347564873468794, -0.035369959000505, -0.197950228405215, 0.16258026940471, 75.870181818177, 75.5195268817223, 74.7788131868118, 77.421507175072
6/5/2018, 76.13, 76.18, 75.95, 76.13, 21879, 0.616608250160318, 0.391258909906555, -0.300399691731646, -0.506713319799703, -0.345386072780792, 0.00413080643006936, -0.157534021438158, 0.161664827868228, 76.0430909090861, 75.6559354838729, 74.8000830280816, 77.3736867568678
6/6/2018, 76.67, 76.77, 76.6, 76.62, 26594, 0.623796225273685, 0.875735247277106, -0.276148875991547, -0.505588993515732, -0.337534553305871, 0.0741199439448508, -0.111203228361557, 0.185323172306407, 76.3569090909043, 75.8550537634427, 74.8636336996323, 77.3344195708626
6/7/2018, 76.46, 76.49, 76.18, 76.21, 20103, 0.624662162989716, 0.632181966033795, -0.183374126784046, -0.659701488081219, -0.395049971765994, 0.0954035138616263, -0.06988187991692, 0.165285393778546, 76.4067272727224, 75.970258064518, 74.910129426128, 77.289904605713
6/8/2018, 75.91, 76.03, 75.84, 75.96, 16599, 0.619737075689493, 0.315629741505636, -0.226425417210736, -0.829554601014812, -0.393860052875707, 0.0910484360031205, -0.0376958167329119, 0.128744252736032, 76.4114545454497, 76.0417204301095, 74.9443394383381, 77.2425442121091
6/11/2018, 76.09, 76.22, 76.04, 76.1, 19527, 0.604749892981672, 0.38560800968602, -0.266153889915784, -0.881513116893118, -0.372318195888924, 0.0977668401196468, -0.0106032853624002, 0.108370125482047, 76.3929090909042, 76.1490322580665, 74.9839999999986, 77.1990791307916
6/12/2018, 76.12, 76.14, 75.67, 75.72, 20605, 0.608430976137215, 0.284278361526361, -0.291715207840106, -0.976953938754249, -0.408146532886214, 0.0716030047109939, 0.00583797265227863, 0.0657650320587153, 76.1243636363588, 76.1706451612922, 75.0065836385823, 77.1512663659972
6/13/2018, 75.86, 76.04, 75.32, 75.76, 33835, 0.625222727527119, 0.628660705786994, -0.357284704123031, -0.962534524843141, -0.459646747199031, 0.0534791677986846, 0.0153662116815598, 0.0381129561171247, 75.9841818181769, 76.160817204303, 75.0081587301574, 77.1034145141455
6/14/2018, 75.39, 75.42, 74.83, 74.87, 22030, 0.663129826974513, 0.132144659057437, -0.787937348609784, -1.1745272824974, -0.600214252623112, -0.0323270197286263, 0.0058275653995226, -0.0381545851281489, 75.5138181818132, 76.0366666666686, 74.9634017094004, 77.0418871122047
6/15/2018, 74.73, 74.73, 74.45, 74.46, 64246, 0.661645227481906, -0.409663676546216, -0.807431821035608, -1.25694556151191, -0.633636737408815, -0.131892243349967, -0.0217163963503752, -0.110175846999591, 74.9425454545405, 75.8892903225826, 74.9049499389486, 76.9767128604623
6/18/2018, 74.36, 74.42, 74.17, 74.24, 51535, 0.649956875759531, -0.579505568259225, -0.877193099202051, -1.50690170674441, -0.604212897375182, -0.225945996975241, -0.0625623164753484, -0.163383680499893, 74.5212727272678, 75.718881720432, 74.8250085470071, 76.910010933443
6/19/2018, 73.73, 73.85, 73.64, 73.78, 41356, 0.661970161745299, -0.684682601261431, -1.0953250849195, -1.51864887231341, -0.729818343553132, -0.333755108824391, -0.116800874945157, -0.216954233879234, 73.9947272727223, 75.4856774193568, 74.7178608058594, 76.8367268006017
6/20/2018, 73.83, 73.91, 73.7, 73.7, 14377, 0.643801229401489, -0.477252682185673, -1.40263579659907, -1.75352773746643, -0.761466399084374, -0.420799226554337, -0.177600545266993, -0.243198681287344, 73.6667272727223, 75.2090967741955, 74.6154578754565, 76.7638316249832
6/21/2018, 73.92, 73.97, 73.79, 73.89, 38633, 0.628308879097919, -0.597033154694818, -1.30900317818667, -1.67718665323352, -0.77412171446701, -0.469044056951816, -0.235889247603958, -0.233154809347858, 73.4816363636314, 74.9685161290342, 74.5351697191683, 76.6909558562255
6/22/2018, 74.39, 74.47, 74.22, 74.43, 11519, 0.631525674092677, -0.308932712212395, -1.07838865363945, -1.4760564693407, -0.686083789521067, -0.458420558750973, -0.280395509833361, -0.178025048917612, 73.5596363636313, 74.8510967741956, 74.4842857142844, 76.625060270603
6/25/2018, 74.25, 74.25, 74.03, 74.1, 14084, 0.629611783084778, -0.459825169955954, -1.24073799630456, -1.51143295405056, -0.806952681953479, -0.471197925587916, -0.318555992984272, -0.152641932603644, 73.6350909090859, 74.7071397849483, 74.438239316238, 76.5558641519751
6/26/2018, 74.02, 74.04, 73.88, 73.94, 9110, 0.614302427241723, -0.921317326503441, -1.34434838545979, -1.51232312997416, -0.837387248727203, -0.488602438915009, -0.352565282170419, -0.13603715674459, 73.6883636363585, 74.53724731183, 74.391460317459, 76.4816941369417
6/27/2018, 73.74, 73.95, 73.27, 73.35, 9398, 0.634634565736065, -1.15135029484834, -1.48666949273283, -1.42405071538322, -0.878547597058756, -0.543735861733495, -0.390799398083034, -0.152936463650461, 73.642909090904, 74.263806451615, 74.315350427349, 76.394420937543
6/28/2018, 73.45, 73.64, 73.45, 73.55, 13188, 0.620977880719285, -0.873399892234806, -1.4669748603073, -1.2697374967432, -0.841597050916941, -0.564780727340761, -0.42559566393458, -0.139185063406181, 73.6199999999949, 74.0525806451634, 74.2470695970682, 76.314793767938
6/29/2018, 73.93, 74.04, 73.87, 74.04, 17927, 0.619115032017264, -0.831654306780598, -1.10568340161198, -1.1488181048305, -0.729713160159371, -0.5357443032172, -0.447625391791104, -0.0881189114260962, 73.7563636363585, 73.9124516129053, 74.1876459096445, 76.2459352193524
7/2/2018, 73.42, 73.43, 73.1, 73.3, 13715, 0.658217095798505, -0.994125913462444, -1.14449103242045, -1.16953348868518, -0.82331038632231, -0.565920958924195, -0.471284505217722, -0.0946364537064732, 73.6159999999948, 73.6853978494644, 74.1066349206336, 76.168240809075
7/3/2018, 73.85, 73.85, 73.69, 73.71, 3722, 0.659136446424215, -0.601820716613095, -0.799686273696579, -0.957786218034645, -0.782880872564946, -0.550407843493218, -0.487109172872821, -0.0632986706203968, 73.5765454545402, 73.5694408602171, 74.0455482295469, 76.0996990569909
7/5/2018, 73.91, 73.94, 73.78, 73.87, 41198, 0.640391229086672, -0.924784303286526, -0.745784408159273, -0.975660987626728, -0.715440224522963, -0.519217706406337, -0.493530879579525, -0.0256868268268127, 73.5801818181766, 73.4834623655934, 73.9982100122086, 76.0335148284819
7/6/2018, 74.21, 74.29, 74.18, 74.28, 8717, 0.633285071190103, -0.646077528265557, -0.458605654839279, -0.988132142302876, -0.724660645499349, -0.456157425709705, -0.486056188805561, 0.0298987630958557, 73.7541818181766, 73.4364301075289, 73.9584297924285, 75.9722454557882
7/9/2018, 74.77, 74.85, 74.59, 74.67, 85509, 0.636646502391867, -0.443052089011241, -0.278780546869791, -0.912309170973799, -0.68187448456274, -0.37044173655184, -0.462933298354816, 0.0924915618029769, 74.1496363636311, 73.4747096774214, 73.9332454212441, 75.9175487221542
7/10/2018, 74.55, 74.72, 74.51, 74.67, 59069, 0.61887604951012, -0.875352464222446, -0.384516304616566, -1.10149342613366, -0.572480491248067, -0.299064011581422, -0.430159441000138, 0.131095429418716, 74.4659999999947, 73.4990752688193, 73.9084884004871, 75.8627661609953
