Date,FXY_Open,FXY_High,FXY_Low,FXY_Close,FXY_Volume,FXY_ATRPercentOfClose20,FXY_SQN25,FXY_SQN50,FXY_SQN100,FXY_SQN200,FXY_MACD,FXY_MACD_Avg,FXY_MACD_Diff,FXY_LinReg10,FXY_LinReg30,FXY_LinReg90,FXY_LinReg270
1/3/2017, 81.7, 82.26, 81.33, 81.87, 139258, 0, 0, 0, 0, 0, 0, 0, 0, 81.87, 81.87, 81.87, 81.87
1/4/2017, 82.21, 82.36, 81.96, 82.2, 173301, 0, 0, 0, 0, 0, 0.0263247863247926, 0.00526495726495853, 0.0210598290598341, 82.2, 82.2, 82.2, 82.2
1/5/2017, 83.08, 83.69, 83.07, 83.5, 312684, 0, 0, 0, 0, 0, 0.150353325054184, 0.0342826308228035, 0.11607069423138, 83.3383333333333, 83.3383333333333, 83.3383333333333, 83.3383333333333
1/6/2017, 82.69, 82.95, 82.32, 82.39, 195702, 0, 0, 0, 0, 0, 0.157266244855791, 0.058879353629401, 0.0983868912263897, 82.919, 82.919, 82.919, 82.919
1/9/2017, 82.9, 83.15, 82.8, 83.14, 95489, 0, 0, 0, 0, 0, 0.220719202023943, 0.0912473233083094, 0.129471878715634, 83.166, 83.166, 83.166, 83.166
1/10/2017, 83.15, 83.59, 83.13, 83.43, 87831, 0, 0, 0, 0, 0, 0.291051641947419, 0.131208187036131, 0.159843454911288, 83.4342857142857, 83.4342857142857, 83.4342857142857, 83.4342857142857
1/11/2017, 82.97, 84.39, 82.53, 83.59, 300398, 0, 0, 0, 0, 0, 0.355602110355306, 0.176086971699966, 0.17951513865534, 83.6521428571429, 83.6521428571429, 83.6521428571429, 83.6521428571429
1/12/2017, 84.35, 84.72, 84.06, 84.21, 177586, 0, 0, 0, 0, 0, 0.451582082921547, 0.231185993944283, 0.220396088977265, 84.0358333333333, 84.0358333333333, 84.0358333333333, 84.0358333333333
1/13/2017, 83.9, 84.31, 83.55, 84.17, 72087, 0, 0, 0, 0, 0, 0.518442949371774, 0.288637385029781, 0.229805564341993, 84.2633333333333, 84.2633333333333, 84.2633333333333, 84.2633333333333
1/17/2017, 85.36, 85.61, 85.15, 85.61, 348165, 0, 0, 0, 0, 0, 0.679790432210325, 0.36686799446589, 0.312922437744435, 84.908, 84.908, 84.908, 84.908
1/18/2017, 85.07, 85.18, 84.31, 84.34, 144673, 0, 0, 0, 0, 0, 0.697144836916166, 0.432923362955945, 0.264221473960221, 84.9207272727273, 84.9540909090909, 84.9540909090909, 84.9540909090909
1/19/2017, 83.79, 84.08, 83.39, 83.98, 132840, 0, 0, 0, 0, 0, 0.674078973515719, 0.4811544850679, 0.192924488447819, 84.7403636363637, 84.8725641025641, 84.8725641025641, 84.8725641025641
1/20/2017, 83.82, 84.34, 83.67, 84.21, 314531, 0, 0, 0, 0, 0, 0.666673194800097, 0.518258227014339, 0.148414967785758, 84.8023636363636, 84.8668131868132, 84.8668131868132, 84.8668131868132
1/23/2017, 84.9, 85.5, 84.56, 85.23, 520379, 0, 0, 0, 0, 0, 0.734641052560804, 0.561534792123632, 0.173106260437171, 84.956, 85.1185714285714, 85.1185714285714, 85.1185714285714
1/24/2017, 85.08, 85.38, 84.66, 84.74, 249252, 0, 0, 0, 0, 0, 0.740431926275761, 0.597314218954058, 0.143117707321703, 84.9354545454545, 85.192, 85.192, 85.192
1/25/2017, 84.69, 85.18, 84.63, 85.18, 156439, 0, 0, 0, 0, 0, 0.771630680026504, 0.632177511168547, 0.139453168857957, 85.0376363636364, 85.3456617647059, 85.3456617647059, 85.3456617647059
1/26/2017, 84.38, 84.43, 83.97, 84.2, 224999, 0, 0, 0, 0, 0, 0.709103997865085, 0.647562808507855, 0.0615411893572305, 84.7378181818182, 85.253725490196, 85.253725490196, 85.253725490196
1/27/2017, 83.78, 83.87, 83.66, 83.72, 73038, 0, 0, 0, 0, 0, 0.613744301039304, 0.640799107014145, -0.0270548059748406, 84.362909090909, 85.0761988304093, 85.0761988304093, 85.0761988304093
1/30/2017, 84.27, 84.96, 84.27, 84.79, 248129, 0, 0, 0, 0, 0, 0.617394176163955, 0.636118120844107, -0.0187239446801516, 84.3763636363636, 85.1344736842105, 85.1344736842105, 85.1344736842105
1/31/2017, 85.44, 86, 85.09, 85.41, 348607, 0, 0, 0, 0, 0, 0.662676623328124, 0.641429821340911, 0.021246801987214, 84.8581818181818, 85.2954285714285, 85.2954285714285, 85.2954285714285
2/1/2017, 84.76, 85.4, 84.58, 85.18, 356671, 0, 0, 0, 0, 0, 0.672254875398878, 0.647594832152504, 0.0246600432463735, 85.0174545454545, 85.3874891774891, 85.3874891774891, 85.3874891774891
2/2/2017, 85.76, 85.9, 85.47, 85.49, 207465, 1.15340683120833, 0, 0, 0, 0, 0.696827524452615, 0.657441370612526, 0.039386153840089, 85.166, 85.5157707509881, 85.5157707509881, 85.5157707509881
2/3/2017, 85.4, 85.81, 85.29, 85.55, 242575, 1.12535958503799, 0, 0, 0, 0, 0.712924870298679, 0.668538070549757, 0.0443867997489218, 85.2989090909092, 85.6328260869565, 85.6328260869565, 85.6328260869565
2/6/2017, 85.88, 86.32, 85.63, 86.29, 422606, 1.10454035085178, 0, 0, 0, 0, 0.776443590032216, 0.690119174446248, 0.086324415585967, 85.8183636363637, 85.8472, 85.8472, 85.8472
2/7/2017, 85.79, 86.19, 85.71, 85.77, 157880, 1.08948638837881, 0, 0, 0, 0, 0.775879127258975, 0.707271165008794, 0.0686079622501808, 86.0023636363637, 85.9522153846153, 85.9522153846153, 85.9522153846153
2/8/2017, 86.17, 86.29, 85.92, 86.01, 109262, 1.06235304214263, 1.19707556590061, 0, 0, 0, 0.785740256114607, 0.722964983229957, 0.0627752728846508, 86.301090909091, 86.0763247863247, 86.0763247863247, 86.0763247863247
2/9/2017, 85.8, 85.87, 85.04, 85.11, 248532, 1.07689267885035, 0.819241326138078, 0, 0, 0, 0.712717035062866, 0.720915393596538, -0.00819835853367246, 86.0476363636365, 86.0566666666666, 86.0566666666666, 86.0566666666666
2/10/2017, 84.77, 85.4, 84.77, 85.05, 242908, 1.06080680896068, 0.467785076146032, 0, 0, 0, 0.642596653497407, 0.705251645576712, -0.0626549920793055, 85.6278181818183, 86.02921182266, 86.02921182266, 86.02921182266
2/13/2017, 84.65, 84.87, 84.51, 84.8, 78816, 1.0425771007901, 0.76314776748287, 0, 0, 0, 0.560392973883452, 0.67627991123806, -0.115886937354608, 85.2630909090911, 85.9703448275861, 85.9703448275861, 85.9703448275861
2/14/2017, 85.05, 85.05, 84.18, 84.33, 373523, 1.04755141989387, 0.388934698913449, 0, 0, 0, 0.452109259383818, 0.631445780867212, -0.179336521483394, 84.8594545454548, 85.8567956989246, 85.8567956989246, 85.8567956989246
2/15/2017, 83.99, 84.63, 83.93, 84.5, 298439, 1.03459184233926, 0.35140989196177, 0, 0, 0, 0.375680602617635, 0.580292745217296, -0.204612142599661, 84.5274545454547, 85.6912043010752, 85.7750403225806, 85.7750403225806
2/16/2017, 84.83, 85.24, 84.72, 85.13, 289919, 1.01905156987882, 0.488392830260254, 0, 0, 0, 0.361775750705462, 0.536589346314929, -0.174813595609468, 84.512181818182, 85.6105806451612, 85.7757954545454, 85.7757954545454
2/17/2017, 85.45, 85.46, 85.31, 85.36, 231029, 0.984820374140055, 0.372432273355283, 0, 0, 0, 0.365106413729194, 0.502292759797782, -0.137186346068588, 84.6080000000002, 85.6269032258063, 85.8019607843136, 85.8019607843136
2/21/2017, 84.79, 84.96, 84.72, 84.81, 138963, 0.979378066027182, 0.213685003349293, 0, 0, 0, 0.319680506824938, 0.465770309203214, -0.146089802378276, 84.672181818182, 85.4874408602149, 85.7625042016806, 85.7625042016806
2/22/2017, 85.19, 85.26, 84.83, 85.25, 223251, 0.952000012795039, -0.101034588039954, 0, 0, 0, 0.315547041223894, 0.43572565560735, -0.120178614383456, 84.8650909090911, 85.4381935483869, 85.7740476190475, 85.7740476190475
2/23/2017, 85.44, 85.62, 85.42, 85.5, 145595, 0.923392994575886, 0.439937115423872, 0, 0, 0, 0.328655613288916, 0.414311647143663, -0.0856560338547469, 85.2207272727275, 85.426387096774, 85.8102252252252, 85.8102252252252
2/24/2017, 85.82, 86.09, 85.69, 85.99, 116322, 0.906530945277664, 0.750361120980448, 0, 0, 0, 0.374268818031709, 0.406303081321272, -0.0320342632895633, 85.5934545454548, 85.4740645161288, 85.8930867709815, 85.8930867709815
2/27/2017, 85.88, 86.02, 85.42, 85.47, 272318, 0.901544005910905, 0.468154712839838, 0, 0, 0, 0.364259006157468, 0.397894266288511, -0.0336352601310433, 85.7265454545457, 85.4816129032256, 85.9150607287449, 85.9150607287449
2/28/2017, 86.03, 86.21, 85.74, 85.81, 153431, 0.896191794382295, 0.234615403368248, 0, 0, 0, 0.379387968294083, 0.394193006689626, -0.014805038395543, 85.9041818181821, 85.5215053763439, 85.9678589743589, 85.9678589743589
3/1/2017, 84.61, 84.91, 84.51, 84.77, 408049, 0.938505449830689, 0.0272018683028948, 0, 0, 0, 0.303954671184087, 0.376145339588518, -0.0721906684044309, 85.5734545454548, 85.5148602150536, 85.9151829268292, 85.9151829268292
3/2/2017, 84.18, 84.34, 84.09, 84.25, 80609, 0.937439188522731, -0.317477361311337, 0, 0, 0, 0.19990915725252, 0.340898103121318, -0.140988945868798, 85.0730909090911, 85.3629892473116, 85.817212543554, 85.817212543554
3/3/2017, 84.18, 84.62, 83.97, 84.61, 532304, 0.92518956448869, 0.17159739757802, 0, 0, 0, 0.144831798391564, 0.301684842175368, -0.156853043783803, 84.8367272727275, 85.2333763440859, 85.7596013289036, 85.7596013289036
3/6/2017, 84.76, 84.76, 84.49, 84.64, 161732, 0.894568461706271, 0.373151376947818, 0, 0, 0, 0.102422679074394, 0.261832409555173, -0.159409730480779, 84.6850909090912, 85.1188387096772, 85.7086469344608, 85.7086469344608
3/7/2017, 84.45, 84.6, 84.43, 84.52, 71288, 0.863469721591076, -0.100485731590791, 0, 0, 0, 0.0584563015002573, 0.22115718794419, -0.162700886443932, 84.421272727273, 85.0543010752686, 85.6505454545455, 85.6505454545455
3/8/2017, 84.04, 84.31, 84, 84.25, 195446, 0.853785612171322, -0.493678147233616, 0, 0, 0, 0.00180507916725503, 0.177286766188803, -0.175481687021548, 84.1680000000002, 84.9274193548385, 85.5731304347826, 85.5731304347826
3/9/2017, 83.88, 84.02, 83.81, 83.83, 64448, 0.841403625601362, -0.572856022368345, 0, 0, 0, -0.0761046258419924, 0.126608487782644, -0.202713113624636, 83.8741818181821, 84.7797419354836, 85.465652173913, 85.465652173913
3/10/2017, 83.62, 84.02, 83.54, 83.96, 35308, 0.826680831794354, -0.655605589424471, 0, 0, 0, -0.125907333460745, 0.076105323533966, -0.202012656994711, 83.8143636363639, 84.5919354838707, 85.3763031914893, 85.3763031914893
3/13/2017, 83.95, 84.11, 83.9, 83.91, 46620, 0.798328167150295, -0.704681301821711, 0, 0, 0, -0.167480311413186, 0.0273881965445356, -0.194868507957722, 83.7440000000003, 84.3673333333331, 85.2889285714285, 85.2889285714285
3/14/2017, 83.85, 84.11, 83.85, 83.99, 28013, 0.773167408980858, -1.05644227344405, 0, 0, 0, -0.191761358966659, -0.0164417145577033, -0.175319644408955, 83.8543636363639, 84.2229892473116, 85.213681632653, 85.213681632653
3/15/2017, 83.99, 85.12, 83.94, 85.11, 336857, 0.794165364190896, -0.257902658760671, 0, 0, 0, -0.119254927745388, -0.0370043571952402, -0.0822505705501476, 84.2429090909093, 84.2672473118277, 85.2302823529411, 85.2302823529411
3/16/2017, 85.1, 85.28, 84.94, 85.09, 94163, 0.774613273463072, -0.367026790643982, 0.777847249934132, 0, 0, -0.0626843058171147, -0.0421403469196151, -0.0205439588974996, 84.5020000000002, 84.2955698924728, 85.2440045248868, 85.2440045248868
3/17/2017, 85.17, 85.56, 85.17, 85.52, 128681, 0.759661497509637, 0.193100128480683, 0.796626352715573, 0, 0, 0.0166537518853005, -0.030381527158632, 0.0470352790439325, 84.9358181818184, 84.3996989247308, 85.2887300435413, 85.2887300435413
3/20/2017, 85.49, 85.63, 85.41, 85.62, 278521, 0.733683002845982, 0.263199746891477, 0.535322515905094, 0, 0, 0.0866006204340835, -0.00698509764008889, 0.0935857180741723, 85.3605454545456, 84.5203225806448, 85.3376729559747, 85.3376729559747
3/21/2017, 85.65, 86.34, 85.65, 86.25, 155387, 0.733646861083934, 0.632799618170864, 0.987754928249727, 0, 0, 0.190671806671062, 0.0325462832221414, 0.158125523448921, 85.9254545454547, 84.7697634408599, 85.4286734006733, 85.4286734006733
3/22/2017, 86.65, 86.97, 86.64, 86.69, 363102, 0.734954316300206, 1.03806059640166, 0.91364176168063, 0, 0, 0.305135877863322, 0.0870642021503774, 0.218071675712944, 86.4940000000002, 85.0406236559136, 85.544909090909, 85.544909090909
3/23/2017, 86.99, 87.07, 86.57, 86.81, 263064, 0.726039974611929, 1.01514986963368, 0.870197342774519, 0, 0, 0.400911023351696, 0.149833566390641, 0.251077456961055, 86.8869090909093, 85.336774193548, 85.6621240601502, 85.6621240601502
3/24/2017, 86.67, 87.08, 86.58, 86.65, 159856, 0.719863285473266, 0.686895450305622, 0.789043108759402, 0, 0, 0.458616211146264, 0.211590095341766, 0.247026115804498, 87.0880000000002, 85.547462365591, 85.7610828796127, 85.7610828796127
3/27/2017, 87.47, 87.47, 87.06, 87.11, 185198, 0.727325749075256, 0.776690818933605, 0.748207129736009, 0, 0, 0.535295589490772, 0.276331194171567, 0.258964395319205, 87.291272727273, 85.8025806451609, 85.8848275862068, 85.8848275862068
3/28/2017, 87.53, 87.53, 86.65, 86.68, 175940, 0.745148577547857, 0.84522908087773, 0.648292345309729, 0, 0, 0.554969796575605, 0.332058914652375, 0.222910881923231, 87.1874545454547, 85.9731827956986, 85.9726610169491, 85.9726610169491
3/29/2017, 86.8, 86.94, 86.66, 86.81, 43254, 0.722958239451167, 0.714334408461633, 0.338337015414897, 0, 0, 0.57442998962982, 0.380533129647864, 0.193896859981956, 87.2058181818184, 86.1168172043008, 86.0636229508196, 86.0636229508196
3/30/2017, 86.72, 86.75, 86.12, 86.16, 113711, 0.732033478742085, 0.298641202488811, 0.528941430944971, 0, 0, 0.531278517069666, 0.410682207132224, 0.120596309937441, 86.9029090909094, 86.1733118279567, 86.107567424643, 86.107567424643
3/31/2017, 86.29, 86.58, 86.2, 86.52, 79822, 0.716810035852949, 0.243506167622467, 0.731864569516765, 0, 0, 0.520133875980434, 0.432572540901866, 0.087561335078568, 86.7520000000003, 86.306774193548, 86.1714439324116, 86.1714439324116
4/3/2017, 86.46, 86.9, 86.42, 86.9, 201549, 0.705609713312973, 0.646880235633997, 0.769177515866787, 0, 0, 0.535788258306766, 0.453215684382846, 0.08257257392392, 86.6978181818185, 86.4948172043008, 86.2550942460317, 86.2550942460317
4/4/2017, 87.09, 87.2, 86.96, 87, 116641, 0.686800113592557, 0.543293289498987, 0.528822576084447, 0, 0, 0.549924446644411, 0.472557436835159, 0.0773670098092518, 86.734363636364, 86.6489462365588, 86.3400528846153, 86.3400528846153
4/5/2017, 86.49, 87.07, 86.44, 87.07, 280799, 0.688113350045076, 1.20039446523536, 0.699325126119277, 0, 0, 0.560316908200747, 0.490109331108277, 0.07020757709247, 86.8421818181822, 86.8271612903223, 86.4244195804195, 86.4244195804195
4/6/2017, 86.93, 87.04, 86.69, 86.94, 98651, 0.676539313538113, 1.475378011915, 0.534984012299269, 0, 0, 0.551703401919241, 0.50242814527047, 0.0492752566487712, 86.9083636363639, 86.9938064516125, 86.4963772048846, 86.4963772048846
4/7/2017, 87.15, 87.15, 86.5, 86.59, 63710, 0.68284341751996, 1.07021720646566, 0.753471916214827, 0, 0, 0.51074748216115, 0.504092012648606, 0.00665546951254459, 86.8145454545457, 87.1394193548383, 86.5438937664618, 86.5438937664618
4/10/2017, 86.55, 86.91, 86.51, 86.82, 46095, 0.670018900563242, 1.17261120084463, 0.985119059770057, 0, 0, 0.491186605061088, 0.501510931131102, -0.0103243260700141, 86.8954545454548, 87.2756774193544, 86.6019309462915, 86.6019309462915
4/11/2017, 87.25, 87.85, 87.25, 87.81, 131046, 0.687990990770478, 1.60598008289824, 0.959174135904702, 0, 0, 0.549237922375156, 0.511056329379913, 0.0381815929952425, 87.2481818181821, 87.5515053763437, 86.7129275362319, 86.7129275362319
4/12/2017, 87.83, 88.28, 87.7, 88.25, 204406, 0.683193931496633, 1.970754374568, 0.905613213672125, 0, 0, 0.623560317166806, 0.533557126937292, 0.0900031902295144, 87.717272727273, 87.8009247311823, 86.84276861167, 86.84276861167
4/13/2017, 88.23, 88.39, 88.06, 88.28, 131060, 0.667504205163672, 2.29074245505964, 0.99199815937596, 0, 0, 0.677077175568613, 0.562261136663556, 0.114816038905057, 87.9881818181821, 87.997032258064, 86.9676525821596, 86.9676525821596
4/17/2017, 88.7, 88.9, 88.33, 88.4, 166502, 0.668336059618287, 2.28178716524969, 0.93275084848401, 0, 0, 0.720863008498029, 0.59398151103045, 0.126881497467578, 88.2569090909094, 88.2063655913974, 87.0927701674277, 87.0927701674277
4/18/2017, 88.61, 88.84, 88.39, 88.8, 265829, 0.65739709782369, 2.51243278806236, 1.03160820177323, 0, 0, 0.778862017106547, 0.63095761224567, 0.147904404860878, 88.6372727272731, 88.4439999999995, 87.2331284709367, 87.2331284709367
4/19/2017, 88.33, 88.55, 88.22, 88.46, 67085, 0.659710820397994, 2.22768915668322, 0.704247210929257, 0, 0, 0.788304408271557, 0.662426971450847, 0.12587743682071, 88.8165454545458, 88.603655913978, 87.3486054054054, 87.3486054054054
4/20/2017, 88.18, 88.3, 87.97, 88.07, 96134, 0.657319384736984, 1.62020078964427, 0.754283531273689, 0, 0, 0.755607655956155, 0.681063108351909, 0.0745445476042458, 88.7954545454548, 88.67040860215, 87.4380456140351, 87.4380456140351
4/21/2017, 88.26, 88.43, 88.16, 88.3, 184151, 0.643211917362366, 1.75685493764222, 0.749326479024066, 0, 0, 0.739727207208119, 0.692795928123151, 0.0469312790849683, 88.773272727273, 88.7136989247306, 87.534955570745, 87.534955570745
4/24/2017, 87.36, 87.79, 87.36, 87.77, 300910, 0.668290209501448, 1.18612698385242, 0.901358480648333, 0, 0, 0.676576118220822, 0.689551966142685, -0.012975847921863, 88.4238181818185, 88.6695698924726, 87.6001798201798, 87.6001798201798
4/25/2017, 86.95, 87.06, 86.64, 86.66, 93409, 0.708204940036291, 0.479898126136127, 0.522711066334725, 0, 0, 0.530841491598622, 0.657809871233873, -0.126968379635251, 87.6725454545458, 88.4566881720424, 87.6063356053229, 87.6063356053229
4/26/2017, 86.41, 86.76, 86.18, 86.73, 87959, 0.705688782409405, 0.235348860065022, 0.625953888168868, 0, 0, 0.416196510722557, 0.60948719913161, -0.193290688409053, 87.1521818181821, 88.2402795698919, 87.6153639240506, 87.6153639240506
4/27/2017, 86.43, 86.7, 86.3, 86.62, 77442, 0.696076757024352, -0.020827171537349, 0.750486433173816, 0, 0, 0.312857035555012, 0.55016116641629, -0.237304130861278, 86.7407272727276, 88.0669032258058, 87.6182777777777, 87.6182777777777
4/28/2017, 86.26, 86.47, 86.26, 86.39, 27753, 0.683869200819271, -0.185471381222037, 0.621092862077783, 0, 0, 0.209980158594064, 0.482124964851845, -0.272144806257781, 86.3447272727275, 87.8532688172037, 87.6095995182174, 87.6095995182174
5/1/2017, 86.19, 86.37, 86.05, 86.14, 100737, 0.671296578196402, -0.227458671148863, 0.344292155879881, 0, 0, 0.107042660592256, 0.407108503999927, -0.300065843407671, 85.9894545454548, 87.6281935483864, 87.5890038201586, 87.5890038201586
5/2/2017, 85.82, 85.98, 85.82, 85.93, 54745, 0.657910076615224, -0.555182787398369, 0.202105890779778, 0, 0, 0.00842162756414666, 0.327371128712771, -0.318949501148624, 85.7649090909093, 87.3791397849456, 87.5590275387262, 87.5590275387262
5/3/2017, 85.75, 85.76, 85.42, 85.47, 87123, 0.658213434414051, -0.570634309003432, 0.233425139963273, 0, 0, -0.105636693213597, 0.240769564327497, -0.346406257541095, 85.4700000000002, 87.1117204301068, 87.5084789915965, 87.5084789915965
5/4/2017, 85.28, 85.71, 85.25, 85.71, 109915, 0.650386502478129, -0.513309225982108, 0.168485710566324, 0, 0, -0.174649489341874, 0.157685753593623, -0.332335242935497, 85.343090909091, 86.9091182795692, 87.470807113543, 87.470807113543
5/5/2017, 85.53, 85.63, 85.39, 85.61, 37856, 0.637278305934241, -0.264266822437048, 0.0538992007047226, 0, 0, -0.2347062442647, 0.0792073540219585, -0.313913598286659, 85.3563636363638, 86.7081505376338, 87.4298155573375, 87.4298155573375
5/8/2017, 85.43, 85.43, 85.04, 85.05, 279950, 0.64291035840657, -0.715912614029866, -0.289556443610854, 0, 0, -0.323756907018875, -0.00138549818620831, -0.322371408832667, 85.2169090909093, 86.4332043010746, 87.3648928944618, 87.3648928944618
5/9/2017, 84.42, 84.62, 84.23, 84.5, 174588, 0.663260942998282, -1.17383526265015, -0.30069670214633, 0, 0, -0.433711051261952, -0.087850608801357, -0.345860442460595, 84.8138181818183, 86.1294623655907, 87.2777017364657, 87.2777017364657
5/10/2017, 84.53, 84.56, 84.21, 84.25, 162178, 0.652739135895396, -1.35075872440723, -0.496485012215589, 0, 0, -0.534857904429472, -0.17725206792698, -0.357605836502492, 84.4561818181819, 85.7821720430101, 87.1826217228463, 87.1826217228463
5/11/2017, 84.51, 84.83, 84.48, 84.58, 154374, 0.651969834348874, -1.19494888589921, -0.0493403625840898, 0, 0, -0.581683981362104, -0.258138450614005, -0.323545530748099, 84.3258181818183, 85.5010967741928, 87.1054065934065, 87.1054065934065
5/12/2017, 84.88, 85.04, 84.87, 84.96, 69350, 0.643672647831526, -0.921935976729283, 0.266699754788159, 0, 0, -0.58142881108013, -0.32279652270723, -0.2586322883729, 84.3920000000001, 85.2392903225799, 87.0017509157509, 87.0473578595317
5/15/2017, 84.8, 84.81, 84.57, 84.63, 27470, 0.636914885404444, -0.91684327994574, 0.023810423241497, 0, 0, -0.600927708311289, -0.378422759828042, -0.222504948483247, 84.3721818181819, 84.9673548387089, 86.8887399267399, 86.9771879382889
5/16/2017, 84.76, 85.24, 84.76, 85.17, 127966, 0.637043576543257, -0.7416603000899, 0.1998938737775, 0, 0, -0.566279520007356, -0.415994111863905, -0.150285408143451, 84.5792727272728, 84.8014623655906, 86.826442002442, 86.9323061084419
5/17/2017, 86.21, 86.82, 86.1, 86.82, 382623, 0.688714021463715, -0.362651116639275, 0.707219635410125, 0, 0, -0.40105624404265, -0.413006538299654, 0.011950294257004, 85.3058181818183, 84.8627526881712, 86.8103785103785, 86.9580134378499
5/18/2017, 86.93, 86.93, 86.27, 86.44, 437581, 0.695331371775865, -0.682074789247349, 0.674680924817627, 0, 0, -0.297350757243606, -0.389875382088444, 0.092524624844838, 85.8754545454546, 84.8816559139776, 86.7911257631257, 86.9668749999999
5/19/2017, 86.52, 86.66, 86.2, 86.56, 504319, 0.686220212424797, -0.645542342913734, 0.845791429677252, 0, 0, -0.203138757532173, -0.35252805717719, 0.149389299645017, 86.4267272727273, 84.9111827956981, 86.7811452991453, 86.9801825601374
5/22/2017, 86.49, 86.76, 86.47, 86.56, 99644, 0.668660588125184, -0.692751114976702, 0.805923584420476, 0, 0, -0.127010965649646, -0.307424638871681, 0.180413673222035, 86.8141818181819, 84.9198279569884, 86.7724273504273, 86.9928613507258
5/23/2017, 86.59, 86.67, 86.07, 86.1, 55253, 0.673464546837517, -1.03107074849525, 0.676794674576102, 0, 0, -0.102614422543397, -0.266462595606024, 0.163848173062628, 86.8503636363637, 84.8856344086013, 86.7552039072039, 86.9864502164502
5/24/2017, 86.03, 86.26, 85.85, 86.22, 418560, 0.662677251317267, -0.854620837233841, 0.687898666130389, 0, 0, -0.0727582771177708, -0.227721731908374, 0.154963454790603, 86.7907272727273, 84.9373118279561, 86.7409523809523, 86.9848909090909
5/25/2017, 86.1, 86.2, 85.98, 86.08, 98064, 0.644507794820469, -0.765254147701404, 0.324190372783816, 0, 0, -0.0597056472017528, -0.194118514967049, 0.134412867765297, 86.6412727272727, 85.0108172043002, 86.7510793650793, 86.9777247524752
5/26/2017, 86.54, 86.63, 86.4, 86.52, 122790, 0.640953183416998, -0.670774522805322, 0.464541534308781, 0.901661221495082, 0, -0.0136991064162544, -0.15803463325689, 0.144335526840636, 86.638, 85.1561505376335, 86.7518730158729, 86.9878334304019
5/30/2017, 86.68, 86.94, 86.65, 86.93, 190051, 0.6301910267776, -0.309223631561916, 0.456591838951602, 0.912198219510482, 0, 0.0552085720500628, -0.1153859921955, 0.170594564245563, 86.6252727272728, 85.3728602150529, 86.7609914529913, 87.013306681896
5/31/2017, 86.87, 87.11, 86.84, 86.9, 114897, 0.614423252702968, 0.116175903072284, 0.416077655091445, 0.677864701740984, 0, 0.106173749514539, -0.071074043853492, 0.177247793368031, 86.5847272727273, 85.6219139784938, 86.7717484737484, 87.036641150112
6/1/2017, 86.41, 86.57, 86.35, 86.4, 226422, 0.618908699385342, -0.124958068259691, 0.0653201035305894, 0.816376709109351, 0, 0.105007734713041, -0.0358576881401853, 0.140865422853226, 86.6070909090909, 85.797118279569, 86.7813455433454, 87.0401098901099
6/2/2017, 86.96, 87.2, 86.93, 87.18, 142880, 0.628584836494022, 0.237457125373874, 0.167787119748696, 0.815275726364971, 0, 0.16511974323366, 0.00433779813458376, 0.160781945099076, 86.8458181818182, 86.0585806451604, 86.8132918192916, 87.0726271338724
6/5/2017, 87.05, 87.18, 87.04, 87.12, 72551, 0.605601753251508, 0.306985554725522, 0.113074830478691, 0.746982772582116, 0, 0.205548014943744, 0.0445798414964159, 0.160968173447328, 87.0474545454545, 86.3335053763432, 86.8506056166054, 87.1017210368542
6/6/2017, 87.98, 88.08, 87.79, 87.97, 206829, 0.624326742140591, 0.71660565847307, 0.407419355743766, 0.866885524621863, 0, 0.302686427081923, 0.0962011586135173, 0.206485268468406, 87.5121818181817, 86.6885591397841, 86.9018754578752, 87.1610799584631
6/7/2017, 87.87, 88.1, 87.61, 87.62, 123040, 0.623441250066222, 0.660640265473955, 0.169575138765315, 0.682912292291983, 0, 0.347422374744795, 0.146445401839773, 0.200976972905022, 87.6870909090908, 86.9239139784938, 86.9244175824174, 87.2056235134217
6/8/2017, 87.46, 87.57, 87.23, 87.45, 58362, 0.615718996160804, 0.787161627601539, 0.248439004491008, 0.658410390668836, 0, 0.364951423486417, 0.190146606169102, 0.174804817317315, 87.7443636363636, 87.1361720430099, 86.9604493284491, 87.2424703919933
6/9/2017, 86.87, 87.35, 86.87, 87.27, 57571, 0.619369713573383, 0.621524477551557, 0.156073200241553, 0.357195851343782, 0, 0.360167043742834, 0.224150693683848, 0.136016350058986, 87.6443636363635, 87.313612903225, 87.0004420024418, 87.2715724815725
6/12/2017, 87.56, 87.71, 87.5, 87.6, 68965, 0.611298803177759, 0.785849012721275, 0.455018375154396, 0.697485346349918, 0, 0.378638916664585, 0.255048338279996, 0.123590578384589, 87.6814545454544, 87.5133978494615, 87.0483858363856, 87.3113722651222
6/13/2017, 87.35, 87.52, 87.33, 87.46, 45937, 0.597099089874835, 0.979854378341946, 0.304292042590466, 0.7466706262467, 0, 0.377628117196863, 0.279564294063369, 0.0980638231334943, 87.6932727272726, 87.6709462365583, 87.0953260073259, 87.3448814791403
6/14/2017, 88.01, 88.35, 87.62, 87.77, 384748, 0.615941347617984, 1.37216996276694, 0.282533649835553, 0.760404347268647, 0, 0.397262070694268, 0.303103849389549, 0.0941582213047189, 87.7772727272726, 87.8453118279562, 87.1557069597068, 87.3880670703307
6/15/2017, 87.21, 87.22, 86.7, 86.75, 1779123, 0.653695832581082, 0.973366411869753, -0.0530637143261874, 0.340647214381891, 0, 0.326750073341032, 0.307833094179845, 0.0189169791611861, 87.3614545454544, 87.8477204301067, 87.1863199023197, 87.3944927536232
6/16/2017, 86.61, 86.96, 86.61, 86.8, 174714, 0.640814606020604, 0.8674732611474, -0.0588424769930818, 0.454954278084006, 0, 0.271770587399416, 0.30062059282376, -0.0288500054243434, 87.099818181818, 87.8642150537625, 87.2072258852257, 87.4023178410795
6/19/2017, 86.41, 86.5, 86.22, 86.24, 126340, 0.646354040033151, 0.497050837387455, -0.182044556672132, 0.247297969307446, 0, 0.180926026192751, 0.276681679497558, -0.0957556533048073, 86.6534545454543, 87.7959569892464, 87.2082319902318, 87.3907250221043
6/20/2017, 86.29, 86.38, 86.14, 86.34, 22741, 0.627223694600834, 0.666731153185419, -0.0526943202047179, 0.482070129941696, 0, 0.115666885347707, 0.244478720667588, -0.128811835319881, 86.4596363636361, 87.6989892473109, 87.1934407814405, 87.382732145444
6/21/2017, 86.21, 86.5, 86.16, 86.43, 47942, 0.61491113157751, 0.501540147058861, -0.0933800172424344, 0.60770715400696, 0, 0.0703992748811118, 0.209662831510293, -0.139263556629181, 86.315818181818, 87.5684516129023, 87.180349206349, 87.3778706736932
6/22/2017, 86.55, 86.6, 86.35, 86.51, 36604, 0.598074565335013, -0.141385276195698, -0.372873866310603, 0.402340159319566, 0, 0.0405126937476723, 0.175832803957769, -0.135320110210096, 86.2305454545452, 87.4189462365582, 87.1641880341878, 87.3756932773109
6/23/2017, 86.48, 86.53, 86.43, 86.49, 52065, 0.574083236383112, 0.0366689604967758, -0.515727237431466, 0.263606059883029, 0, 0.0150401564636553, 0.143674274458946, -0.128634117995291, 86.1536363636361, 87.2743225806442, 87.1354554334552, 87.3728099173554
6/26/2017, 86.31, 86.38, 85.95, 86, 107996, 0.579881815802751, -0.263443939795664, -0.668869900545009, 0.206572226720824, 0, -0.0441766765248275, 0.106104084262191, -0.150280760787019, 86.0159999999997, 87.0805376344076, 87.0874993894991, 87.3539019103102
6/27/2017, 85.99, 86.02, 85.57, 85.78, 84491, 0.578530477396651, -0.370273430921318, -0.771768514430331, 0.0902382478855046, 0, -0.107618050786186, 0.0633596572525157, -0.170977708038702, 85.8616363636361, 86.8301290322571, 87.0428278388276, 87.3283006797281
6/28/2017, 85.81, 85.87, 85.65, 85.73, 108199, 0.562755478053546, -0.174517402630768, -0.914517920769687, 0.0660797711177339, 0, -0.160085018645802, 0.0186707220728522, -0.178755740718654, 85.8436363636361, 86.6019569892463, 87.0006056166054, 87.3017125622869
6/29/2017, 85.2, 86.04, 85.2, 85.86, 442716, 0.582725084752551, -0.169154175678014, -0.774194622652748, -0.0689561706215181, 0, -0.188996916329032, -0.0228628056075246, -0.166134110721507, 85.7778181818179, 86.4966666666657, 86.9515726495724, 87.2799122580645
6/30/2017, 85.82, 85.85, 85.45, 85.53, 93174, 0.579692938010187, -0.262304814533112, -0.760243272934819, -0.0274803988424634, 0, -0.235819663330673, -0.0654541771521543, -0.170365486178519, 85.6565454545452, 86.3303655913969, 86.8971233211231, 87.2481866666666
7/3/2017, 85.09, 85.11, 84.81, 84.82, 122688, 0.597760907081004, -0.814420816397254, -1.03363871800192, -0.237191950057383, 0, -0.326454924789701, -0.117654326679664, -0.208800598110037, 85.2472727272724, 86.0878494623646, 86.8169890109888, 87.1949681289838
7/5/2017, 84.69, 85.12, 84.69, 84.97, 45030, 0.592173427464755, -0.958629173843158, -0.836404779235151, -0.00586023307753185, 0, -0.381779361262872, -0.170479333596305, -0.211300027666567, 84.9872727272724, 85.8755913978485, 86.7547985347983, 87.1477829724409
7/6/2017, 85, 85.08, 84.86, 84.99, 129180, 0.575375071480129, -0.933099048595389, -0.523972929158285, 0.0122760882413791, 0, -0.41917851392688, -0.22021916966242, -0.19895934426446, 84.8269090909088, 85.6454623655904, 86.6826739926738, 87.1024091569767
7/7/2017, 84.5, 84.56, 84.28, 84.47, 41202, 0.591997998802431, -0.945462809790282, -0.708518094421593, -0.0487768513492291, 0, -0.485184362721455, -0.273212208274227, -0.211972154447228, 84.5814545454542, 85.3645161290312, 86.5957264957263, 87.042236135957
7/10/2017, 84.25, 84.38, 84.2, 84.33, 93799, 0.579340298955286, -1.54808950718463, -0.719028551186848, 0.0258917689613879, 0, -0.542537271461114, -0.327077220911605, -0.21546005054951, 84.3949090909087, 85.0677634408591, 86.4805299145297, 86.9793329418673
7/11/2017, 84.17, 84.56, 84.04, 84.49, 29116, 0.580103906265289, -1.41178002270123, -0.593542295474238, 0.0236070084409222, 0, -0.568525592878657, -0.375366895305015, -0.193158697573642, 84.2834545454541, 84.8319354838699, 86.3610940170939, 86.9228521859819
7/12/2017, 85.06, 85.08, 84.85, 84.99, 111594, 0.582566538279051, -1.72581484142886, -0.346863071611057, -0.00607367270353746, 0, -0.542521849341085, -0.408797886112229, -0.133723963228856, 84.3830909090904, 84.6999784946225, 86.271338217338, 86.8827671451355
7/13/2017, 84.89, 84.99, 84.78, 84.96, 125820, 0.565992391524479, -1.55557154013007, -0.290723422788737, -0.0653032889690568, 0, -0.518359123215177, -0.430710133532819, -0.0876489896823581, 84.5054545454541, 84.5747311827946, 86.1806593406592, 86.8427696105937
7/14/2017, 85.57, 85.62, 85.34, 85.46, 172114, 0.573161454536904, -1.09278463265635, 0.015192091160926, 0.173952234614497, 0, -0.453634946071347, -0.435295096040524, -0.0183398500308222, 84.868545454545, 84.4921075268806, 86.1089352869352, 86.818504145937
7/17/2017, 85.52, 85.62, 85.25, 85.44, 36984, 0.566283462189696, -1.00645486934784, -0.0675728074244978, 0.0690270940902771, 0, -0.399350933254127, -0.428106263483245, 0.0287553302291184, 85.1805454545449, 84.4650107526871, 86.0296483516482, 86.7942156862745
7/18/2017, 85.94, 86.11, 85.82, 85.87, 79327, 0.574287831128604, -0.93244767093326, 0.100307493800855, 0.109659659699753, 0, -0.317967721693591, -0.406078555125314, 0.0881108334317228, 85.5039999999995, 84.4996989247301, 85.9589523809523, 86.7829969944183
7/19/2017, 86.14, 86.19, 85.99, 86, 107508, 0.563353386698402, -0.781538838533935, 0.322767667569093, 0.027797990375943, 0, -0.240212012104081, -0.372905246521068, 0.132693234416987, 85.8450909090903, 84.6156129032247, 85.8953333333332, 86.7757600761663
7/20/2017, 85.76, 86.23, 85.73, 85.95, 70032, 0.564583731160668, -0.996266896495598, 0.492520876503324, 0.135676268068984, 0, -0.180543441774915, -0.334432885571837, 0.153889443796922, 86.1167272727266, 84.7145591397838, 85.8269230769229, 86.7672161401314
7/21/2017, 86.41, 86.61, 86.38, 86.58, 35927, 0.570566794971084, -0.0925589931191496, 0.768918872728978, 0.200264731394338, 0, -0.081480676511049, -0.28384244375968, 0.202361767248631, 86.4496363636357, 84.892881720429, 85.7863345543344, 86.776766700925
7/24/2017, 86.68, 86.75, 86.44, 86.55, 104130, 0.560135060117465, -0.140698660010845, 0.654299442582469, 0.443509464217965, 0, -0.00533200655773669, -0.228140356319291, 0.222808349761554, 86.6290909090902, 85.0610107526871, 85.767426129426, 86.785179331307
7/25/2017, 86.22, 86.29, 85.92, 85.94, 40679, 0.572558819880245, -0.169959642768064, 0.330724466594185, 0.42403041600524, 0, 0.00572842724109535, -0.181366599607214, 0.187095026848309, 86.5087272727266, 85.178387096773, 85.7203540903539, 86.7762101688143
7/26/2017, 86.01, 86.58, 85.73, 86.47, 124230, 0.589746961159741, 0.0841898810714103, 0.600934361571768, 0.460340257832499, 0, 0.0566079303342946, -0.133771693618912, 0.190379623953207, 86.5923636363629, 85.3643870967731, 85.7053821733821, 86.7821816211957
7/27/2017, 86.28, 86.64, 86.14, 86.49, 95975, 0.589035134060686, 0.0443367169318286, 0.440267117400256, 0.457873576079249, 0, 0.0974211258593414, -0.0875331297232614, 0.184954255582603, 86.596181818181, 85.5799784946225, 85.6928107448106, 86.7885110722611
7/28/2017, 86.59, 86.98, 86.59, 86.97, 144291, 0.584665589371775, 0.26307552888306, 0.070630837185711, 0.594389403804793, 0, 0.166577662229571, -0.0367109713326949, 0.203288633562266, 86.7823636363629, 85.7967311827945, 85.7145836385835, 86.8078333333334
7/31/2017, 86.98, 87.24, 86.96, 87.24, 65982, 0.569760981112794, 0.418305935040818, 0.310364263132132, 0.720550801829137, 0, 0.240400274346086, 0.0187112778030613, 0.221688996543025, 86.9754545454538, 86.0496559139773, 85.7574090354088, 86.8340151157298
8/1/2017, 87.15, 87.44, 87.13, 87.15, 38573, 0.559617333249181, 0.663625783636559, 0.232958238403236, 0.803678359418859, 0, 0.288319411766778, 0.0726329045958048, 0.215686507170974, 87.1252727272719, 86.2509892473107, 85.7985641025639, 86.857084148728
8/2/2017, 86.83, 87.14, 86.82, 86.88, 51797, 0.55228036444559, 0.634295245132905, 0.133148707327911, 0.708958004088957, 0, 0.301038742660282, 0.1183140722087, 0.182724670451582, 87.1379999999992, 86.4188602150526, 85.8241123321122, 86.8722862658578
8/3/2017, 87.07, 87.51, 87.05, 87.48, 428009, 0.557076042065401, 0.95897995536546, 0.518262284171638, 0.851983558791167, 0, 0.35543663731859, 0.165738585230678, 0.189698052087912, 87.2999999999992, 86.6653763440848, 85.8859413919412, 86.9031353165247
8/4/2017, 86.94, 86.95, 86.61, 86.88, 67378, 0.582946150459108, 0.534336151265399, 0.251449472597019, 0.689931757027019, 0, 0.346142262622763, 0.201819320709095, 0.144322941913668, 87.2972727272718, 86.8343225806439, 85.9117167277166, 86.9172697986578
8/7/2017, 86.71, 86.86, 86.71, 86.82, 26684, 0.563971935893722, 0.68597168571969, 0.280564046948442, 0.428725143313584, 0, 0.330129379170216, 0.227481332401319, 0.102648046768897, 87.2514545454537, 86.9919354838697, 85.9376117216115, 86.9294437086094
8/8/2017, 87.12, 87.16, 86.78, 87.14, 54965, 0.555609838198052, 1.33291256239908, 0.237907363831725, 0.507149063792369, 0, 0.33934858012141, 0.249854781945338, 0.0894937981760723, 87.1794545454536, 87.1553548387084, 85.9630427350425, 86.9496819449286
8/9/2017, 87.59, 87.61, 87.32, 87.42, 69504, 0.553020467119073, 1.39705403119962, 0.191607090098052, 0.471243474954206, 0, 0.365040562859562, 0.272891938128182, 0.0921486247313796, 87.2447272727263, 87.3322795698912, 86.0079951159949, 86.9767053663572
8/10/2017, 87.66, 88.11, 87.66, 88.1, 90511, 0.560474424219885, 1.68486541522284, 0.433466583500934, 0.598737489314041, 0, 0.435254616995053, 0.305364473901557, 0.129890143093496, 87.4970909090899, 87.5815698924718, 86.0904566544565, 87.0206714200833
8/11/2017, 88.08, 88.27, 87.98, 88.16, 83454, 0.548535695724628, 2.14173270688679, 0.640187021187496, 0.469332730188259, 0, 0.490091786280757, 0.342309936377397, 0.147781849903361, 87.7783636363627, 87.8318494623644, 86.1768840048838, 87.0651403435275
8/14/2017, 87.71, 87.88, 87.62, 87.7, 28183, 0.554628980482657, 1.88164321260987, 0.204046943720522, 0.259564033994414, 0, 0.490775132173752, 0.372002975536668, 0.118772156637084, 87.8898181818171, 87.9869247311815, 86.2439096459094, 87.096806451613
8/15/2017, 86.85, 87.09, 86.8, 86.98, 201445, 0.582995096676392, 1.27291962466636, -0.0329244629216303, 0.0640998712086556, 0, 0.428281740697628, 0.38325872856886, 0.045023012128768, 87.7094545454535, 87.9893118279558, 86.2761123321121, 87.1094324677447
8/16/2017, 86.74, 87.34, 86.74, 87.25, 124176, 0.586515390641456, 1.17207503662393, -0.246946249755227, 0.162900185338243, 0, 0.395977439789561, 0.385802470813, 0.0101749689765612, 87.5776363636353, 88.0220215053751, 86.3123101343099, 87.1285430944127
8/17/2017, 87.37, 87.83, 87.32, 87.83, 149458, 0.586528457722801, 1.44359682181471, 0.0912767959997361, 0.189063083335345, 0, 0.412423045177377, 0.391126585685876, 0.0212964594915013, 87.7459999999989, 88.1149462365579, 86.3784884004882, 87.161729161691
8/18/2017, 88.34, 88.52, 87.77, 88.09, 147194, 0.598127536833965, 1.3406583436356, 0.245103525282513, 0.34760894759692, 0, 0.441348541761272, 0.401170976900955, 0.040177564860317, 87.8650909090898, 88.1878709677407, 86.4772918192917, 87.2006202830189
8/21/2017, 88.3, 88.44, 88.24, 88.3, 52974, 0.586688584187075, 1.45687020678593, 0.384771787988154, 0.365058586003904, 0, 0.475733491600366, 0.416083479840837, 0.0596500117595286, 87.9787272727261, 88.2547526881707, 86.5948473748471, 87.2438183229814
8/22/2017, 88.04, 88.04, 87.71, 87.76, 49910, 0.594398038793674, 0.935288984234526, 0.0727665443391275, 0.393985902813725, 0, 0.45417487974666, 0.423701759822002, 0.030473119924658, 87.8890909090898, 88.2381720430094, 86.6894285714284, 87.2727421210031
8/23/2017, 88.13, 88.24, 88.03, 88.22, 26789, 0.588938486627818, 1.07602271220027, 0.281892716782712, 0.414514535091163, 0, 0.468803604023719, 0.432722128662345, 0.0360814753613742, 87.9805454545443, 88.2921935483858, 86.8071648351646, 87.312248731349
8/24/2017, 87.89, 88.07, 87.74, 87.74, 73663, 0.589905922336344, 0.845474430842904, 0.00605201849389477, 0.217083676641975, 0, 0.436631765733395, 0.433504056076555, 0.00312770965683995, 87.9985454545443, 88.2624731182782, 86.9129401709399, 87.339191231483
8/25/2017, 87.7, 88.07, 87.55, 87.96, 118832, 0.58856785293885, 0.673157915030724, 0.465492832293897, 0.243944143022537, 0, 0.423999906494728, 0.43160322616019, -0.00760331966546141, 88.1241818181806, 88.2760645161277, 87.021553113553, 87.3708292682928
8/28/2017, 87.93, 88.15, 87.92, 88, 85558, 0.571953487809957, 0.707249719808727, 0.461555239810909, 0.236982555716799, 0, 0.412462126105524, 0.427775006149257, -0.0153128800437328, 88.1825454545442, 88.277268817203, 87.123614163614, 87.4027112084703
8/29/2017, 88.61, 88.67, 87.49, 87.59, 76889, 0.613258495044097, 0.830342900989975, 0.525653308806326, 0.173132909376236, 0, 0.366015578779439, 0.415423120675293, -0.0494075418958538, 87.9389090909078, 88.2386021505363, 87.2129157509155, 87.4240841209149
8/30/2017, 87.24, 87.28, 87.04, 87.14, 115993, 0.617162566007193, 0.34362902463797, 0.313994264645214, 0.150734158855996, 0, 0.28955728011907, 0.390249952564049, -0.100692672444979, 87.5605454545441, 88.1404086021492, 87.2712893772891, 87.4342792985458
8/31/2017, 87.08, 87.47, 87.06, 87.43, 57008, 0.607807030787755, 0.473034367180298, 0.386153895186268, 0.163928517926412, 0, 0.249488159742768, 0.362097593999792, -0.112609434257025, 87.4043636363622, 88.0683225806438, 87.318134310134, 87.4510566356721
9/1/2017, 87.46, 87.49, 87.09, 87.19, 127831, 0.601944492105571, 0.121200099163896, 0.266777147263111, -0.119283582742245, 0, 0.196106505205861, 0.328899376241006, -0.132792871035145, 87.2390909090895, 87.9982365591384, 87.3554798534796, 87.4618085624783
9/5/2017, 88, 88.47, 87.99, 88.38, 35210, 0.636562154937209, 0.503866305072145, 0.654654967278221, 0.0543318097608588, 0, 0.246977214554946, 0.312514943903794, -0.0655377293488486, 87.5759999999985, 88.0732043010739, 87.4420610500607, 87.5000454076369
9/6/2017, 88.28, 88.39, 87.89, 87.91, 218187, 0.63640535878379, 0.334581154031073, 0.666099607304864, -0.0566075144036864, 0, 0.246525750773685, 0.299317105277772, -0.0527913545040873, 87.6381818181803, 88.0360645161276, 87.5016971916969, 87.5265571875426
9/7/2017, 88.29, 88.91, 88.25, 88.59, 263739, 0.656384189368426, 0.716874363792704, 0.95297319808313, 0.067337351819151, 0, 0.297607643813748, 0.298975212984968, -0.00136756917121927, 88.0190909090894, 88.1078279569878, 87.584388278388, 87.5681603710177
9/8/2017, 89.18, 89.29, 88.95, 89.17, 199215, 0.658759914425719, 0.705887691302064, 1.14450621924891, 0.106011655455829, 0, 0.380505336152083, 0.315281237618391, 0.0652240985336927, 88.4841818181803, 88.240838709676, 87.6859706959704, 87.6221726131155
9/11/2017, 88.32, 88.38, 87.77, 87.78, 92701, 0.715476651752955, 0.346310233265976, 0.593943803227396, -0.115709277431416, 0, 0.330234236574995, 0.318271837409712, 0.0119623991652834, 88.4350909090894, 88.2121935483856, 87.7141978021976, 87.6433753694583
9/12/2017, 87.43, 87.49, 87.16, 87.19, 87734, 0.719856789383309, 0.149152717884898, 0.513512548913313, -0.157798067445632, 0, 0.240019167258737, 0.302621303379517, -0.0626021361207799, 88.1999999999985, 88.1214623655899, 87.7202759462758, 87.6507357142858
9/13/2017, 87.26, 87.29, 86.83, 86.86, 124139, 0.7129414896732, -0.0847080063323809, 0.6421107796983, -0.275313514010588, 0, 0.140277797654733, 0.27015260223456, -0.129874804579827, 87.8130909090893, 87.9831827956974, 87.7086227106225, 87.650464175655
9/14/2017, 86.76, 86.99, 86.76, 86.95, 52976, 0.689819354840292, -0.15357732861426, 0.623206848747459, -0.146656293140655, 0, 0.0677137297581112, 0.22966482773927, -0.161951097981159, 87.4070909090893, 87.8401935483856, 87.6875433455432, 87.6521653018474
9/15/2017, 86.71, 86.79, 86.5, 86.69, 88517, 0.683248393796231, -0.507579580600405, 0.536469075168225, 0.0328636879064681, 0, -0.0106508673661239, 0.181601688718191, -0.192252556084315, 86.9796363636348, 87.7037634408587, 87.6414847374845, 87.6479907099367
9/18/2017, 86.19, 86.28, 86.05, 86.21, 51575, 0.689818618435048, -0.701558687340285, 0.553023241013106, -0.0872014636883965, 0, -0.110216852379523, 0.123237980498649, -0.233454832878171, 86.3787272727257, 87.4715268817189, 87.5672844932843, 87.6332122905029
9/19/2017, 86.3, 86.33, 85.94, 86.17, 88906, 0.678261575264259, -0.554690939054097, 0.584982527431247, -0.0720200939829835, 0, -0.190159241180567, 0.0605585361628055, -0.250717777343372, 86.0554545454529, 87.234537634407, 87.497233211233, 87.6177906691223
9/20/2017, 86.26, 86.54, 85.4, 85.55, 275378, 0.715645937387436, -0.525766131782007, 0.340323797346112, -0.156593880395392, 0, -0.300083799458534, -0.0115699309614624, -0.288513868497072, 85.5445454545438, 86.944408602149, 87.40736019536, 87.5890304170968
9/21/2017, 85.53, 85.67, 85.34, 85.35, 77125, 0.700788921456595, -0.708136990275163, 0.129015325104364, -0.146238944253062, 0, -0.398741686434619, -0.0890042820560937, -0.309737404378525, 85.2292727272711, 86.6578279569877, 87.3009792429791, 87.5564150603496
9/22/2017, 85.76, 85.87, 85.68, 85.75, 48052, 0.69296463818081, -0.783571998450745, 0.258094221160966, -0.012530176900234, 0, -0.439584855017756, -0.159120396648426, -0.28046445836933, 85.3449090909075, 86.4806881720414, 87.2235555555554, 87.5330476360182
9/25/2017, 85.59, 86.18, 85.57, 86.04, 44256, 0.691546162689496, -0.76804044455903, 0.194997445855239, 0.151357935572346, 0, -0.443441071371879, -0.215984531593117, -0.227456539778762, 85.4692727272711, 86.3595053763424, 87.1950500610499, 87.5163325499414
9/26/2017, 85.66, 85.77, 85.42, 85.59, 45197, 0.696642133963244, -1.01839627700432, 0.0645837096738311, 0.000508725175508333, 0, -0.477306299895801, -0.268248885253654, -0.209057414642147, 85.4150909090892, 86.1642365591381, 87.139001221001, 87.4902388840454
9/27/2017, 84.89, 85.45, 84.89, 85.2, 90697, 0.705919251568291, -0.973618839726368, -0.182534030292531, -0.0626722359619444, 0, -0.529510609424278, -0.320501230087779, -0.2090093793365, 85.2474545454528, 85.8850967741918, 87.0691941391939, 87.4562727847738
9/28/2017, 85.34, 85.49, 85.23, 85.45, 46835, 0.685630242503656, -1.06535698692782, -0.145591378159064, 0.114617138025317, 0, -0.544434092850565, -0.365287802640336, -0.179146290210229, 85.2747272727256, 85.6671612903208, 87.0113113553112, 87.4282040050063
9/29/2017, 85.52, 85.54, 85.26, 85.37, 103373, 0.668358311009026, -0.922431497174914, -0.154695944377492, 0.219942610113083, 0, -0.556303669975435, -0.403490976107356, -0.152812693868079, 85.3041818181801, 85.4893548387079, 86.9405225885224, 87.3989277271193
10/2/2017, 85.32, 85.37, 85.12, 85.2, 38519, 0.650878656811016, -1.08464693789217, -0.401652455693717, 0.238427485832548, 0, -0.572824806811454, -0.437357742248175, -0.135467064563279, 85.2509090909073, 85.3231827956972, 86.8655042735041, 87.3665836814259
10/3/2017, 85.03, 85.24, 85.03, 85.12, 82566, 0.631251391944121, -1.13469400955087, -0.417113799016575, 0.146972804924142, 0, -0.585622565793372, -0.467010706957215, -0.118611858836157, 85.2170909090892, 85.1795053763423, 86.7846251526249, 87.3331248277763
10/4/2017, 85.29, 85.3, 85.08, 85.2, 61280, 0.61203653237288, -0.945372764245514, -0.211216378183287, 0.0799072802971246, 0, -0.582593772223177, -0.490127320010407, -0.0924664522127699, 85.14418181818, 85.0304946236541, 86.7177240537239, 87.3019028141362
10/5/2017, 85.35, 85.35, 85.12, 85.13, 59779, 0.595421554449206, -0.803863196557487, -0.40294587074875, 0.138518828081626, 0, -0.579165586124304, -0.507934973233187, -0.0712306128911177, 85.02618181818, 84.9197849462348, 86.6578412698411, 87.269765759931
10/6/2017, 84.8, 85.28, 84.71, 85.26, 49679, 0.59821516635876, -0.873595171005452, -0.367567408204404, 0.0462897448056636, 0, -0.559509137344577, -0.518249806055465, -0.0412593312891121, 85.0450909090891, 84.8135053763423, 86.6042930402929, 87.2408487794456
10/9/2017, 85.24, 85.38, 85.22, 85.33, 26986, 0.577213568845195, -0.747719428144908, -0.501136573285453, -0.334016185861774, 0, -0.532148567647127, -0.521029558373797, -0.0111190092733297, 85.1729090909072, 84.7467741935466, 86.5438949938949, 87.2138509119746
10/10/2017, 85.48, 85.78, 85.45, 85.47, 46414, 0.573779713795279, -1.36441138837633, -0.542720266258763, -0.21016310689562, 0, -0.493479761557708, -0.515519599010579, 0.0220398374528712, 85.2978181818163, 84.7174408602133, 86.5077338217337, 87.1901538461539
10/11/2017, 85.63, 85.66, 85.35, 85.47, 195557, 0.563225746240533, -1.16074183088166, -0.514531164931616, -0.239097459479496, 0, -0.457559987424318, -0.503927676693327, 0.046367689269009, 85.3512727272709, 84.6770967741918, 86.4714920634919, 87.1668476121413
10/12/2017, 85.53, 85.66, 85.45, 85.58, 59640, 0.546645937188822, -1.53172431991494, -0.395224189796773, -0.212278251607695, 0, -0.415428426636907, -0.486227826682043, 0.0707994000451357, 85.477999999998, 84.6343870967725, 86.4601562881562, 87.1461405937548
10/13/2017, 85.97, 85.99, 85.77, 85.85, 72705, 0.541559246818735, -1.75982675508334, -0.505819236694533, -0.03658621144891, 0, -0.356146680417297, -0.460211597429094, 0.104064917011797, 85.6749090909072, 84.6553333333316, 86.4545958485958, 87.1311826810822
10/16/2017, 85.87, 86.01, 85.56, 85.63, 34556, 0.542078924120273, -1.54540432435775, -0.391936112797641, -0.118919443934707, 0, -0.323192073773242, -0.432807692697924, 0.109615618924681, 85.7356363636344, 84.6425591397832, 86.4369377289376, 87.1120698492463
10/17/2017, 85.46, 85.65, 85.39, 85.61, 33416, 0.530280427038875, -1.22343507701347, -0.37904161770448, -0.0900245355262593, 0, -0.295285278553266, -0.405303209868992, 0.110017931315727, 85.749999999998, 84.7166451612886, 86.4157387057387, 87.0928656716418
10/18/2017, 85.11, 85.18, 84.99, 85.08, 33235, 0.543340879065094, -1.3258478320621, -0.653720491670212, -0.324755408280834, 0.368818008735984, -0.312335108183746, -0.386709589531943, 0.0743744813481972, 85.5705454545434, 84.7100215053746, 86.3799218559218, 87.0634988424216
10/19/2017, 85.34, 85.49, 85.24, 85.37, 64600, 0.538433523384272, -1.13980578245409, -0.647859691647778, -0.353265958192651, 0.363432485512046, -0.298999959225483, -0.369167663470651, 0.0701677042451676, 85.4838181818162, 84.8037849462348, 86.3555164835165, 87.0403126371751
10/20/2017, 84.71, 84.78, 84.57, 84.61, 95669, 0.563382181736787, -1.35797308715374, -1.11690823196045, -0.523064353027913, 0.146363335083853, -0.345771566631669, -0.364488444102854, 0.0187168774711857, 85.1474545454525, 84.8605591397832, 86.3063101343102, 87.0026340191249
10/23/2017, 84.35, 84.75, 84.35, 84.75, 179395, 0.557927764919317, -0.978337956244439, -1.08793388168489, -0.373306462002539, 0.284617042859537, -0.36730748050681, -0.365052251383646, -0.00225522912316423, 84.9089090909071, 84.8718494623638, 86.2428717948718, 86.9682993782879
10/24/2017, 84.31, 84.54, 84.23, 84.36, 81917, 0.56330202907855, -1.1887309862035, -1.07281287108312, -0.663901024124367, 0.160601885478244, -0.411105618380404, -0.374262924782997, -0.0368426935974067, 84.5952727272707, 84.8138709677402, 86.1649621489622, 86.9269704001895
10/25/2017, 84.3, 84.59, 84.24, 84.43, 61314, 0.55542048104244, -0.78790503130087, -0.837029662472722, -0.631982222982676, 0.136403929641173, -0.435151388869642, -0.386440617600326, -0.0487107712693156, 84.3663636363616, 84.7610322580628, 86.0794554334555, 86.8876670887857
10/26/2017, 84.43, 84.43, 84.22, 84.26, 46482, 0.541175452809074, -0.769821425029203, -0.98896870638156, -0.897958504999908, 0.100391094266922, -0.462592931117683, -0.401671080303798, -0.0609218508138857, 84.1574545454525, 84.708301075267, 85.990065934066, 86.8457422891119
10/27/2017, 84.18, 84.48, 84.16, 84.47, 92821, 0.531780176050763, -0.934365920947511, -1.12984289589548, -0.760362343102914, 0.0555147818144036, -0.462068863863394, -0.413750637015717, -0.0483182268476768, 84.1470909090889, 84.682236559138, 85.9133797313798, 86.808508465219
10/30/2017, 84.65, 84.95, 84.61, 84.88, 63628, 0.531026129800396, -0.820188742170307, -1.06604752239807, -0.611525442179802, 0.104313728160594, -0.423685975115831, -0.41573770463574, -0.00794827048009106, 84.3096363636343, 84.6905161290305, 85.8578290598291, 86.7796664388244
10/31/2017, 84.66, 84.7, 84.45, 84.48, 45908, 0.532313245769232, -0.795440308526603, -1.27041689010174, -0.665574218537301, -0.0982130919093738, -0.420694412990372, -0.416729046306666, -0.00396536668370573, 84.370909090907, 84.6539569892455, 85.7855433455434, 86.7437192507335
11/1/2017, 84.09, 84.39, 84.03, 84.14, 85656, 0.534482194585874, -0.76857245094683, -1.2186689818706, -0.831845678882885, 0.00339976729635365, -0.440678865308129, -0.421519010106959, -0.0191598552011705, 84.2703636363615, 84.5438279569874, 85.6889792429793, 86.7019475990343
11/2/2017, 84.16, 84.55, 84.12, 84.2, 131582, 0.532930703798488, -0.925295872935231, -1.37235167086038, -0.782825482589099, 0.051143528374427, -0.446527893587785, -0.426520786803124, -0.0200071067846608, 84.299818181816, 84.4370752688154, 85.5915115995117, 86.6619691735318
11/3/2017, 84.25, 84.26, 83.92, 84.14, 70078, 0.526849619643939, -0.91133003136485, -1.24300198486968, -0.876256167853937, 0.0180806780770831, -0.450808153424106, -0.43137826012732, -0.0194298932967854, 84.2203636363614, 84.3567956989229, 85.4914676434677, 86.6215093677329
11/6/2017, 84.13, 84.42, 84.11, 84.39, 51732, 0.517391523249188, -0.585741322958514, -1.22721801188815, -0.580889707455932, -0.0704772418745106, -0.429081198556005, -0.430918847813057, 0.00183764925705193, 84.2809090909068, 84.3379569892455, 85.4064053724054, 86.5863329710933
11/7/2017, 84.1, 84.36, 84.03, 84.27, 12249, 0.513581786100024, -0.6148605106069, -1.28434943865364, -0.624550242865544, -0.0285293403081585, -0.416741490912273, -0.4280833764329, 0.0113418855206278, 84.2416363636341, 84.2845376344068, 85.3098412698412, 86.5494948320414
11/8/2017, 84.58, 84.61, 84.33, 84.36, 38181, 0.507533905392563, -0.606486527215633, -1.11802705760559, -0.464054651034624, -0.0688775158728058, -0.395144950839097, -0.42149569131414, 0.0263507404750432, 84.2523636363613, 84.2250537634391, 85.2023565323565, 86.5148920464244
11/9/2017, 84.65, 84.9, 84.48, 84.71, 58586, 0.512038510753994, -0.287561456398449, -0.836417415166196, -0.396392442188399, 0.0849338458761074, -0.345801280401844, -0.40635680913168, 0.0605555287298367, 84.3538181818159, 84.2320645161273, 85.1138412698413, 86.4872388280557
11/10/2017, 84.67, 84.77, 84.54, 84.58, 30510, 0.500780836293122, -0.472071458091857, -0.989709134345173, -0.453040932092969, 0.12645113033722, -0.313571324584615, -0.387799712222267, 0.0742283876376525, 84.4278181818158, 84.2220215053746, 85.0202783882784, 86.4576460977756
11/13/2017, 84.75, 84.75, 84.5, 84.53, 35966, 0.49081084794734, -0.558110234955064, -0.926204522787895, -0.48653374251697, -0.00608809621783945, -0.288735076299474, -0.367986785037709, 0.0792517087382345, 84.5605454545431, 84.1993978494606, 84.9132747252748, 86.4276052303861
11/14/2017, 84.57, 84.73, 84.55, 84.65, 65992, 0.477422668967976, -0.572279751364421, -1.44017622538738, -0.449928861001147, -0.0657474560676542, -0.25641339942311, -0.345672107914789, 0.0892587084916791, 84.6738181818158, 84.19098924731, 84.8083614163615, 86.4001958041959
11/15/2017, 85.08, 85.25, 84.84, 85.1, 31558, 0.486405845848792, -0.238908959064747, -1.07155345872116, -0.208539637209376, 0.0152619551044163, -0.192270622389771, -0.314991810809785, 0.122721188420015, 84.8652727272703, 84.2480430107508, 84.7264395604396, 86.3812975418859
11/16/2017, 84.99, 85.15, 84.92, 84.92, 26324, 0.476607166835205, -0.43229977384173, -1.45938722757117, -0.198895391411683, -0.0428809303637415, -0.154184166054392, -0.282830281858707, 0.128646115804314, 84.9541818181794, 84.2782365591379, 84.6473137973138, 86.3594643073568
11/17/2017, 85.42, 85.76, 85.36, 85.67, 283213, 0.497838293186219, -0.0981989673287844, -1.3483161371334, 0.008054874538651, 0.0389757518194441, -0.0627582054947027, -0.238815866585906, 0.176057661091203, 85.2509090909067, 84.4136129032239, 84.6003565323566, 86.3513252722615
11/20/2017, 85.49, 85.51, 85.17, 85.23, 82887, 0.504720359596388, -0.224902415767376, -1.13426560174833, -0.134837407189449, -0.0997493294771793, -0.0255127012898839, -0.196155233526702, 0.170642532236818, 85.3621818181794, 84.495182795697, 84.5447570207571, 86.335498809524
11/21/2017, 85.56, 85.59, 85.34, 85.38, 83927, 0.499724179386041, -0.124331711410133, -0.825452149774158, -0.014551855455689, -0.0213610432861556, 0.0159248042983933, -0.153739225961683, 0.169664030260076, 85.4554545454521, 84.6057634408582, 84.4954383394384, 86.3225573254672
11/22/2017, 85.83, 86.38, 85.83, 86.35, 194094, 0.527308950945931, 0.685462875695374, -0.201467910220028, 0.403506301594681, 0.0644207185832823, 0.125587524582102, -0.0978738758529258, 0.223461400435027, 85.8412727272703, 84.8399999999981, 84.4981196581197, 86.3268613309425
11/24/2017, 86.17, 86.21, 86.02, 86.03, 91643, 0.521986185266443, 0.358495205135411, -0.371962699713431, 0.286363617580356, 0.13320528377327, 0.184547347886067, -0.0413896311051272, 0.225936978991194, 86.0779999999975, 85.0352903225787, 84.4893504273505, 86.3254892186415
11/27/2017, 86.54, 86.6, 86.33, 86.44, 293240, 0.526505644869834, 1.05625252340907, -0.0897485547127145, 0.380568093173032, 0.187970902508665, 0.261344390669677, 0.0191571732498337, 0.242187217419844, 86.3583636363611, 85.2976989247292, 84.49736996337, 86.3312755688349
11/28/2017, 86.33, 86.45, 86, 86.13, 206322, 0.528103919022652, 0.783419002992169, -0.0199532621078554, 0.436464972554699, 0.181381696402795, 0.29380538554949, 0.0740868157097649, 0.219718569839725, 86.4201818181793, 85.5023010752668, 84.5054798534799, 86.3315861021456
11/29/2017, 85.75, 85.93, 85.63, 85.8, 113285, 0.532765862682401, 0.827435055486927, -0.140926157790435, 0.389227576120071, 0.198922410066715, 0.289564793098648, 0.117182411187542, 0.172382381911107, 86.3047272727247, 85.6604731182775, 84.4988278388279, 86.326181818182
11/30/2017, 85.61, 85.86, 84.88, 84.88, 139711, 0.569341958850642, 0.237593378268277, -0.257638905355002, 0.119260583685115, 0.0697813173515802, 0.209552194533472, 0.135656367856728, 0.0738958266767446, 85.8987272727247, 85.6653548387076, 84.4389548229549, 86.3050231377818
12/1/2017, 85.18, 86.12, 85.05, 85.66, 576442, 0.608328953932763, 0.672098994196729, 0.134998265123372, 0.184843324120614, 0.0868071298231079, 0.206698424209932, 0.149864779127369, 0.0568336450825636, 85.7381818181792, 85.7898279569872, 84.4257313797315, 86.2975358887082
12/4/2017, 84.96, 85.33, 84.92, 85.29, 280801, 0.623800976482429, 0.393358287322829, -0.163093045263277, 0.103437933445946, 0.0170388970553585, 0.17259135715635, 0.154410094733165, 0.0181812624231846, 85.559454545452, 85.814817204299, 84.3973724053724, 86.2838417519535
12/5/2017, 85.16, 85.31, 85.06, 85.3, 30139, 0.607195615708993, 0.210147459226795, -0.27309051220851, -0.0139759399600937, 0.0824768390527602, 0.144700163799186, 0.152468108546369, -0.00776794474718312, 85.3169090909065, 85.8460215053743, 84.3809963369964, 86.2705139116204
12/6/2017, 85.51, 85.58, 85.45, 85.57, 144869, 0.591376612352206, 0.533357533157172, 0.00698582681171618, 0.0555453381520093, 0.0624264676073764, 0.14273754605442, 0.150521996047979, -0.00778444999355948, 85.1938181818155, 85.8819354838688, 84.3836459096459, 86.261943021998
12/7/2017, 85.2, 85.25, 84.85, 84.86, 157716, 0.608931085117008, 0.344072711466578, -0.115807528047691, -0.215061122654352, -0.0493553209932351, 0.0829350672395179, 0.137004610286287, -0.0540695430467691, 85.0090909090883, 85.8246236559119, 84.3544835164835, 86.2415340055783
12/8/2017, 84.77, 84.83, 84.51, 84.59, 34490, 0.601019000932472, 0.191010263321169, -0.316292490645782, -0.309792728216566, -0.138097876330158, 0.0135976827863686, 0.112323224786303, -0.0987255419999347, 84.748363636361, 85.7189462365569, 84.3091965811966, 86.2168900471582
12/11/2017, 84.64, 84.73, 84.53, 84.55, 123885, 0.583065492896912, 0.200302040886014, -0.301181499465493, -0.307601658521858, -0.0829603291928094, -0.0440723213610994, 0.0810441155568228, -0.125116436917922, 84.634363636361, 85.6200645161268, 84.2771721611721, 86.1919324215043
12/12/2017, 84.48, 84.65, 84.39, 84.55, 165698, 0.569287735697366, 0.0863153251003068, -0.236311087706396, -0.461301870151082, -0.12285676786388, -0.088753124367102, 0.0470846675720378, -0.13583779193914, 84.5614545454519, 85.5479999999977, 84.2339609279609, 86.1673326359835
12/13/2017, 84.89, 85.44, 84.76, 85.34, 268366, 0.587961262603136, 0.476254280265916, 0.0969720368655407, -0.25804139569987, 0.0922272694844736, -0.059728076871906, 0.0257221186832491, -0.085450195555155, 84.7816363636336, 85.5516344085999, 84.2256556776556, 86.1561690871371
12/14/2017, 85.21, 85.62, 85.1, 85.49, 105092, 0.587996063200657, 0.501127589763943, 0.122526682227476, -0.0818240537069923, 0.172202334877102, -0.024341181234675, 0.0157094586996643, -0.0400506399343393, 84.8947272727245, 85.5460860215031, 84.2321025641025, 86.1476358835432
12/15/2017, 85.42, 85.45, 85.13, 85.27, 133556, 0.581146877810167, 0.255776065172857, 0.0673702033912072, -0.260873346992073, 0.103224290421119, -0.013888870621642, 0.00978979283540301, -0.023678663457045, 85.0545454545427, 85.5079139784923, 84.2363638583638, 86.1356065707582
12/18/2017, 85.39, 85.45, 85.23, 85.26, 64441, 0.565055999968675, 0.308536508485102, 0.0159613528662664, -0.267998756901093, 0.098458131773954, -0.00633918144481527, 0.00656399797935936, -0.0129031794241746, 85.1581818181791, 85.4575698924707, 84.2568742368742, 86.1235812588546
12/19/2017, 85.05, 85.11, 84.89, 85.05, 65665, 0.559880550610968, 0.238489146241733, -0.0866362582214893, -0.434128391687356, 0.0878607922965093, -0.017104078170135, 0.00183038274946048, -0.0189344609195955, 85.1929090909063, 85.3900215053739, 84.271619047619, 86.1083014386084
12/20/2017, 84.73, 84.83, 84.59, 84.62, 104110, 0.561769661876503, 0.0010675588844059, -0.292744387289136, -0.600246292357197, 0.0689554530162009, -0.0596451900982942, -0.0104647318200905, -0.0491804582782037, 85.1467272727246, 85.255655913976, 84.2596239316239, 86.0862568442013
12/21/2017, 84.6, 84.72, 84.55, 84.71, 57720, 0.54314840454008, -0.155088691852722, -0.259681536980106, -0.557171849879095, 0.130263732437971, -0.0851159166505795, -0.0253949687861883, -0.0597209478643912, 85.0414545454518, 85.1364516129008, 84.2378192918192, 86.0659747868736
12/22/2017, 84.66, 84.73, 84.62, 84.72, 32764, 0.522422052421632, -0.0732643385450158, -0.296079489455261, -0.492114520661947, 0.115808976977721, -0.10330391133796, -0.0409767572965426, -0.0623271540414175, 84.8938181818155, 85.039591397847, 84.2241147741147, 86.0461358887294
12/26/2017, 84.71, 84.83, 84.71, 84.8, 67586, 0.502908213055456, -0.385454068813861, -0.366184892562766, -0.621008254510374, 0.131371317416077, -0.109994745792889, -0.054780354995812, -0.0552143907970772, 84.7587272727245, 84.9441505376319, 84.2286495726495, 86.0278546443842
12/27/2017, 84.73, 84.75, 84.66, 84.7, 37137, 0.486591329914374, -0.235104025377851, -0.323921519405671, -0.507903867774026, 0.109803371285269, -0.121960559160229, -0.0682163958286953, -0.0537441633315335, 84.5754545454517, 84.8312688172018, 84.2368107448107, 86.0082290763054
12/28/2017, 85.03, 85.08, 84.93, 85, 52640, 0.482983192488943, -0.163039349551389, -0.205004197650869, -0.418044861016812, 0.0109964907844195, -0.106013996309443, -0.0757759159248448, -0.030238080384598, 84.6456363636336, 84.7633548387071, 84.2652356532356, 85.9936452589643
12/29/2017, 85.25, 85.31, 85.13, 85.14, 52140, 0.476284857804582, -0.6128192345255, 0.0380614835107021, -0.461765291767618, 0.0303414290907038, -0.0811440226080151, -0.0768495372614789, -0.00429448534653623, 84.8127272727244, 84.7409462365566, 84.2901978021977, 85.9814788465188
1/2/2018, 85.62, 85.62, 85.4, 85.47, 99432, 0.478803652203206, -0.275419687370451, 0.0526771794183494, -0.447413137615985, 0.0182566083791974, -0.0344094959461216, -0.0683615289984074, 0.0339520330522858, 85.0689090909062, 84.7481505376318, 84.3417264957264, 85.9746850492504
1/3/2018, 85.48, 85.53, 85.22, 85.3, 79788, 0.473941157633267, -0.585813214094818, 0.280619459034753, -0.660476871329212, -0.014243915931575, -0.0109632486076521, -0.0568818729202564, 0.0459186243126043, 85.2534545454517, 84.7802365591372, 84.3771721611721, 85.9653104478542
1/4/2018, 85.08, 85.13, 85.03, 85.13, 87045, 0.467001312214399, -0.51800804293477, 0.161278139880276, -0.716837999396817, -0.111053755654438, -0.00602999785974134, -0.0467114979081534, 0.040681500048412, 85.335090909088, 84.7638064516103, 84.4118632478632, 85.9534006484485
1/5/2018, 84.74, 84.84, 84.72, 84.84, 74522, 0.469330865433417, -0.500141635107528, 0.201330790610202, -0.680689808364656, -0.199400606656102, -0.0252301005745323, -0.0424152184414292, 0.0171851178668968, 85.226181818179, 84.7212258064489, 84.43684004884, 85.9371289828433
1/8/2018, 84.95, 84.96, 84.82, 84.85, 176289, 0.454061627486183, -0.00861483854210482, 0.178029916903246, -0.511062987026137, -0.212571927182357, -0.0391876727804146, -0.0417697093092263, 0.00258203652881168, 85.1267272727243, 84.7480645161263, 84.4554578754578, 85.9212320646889
1/9/2018, 85.17, 85.39, 85.08, 85.21, 147357, 0.461222540049202, -0.291951895917761, 0.380872298944352, -0.485522366338781, -0.149244470168698, -0.0209585607163234, -0.0376074795906457, 0.0166489188743223, 85.1459999999971, 84.8089247311801, 84.4818192918192, 85.9111193557146
1/10/2018, 86.01, 86.2, 85.94, 86.17, 110166, 0.490724544571346, 0.516137028891527, 0.629527484728643, -0.37884448519902, -0.0866836854829763, 0.070143547718132, -0.0160572741288901, 0.0862008218470222, 85.4861818181788, 85.0242150537607, 84.5580024420023, 85.9159390619858
1/11/2018, 86.09, 86.4, 86.03, 86.28, 87789, 0.487035782399482, 0.572862886999588, 0.524245300123359, -0.415086130354978, -0.0231275037619412, 0.149495415605884, 0.0170532638180647, 0.132442151787819, 85.7696363636334, 85.2345376344059, 84.6345836385835, 85.9223813483816
1/12/2018, 86.14, 86.5, 86.03, 86.42, 62098, 0.489127226801156, 0.500569653555123, 0.729733143758591, -0.431499549941741, -0.0218657919633032, 0.221130122177726, 0.057868635489997, 0.163261486687729, 86.0752727272697, 85.4396559139757, 84.7443956043955, 85.9308770999118
1/16/2018, 86.68, 87.02, 86.53, 86.94, 199444, 0.496398161871959, 1.29732778654128, 1.04093940674493, -0.174796711120085, 0.116976378485446, 0.316215660122296, 0.109538040416457, 0.206677619705839, 86.5110909090879, 85.6454193548359, 84.867929181929, 85.9471814220118
1/17/2018, 86.64, 86.75, 86.29, 86.3, 139429, 0.512734801662696, 1.00447407495192, 0.764908523853179, -0.438967366743971, -0.00169665324380553, 0.336055148140161, 0.154841461961198, 0.181213686178964, 86.6936363636333, 85.8086881720402, 84.9793089133088, 85.9535517951995
1/18/2018, 86.36, 86.65, 86.3, 86.41, 87814, 0.506730270967668, 1.09335882642643, 0.825637934508317, -0.29942849330595, -0.033694502139437, 0.35654414703572, 0.195181998976102, 0.161362148059618, 86.834909090906, 85.9571182795671, 85.1100634920633, 85.9614993086764
1/19/2018, 86.73, 86.82, 86.63, 86.64, 147410, 0.503776945736384, 1.22260557694428, 0.81676385691834, -0.296108574154503, -0.0181759364777199, 0.386881178682856, 0.233521834917453, 0.153359343765403, 86.9610909090879, 86.1281720430079, 85.2220048840047, 85.9728050314468
1/22/2018, 86.65, 86.65, 86.27, 86.48, 87186, 0.50144395062061, 0.730008096115348, 0.803164321638273, -0.344587338688298, -0.0453575078548603, 0.393477073236213, 0.265512882581205, 0.127964190655008, 86.8916363636333, 86.2882795698897, 85.3146764346763, 85.9815585189391
1/23/2018, 86.86, 87, 86.84, 86.98, 60180, 0.503525284055953, 0.914932766433809, 0.9348609639917, -0.12352171575896, 0.0291421827733677, 0.434046767564496, 0.299219659577863, 0.134827107986633, 86.9074545454515, 86.4586236559112, 85.4223907203906, 85.9976717073586
1/24/2018, 87.66, 88.05, 87.66, 87.94, 222653, 0.533964040787212, 1.45977709587639, 1.09564350908599, 0.212853543739813, 0.181133183878241, 0.537466935285337, 0.346869114719358, 0.190597820565979, 87.2107272727242, 86.7190967741906, 85.5739804639802, 86.0278738330821
1/25/2018, 88.01, 88.42, 87.48, 87.81, 179747, 0.561541485701925, 1.38748204276765, 1.09738355136456, 0.113845499321694, 0.139388789746736, 0.601998782527758, 0.397895048281038, 0.20410373424672, 87.5121818181787, 86.9387956989219, 85.7133846153844, 86.0557512622762
1/26/2018, 87.98, 88.6, 87.95, 88.26, 106784, 0.575498640001266, 1.74204016992876, 1.25346698026835, 0.275552456884788, 0.0766947186903058, 0.68159497301653, 0.454635033228136, 0.226959939788394, 87.9016363636332, 87.1945591397821, 85.8609719169717, 86.0899190417186
1/29/2018, 88.25, 88.25, 87.86, 88.07, 130648, 0.570612404543955, 1.94205712873121, 1.14721203127105, -0.0519887440959501, 0.0034620628148016, 0.721032501484757, 0.507914526879461, 0.213117974605296, 88.1454545454514, 87.4549462365563, 85.9978632478631, 86.1208435151021
1/30/2018, 88.43, 88.44, 88.08, 88.14, 226445, 0.562640602958666, 1.92826142726084, 1.02700840341722, 0.0795499936680203, 0.00812214519402101, 0.749298000979991, 0.556191221699567, 0.193106779280424, 88.4274545454513, 87.7166021505347, 86.1226446886444, 86.1248828754957
1/31/2018, 88.05, 88.12, 87.36, 87.88, 173386, 0.580468657345676, 1.7437075314505, 1.00077210691853, -0.152804244454485, -0.0359998935641981, 0.742163586043418, 0.593385694568337, 0.148777891475081, 88.4261818181786, 87.9135053763411, 86.229719169719, 86.1270220035536
2/1/2018, 87.72, 87.81, 87.53, 87.78, 184836, 0.572009641457748, 1.63363489716823, 0.73458273175451, -0.323973824095203, -0.0941674395734512, 0.720139032049886, 0.618736362064647, 0.101402669985239, 88.3261818181786, 88.0802150537605, 86.3394578754577, 86.1368517151841
2/2/2018, 86.96, 87.15, 86.85, 87.13, 133442, 0.600831585111937, 1.24931915765504, 0.658964028597845, -0.150394592400961, -0.130309002700865, 0.642824762886292, 0.623554042228976, 0.0192707206573161, 87.9729090909059, 88.1341935483841, 86.425741147741, 86.1285319119861
2/5/2018, 87.31, 87.86, 87, 87.8, 290171, 0.615409262075887, 1.38335793981645, 0.814485299912332, 0.182411348136856, -0.00668172501795423, 0.628372560403278, 0.624517745863836, 0.00385481453944181, 87.7923636363604, 88.2310967741906, 86.5305128205126, 86.1352499658333
2/6/2018, 87.64, 87.92, 87.5, 87.57, 146345, 0.610155150733696, 1.1875250535834, 0.435910937533303, 0.209704311925788, -0.059900096618129, 0.591541090533084, 0.617922414797686, -0.0263813242646016, 87.5603636363604, 88.2843010752658, 86.6149450549448, 86.1403454967886
2/7/2018, 87.8, 87.88, 87.45, 87.52, 174293, 0.604544358115428, 1.00658556485302, 0.533250665116657, 0.172597570043938, -0.00466285546924131, 0.55195471282245, 0.604728874402639, -0.0527741615801887, 87.4709090909058, 88.3133763440829, 86.7010109890107, 86.1455500888345
2/8/2018, 87.59, 88.32, 87.59, 88.21, 108034, 0.61517102495351, 1.37850259206209, 0.616801082409951, 0.418261661122933, 0.207140993900819, 0.569692397375974, 0.597721578997306, -0.0280291816213321, 87.616727272724, 88.4172688172012, 86.8139438339436, 86.1651906519068
2/9/2018, 88.08, 88.75, 88.01, 88.21, 121447, 0.626357831375033, 1.47127759492486, 0.728076657423805, 0.549241106400175, 0.198816309693588, 0.577097222625881, 0.593596707723021, -0.0164994850971403, 87.830727272724, 88.4924946236528, 86.9210183150181, 86.1842069154028
2/12/2018, 88.34, 88.46, 88.16, 88.3, 84307, 0.61142098630025, 1.68739288759096, 0.88006547224401, 0.583363446050342, 0.222457851179914, 0.583501604543869, 0.591577687087191, -0.00807608254332126, 88.0405454545422, 88.5764946236528, 87.0280439560437, 86.2148845155121
2/13/2018, 89.06, 89.27, 88.97, 88.99, 155318, 0.630846718010972, 1.95256262889998, 1.49392317277195, 0.928696708751611, 0.328721485134591, 0.63691242679252, 0.600644635028256, 0.0362677917642636, 88.4901818181785, 88.7360860215023, 87.1646788766787, 86.2460997676646
2/14/2018, 89.5, 89.86, 89.3, 89.68, 216013, 0.643199118688745, 2.0482380522998, 1.46460411501237, 1.14709965032186, 0.435827562431933, 0.726542986368599, 0.625824305296325, 0.100718681072274, 89.0798181818149, 88.980387096771, 87.3271428571427, 86.2844326909939
2/15/2018, 90.05, 90.45, 89.78, 90.41, 172593, 0.648689217075614, 2.00169179076563, 1.83853067696752, 1.21291375450885, 0.540757684324631, 0.846720285337128, 0.670003501304486, 0.176716784032642, 89.8034545454512, 89.2788172042979, 87.5210720390718, 86.334756867569
2/16/2018, 90.27, 90.52, 90.15, 90.22, 519937, 0.638057997229172, 1.83781784388409, 1.76103511356496, 1.089952507152, 0.575324760207264, 0.916070359624854, 0.719216872968559, 0.196853486656295, 90.1879999999967, 89.5088387096742, 87.7044786324784, 86.3893289599565
2/20/2018, 89.55, 89.56, 89.36, 89.39, 364475, 0.659887156108235, 1.27734014173714, 1.31462970632043, 0.985527286848691, 0.449215586775381, 0.893754088942885, 0.754124316163424, 0.13962977277946, 90.2512727272694, 89.5813763440828, 87.8511330891329, 86.4276340030069
2/21/2018, 89.31, 89.33, 88.91, 89.04, 373783, 0.656311177451588, 0.904570365062471, 1.48576115816352, 1.0012160968498, 0.420814725484646, 0.838164371583019, 0.770932327247343, 0.067232044335676, 90.0609090909058, 89.5808172042978, 87.9796166056164, 86.4636605166054
2/22/2018, 89.73, 89.96, 89.61, 89.91, 333601, 0.668624734493102, 1.54794089757384, 1.83345745489176, 1.1308313094482, 0.582620040201633, 0.854461152892711, 0.787638092376417, 0.0668230605162938, 90.0809090909057, 89.6876129032225, 88.1459584859583, 86.5049287959549
2/23/2018, 89.75, 90, 89.72, 89.72, 106170, 0.65214274837674, 1.40784252871346, 1.77815730691718, 1.10395336732272, 0.628845954934308, 0.842335142204959, 0.798577502342125, 0.0437576398628339, 90.0429090909057, 89.8039784946204, 88.3068229548227, 86.5393740604075
2/26/2018, 89.66, 89.75, 89.58, 89.63, 169954, 0.629641135949382, 1.26806919918038, 1.74580315350451, 1.12650083680934, 0.649141514075157, 0.816055958421614, 0.802073193558023, 0.0139827648635913, 89.8914545454512, 89.8933548387065, 88.4560293040291, 86.5799272926065
2/27/2018, 89.56, 89.61, 89.07, 89.28, 146667, 0.631866019986402, 1.17816526681857, 1.3805481630816, 1.05760659615914, 0.569988467499541, 0.758246843395682, 0.793307923525555, -0.0350610801298731, 89.559636363633, 89.9260430107494, 88.5865616605614, 86.6195197485311
2/28/2018, 89.58, 89.94, 89.52, 89.94, 232964, 0.632558909841746, 1.22323598796477, 1.5227960006149, 1.18445723075517, 0.597232243485563, 0.756963384689925, 0.786039015758429, -0.0290756310685041, 89.5403636363602, 90.0586881720398, 88.7314774114771, 86.6668148148151
3/1/2018, 89.65, 90.33, 89.46, 90.31, 191195, 0.646636373974181, 1.03441082017521, 1.72444559644369, 1.2871607450777, 0.677809717246224, 0.776847132032245, 0.784200639013192, -0.00735350698094761, 89.7350909090875, 90.1762580645129, 88.8954505494503, 86.7214669946703
3/2/2018, 91.03, 91.07, 90.71, 90.74, 406130, 0.653271373010005, 1.26882681467839, 1.86053774963966, 1.35129840489179, 0.662671408748531, 0.817874602092118, 0.790935431628978, 0.0269391704631405, 90.1899999999966, 90.3298494623624, 89.0577118437116, 86.7825034850351
3/5/2018, 90.71, 90.71, 90.27, 90.31, 238271, 0.649584233945094, 0.879896591853935, 1.77620324499696, 1.2249115265003, 0.435184822269741, 0.806396128753349, 0.794027571053852, 0.0123685576994969, 90.4403636363602, 90.4162795698892, 89.1997973137971, 86.8422607626079
3/6/2018, 90.32, 90.54, 90.26, 90.29, 112168, 0.632747309327748, 0.958462503833546, 1.9496463976442, 1.18562294457158, 0.479633589109364, 0.786617881792751, 0.792545633201632, -0.00592775140888113, 90.5129090909056, 90.465827956986, 89.3282686202684, 86.8975418887525
3/7/2018, 90.61, 90.61, 90.3, 90.41, 130298, 0.618009255958879, 0.978707218247056, 1.95760635147202, 1.21369557356547, 0.479021575943732, 0.771730447486945, 0.788382596058694, -0.0166521485717493, 90.5078181818147, 90.5393548387065, 89.4591965811964, 86.9559980866479
3/8/2018, 90.34, 90.41, 90.22, 90.23, 53414, 0.598808666626179, 1.02007323594642, 1.88693635091456, 1.14276209551711, 0.457958586060931, 0.736912879897091, 0.778088652826374, -0.0411757729292832, 90.5398181818147, 90.6319139784914, 89.5740976800975, 87.0047749077495
3/9/2018, 89.68, 89.87, 89.6, 89.74, 198024, 0.607075782150615, 0.834412441939368, 1.66591000313608, 0.955233099415899, 0.456677798195817, 0.662147972185394, 0.754900516698178, -0.0927525445127835, 90.3470909090875, 90.6388602150505, 89.6678730158729, 87.0454683613506
3/12/2018, 89.97, 90.18, 89.94, 90.17, 375844, 0.59837009710199, 1.3442728811112, 1.83410661975342, 1.10754038918825, 0.491143406580424, 0.630327626004629, 0.729985938559468, -0.0996583125548394, 90.2838181818147, 90.7179139784914, 89.7856947496946, 87.0902604892719
3/13/2018, 89.67, 90.06, 89.54, 89.99, 168078, 0.604592511089033, 0.992748633305427, 1.67002810288952, 1.06921951134841, 0.487178478070713, 0.583854960182023, 0.700759742883979, -0.116904782701956, 90.0589090909056, 90.749139784943, 89.8828840048838, 87.1284788847892
3/14/2018, 89.96, 90.38, 89.96, 90.25, 237654, 0.595976909354648, 1.22222423378366, 1.70404058390941, 1.27062758793271, 0.464855715440757, 0.561531874877332, 0.67291416928265, -0.111382294405318, 90.0170909090874, 90.8056344085989, 89.9798461538459, 87.1713229465631
3/15/2018, 90.42, 90.56, 90.21, 90.24, 286892, 0.585633535746833, 1.24212393692011, 1.59269009720587, 1.19826306527558, 0.41512448758358, 0.536845333685605, 0.645700402163241, -0.108855068477636, 90.0289090909055, 90.8299139784913, 90.0732283272281, 87.2182148421487
3/16/2018, 90.57, 90.57, 90.27, 90.4, 198516, 0.573619377793191, 1.03534742001548, 1.70850580171036, 1.45363009515154, 0.437195492848744, 0.524149663707078, 0.621390254472008, -0.0972405907649303, 90.1858181818146, 90.8526021505343, 90.1678461538459, 87.268748667487
3/19/2018, 90.29, 90.62, 90.26, 90.32, 202480, 0.565350223260399, 0.996264621075783, 1.74506364307951, 1.39830665486794, 0.490007904291888, 0.501847931801294, 0.597481789937865, -0.0956338581365719, 90.2476363636328, 90.8049032258032, 90.2599365079363, 87.3136165094987
3/20/2018, 90.09, 90.13, 89.96, 89.97, 679250, 0.559178732428979, 0.777589886531371, 1.72806196965776, 1.41635001599595, 0.356871717449559, 0.450735772253452, 0.568132586400983, -0.117396814147531, 90.1839999999963, 90.7368817204268, 90.3297167277166, 87.3561353013533
3/21/2018, 90.28, 90.52, 89.88, 90.52, 489723, 0.563343405090626, 0.720994260487195, 1.8848456294073, 1.52019486168804, 0.427176414961201, 0.449428686884019, 0.54439180649759, -0.094963119613571, 90.3518181818145, 90.7093118279537, 90.4213626373625, 87.4082219488864
3/22/2018, 90.91, 91.02, 90.6, 90.98, 346709, 0.55994892039309, 0.626862372309197, 1.90460445726481, 1.66832402830712, 0.38078301958726, 0.479978079407871, 0.531509061079646, -0.0515309816717751, 90.6365454545417, 90.7177419354806, 90.5363809523808, 87.4703036763704
3/23/2018, 91.14, 91.62, 91.05, 91.52, 639404, 0.563777809642648, 0.547150663157054, 1.81076928265577, 1.73276989167483, 0.48520533932327, 0.541519876064356, 0.533511224076588, 0.00800865198776779, 90.9689090909054, 90.8183655913945, 90.6675213675211, 87.5360800874678
3/26/2018, 91.11, 91.37, 90.89, 90.91, 254533, 0.57383233837389, 0.333079952409244, 1.53358029463101, 1.47447553709264, 0.43305142115056, 0.534904248076529, 0.533789828876577, 0.00111441919995248, 91.0794545454507, 90.8202365591365, 90.765802197802, 87.5948918955859
3/27/2018, 90.64, 90.99, 90.62, 90.87, 268623, 0.565739440821963, 0.768778754331698, 1.47263912938038, 1.57469720546412, 0.450359122305005, 0.520434405657852, 0.531118744232832, -0.0106843385749797, 91.0998181818144, 90.8056129032225, 90.860327228327, 87.6449924832585
3/28/2018, 90.32, 90.37, 89.58, 89.59, 781217, 0.617125860454484, 0.25222082086357, 0.825246558181654, 1.30412018349106, 0.256408838275349, 0.401058496006073, 0.50510669458748, -0.104048198581407, 90.6819999999961, 90.6579999999967, 90.9043443223441, 87.6718830121638
3/29/2018, 90.05, 90.19, 89.95, 90.11, 184915, 0.616179009501846, 0.10287290993033, 1.19628049730454, 1.40022788168623, 0.331903079619268, 0.344441375954048, 0.472973630860794, -0.128532254906746, 90.4778181818143, 90.6184946236526, 90.963802197802, 87.7086633866342
4/2/2018, 90.14, 90.7, 90.06, 90.52, 378789, 0.61806999578989, 0.370468509243626, 1.27933299619194, 1.50300538729028, 0.341981952052881, 0.328864528324075, 0.44415181035345, -0.115287282029375, 90.4543636363597, 90.6769032258031, 91.0540463980462, 87.7512554325546
4/3/2018, 89.97, 90.1, 89.85, 89.85, 345538, 0.628829284562669, 0.10758027006966, 0.983274625492263, 1.27762825156404, 0.388816687404061, 0.259465408063292, 0.407214529895419, -0.147749121832126, 90.1769090909051, 90.6369247311794, 91.1016727716726, 87.7826054393881
4/4/2018, 90.22, 90.22, 89.72, 89.73, 230283, 0.626048096033188, 0.208948010440961, 0.997657940765979, 1.27944324626072, 0.368871069281766, 0.192563357624621, 0.364284295441259, -0.171720937816638, 89.8136363636323, 90.528774193545, 91.1440024420022, 87.8097504441714
4/5/2018, 89.48, 89.57, 89.13, 89.17, 910626, 0.632124378986264, -0.327074072907782, 0.673902914082213, 1.12304407778516, 0.371168926812294, 0.0932804023507288, 0.310083516823153, -0.216803114472424, 89.3799999999959, 90.3240430107493, 91.180222222222, 87.825084597513
4/6/2018, 89.49, 89.72, 89.32, 89.68, 327937, 0.627767666486339, -0.260236643563941, 0.550192605955424, 1.1510453414146, 0.417205331742514, 0.0551153473372779, 0.259089882925978, -0.2039745355887, 89.2881818181777, 90.2411827956955, 91.2295579975578, 87.848457564576
4/9/2018, 89.62, 89.87, 89.47, 89.83, 81106, 0.617647713614273, -0.387256173400199, 0.636193243283001, 1.21515915252822, 0.423665244295248, 0.0365516677986761, 0.214582239900518, -0.178030572101842, 89.4270909090868, 90.1661720430073, 91.2918876678875, 87.8732010386774
4/10/2018, 89.56, 89.59, 89.24, 89.39, 297554, 0.622654988346254, -0.393142433752617, 0.363326739877579, 1.12380029810513, 0.362385938208945, -0.0135087838945083, 0.168964035141513, -0.182472819036021, 89.3841818181777, 90.0286236559106, 91.3256117216115, 87.8915692223592
4/11/2018, 89.62, 89.83, 89.56, 89.7, 219796, 0.614004157612688, -0.244160703077497, 0.514967780380716, 1.16232574951153, 0.400128967054083, -0.027846644521432, 0.129601899208924, -0.157448543730356, 89.5232727272685, 89.9086236559106, 91.3631648351646, 87.9223580702477
4/12/2018, 89.23, 89.42, 89.2, 89.35, 220963, 0.613568710587187, -0.445877100343571, 0.385343192876648, 0.982089810480133, 0.419101441169943, -0.0666828983513881, 0.0903449396968613, -0.157027838048249, 89.3492727272685, 89.7855053763407, 91.3621172161169, 87.9474659013261
4/13/2018, 88.95, 89.32, 88.93, 89.21, 187625, 0.607344984602812, -0.429744576633082, 0.423622495104037, 0.993341575178876, 0.429550588466916, -0.107518334846631, 0.0507722847881628, -0.158290619634794, 89.2439999999958, 89.6730967741902, 91.3690085470083, 87.9733470001371
4/16/2018, 89.32, 89.5, 89.31, 89.44, 151961, 0.591705990301834, -0.11954676703384, 0.523298459283939, 0.881744359136341, 0.461985997929924, -0.119939051931567, 0.0166300174442168, -0.136569069375784, 89.3492727272685, 89.6256344085987, 91.3751306471304, 88.0030548038818
4/17/2018, 89.42, 89.61, 89.37, 89.51, 64021, 0.575087415752052, -0.283221776303508, 0.761133296594916, 1.00570361333924, 0.454470589342756, -0.122719510594337, -0.0112398881634939, -0.111479622430843, 89.4036363636321, 89.5667741935449, 91.3814945054943, 88.0381473281404
4/18/2018, 89.4, 89.44, 89.28, 89.34, 232878, 0.560244804732124, -0.279390416681715, 0.505909582260478, 0.931723095332781, 0.475173919988133, -0.137060673243568, -0.0364040451795086, -0.100656628064059, 89.3938181818139, 89.4901720430073, 91.3833431013428, 88.0737272106058
4/19/2018, 89.24, 89.33, 89.13, 89.23, 198822, 0.544656027255739, -0.448877572761489, 0.54624955640585, 0.69648392216997, 0.552539544163342, -0.155509610666826, -0.0602251582769721, -0.0952844523898538, 89.2552727272684, 89.4137419354804, 91.3618437118435, 88.1083580702478
4/20/2018, 88.92, 89.1, 88.84, 89.01, 112188, 0.540609756728773, -0.542772530204212, 0.491553668660128, 0.7231798008225, 0.508110244959178, -0.185741574623336, -0.0853284415462448, -0.100413133077091, 89.1394545454501, 89.3050107526847, 91.3215262515261, 88.1383640836413
4/23/2018, 88.33, 88.52, 88.1, 88.1, 219865, 0.570529974166932, -0.964904165859161, -0.0161827251652283, 0.407958385265632, 0.394473442163548, -0.279903465761635, -0.124243446389323, -0.155660019372312, 88.7758181818138, 89.0560215053728, 91.2373040293038, 88.1581771217717
4/24/2018, 87.81, 88.25, 87.75, 88.1, 77473, 0.570380319953478, -0.930640012568755, -0.0161827251652283, 0.48159790299757, 0.459443949292167, -0.350487244109175, -0.169492205933293, -0.180995038175882, 88.418545454541, 88.846279569889, 91.1504810744808, 88.1747237939051
4/25/2018, 87.71, 87.84, 87.59, 87.63, 212583, 0.573867178802993, -0.978663744135375, -0.189290354867526, 0.449903758380943, 0.420180391608096, -0.439286646015546, -0.223451093949744, -0.215835552065802, 88.0312727272682, 88.5782580645126, 91.0580683760681, 88.1851925652595
4/26/2018, 87.84, 87.85, 87.59, 87.63, 103110, 0.560008921996815, -1.25569795704158, -0.412338938772772, 0.682805636737989, 0.400733285038863, -0.503852711372204, -0.279531417434236, -0.224321293937968, 87.6869090909046, 88.3427956989212, 90.9673113553111, 88.1907792811267
4/27/2018, 87.67, 87.96, 87.67, 87.84, 145611, 0.549520750715527, -1.39005697624297, -0.575230478246273, 0.551365864110493, 0.365492998959844, -0.53194461202061, -0.330014056351511, -0.201930555669099, 87.4809090909045, 88.1502150537598, 90.8792771672769, 88.202006013394
4/30/2018, 87.57, 87.81, 87.56, 87.65, 115803, 0.539148974394858, -1.795416736758, -0.896677104170172, 0.598628721419505, 0.346571097529239, -0.563048584186518, -0.376620961918512, -0.186427622268006, 87.3299999999954, 87.9596774193513, 90.7808327228325, 88.2131400847347
5/1/2018, 87.35, 87.47, 87.17, 87.17, 112885, 0.542544306819133, -1.76179341875075, -0.98709463786441, 0.477365721448117, 0.229107196395626, -0.619291883357107, -0.425155146206231, -0.194136737150876, 87.1249090909044, 87.7206451612867, 90.6549890109888, 88.2178816454837
5/2/2018, 87.22, 87.4, 87.06, 87.14, 73202, 0.535103372322156, -1.75736057741082, -0.752602668503442, 0.404735914492399, 0.227965929544766, -0.658692851273017, -0.471862687219588, -0.186830164053429, 87.0030909090862, 87.474795698921, 90.516725274725, 88.2226858001919
5/3/2018, 87.62, 87.91, 87.59, 87.74, 132795, 0.548751566799008, -0.960150335407732, -0.418963394293518, 0.727503233129563, 0.246558843176423, -0.634192836377807, -0.504328717051232, -0.129864119326575, 87.1865454545407, 87.3599999999963, 90.4048424908423, 88.2353609402766
5/4/2018, 87.9, 87.91, 87.68, 87.8, 57866, 0.534055687327992, -1.25815240484531, -0.721294927216326, 0.81125635353519, 0.238034021292322, -0.602984074435653, -0.524059788528116, -0.0789242859075371, 87.4279999999953, 87.301419354835, 90.2935848595846, 88.2462618559524
5/7/2018, 87.63, 87.88, 87.58, 87.85, 34390, 0.524138700967875, -1.50614806801521, -0.638523354963681, 0.833426548028925, 0.249920307352145, -0.567672547849227, -0.532782340392339, -0.0348902074568888, 87.5707272727225, 87.3056989247275, 90.1840341880339, 88.2595038950395
5/8/2018, 87.71, 88, 87.62, 87.79, 45120, 0.519914633056457, -1.23088807070377, -0.628656000535172, 0.818801140935869, 0.16814134019277, -0.538323943853058, -0.533890661084482, -0.00443328276857557, 87.7063636363588, 87.2853763440822, 90.0674041514038, 88.2791108377755
5/9/2018, 87.27, 87.39, 87.21, 87.29, 47159, 0.5299706765291, -1.4203555423224, -0.679196323153769, 0.506027172066875, 0.11222606034224, -0.549081317430378, -0.536928792353662, -0.0121525250767165, 87.592181818177, 87.2190752688134, 89.9333211233208, 88.2946122727899
5/10/2018, 87.47, 87.6, 87.4, 87.57, 32400, 0.519562445318189, -0.944792540959174, -0.827623884033472, 0.536205404665499, 0.219257180255101, -0.528915939835045, -0.535326221849938, 0.00641028201489346, 87.5932727272678, 87.1260645161252, 89.8129108669106, 88.3145398387322
5/11/2018, 87.74, 87.75, 87.56, 87.65, 29338, 0.503972380715209, -1.27030377400874, -0.937979248052323, 0.611641693852478, 0.165331154209062, -0.500707556364802, -0.528402488752911, 0.0276949323881095, 87.6672727272678, 87.0909032258026, 89.7015506715504, 88.3365931392652
5/14/2018, 87.45, 87.52, 87.33, 87.33, 117626, 0.49884942415211, -1.56856460846431, -1.21929096951838, 0.534293579036874, 0.1246574290936, -0.49842796753353, -0.522407584509035, 0.0239796169755048, 87.603090909086, 87.0583440860177, 89.5708278388276, 88.3569564028978
5/15/2018, 86.9, 86.91, 86.73, 86.77, 112016, 0.511539635826248, -1.61908195085513, -1.26275277229783, 0.446488657998181, 9.23152445004662E-05, -0.535634238762199, -0.525052915359668, -0.0105813234025315, 87.2669090909042, 86.9306451612864, 89.4103614163611, 88.3666713133803
5/16/2018, 86.95, 87, 86.79, 86.79, 143971, 0.499101042638684, -1.85296663928715, -1.24784225006678, 0.561632638673181, -0.0298307746762141, -0.55708491577883, -0.5314593154435, -0.0256256003353299, 86.9534545454496, 86.8173548387058, 89.243123321123, 88.3739305726395
5/17/2018, 86.48, 86.56, 86.39, 86.46, 111131, 0.499087792228555, -1.84883395725977, -1.40891263256943, 0.456627580635088, -0.058593352263693, -0.593867242036538, -0.543940900762108, -0.04992634127443, 86.6650909090859, 86.6438279569854, 89.0602539682537, 88.3781366680338
5/18/2018, 86.34, 86.59, 86.32, 86.5, 148420, 0.489521086592796, -1.72609869067474, -1.33031940124027, 0.4639187434135, -0.0215951026042662, -0.612726702870518, -0.55769806118379, -0.0550286416867278, 86.4723636363586, 86.5268602150499, 88.8859536019533, 88.3791570315708
5/21/2018, 86.14, 86.27, 86.09, 86.26, 137313, 0.490104281135671, -2.07118851357426, -1.2568427523037, 0.384462111976284, -0.122884507234472, -0.639665292380087, -0.574091507423049, -0.0655737849570379, 86.2776363636314, 86.4099569892434, 88.7215506715504, 88.3685234385682
5/22/2018, 86.38, 86.38, 86.22, 86.36, 81758, 0.474323477607976, -2.04342607700319, -1.39378153331164, 0.433978092122807, -0.0392647023370117, -0.645504183963027, -0.588374042731045, -0.057130141231982, 86.1921818181768, 86.299440860211, 88.5638974358972, 88.3599144458117
5/23/2018, 86.97, 87.14, 86.81, 86.96, 234013, 0.492346443766256, -1.3912544036298, -1.06918823816472, 0.502148523869582, 0.0407614207513824, -0.594859393220744, -0.589671112828985, -0.00518828039175956, 86.2919999999949, 86.3052688172004, 88.4355238095236, 88.3593606669406
5/24/2018, 87.48, 87.87, 87.46, 87.65, 129433, 0.515958065173051, -0.832399114045378, -0.88270406372028, 0.626272663186661, 0.0847096488041421, -0.493358666648064, -0.570408623592801, 0.077049956944737, 86.7041818181767, 86.3929892473078, 88.3484713064711, 88.3672409457434
5/25/2018, 87.66, 87.72, 87.47, 87.49, 80201, 0.505343904352464, -0.803852598627285, -0.934878779509196, 0.509067512443887, 0.0323587657343303, -0.420976517149271, -0.540522202304095, 0.119545685154824, 87.0727272727221, 86.4620430107487, 88.2396825396823, 88.3708088014219
5/29/2018, 87.98, 88.57, 87.78, 88.13, 117994, 0.537863511655591, 0.0269481670157729, -0.744866875112156, 0.695636606332802, 0.0275590935336823, -0.308415271620007, -0.494100816167277, 0.18568554454727, 87.6070909090857, 86.6387311827917, 88.1604420024418, 88.3821394013946
5/30/2018, 87.95, 87.99, 87.81, 87.89, 154090, 0.530570209558503, -0.10700990461674, -0.798237252251061, 0.680052794771502, -0.00787332344208953, -0.235856856785162, -0.442452024290854, 0.206595167505692, 87.9029090909038, 86.7980860215013, 88.0745616605615, 88.3863463167971
5/31/2018, 88.11, 88.32, 87.94, 88.03, 115389, 0.52766357982724, 0.241037151628276, -0.636855527338437, 0.784877410477855, 0.0631417958021234, -0.165153177278839, -0.386992254888451, 0.221839077609612, 88.1899999999947, 86.9743225806411, 87.9903296703295, 88.3941951619522
6/1/2018, 87.35, 87.49, 87.26, 87.37, 102984, 0.549132581956991, -0.130326161078676, -1.04333463115582, 0.61994818544913, 0.0706582431872359, -0.16052604174223, -0.341699012259207, 0.181172970516977, 88.1154545454492, 87.0679354838668, 87.8872234432232, 88.3913893672276
6/4/2018, 87.39, 87.44, 87.16, 87.16, 48723, 0.538995273075989, -0.358675440898228, -1.28578698223318, 0.485629351420462, 0.013146708034408, -0.171823573253519, -0.307723924458069, 0.13590035120455, 87.9267272727218, 87.1322365591357, 87.7959853479852, 88.3811972119727
6/5/2018, 87.27, 87.44, 87.14, 87.29, 118061, 0.528467024873846, -0.185200319184044, -1.44836481483489, 0.293936457789374, -0.0409069686955661, -0.168346441836391, -0.279848427933734, 0.111501986097343, 87.6989090909037, 87.1643010752647, 87.7081123321121, 88.3686732267328
6/6/2018, 87.03, 87.13, 86.85, 86.89, 99299, 0.529674211890623, -0.144123043882483, -1.39707431211981, 0.170667567679592, -0.119915988151366, -0.195612547514287, -0.263001251849844, 0.0673887043355575, 87.2967272727218, 87.1508387096733, 87.6131355311353, 88.3481754817553
6/7/2018, 87.04, 87.46, 87.02, 87.29, 87979, 0.533534455924131, 0.0913112093224583, -1.2219311248644, 0.231811293445561, -0.0964837915040197, -0.182836846293114, -0.246968370738498, 0.0641315244453845, 87.1238181818127, 87.1646021505334, 87.5324249084246, 88.3357988246554
6/8/2018, 87.41, 87.57, 87.41, 87.49, 31918, 0.521700897528134, -0.130345233231053, -0.784369296377651, 0.155575090726171, -0.00854734375401063, -0.154789367031029, -0.228532569997004, 0.0737432029659757, 87.1399999999945, 87.2059354838667, 87.4625836385834, 88.328961322947
6/11/2018, 87.12, 87.16, 86.96, 87.01, 73629, 0.528806240070102, -0.420712641100802, -1.1760648470181, 0.195750226087607, -0.121167654793071, -0.169341463141578, -0.216694348625919, 0.0473528854843414, 86.9670909090853, 87.2012688172001, 87.3664590964589, 88.3124001640021
6/12/2018, 86.84, 86.91, 86.67, 86.77, 71818, 0.523347463421397, -0.576554206055821, -1.44518231912724, 0.110972646614604, -0.0932286167356802, -0.197958159944506, -0.212947110889636, 0.0149889509451309, 86.865454545449, 87.1588387096732, 87.2582588522586, 88.2961079677469
6/13/2018, 86.67, 86.82, 86.38, 86.81, 140023, 0.522293703847724, -0.521774117416126, -1.20480546438977, 0.0649597523940522, -0.114843506917103, -0.214931832255132, -0.213344055162736, -0.0015877770923968, 86.8038181818126, 87.0951612903184, 87.1381025641023, 88.2924961049615
6/14/2018, 86.79, 86.84, 86.5, 86.56, 151121, 0.517251624416242, -0.398205249267286, -1.25608027377705, 0.0432355555271087, -0.149831544397238, -0.245723947800442, -0.219820033690277, -0.0259039141101655, 86.7427272727217, 87.0000860215012, 87.0221416361414, 88.2823870438709
6/15/2018, 86.66, 86.67, 86.54, 86.58, 133766, 0.498783039720448, -0.551252184098625, -1.04758350229519, -0.0736450832536927, -0.0986094862567508, -0.26545311014732, -0.228946648981686, -0.0365064611656341, 86.6367272727217, 86.9512903225764, 86.9028522588521, 88.2734516878508
6/18/2018, 86.64, 86.75, 86.58, 86.61, 65067, 0.483493866759572, -0.580130019751805, -1.27414078573945, -0.307981051949075, -0.0408908694750858, -0.275492162012853, -0.238255751587919, -0.0372364104249338, 86.5421818181762, 86.9177849462324, 86.7844884004882, 88.264956676234
6/19/2018, 87.11, 87.28, 86.98, 87.01, 73129, 0.49570892552631, -0.1684670846329, -1.14774374392929, -0.174706052832466, -0.0272109399392289, -0.24830917231192, -0.240266435732719, -0.00804273657920096, 86.6418181818125, 86.9460430107485, 86.6996092796091, 88.2589432827667
6/20/2018, 87.02, 87.02, 86.7, 86.74, 35764, 0.490835277029536, -0.00761773242767984, -1.09119932779019, -0.354117453131536, -0.03098628681671, -0.245720685539837, -0.241357285694143, -0.00436339984569409, 86.5834545454488, 86.9414623655872, 86.6038070818069, 88.2497662976635
6/21/2018, 86.85, 87.16, 86.85, 87.05, 33561, 0.488757028524582, 0.159024658060567, -1.08666985077682, -0.229255925741764, -0.140147010085222, -0.216163088376064, -0.236318446230527, 0.0201553578544633, 86.7203636363579, 86.9496559139743, 86.5246324786323, 88.2440768074353
6/22/2018, 86.99, 87.19, 86.96, 87.07, 70272, 0.477420286739539, 0.367250036914308, -0.941790471797244, -0.241536839280551, -0.0806366171788018, -0.188946588166544, -0.22684407461773, 0.037897486451186, 86.917272727267, 86.9806021505334, 86.462581196581, 88.2418616919508
6/25/2018, 87.34, 87.54, 87.04, 87.18, 82916, 0.481653305208661, 0.407481191975148, -0.836099445945301, -0.150475080899779, -0.151635223499169, -0.156694953094515, -0.212814250313087, 0.0561192972185722, 87.079090909085, 87.0340645161249, 86.422078144078, 88.2442591225918
6/26/2018, 87.23, 87.28, 86.91, 86.96, 36788, 0.480002396397039, 0.421039299392978, -1.02826276863789, -0.180334873240963, -0.251496127722178, -0.147190738116763, -0.199689547873822, 0.0524988097570599, 87.1076363636304, 87.0413118279527, 86.390012210012, 88.2431726117268
6/27/2018, 86.76, 86.92, 86.67, 86.83, 77294, 0.473384290811381, 0.285144380145695, -1.11343676041152, -0.052891394190366, -0.100312527946967, -0.148437398882137, -0.189439118075485, 0.041001719193348, 87.0889090909031, 86.9971182795657, 86.3505689865688, 88.2364622112895
6/28/2018, 86.84, 86.86, 86.53, 86.62, 58740, 0.469854076109381, -0.200957345954457, -1.13143953514091, -0.278398957830106, -0.0521256053864619, -0.164474669864916, -0.184446228433372, 0.0199715585684558, 86.9465454545394, 86.9272258064474, 86.2859853479852, 88.2324004373384
6/29/2018, 86.47, 86.54, 86.32, 86.47, 43663, 0.464482734693708, -0.800730401681886, -1.14929444822794, -0.258886928393701, -0.0289358461771176, -0.187130940066638, -0.184983170760025, -0.0021477693066129, 86.7530909090849, 86.8173978494581, 86.2090964590963, 88.2257302173028
7/2/2018, 86.31, 86.49, 86.31, 86.35, 52387, 0.452294510312873, -0.775903870109878, -1.11155861484621, -0.276971727013591, -0.0563968168222784, -0.212321682360681, -0.190450873080156, -0.021870809280525, 86.5301818181757, 86.6949462365549, 86.1481782661781, 88.2236416564172
7/3/2018, 86.48, 86.63, 86.48, 86.62, 19236, 0.444502994888488, -1.12971084797151, -0.654532831448835, -0.388025635306469, 0.0129097277777623, -0.208099937065583, -0.193980685877241, -0.0141192511883417, 86.4947272727211, 86.5917204301033, 86.0974481074479, 88.2230712040461
7/5/2018, 86.56, 86.6, 86.48, 86.55, 29909, 0.430707185977802, -1.0130772723467, -0.68631001453456, -0.40621384465191, 0.0667415610132803, -0.208004838192608, -0.196785516340315, -0.0112193218522929, 86.4023636363575, 86.4839569892431, 86.043929181929, 88.2202921962559
7/6/2018, 86.64, 86.73, 86.6, 86.7, 16209, 0.418844539781544, -1.00235319777318, -0.414915134568849, -0.389919347797581, 0.0916979564802402, -0.193594093056305, -0.196147231683513, 0.00255313862720785, 86.4341818181756, 86.4339999999957, 85.9914456654455, 88.2184635779698
7/9/2018, 86.59, 86.59, 86.32, 86.37, 121155, 0.421420985517042, -0.82961463186309, -0.561737102281371, -0.660607381421812, 0.130864312171191, -0.206422209054296, -0.198202227157669, -0.00821998189662621, 86.3750909090846, 86.3898494623614, 85.9410940170938, 88.2142643159771
7/10/2018, 86.08, 86.08, 85.99, 86.03, 87662, 0.424017482194021, -0.921232889132199, -0.809506199607026, -0.940675412857386, 0.11244926655579, -0.241242844562066, -0.206810350638549, -0.0344324939235175, 86.258727272721, 86.3001505376302, 85.8867179487177, 88.2041197211979
