Date,GLD_Open,GLD_High,GLD_Low,GLD_Close,GLD_Volume,GLD_ATRPercentOfClose20,GLD_SQN25,GLD_SQN50,GLD_SQN100,GLD_SQN200,GLD_MACD,GLD_MACD_Avg,GLD_MACD_Diff,GLD_LinReg10,GLD_LinReg30,GLD_LinReg90,GLD_LinReg270
1/3/2017, 109.62, 111, 109.37, 110.47, 7527353, 0, 0, 0, 0, 0, 0, 0, 0, 110.47, 110.47, 110.47, 110.47
1/4/2017, 111.06, 111.22, 110.61, 110.86, 4904119, 0, 0, 0, 0, 0, 0.0311111111111018, 0.00622222222222035, 0.0248888888888814, 110.86, 110.86, 110.86, 110.86
1/5/2017, 112.16, 112.94, 112.07, 112.58, 9606761, 0, 0, 0, 0, 0, 0.192339347894887, 0.0434456473567536, 0.148893700538133, 112.358333333333, 112.358333333333, 112.358333333333, 112.358333333333
1/6/2017, 111.81, 112.38, 111.57, 111.75, 7686070, 0, 0, 0, 0, 0, 0.25025503941616, 0.084807525768635, 0.165447513647525, 112.249, 112.249, 112.249, 112.249
1/9/2017, 112.39, 113.04, 112.18, 112.67, 5674636, 0, 0, 0, 0, 0, 0.366168985315539, 0.141079817678016, 0.225089167637524, 112.724, 112.724, 112.724, 112.724
1/10/2017, 112.94, 113.45, 112.64, 113.15, 6093404, 0, 0, 0, 0, 0, 0.491102487255887, 0.21108435159359, 0.280018135662297, 113.199047619048, 113.199047619048, 113.199047619048, 113.199047619048
1/11/2017, 112.87, 114.19, 112.17, 113.5, 9918689, 0, 0, 0, 0, 0, 0.611308478949837, 0.29112917706484, 0.320179301884998, 113.614285714286, 113.614285714286, 113.614285714286, 113.614285714286
1/12/2017, 114.52, 114.93, 113.81, 113.91, 8457319, 0, 0, 0, 0, 0, 0.731227036784702, 0.379148749008812, 0.35207828777589, 114.024166666667, 114.024166666667, 114.024166666667, 114.024166666667
1/13/2017, 113.65, 114.31, 113.19, 114.21, 7261454, 0, 0, 0, 0, 0, 0.840778875125011, 0.471474774232052, 0.369304100892959, 114.39, 114.39, 114.39, 114.39
1/17/2017, 115.89, 115.96, 115.5, 115.85, 9142370, 0, 0, 0, 0, 0, 1.04785477268366, 0.586750773922374, 0.461103998761289, 115.192727272727, 115.192727272727, 115.192727272727, 115.192727272727
1/18/2017, 115.74, 115.92, 114.56, 114.87, 6498109, 0, 0, 0, 0, 0, 1.11997572065486, 0.693395763268872, 0.426579957385992, 115.39, 115.438181818182, 115.438181818182, 115.438181818182
1/19/2017, 114.32, 114.96, 113.94, 114.77, 6437008, 0, 0, 0, 0, 0, 1.15574027281858, 0.785864665178813, 0.369875607639763, 115.390727272727, 115.574487179487, 115.574487179487, 115.574487179487
1/20/2017, 114.65, 115.76, 114.32, 115.05, 12261510, 0, 0, 0, 0, 0, 1.19292628636201, 0.867276989415452, 0.325649296946557, 115.618909090909, 115.741428571429, 115.741428571429, 115.741428571429
1/23/2017, 115.51, 116.17, 115.2, 115.79, 6373102, 0, 0, 0, 0, 0, 1.26749736493467, 0.947321064519296, 0.320176300415374, 115.802, 116.049142857143, 116.049142857143, 116.049142857143
1/24/2017, 115.69, 116.02, 114.94, 115.27, 5798840, 0, 0, 0, 0, 0, 1.26999610324732, 1.0118560722649, 0.258140030982421, 115.769090909091, 116.154666666667, 116.154666666667, 116.154666666667
1/25/2017, 114.14, 114.44, 113.68, 114.32, 6697523, 0, 0, 0, 0, 0, 1.18169743835556, 1.04582434548303, 0.135873092872524, 115.362181818182, 116.013088235294, 116.013088235294, 116.013088235294
1/26/2017, 113.24, 113.51, 112.83, 113.26, 5390463, 0, 0, 0, 0, 0, 1.01449253066707, 1.03955798251984, -0.02506545185277, 114.595272727273, 115.662352941177, 115.662352941177, 115.662352941177
1/27/2017, 112.93, 113.55, 112.81, 113.49, 6706570, 0, 0, 0, 0, 0, 0.89027794452177, 1.00970197492023, -0.119424030398456, 114.002909090909, 115.416432748538, 115.416432748538, 115.416432748538
1/30/2017, 113.61, 114.3, 113.54, 113.97, 7687782, 0, 0, 0, 0, 0, 0.82110380501166, 0.971982340938513, -0.150878535926853, 113.659272727273, 115.301736842105, 115.301736842105, 115.301736842105
1/31/2017, 115.27, 115.82, 115.18, 115.55, 10421882, 0, 0, 0, 0, 0, 0.883590119583388, 0.954303896667488, -0.0707137770840996, 114.202545454546, 115.495428571429, 115.495428571429, 115.495428571429
2/1/2017, 114.66, 115.45, 114.14, 115.2, 6932889, 0, 0, 0, 0, 0, 0.894557002856573, 0.942354517905305, -0.0477975150487324, 114.445272727273, 115.592857142857, 115.592857142857, 115.592857142857
2/2/2017, 116.26, 116.57, 115.63, 115.84, 7189461, 1.14496180075967, 0, 0, 0, 0, 0.944009039576528, 0.94268542223955, 0.0013236173369785, 114.871090909091, 115.780948616601, 115.780948616601, 115.780948616601
2/3/2017, 115.73, 116.37, 115.71, 116.13, 9455464, 1.11341390037028, 0, 0, 0, 0, 0.995129478151114, 0.953174233421863, 0.0419552447292512, 115.394727272728, 115.985869565217, 115.985869565217, 115.985869565217
2/6/2017, 117.07, 117.74, 116.74, 117.7, 8547843, 1.11202819403144, 0, 0, 0, 0, 1.1490827621836, 0.992355939174209, 0.156726823009387, 116.549818181819, 116.405133333333, 116.405133333333, 116.405133333333
2/7/2017, 117.31, 117.74, 117.2, 117.46, 8621039, 1.08157187566512, 0, 0, 0, 0, 1.23746117261152, 1.04137698586167, 0.196084186749847, 117.413818181819, 116.728984615385, 116.728984615385, 116.728984615385
2/8/2017, 118.09, 118.59, 117.81, 118.19, 9633443, 1.06895135705088, 1.95188245855749, 0, 0, 0, 1.35083501357229, 1.1032685914038, 0.247566422168498, 118.220545454546, 117.113931623932, 117.113931623932, 117.113931623932
2/9/2017, 118.32, 118.58, 117.2, 117.29, 8177210, 1.08212458730797, 1.56935669065764, 0, 0, 0, 1.35247166944103, 1.15310920701124, 0.199362462429788, 118.293272727273, 117.321560846561, 117.321560846561, 117.321560846561
2/10/2017, 116.68, 117.86, 116.67, 117.6, 9072146, 1.07590368369969, 1.30863511786849, 0, 0, 0, 1.36307051185169, 1.19510146797933, 0.167969043872357, 118.299272727273, 117.542980295567, 117.542980295567, 117.542980295567
2/13/2017, 116.73, 116.95, 116.15, 116.8, 7354924, 1.09118116047029, 1.33139488287167, 0, 0, 0, 1.29202321730901, 1.21448581784527, 0.0775373994637414, 117.900727272728, 117.630689655172, 117.630689655172, 117.630689655172
2/14/2017, 117.51, 117.56, 116.38, 116.93, 6927842, 1.08592714928404, 1.14173377069491, 0, 0, 0, 1.23200584161535, 1.21798982259928, 0.0140160190160641, 117.708727272728, 117.721978494624, 117.721978494624, 117.721978494624
2/15/2017, 116.33, 117.48, 116.25, 117.45, 7088419, 1.07942604076198, 1.14683665877676, 0, 0, 0, 1.21242521004208, 1.21687690008784, -0.00445169004575874, 117.551090909091, 117.766774193548, 117.86439516129, 117.86439516129
2/16/2017, 117.93, 118.35, 117.83, 118.08, 6378650, 1.05809331862398, 1.20890338932733, 0, 0, 0, 1.23352385812522, 1.22020629169532, 0.0133175664299046, 117.616363636364, 117.87247311828, 118.064204545455, 118.064204545455
2/17/2017, 118.19, 118.4, 117.62, 117.68, 7338065, 1.04174605803844, 0.989625766947542, 0, 0, 0, 1.20408805410918, 1.21698264417809, -0.0128945900689132, 117.479272727273, 117.995505376344, 118.194545454546, 118.194545454546
2/21/2017, 117.04, 118, 116.77, 117.75, 6166875, 1.04129972233092, 0.929301024481454, 0, 0, 0, 1.17288805889308, 1.20816372712109, -0.0352756682280098, 117.595818181819, 118.039182795699, 118.317226890756, 118.317226890756
2/22/2017, 117.86, 118.02, 117.24, 117.91, 6057179, 1.02096845211807, 0.589976163283892, 0, 0, 0, 1.14784090527483, 1.19609916275184, -0.0482582574770047, 117.71690909091, 118.125784946237, 118.443095238095, 118.443095238095
2/23/2017, 118.76, 119.16, 118.68, 118.94, 7523304, 1.01406819135514, 1.17044627101549, 0, 0, 0, 1.19730150109788, 1.19633963042105, 0.00096187067683573, 118.315272727273, 118.341268817204, 118.66454954955, 118.66454954955
2/24/2017, 119.74, 119.88, 119.25, 119.7, 9808957, 0.996513008736766, 1.39784683061683, 0, 0, 0, 1.28303499923732, 1.2136787041843, 0.0693562950530149, 118.955272727273, 118.639161290323, 118.942318634424, 118.942318634424
2/27/2017, 119.73, 120.4, 119.12, 119.12, 9263499, 1.00502415034, 1.13421508322449, 0, 0, 0, 1.28931583112164, 1.22880612957177, 0.0605097015498721, 119.325454545455, 118.850795698925, 119.134291497976, 119.134291497976
2/28/2017, 119.71, 119.84, 118.82, 119.23, 8727832, 0.996666551615167, 0.97030608080503, 0, 0, 0, 1.28831858167351, 1.24070861999212, 0.0476099616813912, 119.490727272728, 119.062774193549, 119.318153846154, 119.318153846154
3/1/2017, 117.98, 119.12, 117.95, 119.06, 8679637, 1.00193957081826, 1.08521882155893, 0, 0, 0, 1.2592943140811, 1.24442575880991, 0.0148685552711889, 119.490727272728, 119.330129032258, 119.467817073171, 119.467817073171
3/2/2017, 117.76, 118.34, 117.23, 117.58, 10986262, 1.04164295829683, 0.900266729613507, 0, 0, 0, 1.10414089287245, 1.21636878562242, -0.112227892749971, 118.967272727273, 119.323655913979, 119.463693379791, 119.463693379791
3/3/2017, 116.95, 117.73, 116.44, 117.51, 10665818, 1.04503923142468, 1.24147336326344, 0, 0, 0, 0.964415096850033, 1.16597804786794, -0.201562951017911, 118.538545454546, 119.284150537635, 119.451428571429, 119.451428571429
3/6/2017, 117.35, 117.35, 116.63, 116.72, 4883547, 1.03720383893488, 0.918212282271073, 0, 0, 0, 0.780932890885467, 1.08896901647145, -0.308036125585982, 117.788000000001, 119.145397849463, 119.367230443975, 119.367230443975
3/7/2017, 116.13, 116.25, 115.62, 115.78, 6846277, 1.04084738708287, 0.505624122128147, 0, 0, 0, 0.553293750703716, 0.981833963317902, -0.428540212614186, 116.779090909092, 118.925935483871, 119.205151515152, 119.205151515152
3/8/2017, 114.99, 115.36, 114.94, 115.06, 7620924, 1.03149526292918, -0.127248597099626, 0, 0, 0, 0.311202757675801, 0.847707722189482, -0.536504964513681, 115.66090909091, 118.580516129033, 118.991787439613, 118.991787439613
3/9/2017, 114.78, 115.03, 114.41, 114.47, 6410916, 1.01336291347078, -0.195698969972646, 0, 0, 0, 0.0709183300023568, 0.692349843752057, -0.6214315137497, 114.700363636364, 118.098258064516, 118.743080481036, 118.743080481036
3/10/2017, 114.45, 114.73, 114.13, 114.72, 7929500, 0.986747472714003, -0.312373306967891, 0, 0, 0, -0.098203866380004, 0.534239101725645, -0.632442968105649, 114.222000000001, 117.576086021506, 118.53170212766, 118.53170212766
3/13/2017, 114.63, 114.91, 114.51, 114.74, 5807391, 0.954677414731243, -0.392658440756919, 0, 0, 0, -0.227992437717987, 0.381792793836918, -0.609785231554905, 113.906181818182, 117.062365591398, 118.335773809524, 118.335773809524
3/14/2017, 114.54, 115.01, 114.03, 114.12, 5301810, 0.954808116350769, -1.16407952368072, 0, 0, 0, -0.376539125373455, 0.230126409994844, -0.606665535368299, 113.637090909092, 116.493913978495, 118.103330612245, 118.103330612245
3/15/2017, 114.29, 116.25, 114.02, 116.25, 13524082, 0.986361867750987, -0.300920722510371, 0, 0, 0, -0.318716283788731, 0.120357871238129, -0.43907415502686, 114.348545454546, 116.300086021506, 118.0512, 118.0512
3/16/2017, 117.27, 117.29, 116.69, 116.73, 9322018, 0.977737846052854, -0.368901582449829, 1.15177681042983, 0, 0, -0.231490794982577, 0.0499881379939877, -0.281478932976564, 115.083090909092, 116.139311827957, 118.038242835596, 118.038242835596
3/17/2017, 117.04, 117.27, 116.91, 116.99, 4683039, 0.949865559716747, -0.0654899594096949, 1.12622336400913, 0, 0, -0.139772924322685, 0.0120359255306532, -0.151808849853338, 115.939818181819, 116.044322580646, 118.044738751814, 118.044738751814
3/20/2017, 117.31, 117.6, 117.21, 117.56, 4000202, 0.923941249061748, 0.00516021774978425, 0.948148461067256, 0, 0, -0.0208512544401884, 0.00545848953648487, -0.0263097439766733, 116.863818181819, 116.033569892474, 118.091844863732, 118.091844863732
3/21/2017, 117.77, 118.8, 117.76, 118.54, 9567932, 0.922790674689675, 0.477961651391212, 1.2888350432866, 0, 0, 0.150735253353105, 0.0345138422998088, 0.116221411053296, 117.892545454546, 116.242602150538, 118.205811447812, 118.205811447812
3/22/2017, 118.87, 119.15, 118.68, 118.83, 7287350, 0.900178627020352, 0.518839162445691, 1.1779846343301, 0, 0, 0.306585249449228, 0.0889281237296926, 0.217657125719535, 118.72690909091, 116.467010752689, 118.332454545455, 118.332454545455
3/23/2017, 119.15, 119.25, 118.32, 118.67, 6201129, 0.895506993649507, 0.340078517137615, 1.05758735245905, 0, 0, 0.412432565485233, 0.153629012080801, 0.258803553404432, 119.182363636364, 116.71094623656, 118.439473684211, 118.439473684211
3/24/2017, 118.5, 119.21, 118.39, 118.86, 6879634, 0.883866096159916, 0.224670770913715, 1.02619385078888, 0, 0, 0.505817983285709, 0.224066806321782, 0.281751176963927, 119.524363636364, 116.915892473119, 118.552304900181, 118.552304900181
3/27/2017, 119.93, 120.08, 119.27, 119.53, 8519573, 0.885999397474184, 0.508004433291597, 1.06646543882751, 0, 0, 0.626666182607607, 0.304586681578947, 0.32207950102866, 119.876000000001, 117.216387096775, 118.702764465225, 118.702764465225
3/28/2017, 119.74, 119.83, 118.78, 119.04, 7112787, 0.889266906763145, 0.356117498877777, 0.915892695633033, 0, 0, 0.675118006206162, 0.37869294650439, 0.296425059701772, 119.673090909092, 117.388924731183, 118.811355932203, 118.811355932203
3/29/2017, 119.22, 119.45, 119.05, 119.33, 4911042, 0.859929740652229, 0.389162823744326, 0.688891640458718, 0, 0, 0.728519087302388, 0.44865817466399, 0.279860912638398, 119.728000000001, 117.59247311828, 118.931868852459, 118.931868852459
3/30/2017, 118.77, 119.12, 118.32, 118.47, 6894572, 0.86549037861424, -0.108656105735886, 0.720978152327998, 0, 0, 0.69345134072762, 0.497616807876716, 0.195834532850904, 119.413818181819, 117.706086021506, 118.989851930196, 118.989851930196
3/31/2017, 118.61, 119.08, 118.46, 118.72, 8520847, 0.846596301353669, -0.247987965325804, 0.788528085757731, 0, 0, 0.678017051066718, 0.533696856514716, 0.144320194552001, 119.143090909092, 117.886838709678, 119.059662058372, 119.059662058372
4/3/2017, 118.69, 119.37, 118.67, 119.35, 6105704, 0.829346604540194, 0.0772439497079511, 0.849526030264947, 0, 0, 0.708454379098015, 0.568648361031376, 0.139806018066639, 119.109636363637, 118.116731182796, 119.164037698413, 119.164037698413
4/4/2017, 119.59, 119.77, 119.38, 119.62, 4687301, 0.803656507183403, 0.119779652540612, 0.761424998827329, 0, 0, 0.745766195884968, 0.604071928002095, 0.141694267882874, 119.267818181819, 118.374774193549, 119.278615384615, 119.278615384615
4/5/2017, 118.62, 119.63, 118.4, 119.62, 8105952, 0.814886489047104, 0.165458185307627, 0.869425933620801, 0, 0, 0.766500340707964, 0.636557610543268, 0.129942730164695, 119.425090909092, 118.631419354839, 119.386461538461, 119.386461538461
4/6/2017, 119.22, 119.42, 118.98, 119.18, 4633470, 0.803850358523443, 0.482722533131593, 0.989923797908884, 0, 0, 0.738910279350392, 0.657028144304693, 0.0818821350456991, 119.355272727274, 118.889870967743, 119.461953867028, 119.461953867028
4/7/2017, 120.3, 120.67, 119.14, 119.46, 12351114, 0.825906089422256, 0.584195542990568, 1.29675625127021, 0, 0, 0.731209686784183, 0.671864452800591, 0.0593452339835918, 119.392363636364, 119.232967741936, 119.549262510974, 119.549262510974
4/10/2017, 119.04, 119.69, 118.85, 119.46, 4623673, 0.819768996904935, 0.84577618137393, 1.2480958834717, 0, 0, 0.71684358506667, 0.680860279253807, 0.0359833058128627, 119.530727272728, 119.53894623656, 119.631508951407, 119.631508951407
4/11/2017, 120.33, 121.4, 120.29, 121.19, 12455294, 0.8477029800458, 1.57259586813369, 1.4262539925773, 0, 0, 0.835424632609175, 0.711773149924881, 0.123651482684295, 120.172545454546, 120.069569892474, 119.80715942029, 119.80715942029
4/12/2017, 121.38, 122.22, 121.14, 122.02, 9502540, 0.844094967580421, 2.07524100396424, 1.31079680859873, 0, 0, 0.985020329315034, 0.766422585802911, 0.218597743512123, 121.041818181819, 120.681526881721, 120.019967806841, 120.019967806841
4/13/2017, 122.54, 122.65, 122.03, 122.6, 9892641, 0.823789922895227, 2.50682406573128, 1.49703639936131, 0, 0, 1.1372674383659, 0.840591556315508, 0.296675882050388, 121.792727272728, 121.249311827958, 120.253814553991, 120.253814553991
4/17/2017, 122.55, 123.07, 121.99, 122.24, 8469580, 0.829080598164325, 2.27491518950097, 1.29664486049694, 0, 0, 1.21487110000555, 0.915447465053517, 0.299423634952035, 122.244000000001, 121.734365591399, 120.456240487062, 120.456240487062
4/18/2017, 122.43, 123.03, 121.73, 122.82, 10903701, 0.836830090405689, 2.44014926035342, 1.34553741752295, 0, 0, 1.30809481097673, 0.993976934238159, 0.314117876738567, 122.829636363637, 122.20982795699, 120.679596445761, 120.679596445761
4/19/2017, 122.25, 122.26, 121.28, 121.73, 8472702, 0.86536185096891, 2.22259193069773, 0.831051477905245, 0, 0, 1.27927470064387, 1.0510364875193, 0.228238213124566, 122.903454545455, 122.444967741936, 120.834151351351, 120.834151351351
4/20/2017, 121.82, 122.17, 121.5, 121.96, 11787330, 0.848011423520196, 1.99100971806712, 0.927273418761327, 0, 0, 1.26046379140139, 1.09292194829572, 0.167541843105673, 122.941636363637, 122.622903225807, 120.992964912281, 120.992964912281
4/21/2017, 122.14, 122.61, 121.73, 122.31, 15608031, 0.839279695461507, 1.94573709007764, 0.852974461103308, 0, 0, 1.25928186773389, 1.12619393218335, 0.133087935550536, 122.885090909092, 122.761397849463, 121.161975393028, 121.161975393028
4/24/2017, 120.77, 121.51, 120.66, 121.48, 11053559, 0.870675704431199, 1.48432771015102, 0.876498739328179, 0, 0, 1.17779424243619, 1.13651399423392, 0.0412802482022712, 122.427090909092, 122.760666666667, 121.28046953047, 121.28046953047
4/25/2017, 120.53, 120.87, 120.05, 120.25, 10344784, 0.895061957135859, 0.828827614153526, 0.547500301701365, 0, 0, 1.00240884663387, 1.10969296471391, -0.107284118080041, 121.434000000001, 122.56159139785, 121.331187925998, 121.331187925998
4/26/2017, 120.21, 120.96, 119.87, 120.84, 9758844, 0.891258195368319, 0.724159605600992, 0.832372057195714, 0, 0, 0.90064070067325, 1.06788251190578, -0.167241811232529, 120.947636363637, 122.360494623657, 121.408357594937, 121.408357594937
4/27/2017, 120.42, 120.6, 119.97, 120.39, 8266954, 0.885992676400799, 0.490721738743186, 0.713159402756398, 0, 0, 0.774746675197889, 1.0092553445642, -0.234508669366312, 120.49090909091, 122.20094623656, 121.459481481482, 121.459481481482
4/28/2017, 120.34, 120.77, 120.27, 120.77, 9134246, 0.859745180063738, 0.65428555813342, 0.684133614077208, 0, 0, 0.697596123327457, 0.946923500316852, -0.249327376989395, 120.370363636365, 122.094903225807, 121.526227040048, 121.526227040048
5/1/2017, 120.21, 120.75, 119.35, 119.67, 9331809, 0.883595338234167, 0.24865519704808, 0.333704958004752, 0, 0, 0.54145143313464, 0.86582908688041, -0.32437765374577, 119.897636363637, 121.840559139786, 121.536864531296, 121.536864531296
5/2/2017, 119.3, 119.65, 119.24, 119.65, 4900784, 0.857524959633587, 0.049459613229937, 0.410404984480261, 0, 0, 0.411350021352405, 0.774933273774809, -0.363583252422404, 119.674181818183, 121.604387096775, 121.545516351119, 121.545516351119
5/3/2017, 119.18, 119.34, 117.92, 117.98, 10811052, 0.899497527963644, -0.268929447118115, 0.0658646005364713, 0, 0, 0.17151159307457, 0.654248937634761, -0.482737344560191, 118.828727272728, 121.208172043011, 121.475112044818, 121.475112044818
5/4/2017, 116.81, 117.28, 116.63, 116.79, 12406931, 0.921025622328052, -0.641697530169082, -0.184255660064851, 0, 0, -0.113279330425996, 0.50074328402261, -0.614022614448606, 117.822727272728, 120.683913978495, 121.351983584131, 121.351983584131
5/5/2017, 116.86, 117.07, 116.68, 117.01, 7127199, 0.889994473208345, -0.369902233745809, -0.339200275090627, 0, 0, -0.317565332252101, 0.337081560767667, -0.654646893019769, 117.244727272728, 120.19006451613, 121.243319967923, 121.243319967923
5/8/2017, 117.03, 117.14, 116.68, 116.75, 5438375, 0.867077864193602, -0.505861274273388, -0.535294198592713, 0, 0, -0.49474023018135, 0.170717202577864, -0.665457432759214, 116.700000000001, 119.686602150538, 121.12671107628, 121.12671107628
5/9/2017, 116.18, 116.24, 115.56, 116.05, 6801280, 0.879963581321611, -0.863553923994523, -0.559423093167299, 0, 0, -0.683754862687948, -0.000177210475298395, -0.68357765221265, 115.925454545455, 119.152602150538, 120.982913687436, 120.982913687436
5/10/2017, 116.42, 116.5, 115.86, 116.04, 4290459, 0.863614141087162, -0.942142607987812, -0.582198859524726, 0, 0, -0.824848892569889, -0.165111546894217, -0.659737345675673, 115.494545454546, 118.607118279571, 120.843797752809, 120.843797752809
5/11/2017, 116.21, 116.85, 116.19, 116.5, 6274368, 0.851957902876966, -0.807276077045962, -0.45986514976829, 0, 0, -0.88929750410054, -0.309948738335481, -0.579348765765059, 115.394363636365, 118.158688172044, 120.729697191697, 120.729697191697
5/12/2017, 117.07, 117.16, 116.73, 116.83, 5434477, 0.835320045372833, -0.602496714783353, -0.125419983977034, 0, 0, -0.903332199697488, -0.428625430607883, -0.474706769089605, 115.696363636365, 117.713053763442, 120.554224664225, 120.633788819876
5/15/2017, 117.52, 117.54, 116.99, 117.14, 5019589, 0.821759594125514, -0.592480092196999, -0.0506167339949019, 0, 0, -0.879304315054668, -0.51876120749724, -0.360543107557428, 116.100363636365, 117.334000000001, 120.39631013431, 120.55435483871
5/16/2017, 117.45, 117.91, 117.4, 117.65, 4942822, 0.810011669469355, -0.451939651156106, 0.2051163159134, 0, 0, -0.809774726630181, -0.576963911323828, -0.232810815306353, 116.814545454546, 117.071849462366, 120.29431013431, 120.499087165409
5/17/2017, 119.36, 120.02, 119.27, 119.79, 13936876, 0.85468719648899, -0.319898958020689, 0.763810230411469, 0, 0, -0.575359525139419, -0.576643034086946, 0.00128350894752738, 118.043090909092, 117.110193548388, 120.263694749695, 120.53512206047
5/18/2017, 119.77, 119.84, 118.56, 118.81, 10341141, 0.872517719922947, -0.75679194867092, 0.715905749260937, 0, 0, -0.463320725964152, -0.553978572462387, 0.0906578464982352, 118.596363636365, 117.023096774194, 120.204796092796, 120.528881578947
5/19/2017, 119.39, 119.55, 118.88, 119.4, 6787254, 0.855784244462672, -0.749823664596163, 0.937611405592732, 0, 0, -0.323195504662024, -0.507821958902315, 0.184626454240291, 119.287272727274, 116.986752688173, 120.177855921856, 120.546731099657
5/22/2017, 119.63, 120.14, 119.58, 119.9, 5132485, 0.840463776892417, -0.538228254659947, 0.97893305977298, 0, 0, -0.169841607577311, -0.440225888637314, 0.270384281060003, 119.968545454547, 117.031096774194, 120.175970695971, 120.583917525773
5/23/2017, 120.13, 120.19, 118.98, 119.14, 8305434, 0.854314474625908, -0.85831924018812, 0.828187466491423, 0, 0, -0.108383806641115, -0.373857472238074, 0.26547366559696, 120.075454545456, 116.976172043011, 120.145286935287, 120.588917748918
5/24/2017, 119.07, 119.74, 118.92, 119.61, 7064911, 0.842687694854813, -0.49722842014638, 1.03514950044405, 0, 0, -0.0215050873134146, -0.303386995253142, 0.281881907939728, 120.174181818183, 117.098279569893, 120.137982905983, 120.612131313131
5/25/2017, 119.52, 119.69, 119.29, 119.48, 4105092, 0.818163553921199, -0.586091314446516, 0.660382501327217, 0, 0, 0.0364369872289529, -0.235422198756723, 0.271859185985676, 120.125272727274, 117.269419354839, 120.157484737485, 120.629108910891
5/26/2017, 120.49, 120.79, 120.33, 120.54, 6791648, 0.824759186588516, -0.396595526670906, 0.75949217627224, 1.36441518035889, 0, 0.165976367713952, -0.155142485462588, 0.32111885317654, 120.346000000001, 117.630107526882, 120.198884004884, 120.686563774025
5/30/2017, 120.24, 120.33, 119.95, 120.14, 4507493, 0.810684607406448, -0.301926265313657, 0.630032666286981, 1.25840026489093, 0, 0.233667034843634, -0.0773805814013437, 0.311047616244978, 120.288181818183, 117.929333333334, 120.216422466423, 120.726312583286
5/31/2017, 120.31, 121.23, 120.26, 120.62, 10360724, 0.812268830186704, 0.108401661369019, 0.611058553022992, 1.10985268219937, 0, 0.322328759405721, 0.00256128676006927, 0.319767472645652, 120.334545454547, 118.341677419356, 120.257230769231, 120.782802464526
6/1/2017, 120.17, 120.74, 120.06, 120.72, 8702543, 0.799180525035323, -0.0133712523938006, 0.446273079178975, 1.24805547057428, 0, 0.396097019283062, 0.0812684332646677, 0.314828586018394, 120.681454545456, 118.70823655914, 120.314774114774, 120.840912087912
6/2/2017, 121.31, 121.71, 121.19, 121.61, 7268054, 0.794369043114472, 0.315955650586303, 0.554486273977345, 1.23636013328551, 0, 0.520375889337586, 0.169089924479251, 0.351285964858335, 121.089090909092, 119.209569892474, 120.396053724054, 120.930242587601
6/5/2017, 121.91, 121.94, 121.58, 121.73, 3979162, 0.768693488593554, 0.252419742057887, 0.608746238061796, 1.18652706226437, 0, 0.621387814430591, 0.259549502469519, 0.361838311961072, 121.503454545456, 119.751720430108, 120.456822954823, 121.020834068066
6/6/2017, 123.09, 123.31, 122.77, 123.1, 10798527, 0.78630711168293, 0.853315043981467, 0.807594755785882, 1.29866870937609, 0, 0.802734618256395, 0.368186525626894, 0.4345480926295, 122.364000000001, 120.416107526882, 120.548493284493, 121.158712357217
6/7/2017, 122.79, 123.16, 122.02, 122.45, 9039175, 0.797506616380239, 0.690491014560448, 0.561755942520881, 1.15594901500516, 0, 0.883815622755165, 0.471312345052549, 0.412503277702616, 122.673454545456, 120.905569892474, 120.609653235653, 121.268141352362
6/8/2017, 122.07, 122.08, 120.95, 121.65, 8169807, 0.824265934377084, 0.978960481684234, 0.503839017258181, 1.00760946285781, 0, 0.873450989553305, 0.5517400739527, 0.321710915600605, 122.620000000001, 121.318666666667, 120.639946275946, 121.344849040868
6/9/2017, 120.46, 120.91, 120.4, 120.54, 7054664, 0.842113434304991, 1.01976716217588, 0.242305493314241, 0.652458218385349, 0, 0.766829684457193, 0.594757996053598, 0.172071688403594, 122.045818181819, 121.555698924732, 120.651203907204, 121.379036855037
6/12/2017, 120.33, 120.69, 120.27, 120.36, 4927375, 0.818651841995409, 0.909388790420383, 0.371171130129088, 0.768491076711656, 0, 0.660196699729966, 0.607845736788872, 0.0523509629410936, 121.563636363638, 121.794258064517, 120.64315995116, 121.405474581725
6/13/2017, 119.95, 120.71, 119.92, 120.48, 3786628, 0.809730153697203, 1.01724524810813, 0.346894462067714, 0.798120822684863, 0, 0.578701378935349, 0.602016865218167, -0.023315486282818, 121.052727272729, 121.97735483871, 120.650803418804, 121.435044247788
6/14/2017, 121.51, 121.88, 119.57, 119.82, 21124841, 0.869875433747013, 1.03754987529432, 0.109157402323829, 0.670537787130397, 0, 0.455607308467378, 0.57273495386801, -0.117127645400631, 120.391272727274, 122.070150537635, 120.632642246642, 121.44037727061
6/15/2017, 119.22, 119.5, 119.13, 119.32, 6796668, 0.858758387093436, 0.89459266056188, -0.0322834340207578, 0.504817604749725, 0, 0.314087939200832, 0.521005550934574, -0.206917611733742, 119.620727272729, 121.987075268818, 120.624810744811, 121.427963386728
6/16/2017, 119.35, 119.5, 119.24, 119.34, 6435674, 0.826576991876901, 0.777922952723164, -0.0286078059670203, 0.579882123152251, 0, 0.201227032348669, 0.457049847217393, -0.255822814868724, 119.111454545456, 121.818559139786, 120.611333333333, 121.416346326837
6/19/2017, 118.74, 118.84, 118.33, 118.43, 6786973, 0.833923104788144, 0.433012088745252, -0.113951353737451, 0.590372205824066, 0, 0.03791746678246, 0.373223371130406, -0.335305904347946, 118.435636363638, 121.532795698925, 120.572923076923, 121.37384173298
6/20/2017, 118.42, 118.46, 118.07, 118.18, 4617387, 0.810403093882695, 0.286826488968444, -0.210851988756381, 0.71147292856388, 0, -0.110406750875185, 0.276497346729288, -0.386904097604473, 118.127454545456, 121.188817204302, 120.503409035409, 121.323906996958
6/21/2017, 118.15, 118.66, 118.15, 118.52, 4723749, 0.789189721171988, 0.242733323049351, -0.148069847396954, 0.724693481987077, 0, -0.198234479799268, 0.181550981423577, -0.379785461222845, 118.075090909092, 120.832086021506, 120.454993894994, 121.286575986327
6/22/2017, 119.13, 119.2, 118.6, 118.92, 5811927, 0.775799087332987, -0.254463709530374, -0.408724014462449, 0.711553777401738, 0, -0.232877464229247, 0.098665292293012, -0.331542756522259, 118.215272727274, 120.509505376345, 120.405611721612, 121.26337394958
6/23/2017, 119.65, 119.66, 119.31, 119.43, 9258628, 0.764842385433784, 0.211104975561995, -0.470783785741244, 0.570637692339708, 0, -0.216681768677475, 0.0355958800989146, -0.25227764877639, 118.458545454547, 120.263720430108, 120.379858363858, 121.257402203857
6/26/2017, 118.29, 118.54, 118.17, 118.36, 6593380, 0.786396331427332, -0.306718380818866, -0.7769702744922, 0.469003624883613, 0, -0.286879650867078, -0.028899226094284, -0.257980424772794, 118.356727272729, 119.885268817205, 120.317057387058, 121.216440861672
6/27/2017, 118.87, 119.05, 118.48, 118.81, 5759344, 0.773284877521691, -0.321565558478476, -0.621687517541757, 0.441507339110936, 0, -0.302711271945924, -0.083661635264612, -0.219049636681312, 118.543454545456, 119.57470967742, 120.28726007326, 121.19099960016
6/28/2017, 119.06, 119.06, 118.69, 118.9, 4220130, 0.749623864452772, -0.0626406660899558, -0.716809236859636, 0.413444119089259, 0, -0.304485775390077, -0.127826463289705, -0.176659312100372, 118.720363636365, 119.298795698925, 120.251973137973, 121.168954891162
6/29/2017, 117.97, 118.64, 117.91, 118.32, 7705165, 0.7574692664745, -0.393729453032299, -0.634079184171482, 0.117197160839273, 0, -0.348673938767803, -0.171995958385325, -0.176677980382478, 118.647090909092, 119.083892473119, 120.191995115995, 121.12883483871
6/30/2017, 118.08, 118.41, 117.95, 118.02, 7272612, 0.740913196312487, -0.446877138313528, -0.736700158578039, 0.108936702679882, 0, -0.403252426442464, -0.218247251996752, -0.185005174445711, 118.528727272729, 118.775075268818, 120.122041514042, 121.080140952381
7/3/2017, 116.54, 116.85, 115.94, 116.09, 12145049, 0.805155023321214, -1.27270425622185, -1.11506928202455, -0.257019044563122, 0, -0.595377994547206, -0.293673400506843, -0.301704594040363, 117.633636363638, 118.265806451614, 119.990532356532, 120.972045994251
7/5/2017, 115.91, 116.67, 115.87, 116.52, 7223256, 0.796403401343046, -1.01935335661125, -0.888999943471345, -0.0755096505669135, 0, -0.704816795831007, -0.375902079571676, -0.328914716259331, 116.964727272729, 117.865784946237, 119.896796092796, 120.880099655512
7/6/2017, 116.58, 116.61, 116.24, 116.47, 4443390, 0.772791947353543, -1.18764536583257, -0.691626667382411, -0.125272727702684, 0, -0.786515950160677, -0.458024853689476, -0.328491096471201, 116.437090909092, 117.430559139786, 119.790315018315, 120.788920784884
7/7/2017, 115.78, 115.79, 114.8, 115.28, 11153608, 0.814163117651403, -1.5076244714235, -1.0154443984889, -0.17916086204361, 0, -0.936490889306043, -0.55371806081279, -0.382772828493253, 115.690181818183, 116.892903225807, 119.636202686203, 120.663548002385
7/10/2017, 115.02, 115.57, 114.83, 115.47, 4970886, 0.804225235928909, -1.76973264726414, -0.897390486204363, -0.170534098957253, 0, -1.0281636662512, -0.648607181900472, -0.379556484350731, 115.309454545456, 116.398623655915, 119.489511599512, 120.547135642983
7/11/2017, 115.26, 115.77, 114.88, 115.62, 6637939, 0.801510928845144, -1.75688775391291, -0.940969476494816, -0.221604566449418, 0, -1.07630429016834, -0.734146603554045, -0.342157686614292, 114.982545454547, 116.019913978495, 119.319118437119, 120.438178348369
7/12/2017, 116.21, 116.33, 115.87, 116.03, 4654361, 0.789340333650105, -2.22705099658285, -0.669627832425452, -0.251400774996839, 0, -1.06904917454592, -0.801127117752421, -0.267922056793503, 115.036727272729, 115.69830107527, 119.166527472528, 120.344220779221
7/13/2017, 116.04, 116.04, 115.67, 115.82, 4148935, 0.767206017680458, -2.10880931262116, -0.706220792729157, -0.22618748777536, 0, -1.06793420732558, -0.854488535667053, -0.213445671658526, 115.188000000002, 115.408559139786, 118.988285714286, 120.246328133767
7/14/2017, 117.04, 117.25, 116.64, 116.77, 5788219, 0.784147562895976, -1.46254453668926, -0.21582254530274, -0.10247677520796, 0, -0.979106991328706, -0.879412226799383, -0.0996947645293227, 115.719454545456, 115.276989247313, 118.831340659341, 120.17887893864
7/17/2017, 117.42, 117.53, 117.23, 117.29, 5170849, 0.774035854492242, -0.989921178918513, 0.12184941096282, -0.0528436061216354, 0, -0.856873622769015, -0.87490450599331, 0.0180308832242946, 116.455090909092, 115.296215053764, 118.680400488401, 120.128272331155
7/18/2017, 117.99, 118.33, 117.88, 118.11, 7158573, 0.774255626997928, -0.651479195669657, 0.239259121550711, -0.0809713082223523, 0, -0.685928691586696, -0.837109343111987, 0.151180651525291, 117.12781818182, 115.45535483871, 118.550559218559, 120.10268677544
7/19/2017, 118.18, 118.27, 117.84, 118.08, 3205142, 0.753937715950956, -0.696860866916749, 0.285504927208704, -0.188412253607505, 0, -0.546573788904425, -0.779002232270475, 0.23242844336605, 117.766000000002, 115.725376344087, 118.422295482296, 120.076762932402
7/20/2017, 117.92, 118.62, 117.66, 118.24, 5571648, 0.755867026594338, -0.460874364329504, 0.461730790271431, -0.0887870612680096, 0, -0.418400303453581, -0.706881846507096, 0.288481543053515, 118.364363636365, 116.004752688173, 118.299008547009, 120.055961839224
7/21/2017, 119, 119.39, 118.75, 119.26, 10135919, 0.760146162697374, -0.00272180465659511, 0.655084256655463, 0.0352706521345942, 0, -0.231843865525377, -0.611874250310752, 0.380030384785375, 118.980545454547, 116.387376344087, 118.203965811966, 120.064604316547
7/24/2017, 119.52, 119.58, 119.18, 119.31, 3654331, 0.738599277471497, 0.00593682415931104, 0.574878340929171, 0.0647999267794944, 0, -0.0790507148348922, -0.50530954321558, 0.426258828380688, 119.434909090911, 116.717763440861, 118.154676434677, 120.074334346504
7/25/2017, 118.99, 119.32, 118.79, 118.92, 6202988, 0.7262543374148, 0.160490766080083, 0.432332354988804, 0.215434833421006, 0, 0.0104487703480629, -0.402157880502852, 0.412606650850915, 119.575090909093, 116.994602150538, 118.096764346764, 120.072767955249
7/26/2017, 118.57, 120.15, 118.55, 119.88, 8527944, 0.751149962588419, 0.504867362482629, 0.55001309862804, 0.353880794526246, 0, 0.157031571897704, -0.290319990022741, 0.447351561920445, 119.948909090911, 117.410537634409, 118.084989010989, 120.097890278735
7/27/2017, 120.1, 120.14, 119.28, 119.79, 6385216, 0.750024748637989, 0.381273500725809, 0.435036661041501, 0.453302712745154, 0, 0.262906626423515, -0.179674666733489, 0.442581293157004, 120.039636363638, 117.774924731184, 118.079829059829, 120.119804778555
7/28/2017, 120.15, 120.86, 120.14, 120.69, 7393606, 0.751538581550894, 0.511440544563776, 0.205374752677845, 0.708487578969565, 0, 0.414655952602743, -0.0608085428662429, 0.475464495468986, 120.414727272729, 118.220365591399, 118.134153846154, 120.165826628352
7/31/2017, 120.5, 120.81, 120.45, 120.75, 3944561, 0.728513721217462, 0.387155099847366, 0.429428383391065, 0.822986755334074, 0, 0.533608775647963, 0.0580749208365982, 0.475533854811365, 120.700727272729, 118.665913978495, 118.195970695971, 120.212279641001
8/1/2017, 120.44, 121.14, 120.44, 120.65, 7365056, 0.721671199711216, 0.69947234958936, 0.284808872697647, 0.897213767485253, 0, 0.612747212214458, 0.16900937911217, 0.443737833102288, 120.927454545456, 119.029010752689, 118.248454212454, 120.254811294381
8/2/2017, 120.51, 121.02, 120.34, 120.4, 5945279, 0.715250404758307, 0.490179027055525, 0.125923081485312, 0.826616184678712, 0, 0.647824366650156, 0.264772376619767, 0.383051990030388, 120.923272727274, 119.329397849463, 118.292781440782, 120.289499908071
8/3/2017, 120.31, 120.83, 120.31, 120.59, 4275576, 0.699977952535494, 0.519232868239377, 0.332609832828867, 0.849621948408315, 0, 0.683080548995505, 0.348434011094915, 0.334646537900591, 120.890181818183, 119.66223655914, 118.359174603175, 120.328353890803
8/4/2017, 119.97, 120.04, 119.22, 119.65, 8644781, 0.727453608286189, 0.404608129422074, 0.0281707931598647, 0.8065224291256, 0, 0.627932765374382, 0.404333761950808, 0.223599003423574, 120.608181818183, 119.889118279571, 118.372813186813, 120.341216107382
8/7/2017, 119.43, 119.79, 119.43, 119.51, 3010138, 0.706951995815165, 0.454039427239702, 0.0260486867531644, 0.50430348248656, 0, 0.56640179227665, 0.436747368015977, 0.129654424260674, 120.266545454547, 120.127526881721, 118.38632967033, 120.349981456954
8/8/2017, 120.02, 120.12, 118.97, 119.86, 7227220, 0.71761589662003, 1.41278266123996, -0.128364158139301, 0.48423792708601, 0, 0.53965927156159, 0.457329748725099, 0.0823295228364902, 119.956909090911, 120.338494623657, 118.395902319902, 120.367623736494
8/9/2017, 121.02, 121.55, 120.76, 121.31, 9186236, 0.743242678265872, 1.62025882234135, 0.262112003718367, 0.641325898896462, 0, 0.628226706653095, 0.491509140310698, 0.136717566342396, 120.288909090911, 120.753763440861, 118.473394383395, 120.422546439628
8/10/2017, 122.08, 122.44, 122.03, 122.21, 9817872, 0.747112599913357, 1.89316889399726, 0.343632295311197, 0.681445571213254, 0, 0.762252740338411, 0.545657860316241, 0.21659488002217, 120.83581818182, 121.273096774194, 118.60232967033, 120.499422799423
8/11/2017, 122.24, 122.83, 122.03, 122.79, 8019519, 0.738980367241964, 2.81784452613572, 0.437760791217391, 0.62505185742516, 0, 0.904840057438463, 0.617494299740685, 0.287345757697777, 121.631090909093, 121.806000000001, 118.760522588523, 120.589384164223
8/14/2017, 121.98, 122.24, 121.68, 121.92, 6035297, 0.75256257651705, 2.24161805324264, 0.0828570605948899, 0.460649702587454, 0, 0.936840490409267, 0.681363537874402, 0.255476952534865, 122.023272727274, 122.179677419356, 118.878363858364, 120.654992555831
8/15/2017, 120.6, 121.23, 120.58, 120.98, 6731340, 0.775870456790468, 1.74029744043466, -0.128247296662976, 0.350874541547509, 0, 0.876250054811933, 0.720340841261908, 0.155909213550025, 122.006909090911, 122.280258064517, 118.943653235653, 120.695165768414
8/16/2017, 120.66, 122.06, 120.66, 121.87, 8267341, 0.789132415437641, 1.84949913828648, -0.227148084439046, 0.443657101206771, 0, 0.889790311197942, 0.754230735249115, 0.135559575948827, 122.230000000002, 122.490881720431, 119.05274969475, 120.756808030315
8/17/2017, 122.29, 122.61, 121.76, 122.49, 8183805, 0.780577917347669, 2.11693794149696, 0.0283673598948332, 0.434907697209026, 0, 0.939717403110635, 0.791328068821419, 0.148389334289216, 122.625090909093, 122.742322580646, 119.187181929182, 120.832541198949
8/18/2017, 123.37, 123.54, 122, 122.3, 13654226, 0.805660994612594, 1.78213078555924, 0.153083802712992, 0.478092982673212, 0, 0.952968345172025, 0.82365612409154, 0.129312221080484, 122.662909090911, 122.851483870968, 119.349533577534, 120.901782232704
8/21/2017, 122.54, 122.98, 122.5, 122.76, 5549687, 0.790206277770155, 1.75971038167898, 0.486308708771356, 0.499549090192436, 0, 0.989185255958915, 0.856761950465015, 0.1324233054939, 122.687090909093, 122.986387096775, 119.549623931624, 120.980809782609
8/22/2017, 122.56, 122.56, 121.85, 122.21, 6493937, 0.791305429392939, 1.31274569550218, 0.407285458847598, 0.547227808898577, 0, 0.96241291818842, 0.877892144009696, 0.0845207741787237, 122.414000000002, 123.01447311828, 119.73801953602, 121.044490453186
8/23/2017, 122.58, 122.69, 122.31, 122.67, 5038391, 0.76848589467519, 1.46315743747658, 0.475856826212872, 0.57405853118028, 0, 0.967164927990041, 0.895746700805765, 0.0714182271842755, 122.461636363638, 123.085741935485, 119.938808302809, 121.117955010225
8/24/2017, 122.39, 122.64, 122.13, 122.29, 4193396, 0.754408835267113, 1.27508391212048, 0.53998544983197, 0.43521301206443, 0, 0.929552799737849, 0.902507920592182, 0.0270448791456666, 122.48381818182, 123.051956989248, 120.135560439561, 121.180509501721
8/25/2017, 122.77, 123.02, 121.29, 122.74, 12398247, 0.784534981599922, 1.1288270366147, 0.743043650019105, 0.458325582964628, 0, 0.925388849685689, 0.907084106410883, 0.0183047432748054, 122.773090909093, 123.096860215054, 120.328148962149, 121.252509977827
8/28/2017, 123.33, 124.73, 123.33, 124.69, 11578265, 0.813450416709406, 1.50990092371098, 1.06800736280794, 0.699585786745432, 0, 1.06713630933503, 0.939094546995712, 0.128041762339314, 123.564727272729, 123.385333333334, 120.610346764347, 121.369734939759
8/29/2017, 125.81, 125.87, 124.05, 124.42, 9861471, 0.847594243984255, 1.55620844761416, 1.22070240525132, 0.724904583686013, 0, 1.14449245225875, 0.980174128048319, 0.164318324210427, 123.924000000002, 123.64647311828, 120.88652014652, 121.477952528678
8/30/2017, 124.33, 124.62, 124.16, 124.36, 6328422, 0.824097716666895, 1.29252433437073, 1.26311905712818, 0.679498349633877, 0, 1.18727014312765, 1.02159333106418, 0.165676812063464, 124.252909090911, 123.857290322581, 121.140080586081, 121.582386655261
8/31/2017, 124.58, 125.84, 124.55, 125.82, 11775530, 0.832622416487524, 1.63672368698883, 1.43318166480802, 0.85489846793728, 0, 1.32372252038248, 1.08201916892784, 0.241703351454632, 125.074363636365, 124.223505376345, 121.428017094017, 121.719005353621
9/1/2017, 126.01, 126.17, 125.12, 126.06, 11567404, 0.831132197527664, 1.47761442249201, 1.40018757622817, 0.671974062473289, 0, 1.43468979577719, 1.15255329429771, 0.282136501479477, 125.759090909093, 124.639268817205, 121.735474969475, 121.858334841629
9/5/2017, 126.65, 127.78, 126.57, 127.46, 11813065, 0.848375165379887, 1.75517884965416, 1.52436056039564, 0.734211994148514, 0, 1.61696113922572, 1.24543486328331, 0.371526275942408, 126.814363636365, 125.192129032259, 122.090305250305, 122.027356037152
9/6/2017, 127.34, 127.44, 126.55, 126.81, 10059273, 0.845968012383522, 1.58295620447244, 1.64199487885769, 0.574545853949939, 0, 1.68948756341787, 1.33424540331023, 0.355242160107645, 127.278727272729, 125.583935483872, 122.419987789988, 122.177755337957
9/7/2017, 127.56, 128.32, 127.39, 128.13, 10219719, 0.854314707467702, 1.93051159005795, 1.76132769519529, 0.780451729500863, 0, 1.83235598620753, 1.43386751988969, 0.398488466317845, 128.040181818184, 126.156322580646, 122.778500610501, 122.355430165345
9/8/2017, 128.21, 128.3, 127.59, 127.97, 9020001, 0.840354585406305, 1.83248254409809, 1.71195579983187, 0.68641751115186, 0, 1.91064485322269, 1.52922298655629, 0.381421866666404, 128.372545454547, 126.6491827957, 123.123377289377, 122.525748455252
9/11/2017, 126.74, 126.94, 126.05, 126.19, 9126591, 0.885673725966579, 1.53483623815701, 1.43254788457715, 0.597189911043802, 0, 1.80821425212949, 1.58502123967093, 0.22319301245856, 127.870181818184, 126.923419354839, 123.347240537241, 122.651973727422
9/12/2017, 126.03, 126.59, 125.94, 126.56, 8349012, 0.86460974325013, 1.65917664490261, 1.55691947176302, 0.613249684703675, 0, 1.73687159597807, 1.61539131093236, 0.121480285045716, 127.697454545456, 127.213118279571, 123.554818070818, 122.783953246753
9/13/2017, 126.4, 126.45, 125.5, 125.61, 8490963, 0.869785515886073, 1.31220764364463, 1.86081062697928, 0.447304944560671, 0, 1.58539946826994, 1.60939294239987, -0.0239934741299332, 127.040545454547, 127.338129032259, 123.718600732601, 122.891793143297
9/14/2017, 125.66, 126.44, 125.62, 126.16, 5330663, 0.855588702583443, 1.14371457145989, 1.87486558965823, 0.62404748437277, 0, 1.49253213780608, 1.58602078148112, -0.0934886436750353, 126.496727272729, 127.484258064517, 123.894346764347, 123.009713705326
9/15/2017, 125.99, 125.99, 125.41, 125.53, 8375074, 0.846761867139575, 0.786294946263528, 1.75007709904643, 0.711599085119928, 0, 1.35250750980384, 1.53931812714566, -0.186810617341818, 125.929090909093, 127.525956989248, 124.020105006105, 123.111165651874
9/18/2017, 124.71, 124.76, 123.97, 124.36, 8859807, 0.8747130614581, 0.369967552552043, 1.78036436768033, 0.482096030765393, 0, 1.13405508034563, 1.45826551778566, -0.324210437440023, 125.021090909093, 127.324666666667, 124.087553113553, 123.184592178771
9/19/2017, 124.49, 124.65, 124.03, 124.62, 5826537, 0.854119326807758, 0.638702519135447, 1.79048282518731, 0.574201011470225, 0, 0.970719928145087, 1.36075639985754, -0.390036471712455, 124.575636363638, 127.116645161291, 124.170493284494, 123.262202578269
9/20/2017, 124.68, 125.06, 123.15, 123.62, 11415431, 0.895230003085615, 0.628401924120659, 1.53772817342274, 0.395644750305787, 0, 0.751916376670053, 1.23898839522004, -0.487072018549991, 123.809636363638, 126.772107526882, 124.211106227106, 123.316277093073
9/21/2017, 122.56, 123.07, 122.49, 122.68, 7757897, 0.903039748389074, 0.203590244822805, 1.26189028667121, 0.42041595531699, 0, 0.496934490167746, 1.09057761420958, -0.593643124041839, 123.156909090911, 126.38070967742, 124.212544566545, 123.348701134931
9/22/2017, 123.03, 123.39, 122.93, 123.24, 6011928, 0.882795119407278, 0.1892878569373, 1.40279221757252, 0.493312148991834, 0, 0.336171650427559, 0.93969642145318, -0.60352477102562, 122.962909090911, 126.111526881721, 124.245736263736, 123.392523164647
9/25/2017, 122.78, 124.66, 122.71, 124.53, 10257209, 0.908262161647517, 0.508245706592381, 1.44020839948595, 0.885929582064175, 0, 0.309292825555019, 0.813615702273548, -0.504322876718528, 123.116545454548, 126.038043010753, 124.378776556777, 123.463207403055
9/26/2017, 123.57, 123.81, 122.9, 123.14, 8673582, 0.938773693685781, 0.0994379549887957, 1.06081169514395, 0.866329903495989, 0, 0.173826021731173, 0.685657766165073, -0.511831744433899, 122.954545454548, 125.718967741936, 124.425807081807, 123.50262598082
9/27/2017, 122.04, 122.51, 121.88, 121.98, 6903944, 0.951963953176289, -0.0280705180750325, 0.700606709705866, 0.680092431705988, 0, -0.0268254743898666, 0.543161118054085, -0.569986592443951, 122.388363636366, 125.182172043012, 124.432070818071, 123.516436662642
9/28/2017, 122.04, 122.48, 121.83, 122.21, 5968213, 0.92925730184127, -0.0759735635024777, 0.745417044361032, 0.744530984531821, 0, -0.165377780759428, 0.401453338291382, -0.56683111905081, 122.209636363639, 124.727440860216, 124.45760927961, 123.534747411537
9/29/2017, 122.29, 122.3, 121.55, 121.58, 10207991, 0.918212766204314, -0.127656517495273, 0.604423430356675, 0.758570861889952, 0, -0.322301920726943, 0.256702286487717, -0.57900420721466, 121.902727272729, 124.231913978495, 124.437028083028, 123.539299223235
10/2/2017, 121.17, 121.34, 120.74, 120.77, 11755378, 0.912929475112731, -0.386701727148936, 0.2869943934239, 0.651975728658619, 0, -0.506190612488069, 0.10412370669256, -0.610314319180629, 121.297454545457, 123.626817204302, 124.389697191697, 123.52663881927
10/3/2017, 120.72, 121.1, 120.7, 120.83, 3728655, 0.883404519356917, -0.852816713697996, 0.288614269348255, 0.599114675566532, 0, -0.639708070563159, -0.044642648758584, -0.595065421804576, 120.960727272729, 123.069870967743, 124.34125030525, 123.515344171948
10/4/2017, 121.21, 121.27, 120.71, 121.17, 6475238, 0.859987452919051, -0.710890279713566, 0.416418254297943, 0.598830082587899, 0, -0.709903138051487, -0.177694746617165, -0.532208391434323, 120.748181818184, 122.531849462366, 124.330231990232, 123.511202552356
10/5/2017, 121.15, 121.24, 120.4, 120.52, 6205423, 0.856243326308424, -0.839865440382819, 0.135926014804204, 0.472738172371044, 0, -0.808661061148584, -0.303888009523449, -0.504773051625135, 120.256727272729, 121.948731182797, 124.281450549451, 123.493583765112
10/6/2017, 120.26, 121.21, 119.78, 121.09, 10013282, 0.868649132070003, -1.08815299425604, 0.25032838478341, 0.478372983887955, 0, -0.831349906183078, -0.409380388855374, -0.421969517327704, 120.192000000002, 121.42647311828, 124.267973137973, 123.487890604134
10/9/2017, 121.64, 122.11, 121.55, 122.08, 5264116, 0.860300517957396, -0.878177270426562, 0.263648059083245, 0.333914107240183, 0, -0.760677634843333, -0.479639838052966, -0.281037796790367, 120.844545454548, 121.067569892474, 124.299648351649, 123.502442505948
10/10/2017, 122.62, 122.97, 122.36, 122.4, 9315476, 0.851505007112965, -1.18215856257319, 0.307752459648196, 0.510831300862379, 0, -0.671111865162985, -0.51793424347497, -0.153177621688015, 121.463272727275, 120.883526881721, 124.364092796093, 123.523137624281
10/11/2017, 122.57, 122.88, 122.03, 122.79, 5649430, 0.840972410026025, -0.933483460057957, 0.391123844421307, 0.482994082343514, 0, -0.562180144015542, -0.526783423583084, -0.0353967204324579, 122.025090909093, 120.745741935485, 124.447672771673, 123.551254014296
10/12/2017, 122.84, 123.04, 122.5, 122.89, 3037576, 0.820244544842874, -1.29575473299936, 0.451985632085946, 0.429377838141811, 0, -0.462450959139161, -0.5139169306943, 0.0514659715551384, 122.623272727275, 120.627161290323, 124.565291819292, 123.580779880019
10/13/2017, 123.66, 123.86, 123.34, 123.82, 6820348, 0.812549341866853, -0.979786767591291, 0.571150206903661, 0.653646286707232, 0, -0.304857427294294, -0.472105030014299, 0.167247602720005, 123.379636363639, 120.733397849463, 124.709272283272, 123.628324958124
10/16/2017, 123.82, 123.97, 122.57, 122.97, 8201979, 0.834182048747305, -0.816865305927566, 0.592258604146887, 0.476549336363868, 0, -0.245718820552057, -0.42682778812185, 0.181108967569794, 123.558181818184, 120.760688172044, 124.797316239316, 123.657973869347
10/17/2017, 122.03, 122.32, 121.73, 122.13, 7041261, 0.848689087101722, -1.12303703824825, 0.469632042374958, 0.381816701889246, 0, -0.263593486830345, -0.394180927863549, 0.130587441033204, 123.338545454548, 120.794666666668, 124.823008547009, 123.670325373134
10/18/2017, 121.71, 121.94, 121.55, 121.67, 3666407, 0.833137817846195, -1.02038264244938, 0.331430876249766, 0.181296691956256, 0.786979187137059, -0.311289097312425, -0.377602561753325, 0.0663134644408994, 122.957090909093, 120.761333333334, 124.823428571429, 123.673270774839
10/19/2017, 122.2, 122.55, 122.11, 122.39, 5567279, 0.822775425953748, -0.9604214637576, 0.209662509886971, 0.329103574571174, 0.804651013727456, -0.287674101566893, -0.359616869716038, 0.0719427681491456, 122.667090909093, 120.940516129033, 124.857028083028, 123.690212651807
10/20/2017, 121.68, 121.98, 121.39, 121.61, 8481102, 0.827765070005388, -0.998475458502373, -0.079687798725441, 0.162041310888811, 0.640835764537569, -0.328116209155823, -0.353316737603995, 0.0252005284481722, 122.119636363639, 121.047096774194, 124.840466422467, 123.69150391191
10/23/2017, 120.98, 121.9, 120.96, 121.8, 5069650, 0.823737969254413, -0.672040220370445, -0.147290337394555, 0.173738422835623, 0.714024534218697, -0.34090570986902, -0.350834532057, 0.00992882218798036, 121.807454545457, 121.100150537635, 124.819787545788, 123.696368723099
10/24/2017, 121.26, 121.71, 120.98, 121.33, 5114120, 0.819374601684894, -0.86894866871693, -0.0797677170652439, -0.00594635966338928, 0.619881565141506, -0.384533886098808, -0.357574402865362, -0.0269594832334462, 121.412181818184, 121.146559139786, 124.777191697192, 123.691945536348
10/25/2017, 121.31, 121.59, 120.84, 121.35, 4282369, 0.809179929141382, -0.615189725049484, 0.0890492391762422, -0.0191611368969612, 0.587901240235733, -0.412737911508486, -0.368607104593987, -0.0441308069144997, 121.160181818184, 121.165913978496, 124.71378998779, 123.687882369495
10/26/2017, 121.16, 121.16, 120.22, 120.33, 6438806, 0.822191350297028, -0.638159303971781, -0.250222170935549, -0.337878229244542, 0.494308281832536, -0.511499037837879, -0.397185491242765, -0.114313546595114, 120.654363636366, 121.120000000001, 124.598107448108, 123.664220549981
10/27/2017, 120.38, 120.99, 120.21, 120.9, 6664180, 0.809657327726876, -0.631671509064381, -0.257973560890221, -0.175612497916029, 0.502939547538957, -0.537576854331434, -0.425263763860499, -0.112313090470935, 120.671090909093, 121.142021505377, 124.513321123321, 123.651739970556
10/30/2017, 120.93, 121.47, 120.8, 121.13, 5119241, 0.795370200413361, -0.991900788546424, -0.183527536887952, -0.0390763636365633, 0.497241465876846, -0.533534381734299, -0.446917887435259, -0.0866164942990399, 120.756545454548, 121.145096774195, 124.445733821734, 123.643741626794
10/31/2017, 120.82, 120.84, 120.38, 120.67, 3910495, 0.789558570956053, -0.775182097931504, -0.346401143157292, 0.0481424117800619, 0.357626969045001, -0.560982195149819, -0.469730748978171, -0.0912514461716482, 120.615454545457, 121.127978494625, 124.367753357754, 123.627081471451
11/1/2017, 120.98, 121.55, 120.84, 121.11, 4647787, 0.783686162326839, -0.280142260260786, -0.171564942554019, 0.132454696225526, 0.45644425616518, -0.540994217681643, -0.483983442718865, -0.0570107749627776, 120.614000000002, 121.125505376345, 124.28431990232, 123.618884914602
11/2/2017, 121.29, 121.96, 121.05, 121.19, 5369504, 0.781554745139313, -0.331254902871868, -0.239250262851796, 0.126939536664673, 0.468791175223291, -0.512787178723016, -0.489744189919696, -0.0230429888033207, 120.81472727273, 121.08670967742, 124.212368742369, 123.612229604039
11/3/2017, 121.36, 121.43, 120.18, 120.62, 6330642, 0.797801265007972, -0.313842308676627, -0.27320956501443, 0.13981081057186, 0.41082203430012, -0.530314003713002, -0.497858152678357, -0.0324558510346452, 120.728000000002, 121.022537634409, 124.115758241759, 123.594962923961
11/6/2017, 120.72, 121.85, 120.68, 121.65, 6953772, 0.802048903871751, 0.304138909643787, -0.166096887671882, 0.346343923935634, 0.426906628455429, -0.455837140058861, -0.489453950154458, 0.0336168100955965, 121.089090909093, 121.191956989248, 124.050021978022, 123.597005433601
11/7/2017, 121.51, 121.56, 120.78, 121.21, 4165933, 0.800600500768902, 0.13727181978889, -0.617045947314469, 0.28402007397226, 0.434121884355811, -0.427391310813491, -0.477041422286264, 0.0496501114727738, 121.212363636366, 121.231462365592, 123.955946275947, 123.590797157623
11/8/2017, 121.95, 122.25, 121.59, 121.63, 5565212, 0.800696763654433, 0.162628924290074, -0.488271550648678, 0.467890341169594, 0.5301424010939, -0.366729862705995, -0.45497911037021, 0.0882492476642155, 121.491272727275, 121.259376344087, 123.835003663004, 123.592325482164
11/9/2017, 121.85, 122.41, 121.73, 122.13, 6072442, 0.789480962868454, 0.545691581036857, -0.382905018224665, 0.569297584724907, 0.641175887081439, -0.275137789542512, -0.419010846204671, 0.143873056662159, 121.723636363638, 121.368322580646, 123.741413919414, 123.602896038557
11/10/2017, 121.99, 122.11, 120.94, 121.13, 7116200, 0.805319446011459, 0.0257057189001388, -0.849192929888946, 0.384648522516836, 0.555918052510301, -0.280014224647545, -0.391211521893246, 0.111197297245701, 121.626363636366, 121.308903225807, 123.598891330892, 123.594989317582
11/13/2017, 121.43, 121.55, 121.27, 121.31, 6249346, 0.781229307316789, -0.244766656283158, -0.859325862646894, 0.354355465017967, 0.534297504235913, -0.266284773807925, -0.366226172276182, 0.0999413984682566, 121.624727272729, 121.221225806453, 123.434378510379, 123.590388958074
11/14/2017, 120.9, 121.91, 120.77, 121.56, 6188992, 0.787531925856118, -0.268182735066792, -1.10675843576472, 0.318687649752189, 0.444390962558019, -0.232550477294751, -0.339491033279896, 0.106940555985144, 121.607636363638, 121.165784946237, 123.280598290599, 123.590292472234
11/15/2017, 122.13, 122.36, 121.25, 121.41, 4984812, 0.794792536543252, -0.452662269191711, -1.01982596391077, 0.44946648411721, 0.459301676067819, -0.215436136980486, -0.314680054020014, 0.0992439170395276, 121.578181818184, 121.109268817205, 123.119133089134, 123.587418368595
11/16/2017, 121.45, 121.71, 121.29, 121.4, 2796545, 0.77241329298707, -0.490164561986994, -1.32032011351527, 0.386144220015475, 0.414042653898604, -0.200370073919686, -0.291818057999948, 0.0914479840802622, 121.544909090911, 121.006602150539, 122.962100122101, 123.58432876823
11/17/2017, 122.15, 123.17, 121.95, 122.86, 10613955, 0.797105852842249, -0.285335561396068, -0.942677367458558, 0.561646727651478, 0.4876101863564, -0.0698155222461878, -0.247417550849196, 0.177602028603008, 121.890545454547, 121.121505376345, 122.860285714286, 123.607219730942
11/20/2017, 122.3, 122.41, 121.04, 121.31, 8356673, 0.841940514600517, -0.470119632040942, -0.920426555133017, 0.428501305605719, 0.275927031410371, -0.0903802977470463, -0.216010100228766, 0.12562980248172, 121.784545454547, 121.094322580646, 122.706671550672, 123.602180952381
11/21/2017, 121.67, 122, 121.5, 121.51, 4956456, 0.826919707307047, -0.172158159808695, -0.95321940034196, 0.49544878675434, 0.305902798782203, -0.0895079104870717, -0.190709662280427, 0.101201751793356, 121.678181818184, 121.118817204302, 122.57002930403, 123.600672959685
11/22/2017, 122.26, 122.95, 122.17, 122.63, 5211832, 0.837112149988872, 0.289037288763271, -0.545281027007291, 0.926938645424954, 0.329289645684151, 0.00154034631761135, -0.15225966056082, 0.153800006878431, 122.026363636366, 121.317161290324, 122.497474969476, 123.618801996023
11/24/2017, 122.36, 122.61, 122.22, 122.32, 1779705, 0.814031309724318, -0.00623757997104135, -0.712271219562051, 0.825112927113909, 0.371758623566186, 0.048127552118217, -0.112182218025012, 0.160309770143229, 122.312909090911, 121.483870967743, 122.407391941393, 123.631148852307
11/27/2017, 123.26, 123.33, 122.67, 122.83, 4961215, 0.811232551617721, 0.374758361375541, -0.494563678475601, 0.898826235859875, 0.383906843523869, 0.124762798234158, -0.0647932147731781, 0.189556013007336, 122.565272727275, 121.780967741936, 122.340051282052, 123.652119053091
11/28/2017, 123.05, 123.17, 122.53, 122.81, 5603112, 0.796852940309783, 0.312618246120205, -0.28387348914483, 1.07985640669037, 0.439222040849561, 0.181787417860775, -0.0154770882463875, 0.197264506107163, 122.754000000002, 122.025247311829, 122.291140415141, 123.672347066641
11/29/2017, 122.24, 122.33, 121.74, 122.04, 6138941, 0.805624665023535, 0.22167694089705, -0.482666479446708, 0.942558516395893, 0.378073138064792, 0.162968673490042, 0.0202120641008984, 0.142756609389143, 122.644909090911, 122.116860215055, 122.207081807083, 123.67888876341
11/30/2017, 121.44, 121.69, 120.64, 121.1, 7936260, 0.829087633472326, -0.0561129744669014, -0.475578668593764, 0.787071367827452, 0.278622157786934, 0.0713816951541304, 0.0304459903115448, 0.0409357048425856, 122.154909090911, 122.059118279571, 122.071267399268, 123.66908493805
12/1/2017, 120.94, 122.43, 120.74, 121.59, 13080101, 0.853954986370785, 0.384325958658951, -0.196773764012292, 0.794888582456938, 0.268165466248136, 0.0379003680231023, 0.0319368658538563, 0.00596350216924597, 121.849090909093, 122.115225806453, 121.976608058609, 123.667747891076
12/4/2017, 121.15, 121.2, 120.84, 121.18, 6943679, 0.844947742640556, 0.0965718566693743, -0.391598539596517, 0.768406080081747, 0.268293347935198, -0.02146990671514, 0.021255511340057, -0.0427254180551971, 121.683272727275, 122.07247311828, 121.860774114775, 123.659363926488
12/5/2017, 120.44, 120.51, 119.72, 120.32, 10041159, 0.869109284246372, -0.218355810377677, -0.840501150614105, 0.519301773326977, 0.205278310749992, -0.136344396533261, -0.0102644702346065, -0.126079926298654, 121.002000000002, 121.936043010754, 121.72632967033, 123.636425168212
12/6/2017, 120.03, 120.44, 119.87, 120.07, 6643006, 0.851109083255579, -0.15958593768204, -0.635358153577706, 0.413401279925897, 0.177494686538425, -0.244735015091223, -0.0571585792059298, -0.187576435885293, 120.328363636366, 121.746107526883, 121.582561660562, 123.60952650559
12/7/2017, 119.01, 119.24, 118.1, 118.49, 12900240, 0.902464631995716, -0.68866739077589, -0.713276466068808, 0.0827181141013861, 0.000761393259280466, -0.45290732290627, -0.136308327945998, -0.316598994960272, 119.411454545457, 121.365161290323, 121.368004884006, 123.55634413216
12/8/2017, 118.63, 118.92, 118.33, 118.48, 5231287, 0.882312479177193, -0.713303187618918, -0.764468548922084, 0.085443272846566, -0.0512978075180633, -0.611641668654158, -0.23137499608763, -0.380266672566528, 118.654909090911, 120.933397849463, 121.149037851039, 123.503706343297
12/11/2017, 118.37, 118.54, 117.8, 118.01, 4522244, 0.872888428152429, -0.691395456252835, -0.736626411297578, -4.24139097336122E-05, -0.044255211178596, -0.766528786620128, -0.33840575419413, -0.428123032425999, 118.047454545457, 120.491935483872, 120.915155067156, 123.443921451426
12/12/2017, 117.73, 118.17, 117.4, 118.15, 8020109, 0.860847103139693, -0.97403198663906, -0.543568450265422, -0.120480140620578, -0.0421385185223681, -0.867975630763041, -0.444319729507912, -0.423655901255129, 117.747272727275, 120.102215053764, 120.668393162394, 123.387269874477
12/13/2017, 118.19, 119.35, 118.01, 119.17, 10086657, 0.867027196225199, -0.533820621614427, -0.326172984171402, 0.0123600184801633, 0.0386054006505378, -0.856197794911893, -0.526695342588708, -0.329502452323184, 117.899636363639, 119.83047311828, 120.464205128206, 123.348269709543
12/14/2017, 119.1, 119.29, 118.71, 118.93, 6993592, 0.849722100609175, -0.717371135891161, -0.447960460675345, 0.0325044461505806, 0.123221561651882, -0.856358205058001, -0.592627915082567, -0.263730289975434, 117.937636363639, 119.567290322582, 120.257553113554, 123.305810843249
12/15/2017, 119.41, 119.5, 118.97, 119.18, 7531964, 0.829456091241623, -0.78980338146652, -0.262361859299715, -0.0637928440292205, 0.144999999122775, -0.82678179471597, -0.639458691009247, -0.187323103706722, 118.278363636366, 119.355225806453, 120.094732600733, 123.268007346189
12/18/2017, 119.63, 119.99, 119.6, 119.73, 5452212, 0.81818966095772, -0.373759412502288, -0.265350079288995, 0.0229164095669661, 0.237073095927226, -0.75031273482162, -0.661629499771722, -0.0886832350498977, 118.858545454548, 119.187913978496, 119.977514041515, 123.239682250556
12/19/2017, 119.67, 119.9, 119.53, 119.82, 4018885, 0.792136168428847, -0.398837579551183, -0.463343446777078, -0.0867672464716816, 0.309752808191691, -0.674671018553127, -0.664237803528003, -0.0104332150251241, 119.376909090911, 119.106430107528, 119.878935286936, 123.213167614587
12/20/2017, 119.98, 120.36, 119.81, 120.14, 5734625, 0.773414915232955, -0.377684031444482, -0.462020200800436, -0.0514061099019572, 0.382960852456127, -0.582191941493164, -0.647828631121035, 0.0656366896278711, 119.983090909093, 119.048021505377, 119.777186813188, 123.192163265306
12/21/2017, 120.07, 120.45, 120, 120.31, 4823709, 0.752407651236662, -0.28872404416006, -0.509395160191169, -0.0149926327561869, 0.437111121048371, -0.489540904577325, -0.616171085812293, 0.126630181234968, 120.328181818184, 119.046086021506, 119.663284493285, 123.174145354004
12/22/2017, 120.67, 121.14, 120.57, 120.94, 5791312, 0.745378338798319, -0.109388183482768, -0.390888450546932, 0.103307933435348, 0.46140091095459, -0.361115836856058, -0.565160036021046, 0.204044199164988, 120.789636363638, 119.165935483872, 119.59718925519, 123.166464672848
12/26/2017, 121.55, 121.87, 121.51, 121.77, 8224411, 0.741469602361463, -0.295286996207265, -0.410411864021933, 0.187748891505928, 0.514489600733385, -0.190171799902288, -0.490162388797295, 0.299990588895007, 121.309636363638, 119.332107526883, 119.581833943835, 123.172141469102
12/27/2017, 122, 122.34, 121.88, 122.23, 6232678, 0.725061898106664, 0.302195502504722, -0.137652808411272, 0.376407575779263, 0.589995826627611, -0.0173789299253855, -0.395605697022913, 0.378226767097527, 121.811454545457, 119.564516129033, 119.582891330892, 123.185027791165
12/28/2017, 122.82, 122.92, 122.56, 122.85, 5732725, 0.713415547540079, 0.426866774336373, 0.173044313251773, 0.476190740687629, 0.489580165248189, 0.167656839200987, -0.282953189778133, 0.45061002897912, 122.508909090911, 119.886322580646, 119.621323565324, 123.207539442231
12/29/2017, 123.7, 124.09, 123.46, 123.65, 7852109, 0.723501374965902, 0.334619832695479, 0.438688761695069, 0.531877278755163, 0.508565945661449, 0.374534927955821, -0.151455566231342, 0.525990494187163, 123.234000000002, 120.291311827958, 119.682437118438, 123.242356289129
1/2/2018, 124.66, 125.18, 124.39, 125.15, 11762515, 0.740214924201415, 0.830643918585828, 0.579508935896296, 0.532362722576308, 0.585379319073192, 0.652008815977908, 0.00923731021050794, 0.6427715057674, 124.26981818182, 120.871505376345, 119.818285714287, 123.300304912479
1/3/2018, 125.05, 125.09, 124.1, 124.82, 7904326, 0.747123881394142, 0.587604697858533, 0.681303428303975, 0.372689213622641, 0.523995757831407, 0.835647801568115, 0.174519408482029, 0.661128393086086, 124.976000000002, 121.482967741936, 119.929448107449, 123.352213749961
1/4/2018, 124.89, 125.85, 124.74, 125.46, 7329718, 0.75038420796936, 0.767522085817135, 0.766938999138804, 0.378680298716457, 0.498963248168728, 1.02105557886452, 0.343826642558527, 0.677228936305992, 125.643636363638, 122.059655913979, 120.076732600733, 123.413374710514
1/5/2018, 124.93, 125.48, 124.83, 125.33, 5739904, 0.739535965812209, 0.982184462246801, 0.842826490792232, 0.479749075375519, 0.470289783371941, 1.14431175106124, 0.50392366425907, 0.640388086802169, 126.022727272729, 122.606408602151, 120.259675213676, 123.471617340686
1/8/2018, 125.2, 125.32, 124.9, 125.31, 3566707, 0.719828748427755, 1.32689107460035, 0.834481929013344, 0.60784764903236, 0.480175995365432, 1.22624394579019, 0.648387720565293, 0.577856225224894, 126.14581818182, 123.200645161291, 120.435274725276, 123.528701057879
1/9/2018, 124.49, 124.86, 124.23, 124.73, 9153584, 0.730310698646739, 0.975064291240695, 0.947027293345923, 0.412500925170869, 0.428051616687363, 1.23019373999902, 0.764748924452039, 0.465444815546984, 125.92181818182, 123.683333333334, 120.583536019537, 123.575980454257
1/10/2018, 125.17, 125.31, 124.72, 125.03, 14809303, 0.715724792210649, 1.20921382932684, 0.890789144473506, 0.369262522580656, 0.40205687601918, 1.24320063016263, 0.860439265594158, 0.382761364568475, 125.760727272729, 124.22253763441, 120.777084249085, 123.627189847655
1/11/2018, 125.37, 125.66, 125.25, 125.44, 5994730, 0.702827784052874, 1.69501422415338, 0.924881381801196, 0.448671058858504, 0.463346833674426, 1.27193023778185, 0.942737460031696, 0.32919277775015, 125.655454545457, 124.798236559141, 120.994466422467, 123.68395010395
1/12/2018, 126.01, 127.13, 125.81, 126.96, 9258570, 0.726249065611318, 2.12279319691377, 1.29239562428658, 0.576639045064294, 0.538457243348695, 1.40119781938911, 1.03442953190318, 0.366768287485932, 126.024181818184, 125.498494623657, 121.309855921857, 123.763144120247
1/16/2018, 126.6, 127.18, 126.4, 127.17, 8083895, 0.719464907615886, 3.32837074736402, 1.2450792211851, 0.678125402632217, 0.613352523388021, 1.5032599096012, 1.12819560744278, 0.375064302158415, 126.401272727275, 126.130989247313, 121.620346764348, 123.844424848644
1/17/2018, 126.77, 127.22, 125.9, 126.14, 10130509, 0.741395550074811, 2.65334575728002, 1.00020851120798, 0.48130954068797, 0.526952575029462, 1.48392667646709, 1.19934182124764, 0.284584855219448, 126.530545454547, 126.62630107527, 121.914884004885, 123.908932748962
1/18/2018, 126.13, 126.52, 125.8, 125.86, 6289271, 0.734495891880779, 2.77593584237735, 1.06782191459266, 0.495818197478746, 0.465916494815015, 1.42953252883817, 1.24537996276575, 0.184152566072417, 126.443090909093, 127.029397849463, 122.195084249085, 123.968295022468
1/19/2018, 126.57, 126.73, 126.41, 126.42, 8773753, 0.729089307898347, 2.91298145904735, 0.981005416951469, 0.50786715332992, 0.483409894667143, 1.41529742709085, 1.27936345563077, 0.13593397146008, 126.620363636366, 127.416021505377, 122.461753357754, 124.035253859348
1/22/2018, 126.51, 126.75, 126.28, 126.65, 4893546, 0.709932070977368, 2.71224450055588, 1.12342455408919, 0.290099814718736, 0.498236154969085, 1.40636340233623, 1.30476344497186, 0.101599957364365, 126.798727272729, 127.775806451614, 122.746529914531, 124.104727479075
1/23/2018, 126.53, 127.35, 126.34, 127.28, 6190410, 0.710773506833905, 3.06893994650574, 1.15769895193254, 0.408192566787981, 0.568878682550499, 1.43359328718844, 1.33052941341518, 0.103063873773267, 127.118727272729, 128.067741935485, 123.037667887669, 124.182654388781
1/24/2018, 128.39, 129.26, 128.23, 128.83, 11827554, 0.743956293971345, 3.2538684884636, 1.31313124257516, 0.607138708841612, 0.643517384647525, 1.56223672076568, 1.37687087488528, 0.185365845880404, 127.750727272729, 128.498967741936, 123.407557997559, 124.28259796523
1/25/2018, 128.69, 129.51, 127.36, 127.97, 15219664, 0.795512189456215, 2.59252259611861, 1.36002234388176, 0.309994791303045, 0.587447096501775, 1.57661847959952, 1.41682039582813, 0.159798083771391, 127.922000000002, 128.722967741936, 123.723899877901, 124.368420074349
1/26/2018, 128.24, 128.52, 127.97, 128.07, 7828744, 0.776619115643604, 2.59389495302173, 1.34286453546384, 0.291512146686149, 0.483025818977031, 1.57789628518614, 1.44903557369973, 0.128860711486413, 128.049454545456, 128.904731182797, 124.016825396826, 124.454551011978
1/29/2018, 127.58, 127.63, 126.92, 127.35, 6956392, 0.787110558566569, 2.16793565050587, 1.14110217438645, 0.0154942631430165, 0.38106423375263, 1.50347979343566, 1.45992441764692, 0.0435553757887435, 128.088727272729, 128.999139784947, 124.281338217339, 124.528904195709
1/30/2018, 127.91, 127.92, 126.74, 126.8, 9736105, 0.797528416023501, 1.90218899948189, 1.05989092912926, 0.0285753631334693, 0.306686336353329, 1.38416795752362, 1.44477312562226, -0.0606051680986399, 127.958727272729, 128.954989247313, 124.497587301588, 124.554717780511
1/31/2018, 127.45, 127.85, 126.4, 127.65, 13418904, 0.80940284366777, 1.94088362526465, 1.21111215563481, -0.0337320332285584, 0.384889104157182, 1.34272229739284, 1.42436295997637, -0.0816406625835331, 127.936545454547, 128.984580645162, 124.727772893774, 124.594604072707
2/1/2018, 127.18, 128.15, 127.08, 128.07, 10854639, 0.80818504992958, 1.83848965203311, 1.03896829485355, 0.0428424877171957, 0.37326468218854, 1.32845322125171, 1.40518101223144, -0.076727790979733, 127.921090909093, 129.049483870969, 124.985120879122, 124.652042093754
2/2/2018, 126.81, 126.85, 125.96, 126.39, 16789214, 0.861453013507851, 1.08495039722826, 1.0224467263153, 0.0563628585873625, 0.336387010933842, 1.168117583577, 1.35776832650055, -0.189650742923551, 127.316727272729, 128.85341935484, 125.194161172162, 124.67731064644
2/5/2018, 126.82, 127.31, 126.44, 126.71, 13596327, 0.852616952556187, 1.01038054422553, 1.04332597750215, 0.0496092126565164, 0.34155524766556, 1.05471367846346, 1.29715739689313, -0.242443718429675, 126.870545454547, 128.676903225807, 125.384937728939, 124.712908022414
2/6/2018, 126.54, 126.55, 125.22, 125.38, 17672450, 0.877997602133312, 0.441753337961922, 0.553969761335638, -0.000968220428187581, 0.231207261585726, 0.84774806985925, 1.20727553148636, -0.359527461627106, 126.087636363638, 128.300580645162, 125.489184371186, 124.731315019817
2/7/2018, 125.48, 125.77, 124.41, 124.79, 8558460, 0.89253283426317, -0.078024131520711, 0.499086700490234, -0.1534341515453, 0.248408580575941, 0.628869053774949, 1.09159423594407, -0.462725182169126, 125.514545454547, 127.858688172044, 125.570261294262, 124.742619379527
2/8/2018, 124.92, 125.44, 124.51, 124.98, 7343637, 0.883823121846022, 0.0570379825978601, 0.437420359722421, -0.0442059024870225, 0.345008210592476, 0.465372741415166, 0.966349937038293, -0.500977195623127, 125.055454545456, 127.471397849463, 125.643753357755, 124.758834221676
2/9/2018, 124.65, 125.14, 124.39, 124.77, 14140696, 0.871100449466218, -0.166480917017483, 0.400552783318082, 0.0854456831968756, 0.291713667692274, 0.315221810176979, 0.83612431166603, -0.520902501489051, 124.706909090911, 127.06741935484, 125.687575091576, 124.77326964603
2/12/2018, 125.19, 125.82, 125.11, 125.37, 6984852, 0.865460978909668, 0.0257550612226078, 0.671220632832443, 0.131412022796898, 0.361168918008776, 0.24185316820774, 0.717270082974372, -0.475416914766632, 124.601636363638, 126.764516129033, 125.756026862028, 124.80782697827
2/13/2018, 125.67, 126.18, 125.52, 126.08, 5321327, 0.84968036785858, 0.211850367371891, 1.00762507756309, 0.365951721807917, 0.381076558884567, 0.238252629135445, 0.621466592206587, -0.383213963071142, 124.739636363638, 126.588774193549, 125.859743589745, 124.84480470138
2/14/2018, 126.47, 128.59, 126.29, 128.23, 16416413, 0.891533305315678, 0.812134818302898, 1.23677454913435, 0.763461236448377, 0.586646087115096, 0.404226535798045, 0.578018580924879, -0.173792045126833, 125.829636363638, 126.770150537635, 126.039399267401, 124.911798004647
2/15/2018, 128.43, 128.57, 127.94, 128.38, 7276495, 0.870503582751191, 0.777214224236579, 1.34762991921402, 0.708812150239682, 0.597380983014266, 0.541622314114349, 0.570739327562773, -0.0291170134484239, 127.02381818182, 126.928688172044, 126.232630036631, 124.981971573049
2/16/2018, 128.3, 128.7, 127.57, 127.96, 7956921, 0.873847197998734, 0.586071582882343, 1.45433277781014, 0.486663003429104, 0.69196243550214, 0.609591971608737, 0.578509856371966, 0.031082115236771, 127.720000000002, 127.053634408603, 126.424161172163, 125.050345770124
2/20/2018, 127.28, 127.4, 126.04, 126.24, 11148745, 0.917511193624223, -0.141460223078171, 1.1298082362591, 0.444738739312435, 0.661072437004575, 0.518689658003382, 0.566545816698249, -0.0478561586948671, 127.800363636365, 126.935548387098, 126.543311355313, 125.088529725297
2/21/2018, 126.36, 126.76, 125.44, 125.66, 7908753, 0.928181461315979, -0.31474305968821, 1.37765627385241, 0.530454894034836, 0.607710584144924, 0.395291097110274, 0.532294872780654, -0.13700377567038, 127.440000000002, 126.736666666668, 126.642962148964, 125.110232062321
2/22/2018, 125.92, 126.37, 125.88, 126.3, 5346347, 0.905411863084067, 0.0534964784468988, 1.49192258060447, 0.582815365597373, 0.666197778502623, 0.345160702141456, 0.494868038652814, -0.149707336511358, 127.167454545456, 126.57806451613, 126.77070818071, 125.13258165915
2/23/2018, 126.06, 126.3, 125.85, 126.14, 4239709, 0.879069624164752, 0.0805204177394721, 1.56280438076442, 0.650686836629549, 0.706167439408498, 0.289187763608737, 0.453731983643999, -0.164544220035262, 126.795272727274, 126.409032258065, 126.90962881563, 125.153208418751
2/26/2018, 126.45, 126.62, 126.18, 126.45, 3194743, 0.852048637979713, 0.0243232212522647, 1.59169819947527, 0.809822171744307, 0.726587350601179, 0.266768079418043, 0.416339202798808, -0.149571123380765, 126.424909090911, 126.299505376345, 127.041511599513, 125.180920595873
2/27/2018, 126.06, 126.15, 124.59, 125.13, 7082301, 0.892307781978007, -0.311804776784092, 1.12719352058958, 0.613833938276631, 0.60581488504779, 0.14086356240918, 0.361244074720882, -0.220380512311702, 125.626909090911, 126.117311827958, 127.09447863248, 125.199865791991
2/28/2018, 125.09, 125.46, 124.81, 125, 4534884, 0.8745739929677, -0.481777638295474, 1.1507178980473, 0.549832353346085, 0.574836127323872, 0.0302447691696557, 0.295044213610637, -0.264799444440981, 124.939090909093, 125.944430107528, 127.129343101345, 125.213517561842
3/1/2018, 124.15, 125.31, 123.58, 124.72, 12910071, 0.902065920982316, -0.944870092706269, 1.04988171301015, 0.604210201911023, 0.535430429984218, -0.0791032286011557, 0.220214725168278, -0.299317953769434, 124.643454545456, 125.681354838711, 127.16552869353, 125.226981276479
3/2/2018, 125.67, 125.69, 124.97, 125.39, 9994341, 0.891062912366765, -0.584927041196722, 1.0653294502313, 0.614462146643187, 0.543295923813083, -0.110425982084251, 0.154086583717772, -0.264512565802024, 124.800727272729, 125.493784946237, 127.211960927962, 125.251735957359
3/5/2018, 125.35, 125.48, 124.96, 125.18, 5778343, 0.868699949293699, -0.658094171651081, 1.00883182028533, 0.453148540914529, 0.391728586051198, -0.150460321911922, 0.0931772025918336, -0.243637524503755, 124.964545454547, 125.319935483872, 127.250666666668, 125.284267049337
3/6/2018, 126.2, 126.96, 126.13, 126.53, 8676781, 0.8867989146444, -0.165374089099919, 1.16440860540433, 0.58240372398858, 0.545969112698428, -0.0724193024388882, 0.0600579015856892, -0.132477204024577, 125.402363636365, 125.34070967742, 127.335462759464, 125.334296296296
3/7/2018, 126.22, 126.29, 125.42, 125.72, 5158674, 0.892032559150956, -0.222508441373336, 0.979475632493159, 0.420712165311171, 0.452208929665229, -0.0750661469835023, 0.0330330918718509, -0.108099238855353, 125.428545454547, 125.301483870969, 127.381487179489, 125.377055623889
3/8/2018, 125.69, 125.7, 125.13, 125.42, 3474944, 0.872978924171865, -0.487291222201775, 0.815552691550871, 0.367384543157832, 0.398702655663926, -0.100216054851956, 0.00638326252708962, -0.106599317379045, 125.47581818182, 125.33759139785, 127.388529914531, 125.408110974443
3/9/2018, 124.94, 125.69, 124.78, 125.54, 5066833, 0.864780674176784, -0.557193717758603, 0.693183029940855, 0.259938871105755, 0.459690800592943, -0.109205685747739, -0.0167345271278761, -0.0924711586198627, 125.580545454547, 125.35359139785, 127.409755799757, 125.442563892305
3/12/2018, 125.04, 125.57, 124.84, 125.54, 2884269, 0.850616039066001, -0.19242255905679, 0.611590609007059, 0.376966434022757, 0.427722371751932, -0.11500433461768, -0.0363884886258369, -0.0786158459918432, 125.780000000002, 125.391935483872, 127.432693528695, 125.470439797731
3/13/2018, 125.67, 125.99, 125.05, 125.78, 4798303, 0.843910165901801, -0.211904526497373, 0.54443259987644, 0.527249977641168, 0.452311726671393, -0.0990915457309711, -0.0489291000468637, -0.0501624456841074, 125.848000000002, 125.429053763442, 127.452669108671, 125.502097854312
3/14/2018, 125.49, 125.76, 125.34, 125.7, 3777021, 0.819726886505744, 0.0986257657724357, 0.389657406852262, 0.581461049522631, 0.376133941737452, -0.0918767789880377, -0.0575186358350985, -0.0343581431529392, 125.826909090911, 125.429483870969, 127.475181929183, 125.535703430367
3/15/2018, 125.12, 125.21, 124.72, 124.9, 6130124, 0.82295985710235, 0.0439466880093494, -0.0240181019395191, 0.372797825536361, 0.350271861287364, -0.148994818958812, -0.0758138724598412, -0.0731809464989707, 125.435272727274, 125.392172043012, 127.461140415142, 125.561512915129
3/16/2018, 124.84, 124.87, 124.21, 124.6, 7402188, 0.811382839843333, -0.0829916766544789, -0.0186406281177978, 0.442260273185042, 0.297762677974676, -0.215979097352346, -0.103846917438342, -0.112132179914004, 125.064181818183, 125.36253763441, 127.418600732602, 125.579380347137
3/19/2018, 124.57, 125.16, 124.42, 124.87, 4335420, 0.798777822953915, 0.0413290088266748, -0.0870036018704371, 0.452408208691064, 0.308708647951443, -0.244459895554087, -0.131969513061491, -0.112490382492596, 124.787454545456, 125.277548387098, 127.407836385838, 125.601176711767
3/20/2018, 124.41, 124.55, 123.96, 124.31, 3399440, 0.798859443444957, -0.259517669484801, -0.16570719511357, 0.44142094966141, 0.211507880235211, -0.308660408155973, -0.167307692080387, -0.141352716075585, 124.604181818183, 125.152645161291, 127.360456654458, 125.615324039907
3/21/2018, 125.4, 126.76, 125.03, 126.48, 12532035, 0.842749102972094, 0.107846541887397, 0.221440337685947, 0.705801447203481, 0.340564442539082, -0.182337044432032, -0.170313562550716, -0.0120234818813155, 125.129636363638, 125.229892473119, 127.414993894995, 125.668546398797
3/22/2018, 126.09, 126.34, 125.64, 125.98, 5298709, 0.837127807721186, -0.561356469468572, 0.236154557063334, 0.784568934538268, 0.219070247462976, -0.121173872916884, -0.16048562462395, 0.0393117517070656, 125.380909090911, 125.197268817206, 127.455233211235, 125.719413694137
3/23/2018, 127.82, 128.06, 127.41, 127.61, 12025882, 0.866611497185795, -0.163192171731621, 0.44545841665413, 0.902855846221414, 0.364275206881071, 0.05815537967095, -0.11675742376497, 0.17491280343592, 126.188727272729, 125.376451612904, 127.541680097682, 125.789484214842
3/26/2018, 128.05, 128.58, 128.01, 128.28, 6169843, 0.856788887574722, 0.0909137000055688, 0.484558901718442, 0.954390887875559, 0.460059490681178, 0.251440060420165, -0.0431179269279429, 0.294557987348108, 127.115090909092, 125.609677419356, 127.656666666668, 125.869544348777
3/27/2018, 127.23, 127.62, 127.05, 127.49, 6180707, 0.867232210943455, 0.328964040517575, 0.111234916797689, 0.913292019195998, 0.485539695669909, 0.336988570290117, 0.0329033725156691, 0.304085197774448, 127.667090909092, 125.760021505378, 127.737570207572, 125.935964192975
3/28/2018, 126.48, 126.61, 125.51, 125.73, 10254883, 0.914143504688793, 0.0333399088811691, -0.205085957949475, 0.618105188289923, 0.38082708325671, 0.259774570099438, 0.0782776120324229, 0.181496958067015, 127.50181818182, 125.720709677421, 127.733863247865, 125.964800054667
3/29/2018, 125.42, 125.81, 125.31, 125.79, 7117156, 0.887896491790253, -0.103171079789473, -0.0324021968640483, 0.615239799143317, 0.376676702530038, 0.201105201629815, 0.102843129951901, 0.0982620716779138, 127.195636363638, 125.834602150539, 127.729391941393, 125.993333059997
4/2/2018, 126.65, 127.54, 126.38, 127.26, 11421144, 0.902515124290281, 0.265971685230902, 0.245443419491966, 0.861443068580095, 0.510976781707518, 0.270112332297444, 0.13629697042101, 0.133815361876434, 127.288727272729, 126.160752688173, 127.818405372407, 126.036992483258
4/3/2018, 126.54, 126.59, 126.01, 126.3, 6083717, 0.913391694230578, -0.0144893132685577, 0.00648949866526713, 0.612712349013057, 0.482876065424339, 0.244518348264421, 0.157941245989692, 0.086577102274729, 126.959090909092, 126.344322580646, 127.827787545789, 126.058681153478
4/4/2018, 127.5, 127.53, 126.32, 126.45, 7488254, 0.915328607609774, 0.318980996400187, -0.00599692945836462, 0.68833433078045, 0.490950500064489, 0.233645359654346, 0.173082068722623, 0.0605632909317234, 126.491272727274, 126.442967741937, 127.844515262517, 126.076383763837
4/5/2018, 125.45, 126.08, 125.43, 125.8, 5332957, 0.914595686094143, 0.19880101417216, -0.205991589359018, 0.553541617982353, 0.5117514375731, 0.170612159351236, 0.172588086848346, -0.00197592749710929, 126.116181818183, 126.419118279571, 127.854100122102, 126.07920568539
4/6/2018, 126.57, 126.6, 126.13, 126.39, 6121225, 0.896458030264348, 0.393896439685357, -0.363442773983224, 0.562180910807383, 0.565391307359615, 0.166348402312039, 0.171340149941084, -0.00499174762904542, 125.882000000001, 126.511892473119, 127.880263736265, 126.09164274976
4/9/2018, 126.45, 126.86, 126.23, 126.82, 4189864, 0.873585900669101, 0.340267629787247, -0.159811409319556, 0.747101859840803, 0.569460788232383, 0.195414137938741, 0.176154947540616, 0.0192591903981252, 126.100000000001, 126.647978494625, 127.933575091577, 126.109606122727
4/10/2018, 127.02, 127.31, 126.67, 127.12, 5403992, 0.853121111758281, 0.455553452528465, -0.127328144217159, 0.760565046306121, 0.561618992185954, 0.239891120119907, 0.188902182056474, 0.050988938063433, 126.598727272729, 126.838408602152, 127.996632478634, 126.126406177395
4/11/2018, 128.09, 129.47, 127.78, 128.11, 12348564, 0.89592005261398, 0.378316182016261, 0.145251895805725, 0.844573250426675, 0.587963318690138, 0.350978315616587, 0.221317408768497, 0.12966090684809, 127.344727272729, 127.062129032259, 128.082695970697, 126.172503485034
4/12/2018, 127.25, 127.34, 126.47, 126.62, 8141339, 0.925900347838874, 0.217278329821125, -0.00289344540977193, 0.672207905861989, 0.564760635261268, 0.315152291397581, 0.240084385294313, 0.0750679061032676, 127.190181818183, 127.068903225808, 128.078293040294, 126.199231925652
4/13/2018, 127.07, 127.75, 127.03, 127.45, 6821338, 0.918208136062693, 0.462096214903977, -0.00583413336152463, 0.769927165546118, 0.585546112954401, 0.349702816110351, 0.262008071457521, 0.0876947446528304, 127.285818181819, 127.151870967743, 128.117015873017, 126.239303539702
4/16/2018, 127.74, 128.05, 127.57, 127.63, 4600039, 0.894572949887415, 0.474606526579412, -0.0431025683089631, 0.618644147828096, 0.590677308148584, 0.387146072610534, 0.287035671688124, 0.10011040092241, 127.647090909092, 127.284731182797, 128.150202686204, 126.285391553915
4/17/2018, 127.02, 127.78, 127, 127.75, 4184077, 0.879574389936785, 0.500680717010072, 0.244321339549393, 0.844490971824794, 0.637661896079641, 0.421642685850159, 0.313957074520531, 0.107685611329628, 127.837636363638, 127.404365591399, 128.1647985348, 126.33968101681
4/18/2018, 128.32, 128.54, 127.75, 127.85, 6755575, 0.865837676172883, 0.469730372555529, 0.208588867179482, 0.831011397342739, 0.664236200467784, 0.451842110059545, 0.341534081628334, 0.110308028431211, 128.013636363638, 127.610107526883, 128.172766788768, 126.3968366817
4/19/2018, 127.81, 127.88, 127.13, 127.6, 8736103, 0.853546078007585, 0.43238367649464, 0.393733972402154, 0.661275754472601, 0.79187940075517, 0.450410409824059, 0.363309347267479, 0.0871010625565802, 127.89690909091, 127.721612903227, 128.128996336998, 126.448384310509
4/20/2018, 126.69, 126.97, 126.55, 126.63, 10403128, 0.858539489663425, 0.39539969225108, 0.329932329320162, 0.576865461120801, 0.698447077968453, 0.366776907818206, 0.364002859377624, 0.00277404844058199, 127.46490909091, 127.677913978496, 128.035929181931, 126.486316249829
4/23/2018, 125.62, 125.76, 125.34, 125.62, 6921519, 0.873515465668488, 0.237051672639425, 0.129509780763194, 0.383170423327098, 0.635096322426413, 0.216502489918255, 0.33450278548575, -0.118000295567495, 126.75690909091, 127.506258064517, 127.882297924299, 126.513693863605
4/24/2018, 125.78, 126.34, 125.67, 126.23, 4733107, 0.854348904043505, 0.307242767097725, 0.263224964514096, 0.460469221342386, 0.759976337195282, 0.14495982643632, 0.296594193675864, -0.151634367239544, 126.385090909092, 127.411483870969, 127.752866910868, 126.545929479294
4/25/2018, 125.23, 125.51, 125.06, 125.41, 5985694, 0.863585352440325, 0.251574096344681, 0.0309431342346296, 0.456773179375956, 0.692484981264268, 0.021842812865728, 0.241643917513837, -0.219801104648109, 125.976545454547, 127.224215053765, 127.604339438341, 126.56764274976
4/26/2018, 125.54, 125.57, 124.69, 124.97, 7517135, 0.858503057510315, -0.338701116416993, -0.157197699124201, 0.525335748578907, 0.653380560559929, -0.109965021844729, 0.171322129642124, -0.281287151486853, 125.265272727274, 126.978172043012, 127.426673992675, 126.576004646713
4/27/2018, 125.2, 125.62, 125.17, 125.5, 5653996, 0.838030045754668, -0.0957380035653084, -0.447419896807281, 0.528294409814961, 0.65873504959781, -0.169700903491446, 0.10311752301541, -0.272818426506856, 124.993090909092, 126.750752688173, 127.273306471308, 126.593493781604
4/30/2018, 124.41, 125.2, 124.19, 124.59, 9830612, 0.854515869693397, -0.736935209097086, -0.625107955004653, 0.464973147314995, 0.613127063496685, -0.287161199328722, 0.0250617785465836, -0.312222977875305, 124.54890909091, 126.384000000001, 127.087753357755, 126.601686756867
5/1/2018, 123.9, 123.98, 123.39, 123.71, 7551577, 0.866065197597974, -1.12799999657182, -0.701503636144283, 0.465527206723555, 0.491688262465489, -0.446115434536509, -0.0691736640700349, -0.376941770466474, 123.990545454547, 125.92365591398, 126.862173382175, 126.598485171518
5/2/2018, 123.9, 124.54, 123.58, 123.65, 7614019, 0.861980423090199, -0.959908004003528, -0.440670475978489, 0.490676014323782, 0.452798651400699, -0.570354616713132, -0.169409854598654, -0.400944762114478, 123.651818181819, 125.425849462367, 126.638231990233, 126.594064233975
5/3/2018, 124.66, 124.76, 124.24, 124.28, 4857387, 0.85938755511223, -0.383659662897866, -0.223610607177719, 0.791381777365087, 0.438275941108921, -0.61093682933911, -0.257715249546746, -0.353221579792364, 123.709818181819, 125.156903225808, 126.443035409037, 126.595335246685
5/4/2018, 124.1, 124.65, 124, 124.54, 5883574, 0.840809788677377, -0.327150841158204, -0.292148096438978, 0.825819119415118, 0.456938246291037, -0.615029026361313, -0.329178004909659, -0.285851021451654, 123.844727272728, 124.901806451614, 126.270295482297, 126.602092660926
5/7/2018, 124.5, 124.7, 124.3, 124.57, 3397508, 0.81463216286254, -0.792123389080512, -0.258413096905052, 0.895114130575641, 0.448068589265854, -0.608833123442949, -0.385109028616317, -0.223724094826632, 123.902000000001, 124.768473118281, 126.114673992676, 126.608875495421
5/8/2018, 124.14, 124.95, 123.79, 124.59, 5551078, 0.820329015983604, -0.51894681792651, -0.310459646386514, 0.878766292138653, 0.382128004046786, -0.595445072741185, -0.427176237441291, -0.168268835299895, 124.145454545456, 124.701956989248, 125.968097680099, 126.628348776821
5/9/2018, 124.45, 124.87, 124.24, 124.33, 4405593, 0.806278070428114, -0.647200223602725, -0.126184099436309, 0.713064782448673, 0.361886830176073, -0.598910901134488, -0.46152317017993, -0.137387730954558, 124.224545454547, 124.573591397851, 125.822205128207, 126.649860871942
5/10/2018, 125.22, 125.37, 124.75, 125.18, 5218356, 0.802303282245655, -0.175463764010005, 0.0546945380100051, 0.851692658947847, 0.442094983177182, -0.526994830489542, -0.474617502241853, -0.0523773282476896, 124.568181818183, 124.456129032259, 125.730161172163, 126.68800273336
5/11/2018, 125.57, 125.59, 124.94, 125, 4299164, 0.789285669023485, -0.416643525842248, 0.0730186223667341, 0.794865267617341, 0.367306757035982, -0.479003665961557, -0.475494734985793, -0.00350893097576321, 124.944181818183, 124.323376344087, 125.662461538463, 126.720614459477
5/14/2018, 125.16, 125.21, 124.44, 124.49, 3753223, 0.783819368596183, -0.709250385425939, -0.142888964038263, 0.655362046598159, 0.340159159273026, -0.476628780180789, -0.475721544024793, -0.000907236155996527, 124.989272727274, 124.229010752689, 125.565245421247, 126.74978242449
5/15/2018, 122.82, 122.82, 122.13, 122.48, 10911900, 0.853190639587784, -1.24244596788889, -0.445576159317581, 0.372181674753271, 0.148185234094568, -0.629678328014322, -0.506512900822699, -0.123165427191623, 124.169454545456, 123.833483870969, 125.394632478634, 126.74112641793
5/16/2018, 122.38, 122.61, 122.03, 122.29, 4943275, 0.835504538881971, -1.64467792553355, -0.7327314792163, 0.306940025220363, 0.131936609460895, -0.757569816168626, -0.556724283891884, -0.200845532276742, 123.339090909092, 123.448494623657, 125.21500854701, 126.7313133798
5/17/2018, 122.23, 122.43, 122.04, 122.36, 7781336, 0.809211813966021, -1.2904201710718, -0.582796834996907, 0.293941155487746, 0.143035682361609, -0.843552380207854, -0.614089903155078, -0.229462477052776, 122.733090909092, 123.05589247312, 125.040227106229, 126.725097170971
5/18/2018, 122.05, 122.65, 122.01, 122.41, 6837125, 0.794578871652955, -1.59706836455049, -0.520703594783284, 0.219855278018246, 0.162733010765676, -0.897315900407136, -0.67073510260549, -0.226580797801647, 122.301090909092, 122.731161290324, 124.856903540905, 126.713465354653
5/21/2018, 122.16, 122.53, 121.97, 122.48, 4126673, 0.777279390064389, -1.63635489498062, -0.529436901865864, 0.122806190004676, 0.154779321120455, -0.923628448706793, -0.72131377182575, -0.202314676881043, 122.015454545456, 122.46965591398, 124.685006105008, 126.693677463441
5/22/2018, 122.7, 122.74, 122.34, 122.41, 4579602, 0.755176216896757, -1.70458786654055, -0.542249705311293, 0.0549652657400105, 0.212852964378886, -0.93930205835801, -0.764911429132202, -0.174390629225807, 121.823636363638, 122.247268817206, 124.52102808303, 126.67704578379
5/23/2018, 122.14, 122.74, 122.11, 122.54, 7007256, 0.742362205604826, -1.69135354792101, -0.561729299120525, -0.00780146357354179, 0.230622908453268, -0.93050728462768, -0.798030600231298, -0.132476684396382, 121.743636363637, 122.137763440862, 124.398730158732, 126.658867295339
5/24/2018, 123.1, 123.82, 123.08, 123.59, 8850085, 0.751036584198354, -1.17627886434573, -0.348700824175878, 0.0243787219135814, 0.274401481050415, -0.82925203700843, -0.804274887586725, -0.0249771494217059, 122.294000000001, 122.098086021507, 124.330234432236, 126.658796774633
5/25/2018, 123.66, 123.7, 123.21, 123.21, 7920650, 0.735570009488036, -1.03499394555464, -0.278463724796252, -0.217060599253811, 0.155473809968287, -0.770784227198391, -0.797576755509058, 0.026792528310667, 122.763818181819, 122.085075268819, 124.224862026863, 126.64474839415
5/29/2018, 122.84, 123.64, 122.66, 123.19, 9013170, 0.738680914242794, -0.763763029352076, -0.229224736100138, -0.177842423827119, 0.0952170584734401, -0.717787689857786, -0.781618942378804, 0.0638312525210172, 123.222363636365, 122.108881720431, 124.114539682541, 126.629966926335
5/30/2018, 123.17, 123.61, 123.17, 123.37, 4573697, 0.718555538091038, -0.918655810849888, -0.245014749655965, -0.236960110525508, 0.0689657870188126, -0.653727295190834, -0.75604061294121, 0.102313317750376, 123.412000000001, 122.192172043012, 124.026485958487, 126.605176711766
5/31/2018, 123.26, 123.78, 123.1, 123.1, 7862495, 0.711744816389739, -0.762965194333349, -0.19485769759092, -0.255253657571721, 0.108605117239514, -0.617626105121957, -0.728357711377359, 0.110731606255402, 123.421818181819, 122.276129032259, 123.933975579977, 126.567151838184
6/1/2018, 122.58, 123.09, 122.44, 122.49, 8059121, 0.706465813966021, -0.81620280386449, -0.750346521757477, -0.330849991768323, 0.131089190786149, -0.630964191476878, -0.708879007397263, 0.0779148159203853, 123.190727272728, 122.296666666668, 123.831401709403, 126.521252152521
6/4/2018, 122.85, 122.93, 122.37, 122.37, 4345370, 0.694682092629428, -1.05610455301298, -0.680987902162228, -0.273433154111818, 0.0640197052283958, -0.643796433589969, -0.695862492635804, 0.0520660590458348, 122.921090909092, 122.270279569894, 123.761536019537, 126.471209238758
6/5/2018, 122.55, 123.23, 122.28, 122.85, 6864209, 0.696034475305738, -0.594053534850438, -0.944907978933533, -0.248903511913512, 0.0546225766426646, -0.608222874748748, -0.678334569058393, 0.0701116943096451, 122.833454545456, 122.264946236561, 123.698273504275, 126.42259204592
6/6/2018, 123.08, 123.35, 122.63, 122.92, 4083702, 0.690143536664045, -0.276624586661084, -1.07580492884576, -0.292499949113824, 0.0718229388248522, -0.567836492468601, -0.656234953740435, 0.0883984612718337, 122.735818181819, 122.327032258066, 123.644043956045, 126.374374470411
6/7/2018, 122.96, 123.15, 122.69, 122.86, 3700745, 0.674677041758158, -0.276764219087202, -0.939193138799448, -0.503553589715752, 0.0374112909699097, -0.534509993616993, -0.631889961715746, 0.0973799680987533, 122.615636363637, 122.348193548388, 123.574964590966, 126.328116167828
6/8/2018, 123.08, 123.12, 122.91, 123.01, 3865667, 0.650729861660734, -0.463629072751183, -0.584477683006406, -0.510707110455232, 0.0837711486827552, -0.490342394874389, -0.603580448347475, 0.113238053473086, 122.739818181819, 122.375505376345, 123.503509157511, 126.285990706573
6/11/2018, 123.1, 123.42, 123.02, 123.23, 3201179, 0.633725280116389, -0.478384509148289, -0.547496889058238, -0.352401439835748, 0.0677713197685255, -0.432600345775469, -0.569384427833074, 0.136784082057604, 122.895636363637, 122.478709677421, 123.463335775337, 126.248895995626
6/12/2018, 122.95, 123.18, 122.64, 122.82, 7279620, 0.628067643342334, -0.638356303170857, -1.01684882986853, -0.370287062668463, 0.0659002315103534, -0.415137482854391, -0.538535038837337, 0.123397555982947, 122.904727272728, 122.483870967743, 123.417811965813, 126.209039223725
6/13/2018, 122.84, 123.34, 122.47, 123.19, 5867744, 0.630183493445411, -0.501188261180794, -0.720235191373005, -0.394446349550748, 0.0604943077041934, -0.367209171644376, -0.504269865398745, 0.137060693754369, 123.097818181819, 122.488731182797, 123.354974358976, 126.190061500614
6/14/2018, 123.63, 123.86, 123.32, 123.38, 8015447, 0.624904274028718, -0.336391990336296, -0.709338615948369, -0.39905160487706, -0.057091925570901, -0.310317085406979, -0.465479309400392, 0.155162223993413, 123.312363636365, 122.517053763442, 123.309897435899, 126.166344950115
6/15/2018, 122.18, 122.2, 120.83, 121.34, 14536993, 0.708716456759354, -1.18265738748035, -0.953411003269002, -0.729620930879619, -0.172779996986168, -0.424942179261919, -0.457371883372697, 0.0324297041107784, 122.68490909091, 122.330279569894, 123.148532356534, 126.11656908569
6/18/2018, 121.35, 121.44, 120.99, 121.11, 3845950, 0.693137413260846, -1.19988510966781, -1.14273366087169, -0.973681710912127, -0.184221166462056, -0.528253096905971, -0.471548126079352, -0.0567049708266187, 122.016727272728, 122.150623655915, 122.966962148964, 126.066949296159
6/19/2018, 120.81, 121.03, 120.58, 120.8, 4925832, 0.682107438029967, -1.14692562119234, -1.31271091215598, -0.910771958968267, -0.303058309630583, -0.627904065465771, -0.502819313956636, -0.125084751509135, 121.406181818183, 121.955763440862, 122.778759462761, 126.007033483667
6/20/2018, 120.79, 120.81, 120.16, 120.26, 4548491, 0.677936550709455, -0.847777916878259, -1.499699976429, -0.994784785841657, -0.354986968627989, -0.741899507323552, -0.550635352630019, -0.191264154693533, 120.73490909091, 121.718043010754, 122.565347985349, 125.942507311739
6/21/2018, 119.92, 120.32, 119.82, 120.05, 5681906, 0.665990979665998, -0.856591005967424, -1.81625828100055, -0.934582342457373, -0.464153121391098, -0.839509616957741, -0.608410205495564, -0.231099411462178, 120.124181818183, 121.464279569894, 122.359394383396, 125.873870985376
6/22/2018, 120.21, 120.4, 120.1, 120.34, 4518408, 0.645708876960761, -0.763335678565272, -1.47803725543603, -0.825055056621878, -0.402548298562762, -0.883283809782725, -0.663384926352996, -0.219898883429729, 119.79690909091, 121.331591397851, 122.185792429794, 125.817312286455
6/25/2018, 120, 120.23, 119.83, 119.89, 9300195, 0.636995378603596, -0.948451385294121, -1.82203444044329, -1.00170462910769, -0.523164999829561, -0.943411353337524, -0.719390211749901, -0.224021141587622, 119.503818181819, 121.161032258066, 122.044503052504, 125.751177258438
6/26/2018, 119.28, 119.59, 119.09, 119.26, 8675447, 0.641882501624567, -1.19664278760323, -2.01482463299011, -1.14149361390494, -0.555609612044532, -1.03002511135524, -0.78151719167097, -0.248507919684274, 119.093272727274, 120.909505376345, 121.88511843712, 125.679336613365
6/27/2018, 118.96, 119.05, 118.48, 118.58, 6480501, 0.646174412097812, -1.40038728771821, -2.20119622662693, -1.03790071324051, -0.492730429756056, -1.14039172961579, -0.853292099259933, -0.287099630355853, 118.716000000001, 120.471440860216, 121.693357753359, 125.598329916632
6/28/2018, 118.59, 118.67, 118.01, 118.22, 7760936, 0.64364907542912, -1.58706172960911, -2.31805188141028, -1.13183519377465, -0.542987697544456, -1.24258333389837, -0.93115034618762, -0.311432987710747, 118.503818181819, 120.000193548388, 121.454510378512, 125.518787481207
6/29/2018, 118.43, 118.94, 118.26, 118.65, 8002828, 0.639591942792828, -1.95907255973963, -2.12654791080941, -0.905217012336384, -0.450508656426361, -1.27418549299273, -0.999757375548642, -0.274428117444087, 118.313636363637, 119.614430107528, 121.227445665447, 125.446747027469
7/2/2018, 118.18, 118.21, 117.4, 117.46, 12021957, 0.666977735499324, -2.13502385501023, -2.16480632917616, -0.985237914042684, -0.568970184954234, -1.3793531618787, -1.07567653281465, -0.303676629064044, 117.813090909092, 119.104946236561, 120.967721611723, 125.367575235752
7/3/2018, 118.41, 119.08, 118.38, 118.65, 8900973, 0.695541884291303, -1.47942316663943, -1.58210604629008, -0.828162731326421, -0.439522695872488, -1.3511015843748, -1.13076154312668, -0.22034004124812, 117.860727272728, 118.783053763442, 120.762935286937, 125.301583162498
7/5/2018, 118.92, 119.33, 118.77, 119.05, 4951873, 0.687104093596009, -1.38736132058234, -1.63380321299339, -0.743357073683775, -0.335409302067418, -1.28166115659396, -1.16094146582014, -0.120719690773818, 118.055818181819, 118.531956989249, 120.588009768011, 125.235869892031
7/6/2018, 118.97, 119.03, 118.73, 118.86, 2947058, 0.667253535465881, -1.36468360418394, -1.51296735073299, -0.852080159656204, -0.366359892129231, -1.2278071330438, -1.17431459926487, -0.0534925337789276, 118.209272727274, 118.287096774195, 120.380866910868, 125.159348366816
7/9/2018, 119.65, 119.73, 119.14, 119.15, 4075297, 0.66885662999749, -1.07407570070107, -1.34012960579277, -0.909114998869557, -0.279804217387404, -1.14848780253534, -1.16914923991896, 0.0206614373836214, 118.585818181819, 118.17277419355, 120.188105006106, 125.085903785704
7/10/2018, 118.89, 119, 118.61, 118.93, 3754770, 0.659291634499209, -1.10771749730154, -1.53023338728266, -1.27947266255917, -0.232272801032424, -1.09080470538443, -1.15348033301206, 0.0626756276276284, 118.861272727274, 118.033849462367, 119.983789987791, 125.010206095393
