Date,IFGL_Open,IFGL_High,IFGL_Low,IFGL_Close,IFGL_Volume,IFGL_ATRPercentOfClose20,IFGL_SQN25,IFGL_SQN50,IFGL_SQN100,IFGL_SQN200,IFGL_MACD,IFGL_MACD_Avg,IFGL_MACD_Diff,IFGL_LinReg10,IFGL_LinReg30,IFGL_LinReg90,IFGL_LinReg270
1/3/2017, 26.27, 26.3, 26.2, 26.28, 83163, 0, 0, 0, 0, 0, 0, 0, 0, 26.28, 26.28, 26.28, 26.28
1/4/2017, 26.4, 26.58, 26.4, 26.58, 301490, 0, 0, 0, 0, 0, 0.0239316239316238, 0.00478632478632477, 0.0191452991452991, 26.58, 26.58, 26.58, 26.58
1/5/2017, 26.72, 26.87, 26.7, 26.86, 310895, 0, 0, 0, 0, 0, 0.0647449290184312, 0.0167780456327461, 0.0479668833856852, 26.8633333333333, 26.8633333333333, 26.8633333333333, 26.8633333333333
1/6/2017, 26.89, 26.93, 26.84, 26.87, 82540, 0, 0, 0, 0, 0, 0.0967810520463495, 0.0327786469154667, 0.0640024051308827, 26.955, 26.955, 26.955, 26.955
1/9/2017, 26.81, 26.84, 26.77, 26.81, 76349, 0, 0, 0, 0, 0, 0.11599133587681, 0.0494211847077354, 0.0665701511690747, 26.95, 26.95, 26.95, 26.95
1/10/2017, 26.87, 26.9, 26.82, 26.85, 202007, 0, 0, 0, 0, 0, 0.132911172657071, 0.0661191822976025, 0.0667919903594684, 26.9619047619048, 26.9619047619048, 26.9619047619048, 26.9619047619048
1/11/2017, 26.75, 26.89, 26.64, 26.85, 110905, 0, 0, 0, 0, 0, 0.144652797796503, 0.0818259053973827, 0.0628268923991206, 26.9642857142857, 26.9642857142857, 26.9642857142857, 26.9642857142857
1/12/2017, 26.85, 26.85, 26.71, 26.78, 107894, 0, 0, 0, 0, 0, 0.146619566235703, 0.0947846375650468, 0.0518349286706563, 26.9333333333333, 26.9333333333333, 26.9333333333333, 26.9333333333333
1/13/2017, 26.66, 26.76, 26.64, 26.73, 71414, 0, 0, 0, 0, 0, 0.142500999443214, 0.10432790994068, 0.0381730895025342, 26.8917777777778, 26.8917777777778, 26.8917777777778, 26.8917777777778
1/17/2017, 26.68, 26.75, 26.67, 26.75, 88201, 0, 0, 0, 0, 0, 0.139245700680515, 0.111311468088647, 0.0279342325918679, 26.8685454545455, 26.8685454545455, 26.8685454545455, 26.8685454545455
1/18/2017, 26.8, 26.8, 26.66, 26.7, 132705, 0, 0, 0, 0, 0, 0.131119803351556, 0.115273135141229, 0.0158466682103269, 26.7649090909091, 26.835, 26.835, 26.835
1/19/2017, 26.5, 26.5, 26.37, 26.46, 102695, 0, 0, 0, 0, 0, 0.104113817656771, 0.113041271644337, -0.00892745398756672, 26.6154545454546, 26.7388461538462, 26.7388461538462, 26.7388461538462
1/20/2017, 26.5, 26.52, 26.45, 26.5, 133697, 0, 0, 0, 0, 0, 0.0849596827943984, 0.10742495387435, -0.0224652710799512, 26.5423636363637, 26.677032967033, 26.677032967033, 26.677032967033
1/23/2017, 26.55, 26.7, 26.55, 26.7, 102054, 0, 0, 0, 0, 0, 0.0849390964173899, 0.102927782382958, -0.0179886859655677, 26.56, 26.6808571428572, 26.6808571428572, 26.6808571428572
1/24/2017, 26.76, 26.77, 26.69, 26.74, 97664, 0, 0, 0, 0, 0, 0.0871458837696792, 0.099771402660302, -0.0126255188906227, 26.5887272727273, 26.6935833333333, 26.6935833333333, 26.6935833333333
1/25/2017, 26.7, 26.79, 26.67, 26.75, 91202, 0, 0, 0, 0, 0, 0.0886794535326452, 0.0975530128347706, -0.00887355930212545, 26.6327272727273, 26.7060294117647, 26.7060294117647, 26.7060294117647
1/26/2017, 26.78, 26.78, 26.64, 26.66, 358805, 0, 0, 0, 0, 0, 0.0816908890616617, 0.0943805880801488, -0.0126896990184872, 26.651090909091, 26.6966666666667, 26.6966666666667, 26.6966666666667
1/27/2017, 26.72, 26.72, 26.6, 26.64, 122799, 0, 0, 0, 0, 0, 0.0736891261392465, 0.0902422956919684, -0.0165531695527219, 26.6589090909091, 26.6849122807018, 26.6849122807018, 26.6849122807018
1/30/2017, 26.52, 26.59, 26.44, 26.56, 75687, 0, 0, 0, 0, 0, 0.0601984101614086, 0.0842335185858564, -0.0240351084244478, 26.6367272727273, 26.6596315789474, 26.6596315789474, 26.6596315789474
1/31/2017, 26.62, 26.8, 26.62, 26.8, 101476, 0, 0, 0, 0, 0, 0.0680880382681011, 0.0810044225223053, -0.0129163842542043, 26.7107272727274, 26.6831428571429, 26.6831428571429, 26.6831428571429
2/1/2017, 26.84, 26.92, 26.81, 26.87, 117731, 0, 0, 0, 0, 0, 0.079077484354336, 0.0806190348887115, -0.00154155053437545, 26.7961818181819, 26.7154112554113, 26.7154112554113, 26.7154112554113
2/2/2017, 26.84, 26.89, 26.77, 26.86, 161798, 0.584521593447505, 0, 0, 0, 0, 0.0859885605261219, 0.0816929400161936, 0.00429562050992834, 26.8209090909092, 26.7411067193676, 26.7411067193676, 26.7411067193676
2/3/2017, 26.94, 27, 26.9, 26.96, 257475, 0.579200204005934, 0, 0, 0, 0, 0.0984005027060029, 0.0850344525541554, 0.0133660501518474, 26.8663636363637, 26.779347826087, 26.779347826087, 26.779347826087
2/6/2017, 26.81, 26.88, 26.76, 26.88, 85455, 0.58908019438244, 0, 0, 0, 0, 0.100621819197862, 0.0881519258828967, 0.0124698933149651, 26.899090909091, 26.7996666666667, 26.7996666666667, 26.7996666666667
2/7/2017, 26.91, 27.04, 26.91, 27.03, 155316, 0.586117345310765, 0, 0, 0, 0, 0.11318129144421, 0.0931577989951594, 0.0200234924490507, 26.9818181818183, 26.8397846153846, 26.8397846153846, 26.8397846153846
2/8/2017, 27.18, 27.24, 27.16, 27.24, 171505, 0.591065134051486, 1.50708839491924, 0, 0, 0, 0.138483655267486, 0.102222970249625, 0.0362606850178609, 27.1232727272728, 26.9051282051282, 26.9051282051282, 26.9051282051282
2/9/2017, 27.34, 27.38, 27.3, 27.33, 145562, 0.585275650895878, 1.28416311764935, 0, 0, 0, 0.163908770453613, 0.114560130290422, 0.0493486401631908, 27.251090909091, 26.9748148148148, 26.9748148148148, 26.9748148148148
2/10/2017, 27.31, 27.39, 27.25, 27.37, 146998, 0.580774730070703, 0.967055454332197, 0, 0, 0, 0.185151709468919, 0.128678446126122, 0.056473263342797, 27.3521818181819, 27.0413546798029, 27.0413546798029, 27.0413546798029
2/13/2017, 27.38, 27.38, 27.21, 27.21, 442521, 0.586218821901263, 0.618043329158452, 0, 0, 0, 0.186921514002631, 0.140327059701423, 0.0465944543012072, 27.3421818181819, 27.0789655172414, 27.0789655172414, 27.0789655172414
2/14/2017, 27.22, 27.35, 27.17, 27.33, 2235498, 0.587393466400904, 0.932621192223802, 0, 0, 0, 0.195750602865193, 0.151411768334177, 0.0443388345310155, 27.386181818182, 27.127311827957, 27.127311827957, 27.127311827957
2/15/2017, 27.28, 27.46, 27.23, 27.46, 496190, 0.597261116711576, 1.07106992567577, 0, 0, 0, 0.210807574448506, 0.163290929557043, 0.0475166448914627, 27.460181818182, 27.1702580645161, 27.1861088709677, 27.1861088709677
2/16/2017, 27.38, 27.45, 27.36, 27.45, 134930, 0.585819699513839, 1.05296254175584, 0, 0, 0, 0.219404260738013, 0.174513595793237, 0.0448906649447763, 27.4965454545456, 27.2243225806451, 27.2372159090909, 27.2372159090909
2/17/2017, 27.41, 27.43, 27.36, 27.43, 62483, 0.573339891143717, 1.15411290297313, 0, 0, 0, 0.222043781212836, 0.184019632877157, 0.0380241483356791, 27.5138181818184, 27.2889032258064, 27.2804634581105, 27.2804634581105
2/21/2017, 27.34, 27.51, 27.34, 27.51, 138630, 0.573986824913433, 1.39029360926288, 0, 0, 0, 0.227963134505504, 0.192808333202826, 0.0351548013026781, 27.5170909090911, 27.3606236559139, 27.3281008403361, 27.3281008403361
2/22/2017, 27.52, 27.55, 27.43, 27.55, 78251, 0.566274362094378, 1.42430210622573, 0, 0, 0, 0.233193817176332, 0.200885429997527, 0.0323083871788044, 27.5298181818184, 27.4292903225806, 27.3751904761905, 27.3751904761905
2/23/2017, 27.7, 27.73, 27.65, 27.7, 91687, 0.567538474437369, 1.76163202579949, 0, 0, 0, 0.246600262947766, 0.210028396587575, 0.0365718663601906, 27.6080000000002, 27.5148817204301, 27.4335135135135, 27.4335135135135
2/24/2017, 27.61, 27.68, 27.59, 27.67, 520184, 0.559623236531238, 2.45072858584843, 0, 0, 0, 0.251900466752186, 0.218402810620497, 0.0334976561316889, 27.6687272727275, 27.5911827956989, 27.4830440967283, 27.4830440967283
2/27/2017, 27.54, 27.6, 27.52, 27.55, 53066, 0.561180987552755, 2.02542148166397, 0, 0, 0, 0.243609737918018, 0.223444196080001, 0.0201655418380161, 27.6774545454548, 27.6423010752688, 27.5156680161943, 27.5156680161943
2/28/2017, 27.49, 27.61, 27.49, 27.52, 61364, 0.555505428660047, 1.6497275176598, 0, 0, 0, 0.23194481090643, 0.225144319045287, 0.00680049186114315, 27.6340000000003, 27.681311827957, 27.5421538461538, 27.5421538461538
3/1/2017, 27.52, 27.65, 27.48, 27.61, 138952, 0.556795868413193, 1.73559007049584, 0, 0, 0, 0.227341864547988, 0.225583828145827, 0.00175803640216052, 27.6287272727275, 27.7279784946236, 27.5747317073171, 27.5747317073171
3/2/2017, 27.32, 27.32, 27.22, 27.26, 171923, 0.607280896204836, 0.830829217877645, 0, 0, 0, 0.193224549144105, 0.219111972345483, -0.0258874232013778, 27.513272727273, 27.7213548387096, 27.5713588850174, 27.5713588850174
3/3/2017, 27.19, 27.34, 27.18, 27.33, 434056, 0.60471106363032, 1.10400027414604, 0, 0, 0, 0.169876515147966, 0.209264880905979, -0.0393883657580139, 27.4309090909094, 27.704, 27.5743853820598, 27.5743853820598
3/6/2017, 27.26, 27.26, 27.17, 27.22, 142572, 0.606187204282359, 0.940298736700518, 0, 0, 0, 0.140873052442753, 0.195586515213334, -0.054713462770581, 27.3130909090912, 27.6697419354838, 27.5669978858351, 27.5669978858351
3/7/2017, 27.09, 27.15, 27.08, 27.09, 74888, 0.604481170747047, 0.850746781108258, 0, 0, 0, 0.106173780494874, 0.177703968269642, -0.0715301877747681, 27.1778181818185, 27.6276774193548, 27.5484848484849, 27.5484848484849
3/8/2017, 27.04, 27.04, 26.91, 26.91, 175597, 0.611543112960261, 0.189018628531115, 0, 0, 0, 0.0634188092480201, 0.154846936465318, -0.0914281272172977, 27.011272727273, 27.5629247311827, 27.5156425120773, 27.5156425120773
3/9/2017, 26.9, 26.96, 26.86, 26.91, 145854, 0.599546410675311, 0.0763174282713085, 0, 0, 0, 0.0291986031799993, 0.129717269808254, -0.100518666628255, 26.9096363636367, 27.4977419354838, 27.4850046253469, 27.4850046253469
3/10/2017, 26.97, 26.97, 26.87, 26.93, 191152, 0.58771274473483, 0.124892132701007, 0, 0, 0, 0.00365059440100168, 0.104503934726804, -0.100853340325802, 26.8520000000003, 27.428064516129, 27.4580319148936, 27.4580319148936
3/13/2017, 27.02, 27.06, 26.94, 27.06, 92465, 0.57966552124625, 0.171518945208565, 0, 0, 0, -0.00603688363839439, 0.082395771053764, -0.0884326546921584, 26.8556363636367, 27.3718064516129, 27.4432908163265, 27.4432908163265
3/14/2017, 26.85, 26.85, 26.79, 26.81, 41494, 0.6061716357582, -0.0928986280222295, 0, 0, 0, -0.0335010116334935, 0.0592164145163125, -0.092717426149806, 26.7936363636367, 27.2757849462365, 27.4096081632653, 27.4096081632653
3/15/2017, 26.84, 27.23, 26.84, 27.2, 66567, 0.644812076358216, 0.236885114924336, 0, 0, 0, -0.0235256018104693, 0.0426680112509562, -0.0661936130614254, 26.9230909090913, 27.2436344086021, 27.4083529411765, 27.4083529411765
3/16/2017, 27.41, 27.52, 27.41, 27.5, 272328, 0.664070692839866, 0.340264596381433, 1.21466647669973, 0, 0, 0.00848961217407052, 0.035832331435579, -0.0273427192615085, 27.1085454545458, 27.2516344086021, 27.4298868778281, 27.4298868778281
3/17/2017, 27.58, 27.64, 27.55, 27.59, 45737, 0.654180748475589, 0.339229842666685, 1.03909894424978, 0, 0, 0.0406554964961572, 0.0367969644476947, 0.00385853204846251, 27.3260000000004, 27.2663225806451, 27.4565892597968, 27.4565892597968
3/20/2017, 27.6, 27.68, 27.58, 27.62, 89765, 0.638899511510479, 0.326459669182196, 0.810671338518491, 0, 0, 0.067786539808381, 0.0429948795198319, 0.0247916602885491, 27.5176363636368, 27.2867741935483, 27.4836268343816, 27.4836268343816
3/21/2017, 27.65, 27.69, 27.44, 27.44, 111848, 0.656489951987006, 0.301884023896366, 0.603030446322694, 0, 0, 0.0739115846848115, 0.0491782205528279, 0.0247333641319837, 27.5992727272732, 27.2747956989247, 27.4958383838384, 27.4958383838384
3/22/2017, 27.45, 27.57, 27.45, 27.56, 143945, 0.644534835573196, 0.300675045230293, 0.784830723715573, 0, 0, 0.0874407613294821, 0.0568307287081587, 0.0306100326213234, 27.6672727272732, 27.2844301075268, 27.5156428571429, 27.5156428571429
3/23/2017, 27.54, 27.69, 27.54, 27.65, 71798, 0.637439821518171, 0.251407157825963, 0.832068905155922, 0, 0, 0.104223554867851, 0.0663092939400971, 0.0379142609277534, 27.7309090909095, 27.316064516129, 27.5403571428572, 27.5403571428572
3/24/2017, 27.52, 27.54, 27.46, 27.48, 100234, 0.643884661998855, 0.0515525575083513, 0.650638945162991, 0, 0, 0.102623480803974, 0.0735721313128724, 0.0290513494911014, 27.699454545455, 27.3294838709677, 27.5518269812462, 27.5518269812462
3/27/2017, 27.43, 27.54, 27.43, 27.52, 43878, 0.630786809089466, 0.124793647068067, 0.763900805524463, 0, 0, 0.103391246357301, 0.0795359543217582, 0.0238552920355429, 27.6778181818187, 27.3496774193548, 27.5651724137931, 27.5651724137931
3/28/2017, 27.5, 27.55, 27.48, 27.5, 69599, 0.612410557703091, 0.00258332845570054, 0.796354407628461, 0, 0, 0.101219082658538, 0.0838725799891142, 0.017346502669424, 27.5741818181823, 27.3556989247311, 27.5762881355932, 27.5762881355932
3/29/2017, 27.46, 27.55, 27.46, 27.54, 77630, 0.597284888162428, 0.00260113828680701, 0.815479626162851, 0, 0, 0.101554634374228, 0.0874089908661369, 0.014145643508091, 27.5247272727278, 27.3729247311827, 27.5892404371585, 27.5892404371585
3/30/2017, 27.45, 27.47, 27.37, 27.38, 191052, 0.6017810273555, -0.37672860419602, 0.69855806675986, 0, 0, 0.0878966804833965, 0.0875065287895888, 0.000390151693807655, 27.4614545454551, 27.3771612903225, 27.591099947118, 27.591099947118
3/31/2017, 27.35, 27.52, 27.35, 27.46, 43201, 0.600980564550033, -0.240340993871814, 1.05480489249013, 0, 0, 0.082576099167408, 0.0865204428651527, -0.00394434369774464, 27.4503636363642, 27.3913978494623, 27.5977726574501, 27.5977726574501
4/3/2017, 27.42, 27.5, 27.35, 27.49, 97478, 0.597591123587366, -0.0589272278335081, 1.04327945432388, 0, 0, 0.0798596767783266, 0.0851882896477875, -0.00532861286946086, 27.4627272727279, 27.4080430107526, 27.6058234126984, 27.6058234126984
4/4/2017, 27.49, 27.59, 27.46, 27.59, 64970, 0.589213156507643, 0.100198743010073, 0.948272818732363, 0, 0, 0.084798551809353, 0.0851103420801006, -0.000311790270747556, 27.4807272727279, 27.4423225806451, 27.6194326923077, 27.6194326923077
4/5/2017, 27.57, 27.69, 27.57, 27.6, 62527, 0.581288820240709, 0.00255865505133284, 0.916278843926081, 0, 0, 0.0884993963287108, 0.0857881529298226, 0.0027112433988882, 27.5180000000006, 27.4800215053763, 27.6328111888112, 27.6328111888112
4/6/2017, 27.68, 27.75, 27.68, 27.75, 29146, 0.576266409611221, 0.672172760500462, 1.05049374081327, 0, 0, 0.10235619022475, 0.0891017603888081, 0.0132544298359419, 27.6229090909097, 27.5464301075268, 27.6542695612845, 27.6542695612845
4/7/2017, 27.73, 27.83, 27.73, 27.79, 62000, 0.564657186879302, 0.631806264469743, 1.19367590072423, 0, 0, 0.115237083559542, 0.0943288250229549, 0.0209082585365871, 27.7021818181825, 27.6155913978494, 27.6768525021949, 27.6768525021949
4/10/2017, 27.69, 27.76, 27.63, 27.7, 99530, 0.56704808888834, 0.664033237046746, 1.11695820099258, 0, 0, 0.116836221259909, 0.0988303042703458, 0.0180059169895634, 27.7414545454552, 27.6645591397849, 27.6930051150895, 27.6930051150895
4/11/2017, 27.86, 27.94, 27.78, 27.94, 52521, 0.57701755401205, 1.14381898822932, 1.42049145436065, 0, 0, 0.135902939158942, 0.106244831248065, 0.0296581079108773, 27.8498181818188, 27.7410107526881, 27.7218592132505, 27.7218592132505
4/12/2017, 28.01, 28.1, 27.99, 28.1, 87443, 0.573515193457005, 1.6504123004891, 1.35095676862638, 0, 0, 0.162056032223326, 0.117407071443117, 0.0446489607802087, 27.9974545454552, 27.8410537634408, 27.7581368209256, 27.7581368209256
4/13/2017, 28.14, 28.18, 28.07, 28.08, 105749, 0.564814390645824, 1.620069289562, 1.25752989740198, 0, 0, 0.179104113316811, 0.129746479817856, 0.0493576334989548, 28.075636363637, 27.912064516129, 27.7914436619718, 27.7914436619718
4/17/2017, 28.26, 28.4, 28.26, 28.36, 60421, 0.5876935361378, 1.88454170645198, 1.50247218318161, 0, 0, 0.212755981828032, 0.146348380219891, 0.0664076016081406, 28.2283636363643, 28.0179784946236, 27.8382838660579, 27.8382838660579
4/18/2017, 28.19, 28.32, 28.17, 28.3, 50823, 0.593061457619244, 1.62506718349881, 1.34170119115277, 0, 0, 0.231910511495489, 0.163460806475011, 0.068449705020478, 28.3172727272734, 28.1023010752688, 27.879581636431, 27.879581636431
4/19/2017, 28.19, 28.19, 28.06, 28.09, 79208, 0.610340238095172, 1.73226601100919, 1.19621727569552, 0, 0, 0.227522630049812, 0.176273171189971, 0.051249458859841, 28.3094545454553, 28.1443440860214, 27.9077189189189, 27.9077189189189
4/20/2017, 28.22, 28.24, 28.17, 28.17, 101624, 0.604800654018058, 1.47710189797159, 1.13058916206141, 0, 0, 0.227873747093231, 0.186593286370623, 0.0412804607226078, 28.3040000000007, 28.1780860215053, 27.9386315789474, 27.9386315789474
4/21/2017, 28.08, 28.12, 28.04, 28.08, 112095, 0.599550309918244, 0.951051221253431, 0.846092527162908, 0, 0, 0.218372499795702, 0.192949129055639, 0.0254233707400635, 28.2663636363644, 28.1922795698924, 27.9633834586466, 27.9633834586466
4/24/2017, 28.19, 28.2, 28.13, 28.14, 248968, 0.589680315116527, 0.903839079330707, 0.8157838324108, 0, 0, 0.213226251915351, 0.197004553627581, 0.0162216982877701, 28.2394545454553, 28.2078709677419, 27.98997002997, 27.98997002997
4/25/2017, 28.31, 28.41, 28.31, 28.37, 128018, 0.60324017849877, 1.16361687728658, 0.978817853946235, 0, 0, 0.225111940876154, 0.202626031077296, 0.0224859097988581, 28.2549090909099, 28.253505376344, 28.0268386887374, 28.0268386887374
4/26/2017, 28.3, 28.32, 28.22, 28.22, 376898, 0.602701193154133, 1.23630532153399, 0.99626955545563, 0, 0, 0.219892900137456, 0.206079404889328, 0.0138134952481281, 28.2300000000008, 28.2549892473118, 28.0545316455696, 28.0545316455696
4/27/2017, 28.24, 28.29, 28.2, 28.27, 87640, 0.587471393253241, 1.13395522057195, 0.929721283245285, 0, 0, 0.217286610098441, 0.20832084593115, 0.00896576416729034, 28.2390909090917, 28.2797204301075, 28.0833703703704, 28.0833703703704
4/28/2017, 28.13, 28.15, 28.09, 28.12, 123438, 0.59308056447033, 0.733224238715514, 0.654558620802477, 0, 0, 0.200802632317469, 0.206817203208414, -0.00601457089094518, 28.1830909090917, 28.2985161290322, 28.1035953026197, 28.1035953026197
5/1/2017, 28.36, 28.36, 28.16, 28.19, 84447, 0.604595750239815, 1.15296835561131, 0.730126141259891, 0, 0, 0.19118353140853, 0.203690468848437, -0.0125069374399072, 28.2050909090917, 28.328193548387, 28.1262092271525, 28.1262092271525
5/2/2017, 28.37, 28.48, 28.37, 28.46, 91925, 0.619865653172782, 1.41983152707902, 0.978835657883919, 0, 0, 0.203006930623367, 0.203553761203423, -0.000546830580056279, 28.3176363636372, 28.3902580645161, 28.1605507745267, 28.1605507745267
5/3/2017, 28.39, 28.39, 28.32, 28.36, 55340, 0.615631440932034, 1.28181871413413, 0.808035058173513, 0, 0, 0.201979600314498, 0.203238929025638, -0.0012593287111401, 28.3449090909099, 28.4222150537634, 28.1886918767507, 28.1886918767507
5/4/2017, 28.24, 28.32, 28.22, 28.32, 71034, 0.61039344214657, 1.15722120072198, 0.733002528329764, 0, 0, 0.195682066878039, 0.201727556596118, -0.00604548971807967, 28.3596363636372, 28.4511612903225, 28.2137291381669, 28.2137291381669
5/5/2017, 28.24, 28.47, 28.22, 28.47, 85368, 0.620724452669875, 1.66295708911081, 0.729518583105105, 0, 0, 0.200483918836614, 0.201478829044218, -0.000994910207603505, 28.4000000000009, 28.5002365591397, 28.2445068163593, 28.2445068163593
5/8/2017, 28.54, 28.54, 28.42, 28.47, 113055, 0.610763045631744, 1.53903379602221, 0.758179673893812, 0, 0, 0.201961336538218, 0.201575330543018, 0.000386005995200667, 28.4310909090918, 28.5326881720429, 28.2739524555904, 28.2739524555904
5/9/2017, 28.44, 28.51, 28.42, 28.46, 33850, 0.596240432666162, 1.47402238226158, 0.868404804122019, 0, 0, 0.20001958303904, 0.201264181042222, -0.001244598003182, 28.4867272727282, 28.5601505376343, 28.3016853932584, 28.3016853932584
5/10/2017, 28.39, 28.49, 28.3, 28.48, 61071, 0.59938737984533, 1.35623104374085, 0.916195233597632, 0, 0, 0.197814282342655, 0.200574201302309, -0.00275991895965372, 28.5143636363646, 28.5827526881719, 28.3291161048689, 28.3291161048689
5/11/2017, 28.39, 28.47, 28.39, 28.47, 111684, 0.585424128875843, 1.323899638876, 0.823103205621152, 0, 0, 0.193034468038164, 0.19906625464948, -0.00603178661131618, 28.5343636363646, 28.6004301075268, 28.3549474969475, 28.3549474969475
5/12/2017, 28.39, 28.5, 28.39, 28.5, 106613, 0.57486574391721, 1.15777108133626, 1.26388245235186, 0, 0, 0.189482938676662, 0.197149591454916, -0.0076666527782546, 28.5238181818191, 28.6052473118279, 28.3757973137973, 28.3809866220736
5/15/2017, 28.66, 28.66, 28.61, 28.65, 185732, 0.571186388012512, 1.30191144711452, 1.33097779866489, 0, 0, 0.196506863664922, 0.197021045896917, -0.000514182231995342, 28.5583636363646, 28.6272043010752, 28.4082442002442, 28.4123562412343
5/16/2017, 28.62, 28.65, 28.61, 28.63, 415014, 0.549991809840396, 1.43068669448937, 1.43599260344619, 0, 0, 0.198175102745015, 0.197251857266537, 0.000923245478478163, 28.6149090909101, 28.640946236559, 28.4445225885226, 28.4416060398079
5/17/2017, 28.62, 28.62, 28.49, 28.49, 213065, 0.549629773251808, 0.866687335534777, 1.43203748388643, 0, 0, 0.186055630767939, 0.195012611966817, -0.00895698119887853, 28.5938181818192, 28.6362365591397, 28.4736068376069, 28.4638096304591
5/18/2017, 28.39, 28.5, 28.39, 28.47, 115773, 0.541833671512006, 0.598596162864535, 1.63551309369943, 0, 0, 0.172844584281417, 0.190579006429737, -0.0177344221483199, 28.5507272727283, 28.6238494623655, 28.4992967032967, 28.4842697368421
5/19/2017, 28.59, 28.62, 28.53, 28.61, 133199, 0.538437762899318, 0.837601379245287, 1.76756804300456, 0, 0, 0.171692401600737, 0.186801685463937, -0.0151092838632005, 28.5778181818192, 28.6336129032257, 28.530778998779, 28.5096305841925
5/22/2017, 28.7, 28.78, 28.7, 28.75, 84845, 0.538590232233809, 0.65912984466019, 1.87632002255455, 0, 0, 0.180001176975125, 0.185441583766175, -0.00544040679104979, 28.6456363636374, 28.658258064516, 28.5670915750916, 28.5396675783716
5/23/2017, 28.74, 28.74, 28.62, 28.63, 57070, 0.536508757173801, 0.552117788986862, 1.61010718695107, 0, 0, 0.174886956234545, 0.183330658259849, -0.00844370202530412, 28.6547272727283, 28.6554838709676, 28.5952112332113, 28.563716759431
5/24/2017, 28.66, 28.76, 28.62, 28.76, 77580, 0.531718825868971, 1.17870116908078, 2.08362095217036, 0, 0, 0.179257444757056, 0.18251601555929, -0.00325857080223441, 28.7034545454556, 28.6792043010751, 28.626547008547, 28.591995959596
5/25/2017, 28.8, 28.85, 28.78, 28.84, 171668, 0.519335012496257, 1.17577065484632, 1.88458154245303, 0, 0, 0.187020563174897, 0.183416925082412, 0.00360363809248565, 28.7625454545465, 28.7184516129031, 28.660336996337, 28.6223465346535
5/26/2017, 28.84, 28.84, 28.79, 28.82, 53384, 0.502385172532007, 1.32393040531667, 1.59046457877539, 1.93722727321906, 0, 0.189376048394863, 0.184608749744902, 0.00476729864996067, 28.8005454545465, 28.7490537634407, 28.6906105006105, 28.6507746068724
5/30/2017, 28.73, 28.85, 28.73, 28.84, 108381, 0.497739377210604, 1.25290649549269, 1.50851134595048, 1.75739578939747, 0, 0.190658824012839, 0.185818764598489, 0.00484005941434992, 28.858000000001, 28.7960860215052, 28.7148717948718, 28.6789091947458
5/31/2017, 28.99, 28.99, 28.9, 28.94, 31039, 0.49713418993836, 1.0810062672087, 1.58290865087882, 1.64009328602103, 0, 0.197468305491167, 0.188148672777025, 0.00931963271414227, 28.9356363636374, 28.8487096774192, 28.7426495726496, 28.7098244958924
6/1/2017, 29.13, 29.24, 29.13, 29.24, 43286, 0.518731541859621, 1.81056611896592, 2.11721866448377, 1.81815285696018, 0, 0.224484642199357, 0.195415866661491, 0.0290687755378657, 29.0720000000011, 28.9212688172042, 28.7861978021978, 28.7509835164835
6/2/2017, 29.4, 29.55, 29.37, 29.55, 70616, 0.540078672412066, 2.05466299642463, 2.23166618877153, 2.05218102352903, 0, 0.267822402957062, 0.209897173920606, 0.0579252290364566, 29.2705454545465, 29.0310752688171, 28.8423247863248, 28.8023270440251
6/5/2017, 29.43, 29.43, 29.34, 29.38, 48340, 0.55178211474771, 2.02007715254158, 1.90145400222914, 1.88310236801471, 0, 0.285163128303335, 0.224950364797151, 0.0602127635061834, 29.3794545454557, 29.1044086021504, 28.8891843711844, 28.8455669194145
6/6/2017, 29.52, 29.54, 29.48, 29.54, 110462, 0.548435700904649, 2.12737943468358, 2.3054427639965, 1.9872736212941, 0, 0.308262977183713, 0.241612887274464, 0.0666500899092489, 29.5296363636375, 29.1936559139784, 28.9391111111111, 28.8932035306334
6/7/2017, 29.61, 29.61, 29.5, 29.59, 58141, 0.538720887951577, 1.894313679133, 2.31288164123976, 2.08109933861315, 0, 0.326836784971086, 0.258657666813788, 0.0681791181572975, 29.6300000000011, 29.2955483870966, 28.9886691086691, 28.9410363574584
6/8/2017, 29.42, 29.42, 29.32, 29.38, 96689, 0.561392563674704, 1.63068054096515, 2.04315944927635, 1.9498257766301, 0, 0.320912141101125, 0.271108561671256, 0.0498035794298697, 29.6314545454557, 29.3529247311827, 29.0251086691087, 28.9796447039199
6/9/2017, 29.21, 29.33, 29.17, 29.28, 27080, 0.571005049341689, 1.51552754993504, 1.8751327374202, 1.8580752385165, 0, 0.304635999708974, 0.277814049278799, 0.0268219504301751, 29.5805454545466, 29.3934623655913, 29.0604444444445, 29.0133464373464
6/12/2017, 29.12, 29.26, 29.12, 29.22, 36191, 0.570947174965381, 1.19185439199485, 2.02593120432959, 1.85403008431109, 0, 0.283626076969153, 0.27897645481687, 0.00464962215228271, 29.4809090909102, 29.4098709677418, 29.0928962148962, 29.0437596525096
6/13/2017, 29.47, 29.56, 29.47, 29.54, 37482, 0.594073210218822, 1.54836808461338, 2.18309797689378, 2.25891814332161, 0, 0.289460170811523, 0.281073198015801, 0.00838697279572248, 29.4740000000012, 29.4644516129031, 29.137391941392, 29.0844058154235
6/14/2017, 29.66, 29.82, 29.53, 29.62, 73140, 0.61179866638659, 1.67898150486515, 2.22969628728376, 2.28207120871689, 0, 0.297114117032056, 0.284281381819052, 0.012832735213004, 29.4765454545466, 29.5384731182794, 29.1856434676435, 29.126497438286
6/15/2017, 29.4, 29.48, 29.39, 29.44, 39798, 0.623824819071069, 1.33247125451825, 1.89974568428677, 2.00229382674182, 0, 0.285365908321278, 0.284498287119497, 0.000867621201781243, 29.4398181818194, 29.575505376344, 29.2223003663004, 29.1609733028223
6/16/2017, 29.53, 29.6, 29.45, 29.6, 73664, 0.616457180397961, 1.54735651438603, 2.03350031422931, 2.07375076173381, 0, 0.285672970917435, 0.284733223879085, 0.000939747038350591, 29.5094545454557, 29.6232043010751, 29.2674090354091, 29.1998005997001
6/19/2017, 29.54, 29.55, 29.48, 29.52, 48223, 0.607546609511879, 1.38080461177482, 1.79957388148007, 2.00628999518761, 0, 0.276276248211662, 0.2830418287456, -0.00676558053393805, 29.5147272727285, 29.6624946236558, 29.3118046398047, 29.2346419098143
6/20/2017, 29.01, 29.01, 28.82, 28.83, 439777, 0.712384221892166, 0.196307830261275, 0.887796338012135, 1.44598781218926, 0, 0.21072296121185, 0.26857805523885, -0.057855094027, 29.3060000000012, 29.6074623655913, 29.3263687423688, 29.2450586701434
6/21/2017, 28.75, 28.78, 28.68, 28.73, 77988, 0.705225731336358, 0.116671295502189, 0.88191027933867, 1.39314192525552, 0, 0.148984939075682, 0.244659432006216, -0.0956744929305348, 29.1114545454558, 29.5367526881719, 29.3363516483517, 29.2517205526278
6/22/2017, 28.67, 28.7, 28.62, 28.67, 43911, 0.690550348734876, 0.197840121616849, 0.638709962747866, 1.41107054341846, 0, 0.0941305349624315, 0.214553652597459, -0.120423117635028, 28.9010909090921, 29.4580215053762, 29.33915995116, 29.2560966386555
6/23/2017, 28.68, 28.78, 28.68, 28.75, 72755, 0.673327811245824, 0.297197961732897, 0.572028977838715, 1.31200983764, 0, 0.0564624914553313, 0.182935420369034, -0.126472928913703, 28.7370909090921, 29.3875483870966, 29.3470622710623, 29.2628815426997
6/26/2017, 28.82, 28.85, 28.69, 28.7, 76542, 0.668650377862424, 0.107835532791961, 0.546719858459791, 1.23199209518726, 0, 0.0223184403719259, 0.150812024369612, -0.128493583997686, 28.5727272727285, 29.3109247311827, 29.3546275946276, 29.2677428532719
6/27/2017, 28.67, 28.67, 28.55, 28.58, 98252, 0.664127101204303, -0.153665056139817, 0.210516216846833, 1.15806424001143, 0, -0.0142595875751468, 0.11779770198066, -0.132057289555807, 28.459272727274, 29.2277849462364, 29.3558168498169, 29.2684846061576
6/28/2017, 28.61, 28.69, 28.56, 28.65, 81334, 0.652066838561887, 0.037586424822264, 0.322860950521578, 1.13605005926275, 0, -0.037171038672426, 0.0868039538500432, -0.123974992522469, 28.4383636363649, 29.1526451612902, 29.3587936507937, 29.2713611329662
6/29/2017, 28.61, 28.61, 28.38, 28.5, 106896, 0.670092251879233, -0.245288608040907, 0.379955886025616, 1.09083711785649, 0, -0.0666638161569324, 0.0561103998486481, -0.12277421600558, 28.3825454545467, 29.049010752688, 29.3560976800977, 29.2692851612903
6/30/2017, 28.48, 28.5, 28.38, 28.48, 85043, 0.658102096897129, -0.347528419046449, 0.292357308178384, 0.980540750135343, 0, -0.0906064330903007, 0.0267670332608583, -0.117373466351159, 28.4030909090922, 28.9414408602149, 29.3526910866911, 29.2665447619048
7/3/2017, 28.31, 28.34, 28.25, 28.28, 48472, 0.670283250836235, -0.522394678244232, 0.194751189061922, 0.710511898654686, 0, -0.124286757660997, -0.00344372492351268, -0.120843032737484, 28.3996363636377, 28.8177634408601, 29.3431941391941, 29.2575178102737
7/5/2017, 28.08, 28.18, 28.03, 28.16, 82640, 0.683871797477496, -0.660890811610091, 0.0378947273685837, 0.571778528227145, 0, -0.158830752607713, -0.0345211304603528, -0.12430962214736, 28.2843636363649, 28.690322580645, 29.3273601953602, 29.2449163385827
7/6/2017, 28.1, 28.13, 28.01, 28.03, 117075, 0.679448388373813, -0.893913451246239, -0.278866277024029, 0.459474193594189, 0, -0.194455469416589, -0.0665079982516, -0.127947471164989, 28.1407272727286, 28.5421935483869, 29.3028180708181, 29.2285574127907
7/7/2017, 28, 28.08, 27.93, 28.04, 79378, 0.671993274244368, -1.25126875278982, -0.139959459385388, 0.575431877137271, 0, -0.219352834786321, -0.0970769655585441, -0.122275869227777, 28.0267272727286, 28.4078709677418, 29.2776947496948, 29.2128634466309
7/10/2017, 28.05, 28.13, 28.05, 28.1, 64882, 0.653044727377988, -1.61356941988159, -0.130693404843167, 0.535236480278388, 0, -0.231573245434557, -0.123976221533747, -0.10759702390081, 27.9838181818195, 28.2911397849461, 29.2568131868132, 29.1993341162654
7/11/2017, 27.94, 28.04, 27.88, 28.04, 146618, 0.660949678935642, -1.5079648358462, -0.0518055221411827, 0.410283080125224, 0, -0.243294954683922, -0.147839968163782, -0.0954549865201401, 27.9456363636377, 28.1702365591397, 29.2251721611722, 29.1842748091603
7/12/2017, 28.01, 28.19, 28.01, 28.18, 71256, 0.656720282025821, -1.5279959426069, 0.0111698392516811, 0.506544070273799, 0, -0.238537946777484, -0.165979563886522, -0.0725583828909618, 27.9678181818195, 28.0734623655913, 29.2006349206349, 29.1737309182046
7/13/2017, 28.25, 28.34, 28.25, 28.33, 76393, 0.648819578895632, -1.38075962432573, -0.0973021706582476, 0.614534722559594, 0, -0.220126753155313, -0.17680900174028, -0.0433177514150325, 28.0776363636377, 28.0066451612902, 29.1795873015873, 29.1678498485019
7/14/2017, 28.51, 28.65, 28.48, 28.6, 181753, 0.666503697084181, -0.81124738754229, 0.230222431923306, 0.725547724963299, 0, -0.181655000281474, -0.177778201448519, -0.00387679883295466, 28.2681818181831, 27.9980215053762, 29.1666398046398, 29.1700199004975
7/17/2017, 28.57, 28.57, 28.5, 28.52, 279254, 0.652486165840716, -0.79352254136096, 0.195270820761402, 0.648299458322122, 0, -0.15582493748537, -0.173387548655889, 0.017562611170519, 28.4216363636377, 28.0040430107526, 29.1450891330892, 29.169720043573
7/18/2017, 28.71, 28.75, 28.65, 28.7, 159856, 0.656043908616319, -0.523635402767218, 0.219740397182404, 0.6628185598312, 0, -0.119452951676625, -0.162600629260036, 0.0431476775834118, 28.5950909090922, 28.0282150537633, 29.1302271062271, 29.1745953198798
7/19/2017, 28.76, 28.91, 28.76, 28.89, 68178, 0.655487613998752, -0.680055096069536, 0.379164000391873, 0.796064759130857, 0, -0.0744383992432596, -0.144968183256681, 0.0705297840134214, 28.7872727272741, 28.0915483870966, 29.1228034188034, 29.1847667407173
7/20/2017, 28.91, 28.98, 28.83, 28.94, 37641, 0.647553051485928, -0.712776861705954, 0.429953855689073, 0.907139679146784, 0, -0.0343336826730365, -0.122841283139952, 0.0885076004669156, 28.9309090909105, 28.1687526881719, 29.1190183150183, 29.1960494213325
7/21/2017, 28.86, 28.96, 28.85, 28.92, 74782, 0.634618812050575, -0.551300145099001, 0.395727695139952, 0.91440568945302, 0, -0.00411678299354179, -0.09909638311067, 0.0949796001171282, 29.0200000000014, 28.2336129032257, 29.1074261294262, 29.2064152106886
7/24/2017, 28.91, 29, 28.9, 28.99, 40055, 0.618679449543894, -0.656718371497518, 0.463024161477117, 0.899798478043382, 0, 0.0251883866470166, -0.0742394291591327, 0.0994278158061493, 29.0972727272741, 28.3036559139784, 29.1060146520147, 29.2184376899696
7/25/2017, 29.01, 29.03, 28.96, 28.99, 28755, 0.599818605731757, -0.570374278552554, 0.437311780408666, 1.15919379876405, 0, 0.0478612302497687, -0.0498192972773524, 0.0976805275271212, 29.1140000000014, 28.371569892473, 29.1099584859585, 29.2300998901209
7/26/2017, 28.95, 29.11, 28.9, 29.09, 34241, 0.603963709561892, 0.443432771011431, 0.394698167141392, 1.17457634252434, 0, 0.073056635006914, -0.0252441108204991, 0.0983007458274131, 29.1414545454559, 28.4749892473117, 29.119181929182, 29.2442007288486
7/27/2017, 29.26, 29.26, 29.07, 29.12, 54086, 0.605798045865305, 0.672362077254734, 0.437236020653674, 1.27220386540885, 0, 0.0943572326370763, -0.00132384212898406, 0.0956810747660604, 29.1596363636378, 28.5904516129031, 29.1292844932845, 29.2587266899767
7/28/2017, 29.15, 29.31, 29.13, 29.31, 72492, 0.604189598799652, 1.0626954654065, 0.715832048595088, 1.47993063789715, 0, 0.125127134112137, 0.0239663531192402, 0.101160780992897, 29.254363636365, 28.7212473118278, 29.1425934065935, 29.2780632183908
7/31/2017, 29.24, 29.31, 29.17, 29.3, 39041, 0.598066801494091, 0.916086648458765, 0.724845598240726, 1.61115556057059, 0, 0.147010935733771, 0.0485752696421464, 0.0984356660916248, 29.2909090909105, 28.8622795698924, 29.156761904762, 29.2966017949929
8/1/2017, 29.46, 29.52, 29.42, 29.42, 44955, 0.603235534316384, 1.19017012886357, 0.706074345211775, 1.68460338762946, 0, 0.172053675628394, 0.073270950839396, 0.0987827247889982, 29.362363636365, 29.0151397849461, 29.1769010989012, 29.3178920883422
8/2/2017, 29.41, 29.5, 29.41, 29.46, 48657, 0.587570602464651, 1.50215123328383, 0.622755840879868, 1.69600507102011, 0, 0.192904213430417, 0.0971976033576002, 0.0957066100728167, 29.446363636365, 29.1277204301074, 29.1937142857143, 29.3396957161243
8/3/2017, 29.46, 29.56, 29.46, 29.53, 35196, 0.573800828011452, 1.49887005110614, 0.78910262904633, 1.6542476334946, 0, 0.212625811840201, 0.12028324505412, 0.092342566786081, 29.5334545454559, 29.2384516129031, 29.2130256410257, 29.3627997460548
8/4/2017, 29.56, 29.61, 29.44, 29.51, 48948, 0.574284023335116, 1.81029849567531, 0.662400643100888, 1.84624895480411, 0, 0.224058678835441, 0.141038331810384, 0.0830203470250562, 29.5774545454559, 29.3374838709676, 29.2295457875458, 29.3847731543624
8/7/2017, 29.38, 29.44, 29.35, 29.44, 74442, 0.574040946066179, 1.70208674659117, 0.533384946786895, 1.57614898987378, 0, 0.224878632420477, 0.157806391932403, 0.0670722404880742, 29.5790909090923, 29.4275483870967, 29.2424224664225, 29.4043293598234
8/8/2017, 29.33, 29.39, 29.28, 29.3, 57929, 0.575248367903716, 1.90108472011499, 0.428806350425328, 1.28590545176819, 0, 0.211790235572057, 0.168603160660334, 0.0431870749117229, 29.5078181818196, 29.4920645161289, 29.244231990232, 29.4197037295225
8/9/2017, 29.33, 29.44, 29.3, 29.44, 26840, 0.567664345129074, 2.46874396457487, 0.526716616809055, 1.31319974716608, 0, 0.210290320826743, 0.176940592693616, 0.0333497281331278, 29.4880000000014, 29.5624731182795, 29.2525323565324, 29.4383152734778
8/10/2017, 29.27, 29.27, 29.1, 29.1, 47137, 0.60400125101615, 1.75483485169501, 0.151730724462833, 1.03299274193277, 0, 0.179596195931392, 0.177471713341171, 0.00212448259022108, 29.3376363636378, 29.5888602150537, 29.2451868131868, 29.4476428147017
8/11/2017, 29.07, 29.1, 28.99, 29.04, 269147, 0.593926122050326, 1.62279126942187, -0.146783698274763, 1.12801780418295, 0, 0.148715087299067, 0.17172038813275, -0.0230053008336834, 29.2056363636378, 29.5947311827956, 29.2362612942613, 29.4551579388354
8/14/2017, 29.2, 29.26, 29.15, 29.22, 109765, 0.598399515918015, 1.76920890248414, -0.260079110473857, 1.15975372561329, 0, 0.13718470204811, 0.164813250915822, -0.0276285488677123, 29.1485454545469, 29.6186236559139, 29.2343638583639, 29.467047146402
8/15/2017, 29.08, 29.11, 29.03, 29.09, 74454, 0.6036772829965, 1.62891321560802, -0.228451746890795, 1.00688164086056, 0, 0.11621719563157, 0.155094039858972, -0.0388768442274015, 29.0749090909105, 29.6079139784945, 29.2289304029305, 29.4753127551854
8/16/2017, 29.23, 29.36, 29.22, 29.35, 53978, 0.614409661132871, 1.73237473552733, -0.138750488087801, 1.29250208140906, 0, 0.119205990369249, 0.147916429961027, -0.0287104395917783, 29.1170909090924, 29.6169677419354, 29.2347692307693, 29.4899000241877
8/17/2017, 29.29, 29.29, 29.09, 29.09, 63621, 0.633594959660959, 1.05282155745445, -0.390605841834182, 1.07655017681334, 0, 0.0994484251025369, 0.138222828989329, -0.0387744038867922, 29.089454545456, 29.5766881720429, 29.2261001221002, 29.4975901600191
8/18/2017, 29.2, 29.24, 29.15, 29.22, 106884, 0.624904637498645, 0.897326838824152, -0.112189392247294, 1.17207876641576, 0, 0.0932059061602146, 0.129219444423506, -0.0360135382632916, 29.1267272727287, 29.5467311827956, 29.2274285714286, 29.5082963836478
8/21/2017, 29.2, 29.26, 29.16, 29.23, 38436, 0.610562019580051, 1.03891121356417, -0.0211321131173904, 1.15121140535552, 0, 0.0880505889699599, 0.120985673332797, -0.0329350843628371, 29.1692727272742, 29.5144301075268, 29.231811965812, 29.5189627329192
8/22/2017, 29.33, 29.36, 29.29, 29.33, 56155, 0.600217914787203, 0.936993762508123, 0.112145002287396, 1.33361949667552, 0, 0.0909853052571385, 0.114985599717665, -0.0240002944605267, 29.2298181818196, 29.4835268817203, 29.2392942612943, 29.5318058431102
8/23/2017, 29.22, 29.32, 29.22, 29.29, 63719, 0.589763464276996, 0.614151074381634, -0.194789224097408, 1.25240647230524, 0, 0.0890568316330551, 0.109799846100743, -0.0207430144676881, 29.3029090909105, 29.4485591397849, 29.2503345543346, 29.5433409073695
8/24/2017, 29.25, 29.28, 29.17, 29.17, 42882, 0.583149238095288, 0.352421933982981, -0.365952895726708, 1.14923291108711, 0, 0.0769583770086761, 0.10323155228233, -0.0262731752736537, 29.2747272727287, 29.4012043010752, 29.2541147741148, 29.5516586862187
8/25/2017, 29.15, 29.28, 29.08, 29.22, 50448, 0.587266944266858, 0.455673056803017, -0.171213263627342, 1.11443105059956, 0, 0.0705911162401911, 0.0967034650739021, -0.026112348833711, 29.2480000000015, 29.3727741935483, 29.2547765567766, 29.560955654102
8/28/2017, 29.3, 29.32, 29.26, 29.3, 28318, 0.573445157198079, 0.468734678533735, -0.241678653030244, 1.15850406221846, 0, 0.0711798308376395, 0.0915987382266496, -0.0204189073890101, 29.2750909090924, 29.3451612903225, 29.2598852258853, 29.5719262504564
8/29/2017, 29.23, 29.33, 29.23, 29.25, 55968, 0.562798152157556, 0.393864077432304, -0.21641204054331, 1.02668449847944, 0, 0.0668413043161245, 0.0866472514445445, -0.0198059471284201, 29.2545454545469, 29.3181720430107, 29.2599804639805, 29.5814212538778
8/30/2017, 29.21, 29.3, 29.21, 29.3, 34962, 0.549104220241573, 0.321710243221627, 0.535349063413754, 1.03167167389273, 0, 0.0666690535734418, 0.082651611870324, -0.0159825582968822, 29.2945454545469, 29.3066451612903, 29.2627374847375, 29.5918541488451
8/31/2017, 29.45, 29.6, 29.41, 29.58, 50991, 0.567421094334827, 0.641864854609982, 0.922457538582226, 1.25994904552506, 0, 0.0881105203297636, 0.0837433935622119, 0.0043671267675517, 29.3820000000015, 29.3313333333333, 29.2819951159951, 29.6086277824739
9/1/2017, 29.59, 29.59, 29.46, 29.58, 56670, 0.56102434658225, 0.391430985069937, 0.990679385218737, 1.10990919985451, 0, 0.103905281801758, 0.0877757712101212, 0.0161295105916369, 29.4687272727287, 29.3505591397849, 29.297032967033, 29.6250059171597
9/5/2017, 29.45, 29.5, 29.3, 29.32, 86911, 0.585448334355655, 0.0393667092406719, 0.606036521376422, 0.825450674151693, 0, 0.0943552484045824, 0.0890916666490134, 0.005263581755569, 29.4480000000014, 29.3372043010752, 29.3008205128205, 29.6349349845201
9/6/2017, 29.44, 29.54, 29.37, 29.49, 34611, 0.590270529167257, 0.104085824048513, 0.823640966288482, 0.94329489612392, 0, 0.099359008581672, 0.0911451350355452, 0.00821387354612686, 29.5010909090923, 29.3432903225806, 29.3079365079365, 29.6485543315653
9/7/2017, 29.65, 29.76, 29.65, 29.73, 43691, 0.601638883615382, 0.348418807960032, 1.17310794436219, 0.914041613326623, 0, 0.121292336257948, 0.0971745752800257, 0.0241177609779224, 29.6203636363651, 29.3832688172042, 29.3260952380953, 29.6673820405969
9/8/2017, 29.9, 29.95, 29.87, 29.9, 116397, 0.605096582253881, 0.463584771442117, 1.25745046721968, 1.05762709535667, 0, 0.150655572058355, 0.107870774635692, 0.0427847974226633, 29.7503636363651, 29.4426881720429, 29.3565567765568, 29.6896790910903
9/11/2017, 29.93, 29.96, 29.91, 29.94, 67347, 0.584093801567184, 0.536661353655221, 1.47195187352971, 1.2356999346089, 0, 0.175134966807306, 0.121323613070014, 0.0538113537372916, 29.8643636363651, 29.514817204301, 29.3854896214897, 29.7123934318555
9/12/2017, 29.89, 29.89, 29.82, 29.82, 34922, 0.577242790005883, 0.473774821972241, 1.36145859174996, 1.10250905794227, 0, 0.182745490137023, 0.133607988483416, 0.0491375016536069, 29.9136363636378, 29.5669892473118, 29.4071306471307, 29.7318883116883
9/13/2017, 29.79, 29.82, 29.65, 29.66, 46887, 0.579996999260845, 0.449944229626972, 1.42435582524033, 1.05751858788566, 0, 0.173862048413728, 0.141658800469479, 0.0322032479442493, 29.8692727272742, 29.603505376344, 29.4240122100122, 29.747343990755
9/14/2017, 29.57, 29.69, 29.57, 29.69, 25718, 0.570649223582783, 0.319318150662776, 1.59891254676065, 1.03675395827318, 0, 0.167313915457715, 0.146789823467126, 0.0205240919905891, 29.8229090909105, 29.6449462365591, 29.4413333333334, 29.7631200406272
9/15/2017, 29.74, 29.79, 29.7, 29.75, 80314, 0.557830140361821, 0.899807713884591, 1.82380958915941, 0.930213999767595, 0, 0.165063225358757, 0.150444503845452, 0.0146187215133052, 29.8320000000015, 29.6971827956988, 29.4601611721612, 29.7798769694307
9/18/2017, 29.77, 29.81, 29.67, 29.71, 34403, 0.55421320572117, 0.931428209292831, 1.76756991325337, 1.01075896074613, 0, 0.158227918581979, 0.152001186792757, 0.00622673178922112, 29.8180000000014, 29.7415913978494, 29.47673992674, 29.795374301676
9/19/2017, 29.67, 29.68, 29.59, 29.64, 34214, 0.547988887478987, 0.59665918921527, 1.62336141822079, 0.930667147778612, 0, 0.145485408502374, 0.150698031134681, -0.00521262263230679, 29.7207272727287, 29.7711612903225, 29.4891355311356, 29.8089821976673
9/20/2017, 29.7, 29.7, 29.44, 29.55, 33234, 0.566168226518893, 0.661344321356962, 1.59149431240138, 0.977822411880938, 0, 0.126664519881572, 0.145891328884059, -0.0192268090024868, 29.6089090909106, 29.7786881720429, 29.4974065934066, 29.8203090279886
9/21/2017, 29.43, 29.43, 29.36, 29.4, 93876, 0.572916923093593, 0.0848545089021629, 1.27778406541769, 0.828642797374658, 0, 0.0985095271458256, 0.136414968536412, -0.0379054413905868, 29.4900000000015, 29.7749032258064, 29.501684981685, 29.8281030444965
9/22/2017, 29.43, 29.53, 29.43, 29.5, 640085, 0.564459988542511, 0.659722816646993, 1.22801002056541, 0.720685416848289, 0, 0.0833053644366686, 0.125793047716464, -0.0424876832797951, 29.4576363636378, 29.7613978494623, 29.5093406593407, 29.837870634355
9/25/2017, 29.33, 29.34, 29.21, 29.3, 50241, 0.589385364467709, 0.133550871756126, 0.747896880329394, 0.653090835093848, 0, 0.0544895063091353, 0.111532339434998, -0.0570428331258627, 29.3860000000015, 29.7159354838709, 29.5045054945055, 29.8430951821387
9/26/2017, 29.14, 29.14, 29.02, 29.1, 85957, 0.611874282472807, -0.17919823928547, 0.614274209023922, 0.544167514039425, 0, 0.0153376002968599, 0.0922933916073704, -0.0769557913105104, 29.2561818181833, 29.6554193548386, 29.4898901098901, 29.8438866608544
9/27/2017, 28.87, 28.95, 28.84, 28.92, 55992, 0.629850087792557, -0.580240438612048, 0.242912895258866, 0.324435479111898, 0, -0.0298707317674207, 0.0678605669324122, -0.0977312986998329, 29.071454545456, 29.5641720430107, 29.4700561660562, 29.8407785636249
9/28/2017, 28.84, 28.96, 28.84, 28.92, 98271, 0.619104471369734, -0.523060140451083, 0.0478925834493142, 0.324435479111898, 0, -0.0649499579514874, 0.0412984619556323, -0.10624841990712, 28.9330909090924, 29.4913548387096, 29.4531062271063, 29.8376840368643
9/29/2017, 29.09, 29.19, 29.01, 29.17, 196826, 0.629388969709019, 0.0125287471597087, 0.248593567919972, 0.489186785645878, 0, -0.0717504917657656, 0.0186886712113527, -0.0904391629771183, 28.9350909090924, 29.4356989247311, 29.4442930402931, 29.8398801080716
10/2/2017, 29.08, 29.13, 29.06, 29.09, 228749, 0.618470692131024, -0.164714272228221, 0.18799364978466, 0.423882453564521, 0, -0.0826426422839006, -0.00157759148769798, -0.0810650507962026, 28.9330909090924, 29.3780430107526, 29.4344761904762, 29.8403130047341
10/3/2017, 29.12, 29.21, 29.12, 29.19, 57802, 0.60608930498071, -0.136402626832865, 0.217115569304841, 0.494021699536817, 0, -0.0822573739743575, -0.0177135479850299, -0.0645438259893276, 28.985454545456, 29.3345806451612, 29.4305665445666, 29.8427842380821
10/4/2017, 29.12, 29.17, 29.1, 29.13, 93289, 0.592418794087455, -0.150087913395924, 0.157036332292325, 0.435507578735147, 0, -0.0858044443988, -0.0313317272677839, -0.0544727171310161, 29.0236363636378, 29.2904301075268, 29.4233333333334, 29.8439217931937
10/5/2017, 29.1, 29.14, 29.07, 29.13, 50334, 0.574812959086138, -0.218359783633122, 0.0572185284827849, 0.338652049920685, 0, -0.0876056597524375, -0.0425865137647146, -0.0450191459877229, 29.0547272727287, 29.2449032258064, 29.4163174603175, 29.8449973013817
10/6/2017, 28.98, 29.06, 28.92, 29.06, 53122, 0.583519835625266, -0.752662512385033, -0.0428293660173873, 0.306326710189583, 0, -0.0936025588499874, -0.0527897227817692, -0.0408128360682182, 29.0963636363651, 29.1835268817204, 29.4082515262516, 29.8445729394797
10/9/2017, 29.11, 29.14, 29.04, 29.07, 45605, 0.571353013488363, -0.737421771817247, -0.226901253075341, 0.406335897938354, 0, -0.0964365674437886, -0.0615190917141731, -0.0349174757296155, 29.125454545456, 29.1274623655913, 29.4072014652015, 29.8443203806503
10/10/2017, 29.23, 29.34, 29.19, 29.32, 58145, 0.584200903717646, 0.0116820544321546, 0.0370081964722554, 0.574632764822466, 0, -0.0776149323825983, -0.0647382598478581, -0.0128766725347402, 29.213454545456, 29.1094193548386, 29.4240927960928, 29.8491214024071
10/11/2017, 29.31, 29.38, 29.3, 29.36, 84485, 0.567858718397524, -0.183385462519438, -0.041689998657382, 0.51028398393193, 0, -0.0587932532619213, -0.0635492585306708, 0.00475600526874946, 29.2672727272742, 29.0929892473117, 29.4391233211233, 29.854607893919
10/12/2017, 29.41, 29.51, 29.4, 29.45, 34269, 0.563284053431027, -0.432792751413248, 0.00757874949923709, 0.477268422862898, 0, -0.0361974277028487, -0.0580788923651064, 0.0218814646622576, 29.3281818181833, 29.0906021505375, 29.4616581196581, 29.8617720350715
10/13/2017, 29.57, 29.61, 29.56, 29.57, 72020, 0.560002692082061, -0.519865824587695, 0.056255896218619, 0.632356377833933, 0, -0.00850898969841651, -0.0481649118317684, 0.0396559221333519, 29.4516363636379, 29.1211397849461, 29.4906153846154, 29.8711776051977
10/16/2017, 29.61, 29.65, 29.57, 29.58, 65747, 0.545345355802002, -0.569325977230101, 0.0853920307478605, 0.555329050236904, 0, 0.0140789203016212, -0.0357161454050905, 0.0497950657067117, 29.5407272727288, 29.1530107526881, 29.5153577533578, 29.8805798994975
10/17/2017, 29.53, 29.6, 29.51, 29.58, 25583, 0.533291069756324, -0.382911557587331, 0.153810539023993, 0.503576155979759, 0, 0.0316155572497792, -0.0222498048741166, 0.0538653621238957, 29.6230909090924, 29.1675483870966, 29.5377313797314, 29.8897805970149
10/18/2017, 29.67, 29.78, 29.67, 29.78, 37151, 0.536803638388935, 0.202787736845922, 0.481395229626126, 0.639308415812885, 1.25093705895215, 0.0609492123259763, -0.00561000143409799, 0.0665592137600743, 29.7412727272742, 29.2171182795698, 29.5672942612943, 29.9027348406483
10/19/2017, 29.63, 29.69, 29.6, 29.69, 82447, 0.541822557550062, 0.0105938588816419, 0.259778971754762, 0.568760274008259, 1.12070058234616, 0.0760573556212734, 0.0107234699769763, 0.0653338856442971, 29.7929090909106, 29.2693978494622, 29.5996239316239, 29.9136594644686
10/20/2017, 29.57, 29.58, 29.44, 29.48, 120088, 0.560799733615274, -0.399621667962109, 0.402395313878255, 0.369373783030232, 0.950410568059117, 0.0702753327828738, 0.0226338425381558, 0.047641490244718, 29.727454545456, 29.3066236559138, 29.624442002442, 29.9202521008404
10/23/2017, 29.32, 29.39, 29.23, 29.25, 289731, 0.57968401161126, -0.656283452025732, 0.226006504196092, 0.0332503673243917, 0.863373400809596, 0.0465968210686505, 0.0274264382442547, 0.0191703828243958, 29.5616363636378, 29.3200430107526, 29.6353089133089, 29.922218555715
10/24/2017, 29.21, 29.27, 29.17, 29.24, 48944, 0.567988012060461, -0.571675866823342, 0.0371200644335937, -0.174324586710915, 0.88260552890161, 0.026716541850174, 0.0272844589654386, -0.000567917115264563, 29.4325454545469, 29.3286451612902, 29.6494334554335, 29.9239213829032
10/25/2017, 29.09, 29.09, 28.94, 29.03, 49414, 0.595162624836909, -0.725196948378796, -0.0427311801500459, -0.200855791587021, 0.792544691057357, -0.00591577425376144, 0.0206444123215986, -0.02656018657536, 29.2432727272742, 29.3036774193547, 29.6528644688645, 29.9215111861545
10/26/2017, 29.13, 29.13, 29.02, 29.05, 64419, 0.583948104959198, -0.493691491378612, -0.292429452896738, -0.292684168757892, 0.799319502406031, -0.0298195458536696, 0.0105516206865449, -0.0403711665402146, 29.0969090909106, 29.2873118279569, 29.6421953601953, 29.9194895020439
10/27/2017, 29.05, 29.14, 29.01, 29.1, 60222, 0.576134289574277, -0.569883716653231, 0.0267554426098701, -0.292134039596337, 0.842447737163661, -0.0442191441629589, -0.000402532283355829, -0.0438166118796031, 29.0136363636379, 29.2854193548386, 29.6313284493284, 29.9184210526316
10/30/2017, 29.02, 29.09, 29.02, 29.07, 59318, 0.561652302555242, -0.337413948541157, -0.145877248564536, -0.178003815034832, 0.850926720072469, -0.0573901212524248, -0.0118000500771696, -0.0455900711752552, 28.9476363636378, 29.2812473118278, 29.6175457875458, 29.9167655502393
10/31/2017, 29.18, 29.3, 29.16, 29.22, 300267, 0.570187228388667, 0.196598025686624, 0.00549549984102699, -0.0132108101482377, 0.892403826531772, -0.0550894324051114, -0.020457926542758, -0.0346315058623534, 28.9612727272742, 29.295569892473, 29.6118046398046, 29.9179399684045
11/1/2017, 29.23, 29.33, 29.21, 29.25, 78253, 0.561635120439008, 0.545363800555685, -0.0691504435176562, 0.0458190664754094, 0.921275983662816, -0.0502659362152791, -0.0264195284772622, -0.0238464077380169, 29.0449090909106, 29.3104086021504, 29.6059194139194, 29.91962577126
11/2/2017, 29.31, 29.41, 29.3, 29.39, 73046, 0.558231912528035, 0.756293761611154, 0.121426159861096, -0.0738450391879793, 1.06390902211025, -0.0347459214088275, -0.0280848070635753, -0.00666111434525222, 29.1878181818197, 29.334946236559, 29.6030842490842, 29.9238732394366
11/3/2017, 29.48, 29.48, 29.37, 29.41, 45603, 0.548660799515097, 0.418987497075988, 0.27120718702867, -0.113632957955918, 1.05578702120415, -0.0205949591370036, -0.0265868374782609, 0.00599187834125733, 29.3120000000015, 29.3687526881719, 29.6020854700855, 29.9283910315476
11/6/2017, 29.26, 29.46, 29.26, 29.43, 60827, 0.55485247733782, 0.59713394447833, 0.239258463387258, 0.0187526874943845, 0.992692411505075, -0.0076778808996778, -0.0228050461625443, 0.0151271652628665, 29.4009090909106, 29.3923440860214, 29.5980708180708, 29.9331736579005
11/7/2017, 29.47, 29.5, 29.44, 29.49, 40684, 0.537905832066784, 0.530821967295342, 0.217799760265443, -0.0484230612217365, 0.997928838661278, 0.00731615909707983, -0.0167808051106195, 0.0240969642076993, 29.4987272727288, 29.4093763440859, 29.5955531135531, 29.9389547803618
11/8/2017, 29.62, 29.72, 29.6, 29.68, 54458, 0.5464858773001, 0.931315015300428, 0.464341641053721, 0.131860879021816, 1.05457463009584, 0.0341369464552557, -0.00659725479744445, 0.0407342012527001, 29.6065454545469, 29.4359999999999, 29.5961562881563, 29.9481046253627
11/9/2017, 29.6, 29.69, 29.53, 29.68, 40216, 0.546115761332669, 0.931315015300428, 0.412245758484299, 0.667909188237182, 1.08948288098867, 0.0547613588133089, 0.00567446792470622, 0.0490868908886027, 29.6829090909106, 29.4577204301074, 29.5930671550671, 29.957075635226
11/10/2017, 29.7, 29.75, 29.66, 29.73, 50701, 0.533073663186544, 1.14622506572924, 0.177707190020116, 0.7847875387681, 1.11367092819668, 0.0742846293637704, 0.0193965002125191, 0.0548881291512514, 29.7521818181833, 29.4975483870966, 29.5881611721612, 29.9667827070504
11/13/2017, 29.46, 29.56, 29.45, 29.52, 47471, 0.55744803544069, 0.724081574047669, -0.0474387718147762, 0.665940348135462, 1.068654697642, 0.0719819538193853, 0.0299135909338923, 0.042068362885493, 29.7085454545469, 29.5017849462364, 29.5730525030525, 29.972494396015
11/14/2017, 29.51, 29.59, 29.51, 29.56, 33152, 0.542390822256383, 0.418250809715448, 0.280272113569165, 0.635130281492648, 0.999850977804751, 0.0725484393180125, 0.0384405606107164, 0.0341078787072961, 29.6841818181833, 29.5149892473117, 29.5599413919414, 29.9788066639243
11/15/2017, 29.42, 29.5, 29.4, 29.49, 61075, 0.543622213313115, 0.229741331756787, 0.0151713573402273, 0.620825408051089, 0.949999362636498, 0.0665814585625988, 0.0440687402010928, 0.0225127183615059, 29.6230909090924, 29.5129247311827, 29.5413675213675, 29.9837299743182
11/16/2017, 29.6, 29.72, 29.6, 29.68, 116061, 0.551881675103557, 0.383507939341775, -0.0412603682932548, 0.851324054784531, 1.01426190122644, 0.0763044057364155, 0.0505158733081574, 0.0257885324282581, 29.6425454545469, 29.5326451612902, 29.5331477411477, 29.9919456227528
11/17/2017, 29.57, 29.61, 29.54, 29.59, 42595, 0.549538888517063, 0.0429810753301904, -0.338423579349778, 0.729835382826066, 0.947170430006731, 0.0758730463342943, 0.0555873079133848, 0.0202857384209095, 29.6190909090924, 29.5327311827956, 29.5232283272283, 29.9983988629084
11/20/2017, 29.62, 29.66, 29.59, 29.59, 49001, 0.533890264469716, 0.0266771861384937, -0.384284142619307, 0.850859723562164, 0.977673603068652, 0.0746704365880824, 0.0594039336483243, 0.0152665029397581, 29.5898181818197, 29.5300645161289, 29.5183858363858, 30.0047214285715
11/21/2017, 29.79, 29.87, 29.78, 29.81, 65955, 0.550416715175309, 0.363573276986752, 0.00396396934961909, 1.01857895045505, 0.993883577600523, 0.0904271333785047, 0.0656085735943604, 0.0248185597841444, 29.6398181818197, 29.5686236559138, 29.5206568986569, 30.014801179941
11/22/2017, 29.83, 29.89, 29.77, 29.85, 58917, 0.542295683933239, 0.122301363913323, 0.229860243208103, 1.21733035867425, 0.935105762391694, 0.104932498289763, 0.0734733585334409, 0.0314591397563221, 29.7241818181833, 29.6117634408601, 29.5277313797314, 30.0253990097852
11/24/2017, 30.04, 30.07, 30.04, 30.05, 32381, 0.548357732350642, 0.566286285581755, 0.41178309994057, 1.45440875478374, 0.965943289923059, 0.13105570443631, 0.0849898277140148, 0.0460658767222953, 29.8683636363651, 29.6831182795698, 29.5469279609279, 30.0393055877579
11/27/2017, 30.08, 30.08, 29.94, 29.94, 48442, 0.54623387990247, 0.756730378123307, 0.223466685873434, 1.47876994138098, 0.913704154255832, 0.141254162762678, 0.0962426947237474, 0.0450114680389306, 29.9643636363651, 29.7446451612902, 29.5615775335775, 30.0510530146327
11/28/2017, 29.97, 30.03, 29.89, 29.98, 67378, 0.541578727353768, 1.31524137852003, 0.31126563738352, 1.50027057291138, 0.988591799405658, 0.15082555703248, 0.107159267185494, 0.043666289846986, 30.0207272727288, 29.8095268817203, 29.5767985347985, 30.0632865008544
11/29/2017, 29.86, 29.86, 29.73, 29.76, 195089, 0.560305905032347, 0.868261964443697, 0.144487732212838, 1.27213864623053, 0.867989484748387, 0.139055845340362, 0.113538582816468, 0.0255172625238945, 29.9840000000015, 29.8439139784945, 29.5831819291819, 30.0715042348955
11/30/2017, 29.98, 30.04, 29.88, 30, 110338, 0.574698951569151, 1.64473273990013, 0.485844298365966, 1.47753876555854, 0.897250496684168, 0.147395178398213, 0.120309901932817, 0.0270852764653964, 30.0052727272742, 29.9209247311827, 29.599492063492, 30.0836979399911
12/1/2017, 29.91, 30.01, 29.85, 30.01, 133055, 0.572439857371569, 1.62590807512716, 0.663515047334692, 1.38325935563963, 0.904180762536073, 0.153046847564354, 0.126857291059124, 0.0261895565052302, 30.0401818181833, 29.9917849462364, 29.6177216117216, 30.0958509693651
12/4/2017, 29.96, 30, 29.79, 29.79, 61761, 0.58475911761446, 1.0848830938408, 0.31748655240397, 1.09957914199197, 0.834354610792168, 0.138180812323419, 0.129121995311983, 0.00905881701143613, 29.9630909090924, 30.0186666666666, 29.6263272283272, 30.1040409376032
12/5/2017, 29.88, 30, 29.83, 29.88, 56917, 0.588988467471487, 1.27085580743386, 0.632230310658614, 0.9772522603922, 0.835337092544022, 0.132138410783391, 0.129725278406265, 0.00241313237712595, 29.9061818181833, 30.039634408602, 29.6425982905982, 30.1136090198218
12/6/2017, 29.9, 29.92, 29.82, 29.87, 92941, 0.576465572067145, 1.03612254500632, 0.858887575966904, 1.03336675558589, 0.817851941171421, 0.125100763869881, 0.128800375498988, -0.00369961162910709, 29.8740000000015, 30.0546021505375, 29.6577924297924, 30.1228377208799
12/7/2017, 29.73, 29.94, 29.73, 29.88, 44117, 0.582599575159416, 1.00359560290232, 1.09596160250155, 0.910324668328572, 0.769666711213579, 0.118959009007501, 0.126832102200691, -0.00787309319318977, 29.8500000000015, 30.0527741935483, 29.6756727716727, 30.132070371165
12/8/2017, 29.97, 30.02, 29.92, 30.02, 52663, 0.574206247184384, 0.999744239435776, 1.24063821391444, 0.872017415919706, 0.825041537666439, 0.123959525750564, 0.126257586910665, -0.00229806116010114, 29.9127272727288, 30.0645591397848, 29.7002246642246, 30.1434872176719
12/11/2017, 29.98, 30.02, 29.97, 30, 58685, 0.554192932115048, 0.934720847385756, 0.967951451175859, 0.819107505447327, 0.862823844593645, 0.124869223760083, 0.125979914280549, -0.00111069052046597, 29.9481818181833, 30.07088172043, 29.7250476190476, 30.1543750219753
12/12/2017, 30.04, 30.09, 30.02, 30.08, 49843, 0.54004317038826, 1.02345754791522, 1.15646668387633, 0.892560036866407, 0.89950657647137, 0.1305407054056, 0.126892072505559, 0.00364863290004136, 30.0160000000015, 30.0795483870967, 29.7525787545787, 30.1664069037657
12/13/2017, 30.21, 30.38, 30.21, 30.32, 48170, 0.558452296735321, 1.2370203570466, 1.27812674076381, 1.00257491851987, 0.941362461581877, 0.152641829710142, 0.132042023946476, 0.0205998057636659, 30.1172727272743, 30.1221505376343, 29.7886275946275, 30.1822116182573
12/14/2017, 30.32, 30.34, 30.29, 30.29, 48671, 0.539308681253357, 0.933001617161808, 1.31714235149172, 0.980531356030907, 1.07340974103343, 0.165824854966292, 0.138798590150439, 0.0270262648158532, 30.2256363636379, 30.1558494623655, 29.8196092796092, 30.1972655258736
12/15/2017, 30.24, 30.31, 30.23, 30.26, 55068, 0.526069958936086, 0.885799263920828, 1.28232932354266, 0.885132401233903, 1.03821784450571, 0.171870531677335, 0.145412978455818, 0.026457553221517, 30.3098181818197, 30.1883655913978, 29.8516654456654, 30.2115824915825
12/18/2017, 30.53, 30.63, 30.51, 30.56, 182455, 0.555397025835591, 1.16617363462863, 1.62986338865691, 1.05702415616267, 1.16916683332849, 0.198580158369154, 0.156046414438485, 0.0425337439306686, 30.4400000000015, 30.2546666666666, 29.8886788766788, 30.2305747824327
12/19/2017, 30.58, 30.59, 30.42, 30.46, 62572, 0.557264821210074, 1.38489747015396, 1.50035851289374, 0.851796377758451, 1.18563182908845, 0.20926627434287, 0.166690386419362, 0.0425758879235075, 30.5116363636379, 30.302193548387, 29.9189181929181, 30.2476393442623
12/20/2017, 30.46, 30.46, 30.36, 30.38, 88087, 0.54725385554167, 1.19406688755298, 1.17267855329324, 0.801023866986678, 1.23047164994712, 0.208872020198708, 0.175126713175231, 0.0337453070234766, 30.5220000000016, 30.3369247311827, 29.9486202686202, 30.2631358885017
12/21/2017, 29.54, 29.6, 29.5, 29.57, 75465, 0.682931806722628, 0.0939724999178324, 0.19472177258672, 0.121779716052274, 0.901938261695229, 0.141567439086348, 0.168414858357455, -0.0268474192711067, 30.2267272727288, 30.2758064516128, 29.939177045177, 30.2652950857444
12/22/2017, 29.5, 29.56, 29.49, 29.56, 68808, 0.662536496906249, -0.0978095081194914, 0.111865525931734, 0.0901363913261044, 0.891856698581138, 0.0864249047209782, 0.152016867630159, -0.0655919629091812, 29.9729090909107, 30.214129032258, 29.9347228327228, 30.2672358626094
12/26/2017, 29.58, 29.67, 29.56, 29.61, 187397, 0.646921644921354, 0.0369722547022526, 0.0537209634447659, 0.0773999219997588, 0.864060017736319, 0.0462257691957326, 0.130858647943274, -0.0846328787475414, 29.7574545454561, 30.1629032258064, 29.9265225885225, 30.2699242129809
12/27/2017, 29.74, 29.8, 29.7, 29.79, 91538, 0.642752011104909, 0.207788839312529, 0.192805315334963, 0.202266309458634, 1.01200212807909, 0.028562904961472, 0.110399499346914, -0.0818365943854417, 29.6414545454561, 30.1212903225805, 29.9286984126983, 30.2754226506024
12/28/2017, 29.95, 29.98, 29.92, 29.94, 65326, 0.639285347036556, 0.141783277085793, 0.313148132375496, 0.338662171276972, 0.937676638389922, 0.0263647873424802, 0.093592556946027, -0.0672277696035468, 29.6410909090925, 30.099634408602, 29.9372356532356, 30.2832038247012
12/29/2017, 30.08, 30.13, 30, 30, 99181, 0.637773104192025, 0.160536685843543, 0.200543997128174, 0.465400599318894, 0.860509123956179, 0.0291284867880854, 0.0806997429144387, -0.0515712561263532, 29.6761818181834, 30.0784731182795, 29.9500976800976, 30.2918013659647
1/2/2018, 30.1, 30.17, 30.02, 30.16, 67973, 0.630853231746443, 0.122389499350433, 0.402976617333144, 0.475270565526841, 0.878983253270739, 0.043725362572669, 0.0733048668460847, -0.0295795042734157, 29.7763636363652, 30.0869892473117, 29.9685738705738, 30.3027787188657
1/3/2018, 30.25, 30.35, 30.18, 30.33, 64088, 0.627273550807751, 0.387119415971954, 0.718666767364769, 0.809965605596996, 0.920316608493389, 0.0682246200953749, 0.0722888174959428, -0.00406419740056789, 30.0007272727289, 30.1079784946236, 29.991177045177, 30.316250972581
1/4/2018, 30.36, 30.39, 30.32, 30.39, 128350, 0.606250294708757, 0.405213642142778, 0.979802483895601, 0.887032560257677, 1.00577553772387, 0.0914280313157789, 0.07611666025991, 0.0153113710558689, 30.2383636363652, 30.1318064516128, 30.0166642246641, 30.3304520611394
1/5/2018, 30.5, 30.61, 30.45, 30.59, 44970, 0.608131714069604, 0.813571646932161, 1.14226810761379, 0.893554121161541, 1.02489458114417, 0.124519843168621, 0.0857972968416521, 0.0387225463269684, 30.5329090909107, 30.1905161290321, 30.0518144078143, 30.3475523897059
1/8/2018, 30.62, 30.67, 30.57, 30.66, 65829, 0.592714014243957, 0.659920968496556, 1.40632755926796, 1.02493847750932, 1.01594851787217, 0.15461149241893, 0.0995601359571076, 0.055051356461822, 30.6781818181834, 30.2557419354838, 30.0879682539682, 30.365481821498
1/9/2018, 30.71, 30.79, 30.67, 30.75, 105692, 0.582568490825487, 0.735601688546738, 1.46187289319812, 0.921843487658571, 1.10692187043993, 0.183605103741314, 0.116369129513949, 0.0672359742273653, 30.7930909090925, 30.3404946236558, 30.1281343101342, 30.3845353361687
1/10/2018, 30.68, 30.68, 30.51, 30.58, 93153, 0.595758078425099, 0.798123244388263, 1.26076300646453, 0.995299906038283, 1.03633841646614, 0.190667276672059, 0.131228758945571, 0.059438517726488, 30.7943636363652, 30.3918279569891, 30.1660293040292, 30.4006857023136
1/11/2018, 30.56, 30.63, 30.52, 30.63, 90364, 0.583002544444256, 0.757978305806695, 1.32902571897737, 0.942888951536021, 1.05900332423254, 0.198016075672818, 0.14458622229102, 0.0534298533817978, 30.7960000000016, 30.4480430107526, 30.2053772893772, 30.4173611523611
1/12/2018, 30.61, 30.8, 30.61, 30.8, 64530, 0.581639595438675, 0.926649552532199, 1.33738893273462, 1.0392322920349, 1.09581596291459, 0.215078341833838, 0.158684646199584, 0.0563936956342539, 30.840545454547, 30.5069677419354, 30.2456092796092, 30.4363881520778
1/16/2018, 30.82, 30.92, 30.8, 30.8, 150443, 0.572038135147261, 0.916433360281929, 1.31126185489968, 0.974480059819678, 1.15563601145651, 0.225995178947642, 0.172146752749196, 0.0538484261984463, 30.8501818181834, 30.5751827956988, 30.2885347985347, 30.4551358544646
1/17/2018, 30.93, 31.2, 30.91, 31.08, 157138, 0.602890470862575, 1.02517010391443, 1.39705102070029, 1.16219775515747, 1.20745235572655, 0.254308995159906, 0.188579201231338, 0.0657297939285688, 30.9449090909107, 30.6744301075268, 30.3480732600732, 30.4778594026645
1/18/2018, 30.95, 30.98, 30.9, 30.94, 192397, 0.604426116441125, 0.902409302383496, 1.25768656412014, 1.15355046522349, 1.15136240419843, 0.26242598512496, 0.203348558010062, 0.0590774271148976, 30.9750909090925, 30.7343440860214, 30.4042808302807, 30.4981394745938
1/19/2018, 31.01, 31.09, 31, 31.05, 183435, 0.596325180050047, 0.926637435605613, 1.32539058801998, 1.18715669224902, 1.1506297289057, 0.27456976945513, 0.217592800299076, 0.0569769691560545, 31.0220000000016, 30.8067956989246, 30.4654236874236, 30.5197838765008
1/22/2018, 31.04, 31.22, 31, 31.19, 90709, 0.599233792835084, 0.839383017713796, 1.38114525557016, 1.21863573052392, 1.18845237877679, 0.292123221343953, 0.232498884508051, 0.0596243368359018, 31.1212727272743, 30.8887956989246, 30.5292063492063, 30.5432197474819
1/23/2018, 31.25, 31.37, 31.25, 31.37, 183564, 0.594695470149823, 1.02927242585301, 1.36754092297801, 1.35622669417323, 1.19128743152563, 0.316905860614749, 0.249380279729391, 0.0675255808853585, 31.2640000000016, 30.9857849462365, 30.5962979242978, 30.5690149531131
1/24/2018, 31.62, 31.67, 31.46, 31.53, 97903, 0.609667524696161, 1.2019628879887, 1.48537826648879, 1.41602214726876, 1.2239112179197, 0.345474528298542, 0.268599129443221, 0.0768753988553209, 31.4412727272743, 31.1027956989246, 30.6697973137972, 30.5968318519761
1/25/2018, 31.68, 31.68, 31.38, 31.43, 68867, 0.628752026757444, 0.843435543592371, 1.36040423359224, 1.18869204511473, 1.22460315397394, 0.355943147956229, 0.286067933145823, 0.0698752148104058, 31.5074545454561, 31.1960430107526, 30.7389108669108, 30.6227775620041
1/26/2018, 31.63, 31.77, 31.63, 31.71, 47848, 0.645650974170203, 1.184083588453, 1.7509070721942, 1.34281894073141, 1.22648196857524, 0.382424908110188, 0.305339328138696, 0.0770855799714925, 31.6340000000016, 31.3209247311827, 30.818144078144, 30.6525022717885
1/29/2018, 31.4, 31.4, 31.26, 31.3, 62476, 0.693287947967741, 0.822335929798451, 1.32939843757192, 1.24336737582168, 1.03518232687669, 0.366108054577133, 0.317493073426383, 0.0486149811507495, 31.5940000000016, 31.3992688172042, 30.8764346764346, 30.6757775044417
1/30/2018, 31.27, 31.3, 31.1, 31.13, 35580, 0.694343627780943, 2.06505341519805, 1.24940801188462, 1.032694171157, 0.988127641113115, 0.335590769848078, 0.321112612710722, 0.0144781571373562, 31.4680000000016, 31.4477204301074, 30.924078144078, 30.6915776957769
1/31/2018, 31.36, 31.43, 31.27, 31.38, 116443, 0.702172443472904, 2.34907693389368, 1.27902945417162, 1.03098496540345, 0.97282528400999, 0.327799839990863, 0.32245005816675, 0.00534978182411278, 31.4663636363653, 31.5204731182795, 30.9781587301586, 30.7128856088561
2/1/2018, 31.14, 31.2, 31.08, 31.15, 55072, 0.720143265244647, 1.87111159071268, 1.16624872069537, 0.783972540898677, 0.919724792061379, 0.299612646057248, 0.31788257574485, -0.0182699296876017, 31.3409090909107, 31.576817204301, 31.0229572649571, 30.7324854448544
2/2/2018, 30.8, 30.8, 30.47, 30.52, 91124, 0.809660536590832, 0.71700836351997, 0.648662422709713, 0.360585238562693, 0.776421876036602, 0.223857862820861, 0.299077633160052, -0.0752197703391915, 31.0083636363653, 31.5427526881719, 31.034564102564, 30.7425258985923
2/5/2018, 30.12, 30.17, 29.32, 29.34, 124577, 1.00461137007207, -0.364696493600386, -0.222036716253353, -0.1982682299165, 0.360044491947849, 0.0678236837858464, 0.252826843285211, -0.185003159499365, 30.3250909090926, 31.3532473118279, 30.9892527472526, 30.7344378843788
2/6/2018, 29.12, 29.86, 29.11, 29.79, 115310, 1.06584534132322, -0.102496792089067, 0.00145468419253725, 0.0974855157570029, 0.502778104712892, -0.0193008004585202, 0.198401314536465, -0.217702114994985, 29.9341818181835, 31.1735483870967, 30.9594358974358, 30.7330684706847
2/7/2018, 29.45, 29.7, 29.39, 29.39, 96032, 1.09438435121191, -0.439878330631417, -0.306054883852147, -0.104065646833263, 0.374389871494653, -0.119249603778652, 0.134871130873441, -0.254120734652093, 29.5232727272744, 30.9410107526881, 30.9114969474968, 30.7255648489818
2/8/2018, 29.41, 29.41, 28.71, 28.73, 90834, 1.18537272112816, -0.893516720610037, -0.563193574598498, -0.423433158485814, 0.129557959374945, -0.248847673573302, 0.0581273699840929, -0.306975043557394, 28.9810909090926, 30.6291612903225, 30.8399194139193, 30.7076107694411
2/9/2018, 28.91, 28.98, 28.31, 28.84, 124539, 1.23796707226461, -0.859666445607914, -0.526119304658115, -0.354476171359295, 0.199633181063493, -0.338773823143775, -0.0212528686414807, -0.317520954502294, 28.6801818181835, 30.348946236559, 30.7716947496946, 30.6907470274703
2/12/2018, 28.99, 29.15, 28.9, 29.15, 126830, 1.21673488322147, -0.778884900719126, -0.262009941570781, -0.179484726565709, 0.266808773836019, -0.380638768554899, -0.0931300486241644, -0.287508719930735, 28.5609090909108, 30.124193548387, 30.719426129426, 30.6784255842559
2/13/2018, 29.07, 29.19, 28.98, 29.18, 92266, 1.19069330889687, -0.801039795388741, -0.365666985832744, -0.126365845222956, 0.315657484698139, -0.406708013323673, -0.155845641564066, -0.250862371759607, 28.5352727272745, 29.9123440860214, 30.6671648351647, 30.6659789531229
2/14/2018, 29, 29.47, 29, 29.47, 87470, 1.19976956959383, -0.672445224007388, -0.224277869303177, 0.0697753630705362, 0.370630838789042, -0.399363883004924, -0.204549289852238, -0.194814593152686, 28.7661818181836, 29.7532473118279, 30.6275433455433, 30.655823698237
2/15/2018, 29.44, 29.6, 29.33, 29.6, 93085, 1.18038340388965, -0.506754652000736, -0.0564985653589712, 0.0828606136024876, 0.33271604793236, -0.37868840901724, -0.239377113685238, -0.139311295332002, 29.1001818181835, 29.6264301075268, 30.5917997557997, 30.6476331829985
2/16/2018, 29.64, 29.85, 29.64, 29.74, 65360, 1.1581163859239, -0.453998532849321, -0.0319415625921566, 0.233029627442592, 0.395470849620991, -0.347006047243216, -0.260902900396834, -0.0861031468463823, 29.4410909090927, 29.5260860215053, 30.5620024420024, 30.6427325406587
2/20/2018, 29.6, 29.68, 29.51, 29.56, 190454, 1.14581401392111, -0.647068837891753, -0.113449591258239, 0.24332094476852, 0.35929488785975, -0.332588173520055, -0.275239955021478, -0.0573482184985767, 29.5263636363654, 29.4204301075268, 30.5294017094016, 30.6352270056034
2/21/2018, 29.64, 29.77, 29.33, 29.33, 2101567, 1.17206781926126, -0.771963379543385, -0.227992613120693, 0.2220837076648, 0.259200249737381, -0.335849518340719, -0.287361867685326, -0.0484876506553931, 29.6101818181836, 29.2969032258064, 30.4874603174602, 30.6241757550909
2/22/2018, 29.41, 29.58, 29.33, 29.44, 1849214, 1.15176330441528, -0.870327079789958, -0.24147055711807, 0.270615038385179, 0.287470467776633, -0.325802429315985, -0.295049980011458, -0.030752449304527, 29.6770909090927, 29.2019139784946, 30.4523492063491, 30.6138668853355
2/23/2018, 29.72, 29.8, 29.65, 29.79, 59587, 1.14174273574645, -0.583380595602325, -0.0622054995234178, 0.311090258615855, 0.37741177425677, -0.286297702253119, -0.29329952445979, 0.00700182220667117, 29.7301818181836, 29.1484516129032, 30.4352112332112, 30.6083383900506
2/26/2018, 30.01, 30.12, 29.91, 30.09, 107738, 1.12867697882992, -0.47106902711005, 0.0410755224680527, 0.473399210454955, 0.445536150775342, -0.228152429457392, -0.280270105459311, 0.0521176760019186, 29.8510909090927, 29.1414838709677, 30.4312478632478, 30.6063788437885
2/27/2018, 29.82, 29.83, 29.52, 29.52, 596553, 1.18949172690863, -0.819631391628225, -0.323684905847976, 0.180755272832828, 0.300161708209646, -0.225467074082307, -0.26930949918391, 0.0438424251016032, 29.7689090909109, 29.0770107526881, 30.401995115995, 30.5975099084324
2/28/2018, 29.51, 29.53, 29.27, 29.28, 124715, 1.18367848324541, -1.03937532757755, -0.41796840316534, 0.104450007967205, 0.231907153235081, -0.239939036975535, -0.263435406742235, 0.0234963697666997, 29.5896363636381, 28.9903440860214, 30.3667399267398, 30.5854005740057
3/1/2018, 29.32, 29.46, 29.06, 29.17, 166657, 1.19729861809922, -1.18625290468571, -0.454753969816277, 0.0577404393607224, 0.166048085156881, -0.257318050216949, -0.262211935437178, 0.0048938852202291, 29.4249090909109, 28.918193548387, 30.3250427350426, 30.5713989339893
3/2/2018, 29.21, 29.39, 29.13, 29.35, 146859, 1.17475095930006, -1.02949430867834, -0.508028223117597, 0.163685078143232, 0.21589226614302, -0.253642712440652, -0.260498090837872, 0.00685537839722095, 29.3647272727291, 28.8718709677419, 30.2869279609279, 30.5606005193385
3/5/2018, 29.18, 29.45, 29.17, 29.42, 112682, 1.16094471865003, -1.14612518427456, -0.431501808615863, 0.188864438167345, 0.269316589938061, -0.242288613471292, -0.256856195364556, 0.0145675818932645, 29.3703636363654, 28.8520215053763, 30.2468571428571, 30.5500448271149
3/6/2018, 29.43, 29.5, 29.37, 29.45, 126206, 1.12384529512902, -0.937357334909807, -0.38231662257578, 0.0956341643074756, 0.281905324990306, -0.22823866569221, -0.251132689430087, 0.0228940237378771, 29.36781818182, 28.8558279569892, 30.2077509157508, 30.5408339483395
3/7/2018, 29.5, 29.61, 29.42, 29.58, 156601, 1.09507713808222, -0.777361278429656, 0.0399305386424687, 0.133387894971897, 0.278293506004323, -0.204259491042592, -0.241758049752588, 0.0374985587099962, 29.3701818181836, 28.8993548387096, 30.1695067155066, 30.5348954489545
3/8/2018, 29.75, 29.77, 29.65, 29.72, 43295, 1.06738770717525, -0.835518308226618, 0.112824277104977, 0.153948143304125, 0.277142063130971, -0.171976553741121, -0.227801750550295, 0.0558251968091734, 29.4292727272745, 28.9828602150537, 30.1374236874236, 30.5314943282766
3/9/2018, 29.73, 29.84, 29.73, 29.84, 147465, 1.03004773875289, -0.653537600562191, 0.146399234764462, 0.153492285348769, 0.337277757236359, -0.135151157807019, -0.20927163200164, 0.0741204741946203, 29.5845454545473, 29.0866021505376, 30.1112063492063, 30.5299614596146
3/12/2018, 29.87, 29.87, 29.75, 29.87, 88965, 0.997649591502069, -0.329995492044894, 0.0737383584230614, 0.161761453838691, 0.311717809570338, -0.102366005348028, -0.187890506670917, 0.0855245013228896, 29.8074545454564, 29.2230752688172, 30.0850915750915, 30.5274828481618
3/13/2018, 29.94, 29.98, 29.66, 29.69, 413093, 1.00740328842231, 0.280829871834015, -0.0857172139800869, 0.0867449758525501, 0.246804426541704, -0.0898720425343136, -0.168286813843597, 0.078414771309283, 29.8661818181837, 29.3212473118279, 30.0538559218559, 30.5230230968976
3/14/2018, 29.91, 29.93, 29.77, 29.86, 17876, 0.991772051292549, 0.0755847530927329, -0.0319954046041934, 0.0740070213050915, 0.293258324444067, -0.0654978888479612, -0.14772902884447, 0.0822311399965084, 29.9263636363655, 29.4400430107526, 30.0303736263736, 30.5218373650403
3/15/2018, 29.88, 29.99, 29.84, 29.86, 30963, 0.967300662391686, 0.402368688409401, -0.108937212867762, 0.111513996806624, 0.288196990425812, -0.0456549150042598, -0.127314206076428, 0.0816592910721678, 29.932909090911, 29.5836989247311, 30.0095555555555, 30.5203807571409
3/16/2018, 29.81, 29.87, 29.75, 29.79, 28964, 0.941235914402986, 1.06869794866066, -0.224627449751628, 0.170715339678881, 0.245840990726937, -0.0351721871779525, -0.108885802296733, 0.0737136151187801, 29.9136363636382, 29.7129462365591, 29.9857777777777, 30.5175470821375
3/19/2018, 29.81, 29.86, 29.73, 29.81, 45143, 0.915378966640782, 0.979322549491899, -0.243625729051448, 0.277456019033135, 0.176051325239519, -0.0249629595399306, -0.0921012337453721, 0.0671382742054416, 29.8912727272746, 29.811505376344, 29.9630402930402, 30.5154071340713
3/20/2018, 29.82, 29.92, 29.82, 29.82, 41905, 0.88776239590153, 0.704503369459157, -0.335631644111614, 0.285928130167016, 0.101293618944649, -0.015882077948433, -0.0768574025859843, 0.0609753246375513, 29.8570909090928, 29.8372473118279, 29.9417948717948, 30.5135222085554
3/21/2018, 29.74, 29.94, 29.74, 29.86, 77927, 0.875734123023927, 0.713900276694281, -0.349553686932087, 0.394131311089248, 0.153955999903168, -0.00539555159670257, -0.062565032388128, 0.0571694807914254, 29.8425454545473, 29.8949677419354, 29.9262783882783, 30.513151564849
3/22/2018, 29.48, 29.5, 29.31, 29.31, 100626, 0.941383482354819, -0.129424971691652, -0.639999177014234, 0.150240964435761, -0.0222170041222322, -0.0409927682545046, -0.0582505795614033, 0.0172578113068987, 29.6507272727292, 29.8557849462365, 29.8865885225884, 30.5042785294519
3/23/2018, 29.45, 29.46, 29.1, 29.1, 114153, 0.962623792935696, -0.440416163808603, -0.661902283624775, 0.0414851685729629, -0.0864335688385958, -0.0851673081629833, -0.0636339252817193, -0.021533382881264, 29.4327272727292, 29.7464731182795, 29.8391013431012, 30.4912882328823
3/26/2018, 29.34, 29.49, 29.2, 29.49, 94332, 0.968522711282038, -0.195241355605996, -0.486924643863183, 0.214457313993551, 0.0618940529094263, -0.0876953117019603, -0.0684462025657675, -0.0192491091361928, 29.3958181818201, 29.6915913978494, 29.8044566544565, 30.4836944102774
3/27/2018, 29.48, 29.58, 29.19, 29.26, 97961, 0.993972932943333, -0.237958349764873, -0.670758826686407, 0.0585154603968965, 0.0301361647428093, -0.107024142831335, -0.0761617906188811, -0.0308623522124541, 29.2641818181837, 29.6239999999999, 29.760669108669, 30.473217165505
3/28/2018, 29.37, 29.52, 29.27, 29.37, 35321, 0.98500053173394, 0.0545205112058384, -0.61764570073512, 0.0911945239208547, 0.0718579759853191, -0.112173236817807, -0.0833640798586662, -0.0288091569591404, 29.2280000000019, 29.5716559139784, 29.720354090354, 30.4616326363263
3/29/2018, 29.6, 29.77, 29.58, 29.73, 60920, 0.99169163592918, 0.261496666686007, -0.570107428021347, 0.1790769243095, 0.0811157919761702, -0.0862111510599952, -0.083933494098932, -0.00227765696106325, 29.342909090911, 29.5830967741935, 29.7000854700853, 30.4556974169741
4/2/2018, 29.52, 29.63, 29.22, 29.35, 139555, 1.04118714546391, -0.343236040366405, -0.675272363450526, 0.0190392235655094, -0.0297724447601986, -0.0952014126336778, -0.0861870778058811, -0.00901433482779664, 29.3196363636383, 29.5533118279569, 29.6611697191696, 30.4431521115211
4/3/2018, 29.51, 29.57, 29.42, 29.56, 49467, 1.01931328089978, -0.421366208152286, -0.624035705216886, 0.0947019289571387, 0.0643548743105994, -0.0844080117283461, -0.0858312645903741, 0.00142325286202802, 29.396909090911, 29.5611182795698, 29.6316092796091, 30.4325630722974
4/4/2018, 29.42, 29.79, 29.38, 29.78, 164767, 1.03003208711308, 0.25936161492359, -0.582428698262479, 0.157363502962409, 0.0785319087177229, -0.0574398712842452, -0.0801529859291484, 0.0227131146449031, 29.5658181818201, 29.5859999999999, 29.6165763125762, 30.4236793767937
4/5/2018, 29.82, 29.86, 29.74, 29.8, 30621, 0.998007979077727, 0.516270186515014, -0.653298399647475, 0.0903404446171197, 0.10253658126332, -0.034060959297733, -0.0709345806028653, 0.0368736213051323, 29.7518181818201, 29.5966666666666, 29.6033284493283, 30.4148549952166
4/6/2018, 29.69, 29.87, 29.6, 29.66, 124152, 0.998098647595767, 0.487811020528238, -0.786973082475038, 0.0353791381605852, 0.241779865206331, -0.026524080000069, -0.062052480482306, 0.035528400482237, 29.7827272727292, 29.5938709677418, 29.5884420024418, 30.4038791854585
4/9/2018, 29.93, 30.09, 29.91, 29.91, 36782, 1.01215063835861, 0.545115267681767, -0.625622074133234, 0.113560172414925, 0.327718662463253, -0.000373828926399256, -0.0497167501711247, 0.0493429212447254, 29.838909090911, 29.6447096774193, 29.5823247863246, 30.3973256799234
4/10/2018, 30.09, 30.1, 29.97, 30.06, 41239, 0.988348446894233, 0.614848857303738, -0.681535262344318, 0.254358267820787, 0.379097286974823, 0.0320843316461499, -0.0333565338076698, 0.0654408654538196, 29.9807272727292, 29.7338064516128, 29.583675213675, 30.3908965422987
4/11/2018, 30.02, 30.12, 29.99, 29.99, 79750, 0.962796485427096, 0.520069476043541, -0.545913648501354, 0.211412695148958, 0.341851696733965, 0.0515648354377944, -0.0163722599585769, 0.0679370953963714, 30.0212727272747, 29.7762150537634, 29.5770183150182, 30.3860584939182
4/12/2018, 29.99, 30.03, 29.94, 30.01, 62582, 0.929042094903721, 0.418826878331644, -0.463598094665473, 0.246829554072147, 0.359427119355297, 0.0678351465516194, 0.00046922134346233, 0.067365925208157, 30.050909090911, 29.802129032258, 29.5764004884003, 30.3835085417521
4/13/2018, 30.05, 30.07, 29.96, 30.02, 46316, 0.900617108749422, 0.298735955641894, -0.572871757003416, 0.17618368895398, 0.392686737647991, 0.0806072119934846, 0.0164968194734668, 0.0641103925200179, 30.1210909090929, 29.8172688172042, 29.5764346764345, 30.3815667623343
4/16/2018, 29.98, 30.03, 29.93, 29.98, 29456, 0.873405581201627, 0.149271607595823, -0.492324347904088, 0.196129042267052, 0.365183551208256, 0.0865043320747922, 0.0304983219937319, 0.0560060100810604, 30.0856363636383, 29.8338494623655, 29.569824175824, 30.3790586305863
4/17/2018, 30.02, 30.15, 30.01, 30.14, 35119, 0.853532327743979, 0.268262384107235, -0.144072032983617, 0.257983962480061, 0.442317825181537, 0.102902311260149, 0.0449791198470152, 0.0579231914131334, 30.1130909090929, 29.8713333333332, 29.5720683760682, 30.3773808938089
4/18/2018, 30.18, 30.27, 30.15, 30.23, 19771, 0.829943471395744, 0.526545066814078, 0.54369782799631, 0.206754864964529, 0.46903851576309, 0.121756542117506, 0.0603346043011134, 0.0614219378163926, 30.184000000002, 29.9175913978494, 29.5778339438338, 30.3776965969659
4/19/2018, 30.18, 30.19, 29.99, 30.08, 17613, 0.832271661678148, 0.224679750700114, 0.200090971489607, 0.132830409857775, 0.484718854186841, 0.123175024502984, 0.0729026883414876, 0.0502723361614968, 30.1825454545474, 29.9484516129031, 29.5770012210011, 30.376250102501
4/20/2018, 29.97, 29.99, 29.89, 29.92, 70899, 0.826637533559985, 0.0738904193647963, 0.352643163333182, -0.00746518976546256, 0.476591922201946, 0.110119134354822, 0.0803459775441544, 0.0297731568106672, 30.0825454545475, 29.9651182795698, 29.572139194139, 30.370987836545
4/23/2018, 29.87, 29.87, 29.75, 29.78, 66095, 0.817540136128577, 0.00881895909555065, 0.740151852339398, -0.0193551274044841, 0.47611927479816, 0.0874671505138984, 0.0817702121381032, 0.00569693837579521, 29.970000000002, 29.9707311827956, 29.5607863247862, 30.3637591909252
4/24/2018, 29.93, 29.93, 29.71, 29.79, 67750, 0.813327559288807, -0.000465249323950232, 0.671881627411188, -0.0310385059432373, 0.475966458661232, 0.069520813880537, 0.07932033248659, -0.00979951860605298, 29.898000000002, 29.9799999999999, 29.5518095238093, 30.356344403444
4/25/2018, 29.72, 29.75, 29.67, 29.72, 43903, 0.794669468090608, -0.0746206260703643, 0.418627892633745, 0.027309996234056, 0.443147714881541, 0.0490839881549086, 0.0732730636202537, -0.0241890754653451, 29.8025454545475, 29.9689032258064, 29.5453186813185, 30.3480068334016
4/26/2018, 29.95, 30.01, 29.9, 29.98, 31574, 0.796754428354578, 0.126406651630201, 0.567720160837303, 0.0352945725397781, 0.520686477826806, 0.0532536091601266, 0.0692691727282283, -0.0160155635681017, 29.8156363636384, 30.0019354838709, 29.5499658119656, 30.3421358480251
4/27/2018, 30.09, 30.16, 30.01, 30.16, 20269, 0.782240148341072, 0.899313633323072, 0.494659397712288, 0.101442542962133, 0.527741924504895, 0.0702725018660963, 0.0694698385558019, 0.000802663310294452, 29.8945454545475, 30.0570322580644, 29.5620415140414, 30.3392961596282
4/30/2018, 30.31, 30.4, 30.22, 30.24, 51665, 0.780844733143796, 1.24531447473541, 0.459975996530727, 0.21878703939613, 0.508875697404295, 0.0891873323124699, 0.0734133373071355, 0.0157739950053344, 29.9854545454566, 30.1156774193548, 29.5843540903539, 30.3376359163591
5/1/2018, 30.26, 30.26, 30.1, 30.2, 27859, 0.769275082574667, 0.837000023011606, 0.337939299266577, 0.167947236617473, 0.431878395431087, 0.0997993808694595, 0.0786905460196003, 0.0211088348498592, 30.0803636363657, 30.1676774193548, 29.6029304029303, 30.335901599016
5/2/2018, 30.1, 30.26, 30.06, 30.08, 35000, 0.766971480022182, 1.00144072780054, 0.382159590659398, 0.125141833520574, 0.423097600065192, 0.0974036994725758, 0.0824331767101954, 0.0149705227623804, 30.1485454545476, 30.2026021505375, 29.6146739926738, 30.3322593959273
5/3/2018, 30.01, 30.14, 29.91, 30.1, 34567, 0.766344751266241, 0.895024498906363, 0.56347350799257, 0.129005446231058, 0.382642925903056, 0.0960121690394331, 0.0851489751760429, 0.0108631938633902, 30.2018181818203, 30.2410537634408, 29.6095115995115, 30.329819598196
5/4/2018, 29.83, 30.14, 29.83, 30.1, 24486, 0.779522530314225, 0.499681908881679, 0.486516669245292, 0.0742435126717981, 0.334978321581663, 0.0938277828705658, 0.0868847367149475, 0.00694304615561829, 30.2220000000021, 30.2412903225806, 29.6037387057386, 30.3274833948339
5/7/2018, 30.1, 30.19, 30.05, 30.08, 25254, 0.764310064971253, 1.15146789687064, 0.231481620079311, 0.0742642920921552, 0.317457718665789, 0.0894516651271999, 0.087398122397398, 0.00205354272980192, 30.1974545454567, 30.2198924731182, 29.5978070818069, 30.3239964466312
5/8/2018, 30.11, 30.16, 30.04, 30.14, 63113, 0.74455621820234, 0.951806042900208, 0.0593109368501885, 0.0663973380336383, 0.337092498948285, 0.08979001544078, 0.0878765010060744, 0.0019135144347056, 30.1792727272749, 30.2257849462365, 29.5981538461537, 30.3229760830942
5/9/2018, 30.08, 30.2, 30.06, 30.17, 106199, 0.729826920642612, 0.677054444882455, 0.548467872943101, -0.015586165626656, 0.326727165973787, 0.0914250190717532, 0.0885862046192102, 0.00283881445254297, 30.1383636363658, 30.2159569892473, 29.6028888888888, 30.3234024873582
5/10/2018, 30.27, 30.39, 30.27, 30.38, 62497, 0.724750963989408, 0.951034961270681, 0.923856601037136, 0.0778182282989649, 0.37681545387361, 0.108416261015428, 0.0925522158984537, 0.0158640451169743, 30.1974545454567, 30.2342365591397, 29.6179682539681, 30.3266048927156
5/11/2018, 30.48, 30.57, 30.45, 30.49, 22689, 0.717187194873674, 1.39863182403409, 1.10891746627758, 0.131863335835177, 0.378045127757197, 0.129267903438361, 0.0998953534064352, 0.0293725500319258, 30.3087272727295, 30.2839569892473, 29.641133089133, 30.3333133798005
5/14/2018, 30.69, 30.75, 30.6, 30.62, 25113, 0.720891106894624, 1.26194836206478, 1.06737958753261, 0.0659249593829866, 0.401340407751485, 0.154501892192073, 0.110816661163563, 0.0436852310285101, 30.4629090909113, 30.3199354838709, 29.6735164835164, 30.3413180265136
5/15/2018, 30.18, 30.23, 30.14, 30.15, 16690, 0.775124424824469, 0.135881728796576, 0.585394265749184, -0.0753905563088593, 0.239027577128079, 0.135018528484103, 0.115657034627671, 0.0193614938564324, 30.4260000000022, 30.3020860215053, 29.6864761904761, 30.3406524531912
5/16/2018, 30.03, 30.12, 30, 30.09, 25753, 0.762761759323192, 0.150100227048703, 0.515414802619758, -0.0680108853700717, 0.227062389790802, 0.113428787362658, 0.115211385174668, -0.00178259781201059, 30.3470909090931, 30.2874838709677, 29.7014334554333, 30.3395265819325
5/17/2018, 30.02, 30.03, 29.91, 29.97, 15252, 0.757555097468572, -0.0422837646602842, 0.322338752804601, 0.205368715565323, 0.168658684357529, 0.0856484626964225, 0.109298800679019, -0.0236503379825966, 30.2301818181841, 30.2569892473118, 29.713067155067, 30.3358086647533
5/18/2018, 29.9, 29.93, 29.86, 29.93, 27111, 0.739015367777362, -0.110363326521014, 0.18403268441134, 0.193174023828385, 0.149193777662921, 0.0597163170155106, 0.0993823039463174, -0.0396659869308068, 30.1065454545477, 30.2109892473118, 29.7254578754577, 30.331790897909
5/21/2018, 30.06, 30.09, 30.01, 30.06, 119832, 0.725641831659934, 0.119795544124858, 0.19095512226254, 0.225293885767886, 0.163294693724352, 0.0490889514020836, 0.0893236334374706, -0.040234682035387, 30.0330909090932, 30.1964086021505, 29.740354090354, 30.3312453191199
5/22/2018, 30.14, 30.18, 30, 30.05, 51459, 0.719539227511239, -0.111154792767078, 0.160158885790629, 0.147496674885994, 0.165785761023342, 0.0394055287545036, 0.0793400125008772, -0.0399344837463736, 29.969272727275, 30.1895913978494, 29.7563052503051, 30.3293027196939
5/23/2018, 29.85, 29.94, 29.8, 29.94, 36800, 0.727823850947799, -0.384827456852134, 0.216010214844452, 0.0412219991617369, 0.156419595194053, 0.0225948069792814, 0.0679909713965581, -0.0453961644172767, 29.8783636363659, 30.1642150537634, 29.7716507936507, 30.3259598195982
5/24/2018, 30, 30.06, 29.89, 30.01, 19135, 0.718143745168552, -0.085274054919897, 0.138458882447396, 0.0453036113105369, 0.207804528017797, 0.0147505684718681, 0.0573428908116201, -0.042592322339752, 29.8661818181841, 30.149376344086, 29.7906862026861, 30.3224001640017
5/25/2018, 29.95, 29.98, 29.86, 29.96, 15231, 0.708408514782471, 0.0688121770804669, 0.0994768902922163, -0.0404018449493867, 0.161417591671216, 0.00444809592649165, 0.0467639318345944, -0.0423158359081027, 29.8789090909114, 30.1288602150537, 29.8143369963369, 30.3184674046741
5/29/2018, 29.8, 29.8, 29.58, 29.68, 47063, 0.743353205786344, -0.123397744095483, -0.0624648592659758, -0.223166343934145, 0.177777338638485, -0.0260105147107872, 0.0322090425255181, -0.0582195572363053, 29.8498181818205, 30.0705376344085, 29.8234578754577, 30.3122643159765
5/30/2018, 29.97, 30.1, 29.89, 30.07, 49249, 0.766863551391812, 0.348533444651437, 0.212855804634604, -0.0857984100055085, 0.285502315430221, -0.0184665713102419, 0.0220739197583661, -0.040540491068608, 29.9127272727296, 30.0743010752687, 29.8529938949938, 30.3109662429958
5/31/2018, 29.97, 30.03, 29.87, 29.99, 35093, 0.763808190758059, 0.337039673647355, 0.147049193653268, -0.197767028271186, 0.222172267443434, -0.0187273954686731, 0.0139136567129582, -0.0326410521816313, 29.940363636366, 30.0743655913978, 29.8828620268619, 30.308053027197
6/1/2018, 30.02, 30.04, 29.93, 30.01, 29093, 0.74346142148592, 0.0508542612054337, 0.132361848577437, -0.217454831487191, 0.25926848641026, -0.0171228856729293, 0.00770634823578074, -0.02482923390871, 29.956363636366, 30.0685161290322, 29.9184835164834, 30.3064086374197
6/4/2018, 30.28, 30.38, 30.19, 30.26, 17819, 0.761589999862949, 0.134989884581607, 0.771988782409881, -0.151513306367771, 0.255030156871235, 0.0042723614396678, 0.00701955087655815, -0.00274718943689035, 30.0485454545479, 30.0841720430107, 29.9695848595847, 30.3083211698784
6/5/2018, 30.25, 30.29, 30.18, 30.27, 68525, 0.741441285961685, 0.0501013061888882, 0.965095457321075, -0.0811467400323353, 0.322639069908349, 0.0217840523519364, 0.00997245117163379, 0.0118116011803026, 30.1521818181842, 30.089569892473, 30.0198315018314, 30.3101601749351
6/6/2018, 30.41, 30.47, 30.32, 30.46, 43686, 0.73280552658428, 0.322400529833781, 0.825796155875005, -0.0250745830241988, 0.335399107985888, 0.0504124819572525, 0.0180604573287575, 0.0323520246284949, 30.3080000000024, 30.1165806451612, 30.0854554334553, 30.3147981413148
6/7/2018, 30.3, 30.39, 30.2, 30.25, 57358, 0.74397333959568, 0.212748289295533, 0.852157570576338, -0.174630426506226, 0.282323910550486, 0.0555155253009367, 0.0255514709231934, 0.0299640543777434, 30.3469090909115, 30.1079569892472, 30.1337045177044, 30.3161057810578
6/8/2018, 30.25, 30.3, 30.21, 30.28, 29133, 0.720935728092169, 0.224208272186817, 0.785307944321843, -0.162694879007994, 0.264937093175629, 0.0612741430169201, 0.0326960053419387, 0.0285781376749814, 30.3932727272752, 30.1170537634408, 30.1802564102563, 30.3179316659834
6/11/2018, 30.28, 30.3, 30.25, 30.25, 25174, 0.693832633199978, 0.189148417805339, 0.473852372021575, -0.285633490098754, 0.267643134709412, 0.0626944373184202, 0.038695691737235, 0.0239987455811852, 30.4045454545479, 30.1324086021504, 30.2316752136751, 30.3202807161405
6/12/2018, 30.17, 30.23, 30.08, 30.13, 33603, 0.689977275027692, 0.0722284102715161, 0.746025747107689, -0.2792201959454, 0.2685967581011, 0.0535200874142596, 0.0416605708726399, 0.0118595165416197, 30.302545454548, 30.1372903225805, 30.2735653235652, 30.3205824791581
6/13/2018, 30.2, 30.2, 30, 30.07, 81376, 0.69004205293499, -0.066625402102263, 0.499800741062086, -0.346614127785057, 0.241825403829445, 0.0409359661228024, 0.0415156499226724, -0.000579683799870064, 30.2332727272752, 30.1326021505375, 30.2995799755798, 30.318840235069
6/14/2018, 30.05, 30.09, 29.96, 30, 50881, 0.678736210172246, -0.182006660478836, 0.228630549392283, -0.43000098413645, 0.205276288216457, 0.0250260595141398, 0.0382177318409659, -0.0131916723268261, 30.1238181818207, 30.1118709677418, 30.2966422466421, 30.3157889845565
6/15/2018, 29.98, 30.04, 29.91, 30.04, 77307, 0.665578628159421, -0.389643294885561, 0.247504562638996, -0.485053614323303, 0.227236438798896, 0.015466718900349, 0.0336675292528425, -0.0182008103524935, 30.0316363636389, 30.0980645161289, 30.3049694749693, 30.3142386223862
6/18/2018, 29.76, 29.97, 29.76, 29.96, 56777, 0.680717052417008, -0.620270846994607, 0.307865110423267, -0.580532892195115, 0.195624561701153, 0.00141918173683564, 0.0272178597496412, -0.0257986780128055, 29.9601818181844, 30.0744946236558, 30.3007277167276, 30.3124294109608
6/19/2018, 29.19, 29.29, 29.17, 29.29, 68338, 0.79633215247159, -1.27362710317475, -0.499551103564364, -0.787397195865561, -0.0339508872252935, -0.063050189906793, 0.00916424981835432, -0.0722144397251473, 29.6756363636389, 29.9654838709677, 30.2521147741146, 30.2997611042778
6/20/2018, 29.39, 29.44, 29.31, 29.39, 103389, 0.779460371167004, -0.787384541499892, -0.541766789017971, -0.856597053005205, -0.0098246971401126, -0.104864652705569, -0.0136415306864303, -0.0912231220191385, 29.5170909090935, 29.878258064516, 30.2099072039071, 30.2894749214159
6/21/2018, 29.33, 29.4, 29.27, 29.31, 52340, 0.764685202769305, -0.809641289457185, -0.551293078969437, -0.743392616745668, 0.0331334905254881, -0.142811999311952, -0.0394756244115347, -0.103336374900418, 29.3472727272753, 29.7877204301075, 30.1706886446885, 30.2785510455105
6/22/2018, 29.58, 29.61, 29.46, 29.53, 33654, 0.771834647088043, -0.435638344370028, -0.373836378421683, -0.586901314744198, 0.0451833467077784, -0.153365481703712, -0.0622535958699703, -0.0911118858337422, 29.3107272727299, 29.7446451612902, 30.141636141636, 30.2706817001504
6/25/2018, 29.31, 29.38, 29.22, 29.27, 67195, 0.7927114202967, -0.644733672056499, -0.585211014126506, -0.788060520992057, -0.0746886064061358, -0.180626865552487, -0.0859282498064736, -0.0946986157460132, 29.2192727272753, 29.6813978494623, 30.1074065934064, 30.2590717507175
6/26/2018, 29.38, 29.44, 29.33, 29.36, 58378, 0.779718327945511, -0.685934564355328, -0.478004458455456, -0.665407473597499, -0.0934965094082407, -0.192747586624293, -0.107292117170037, -0.0854554694542555, 29.1883636363662, 29.6461075268817, 30.0801465201464, 30.2494932349324
6/27/2018, 29.24, 29.27, 28.95, 28.98, 49993, 0.821183699208288, -1.00247688518618, -0.885368664631385, -0.588243752586223, -0.193060276335165, -0.230360714681982, -0.131905836672426, -0.0984548780095558, 29.0561818181844, 29.5393978494623, 30.0395628815627, 30.236504031707
6/28/2018, 28.97, 29.09, 28.92, 29.05, 33101, 0.807504592871028, -0.828654400800111, -0.899515075412479, -0.100040108759107, -0.148000044675, -0.251620450742198, -0.155848759486381, -0.0957716912558174, 28.993636363639, 29.4451182795698, 29.9985958485957, 30.2268637419708
6/29/2018, 29.16, 29.22, 29.11, 29.18, 54315, 0.792841261198019, -0.762852205597013, -0.679580048281752, -0.254670423591946, -0.0788704529092191, -0.255039099213967, -0.175686827431898, -0.0793522717820688, 29.0358181818208, 29.3660430107526, 29.9585738705737, 30.2179204592047
7/2/2018, 28.89, 29.02, 28.84, 29.01, 205565, 0.816213464380224, -0.871540740063844, -0.690355016919428, -0.150097432247804, -0.126739386011254, -0.268372352583999, -0.194223932462318, -0.0741484201216806, 29.0501818181844, 29.2678279569891, 29.913675213675, 30.2076741834085
7/3/2018, 29.2, 29.27, 29.11, 29.12, 221187, 0.817116585562732, -0.517872136892606, -0.494828562305094, 0.235832225718421, -0.114249303429506, -0.266985330551012, -0.208776212080057, -0.0582091184709554, 29.0203636363663, 29.1981720430106, 29.8816776556775, 30.1994623479568
7/5/2018, 29.27, 29.33, 29.21, 29.25, 59635, 0.808708144376322, -0.818527623513908, -0.397218072077375, 0.245232407598679, -0.0734288574193861, -0.252485694137128, -0.217518108491471, -0.034967585645657, 29.0647272727299, 29.1504086021504, 29.86252014652, 30.1916487631543
7/6/2018, 29.37, 29.53, 29.32, 29.44, 96681, 0.81086880305221, -0.529455447963558, -0.19243774511802, 0.182913759424575, -0.0113651815637215, -0.22309155513323, -0.218632797819823, -0.00445875731340714, 29.1663636363663, 29.1245806451612, 29.8396166056164, 30.1859043323767
7/9/2018, 29.59, 29.66, 29.53, 29.57, 28770, 0.804138609528718, -0.414436308616502, -0.295167630482252, 0.233671722371526, 0.040752301906232, -0.187149234772537, -0.212336085210366, 0.0251868504378287, 29.3498181818209, 29.1231397849462, 29.8171208791207, 30.1816176028427
7/10/2018, 29.45, 29.54, 29.44, 29.52, 17701, 0.787244571462601, -0.733538876051963, -0.477201277781298, 0.0587507275841042, 0.0644977538099302, -0.160845146344386, -0.20203789743717, 0.0411927510927842, 29.4618181818209, 29.1148602150537, 29.7897826617825, 30.1789359026924
