Date,IGN_Open,IGN_High,IGN_Low,IGN_Close,IGN_Volume,IGN_ATRPercentOfClose20,IGN_SQN25,IGN_SQN50,IGN_SQN100,IGN_SQN200,IGN_MACD,IGN_MACD_Avg,IGN_MACD_Diff,IGN_LinReg10,IGN_LinReg30,IGN_LinReg90,IGN_LinReg270
1/3/2017, 43.95, 44.13, 43.52, 43.72, 12444, 0, 0, 0, 0, 0, 0, 0, 0, 43.72, 43.72, 43.72, 43.72
1/4/2017, 43.81, 44.25, 43.71, 44.18, 35364, 0, 0, 0, 0, 0, 0.0366951566951528, 0.00733903133903056, 0.0293561253561222, 44.18, 44.18, 44.18, 44.18
1/5/2017, 44.25, 44.47, 43.85, 44.08, 6182, 0, 0, 0, 0, 0, 0.0570495369355726, 0.017281132458339, 0.0397684044772336, 44.1733333333333, 44.1733333333333, 44.1733333333333, 44.1733333333333
1/6/2017, 44.14, 44.14, 43.93, 44.07, 8783, 0, 0, 0, 0, 0, 0.0715488429708273, 0.0281346745608366, 0.0434141684099907, 44.155, 44.155, 44.155, 44.155
1/9/2017, 44.05, 44.05, 43.73, 43.75, 134077, 0, 0, 0, 0, 0, 0.0565662611697206, 0.0338209918826134, 0.0227452692871072, 43.95, 43.95, 43.95, 43.95
1/10/2017, 43.76, 44.04, 43.76, 43.95, 14639, 0, 0, 0, 0, 0, 0.0601375573521068, 0.0390843049765121, 0.0210532523755947, 43.9476190476191, 43.9476190476191, 43.9476190476191, 43.9476190476191
1/11/2017, 43.91, 44.08, 43.76, 43.95, 5818, 0, 0, 0, 0, 0, 0.0622502531377123, 0.0437174946087521, 0.0185327585289601, 43.9464285714286, 43.9464285714286, 43.9464285714286, 43.9464285714286
1/12/2017, 43.95, 43.95, 43.28, 43.72, 322587, 0, 0, 0, 0, 0, 0.0448485161818439, 0.0439436989233705, 0.000904817258473432, 43.85, 43.85, 43.85, 43.85
1/13/2017, 43.84, 44.07, 43.84, 43.96, 7299, 0, 0, 0, 0, 0, 0.0498488816302967, 0.0451247354647557, 0.00472414616554093, 43.8777777777778, 43.8777777777778, 43.8777777777778, 43.8777777777778
1/17/2017, 43.53, 43.53, 42.99, 43.15, 12031, 0, 0, 0, 0, 0, -0.0114169161708304, 0.0338164051376385, -0.0452333213084689, 43.6176363636364, 43.6176363636364, 43.6176363636364, 43.6176363636364
1/18/2017, 43.31, 43.31, 43.13, 43.21, 19837, 0, 0, 0, 0, 0, -0.0545007530102239, 0.016152973508066, -0.07065372651829, 43.3689090909091, 43.4522727272727, 43.4522727272727, 43.4522727272727
1/19/2017, 43.41, 43.63, 43.39, 43.5, 114393, 0, 0, 0, 0, 0, -0.0645009014968068, 2.21985070914619E-05, -0.0645231000038982, 43.3401818181818, 43.4180769230769, 43.4180769230769, 43.4180769230769
1/20/2017, 43.57, 43.64, 43.48, 43.53, 4657, 0, 0, 0, 0, 0, -0.0692075602655322, -0.0138237532474333, -0.0553838070180989, 43.3389090909091, 43.4024175824176, 43.4024175824176, 43.4024175824176
1/23/2017, 43.46, 43.6, 43.12, 43.47, 13543, 0, 0, 0, 0, 0, -0.0768927480727655, -0.0264375522124997, -0.0504551958602658, 43.3449090909091, 43.3765714285714, 43.3765714285714, 43.3765714285714
1/24/2017, 43.61, 44.54, 43.61, 44.45, 19102, 0, 0, 0, 0, 0, -0.00386099780124738, -0.0219222413302493, 0.0180612435290019, 43.6581818181819, 43.5945833333333, 43.5945833333333, 43.5945833333333
1/25/2017, 44.95, 44.98, 44.57, 44.74, 26068, 0, 0, 0, 0, 0, 0.0765355130701835, -0.00223069045016271, 0.0787662035203462, 44.0734545454546, 43.835294117647, 43.835294117647, 43.835294117647
1/26/2017, 44.77, 44.78, 44.21, 44.36, 9422, 0, 0, 0, 0, 0, 0.10833864252136, 0.0198831761441419, 0.0884554663772185, 44.3143636363637, 43.9480392156863, 43.9480392156863, 43.9480392156863
1/27/2017, 44, 44.25, 43.89, 44.24, 10675, 0, 0, 0, 0, 0, 0.12244834630765, 0.0403962101768434, 0.0820521361308061, 44.4454545454546, 44.0155555555556, 44.0155555555556, 44.0155555555556
1/30/2017, 44.16, 44.16, 43.59, 43.87, 10823, 0, 0, 0, 0, 0, 0.102591865270611, 0.052835341195597, 0.0497565240750141, 44.4683636363637, 43.9990526315789, 43.9990526315789, 43.9990526315789
1/31/2017, 43.81, 44.21, 43.68, 44.2, 29715, 0, 0, 0, 0, 0, 0.112190441492068, 0.0647063612548911, 0.0474840802371767, 44.4481818181818, 44.0462857142857, 44.0462857142857, 44.0462857142857
2/1/2017, 44.39, 44.39, 43.94, 44.12, 6886, 0, 0, 0, 0, 0, 0.112050403585897, 0.0741751697210923, 0.0378752338648048, 44.3550909090909, 44.0716017316017, 44.0716017316017, 44.0716017316017
2/2/2017, 44.12, 44.48, 44.12, 44.45, 9741, 1.10173790776153, 0, 0, 0, 0, 0.136988545926236, 0.0867378449621211, 0.0502507009641152, 44.3843636363637, 44.1488932806324, 44.1488932806324, 44.1488932806324
2/3/2017, 44.69, 44.93, 44.68, 44.92, 11758, 1.08912817230632, 0, 0, 0, 0, 0.192458730997139, 0.107882022169125, 0.084576708828014, 44.5301818181818, 44.2913043478261, 44.2913043478261, 44.2913043478261
2/6/2017, 44.8, 44.96, 44.76, 44.85, 5891, 1.05858318004459, 0, 0, 0, 0, 0.228140970229354, 0.131933811781171, 0.0962071584481838, 44.564, 44.4025333333333, 44.4025333333333, 44.4025333333333
2/7/2017, 44.98, 45.1, 44.72, 44.77, 17185, 1.04989016850011, 0, 0, 0, 0, 0.247115477089594, 0.154970144842855, 0.0921453322467384, 44.6909090909091, 44.4863076923077, 44.4863076923077, 44.4863076923077
2/8/2017, 44.98, 45.18, 44.85, 44.96, 17491, 1.03877677272159, 0.72947619888843, 0, 0, 0, 0.274322108081641, 0.178840537490612, 0.0954815705910287, 44.9240000000001, 44.5863247863248, 44.5863247863248, 44.5863247863248
2/9/2017, 45.2, 45.63, 45.2, 45.44, 12495, 1.05013718126066, 0.732710772402368, 0, 0, 0, 0.330802265034585, 0.209232882999407, 0.121569382035178, 45.2349090909092, 44.7406084656085, 44.7406084656085, 44.7406084656085
2/10/2017, 45.6, 45.86, 45.34, 45.76, 19979, 1.04747206819624, 0.962529581899357, 0, 0, 0, 0.396810339399039, 0.246748374279333, 0.150061965119706, 45.5734545454546, 44.9190640394088, 44.9190640394088, 44.9190640394088
2/13/2017, 45.9, 46.4, 45.9, 46.33, 14599, 1.05192544244824, 1.23947907218393, 0, 0, 0, 0.489474097497691, 0.295293518923005, 0.194180578574686, 45.9520000000001, 45.1507586206896, 45.1507586206896, 45.1507586206896
2/14/2017, 46.25, 46.66, 45.97, 46.62, 97937, 1.06711541100806, 1.6052519596617, 0, 0, 0, 0.57962975871461, 0.352160766881326, 0.227468991833284, 46.3625454545456, 45.3923870967742, 45.3923870967742, 45.3923870967742
2/15/2017, 46.55, 46.77, 46.46, 46.66, 184682, 1.04610961076159, 1.51346318228439, 0, 0, 0, 0.646849951876426, 0.411098603880346, 0.23575134799608, 46.6389090909092, 45.6446451612903, 45.6116935483871, 45.6116935483871
2/16/2017, 46.7, 47.02, 46.49, 46.71, 19252, 1.04947336151208, 1.54214426892648, 0, 0, 0, 0.696132439944776, 0.468105371093232, 0.228027068851544, 46.8600000000001, 45.9149462365591, 45.8127840909091, 45.8127840909091
2/17/2017, 46.58, 47.26, 46.58, 47.22, 9929, 1.05823497840783, 1.94436706054366, 0, 0, 0, 0.767494703360775, 0.527983237546741, 0.239511465814034, 47.2280000000001, 46.2269677419354, 46.0512655971479, 46.0512655971479
2/21/2017, 47.35, 47.85, 47.35, 47.81, 16750, 1.05880282151008, 2.06805913185815, 0, 0, 0, 0.861724457280879, 0.594731481493568, 0.26699297578731, 47.6603636363637, 46.5929247311827, 46.331294117647, 46.331294117647
2/22/2017, 47.7, 47.91, 47.39, 47.45, 25350, 1.06828861436411, 2.63251040925458, 0, 0, 0, 0.897013017106822, 0.655187788616219, 0.241825228490603, 47.7909090909092, 46.8677419354838, 46.5435714285714, 46.5435714285714
2/23/2017, 47.18, 47.18, 46.16, 46.46, 11457, 1.17532888536371, 1.68385098482369, 0, 0, 0, 0.83546401962451, 0.691243034817877, 0.144220984806633, 47.4712727272728, 47.0064086021505, 46.629039039039, 46.629039039039
2/24/2017, 46.16, 46.63, 45.99, 46.63, 16482, 1.18111711373147, 1.61997380414224, 0, 0, 0, 0.791282166672566, 0.711250861188815, 0.0800313054837511, 47.2245454545455, 47.1504516129031, 46.7230440967283, 46.7230440967283
2/27/2017, 46.64, 46.83, 46.5, 46.62, 6079, 1.15769447581796, 1.59725345611467, 0, 0, 0, 0.746851573429041, 0.71837100363686, 0.0284805697921804, 46.9734545454547, 47.2606021505376, 46.8063967611336, 46.8063967611336
2/28/2017, 46.54, 46.54, 46.1, 46.12, 79780, 1.1681077762251, 1.32749599230499, 0, 0, 0, 0.663644110649315, 0.707425625039351, -0.0437815143900361, 46.6167272727274, 47.3046021505376, 46.8319230769231, 46.8319230769231
3/1/2017, 45.39, 45.69, 45.39, 45.6, 37600, 1.20240074797207, 0.623961247586632, 0, 0, 0, 0.549408701227598, 0.675822240277001, -0.126413539049402, 46.1498181818183, 47.214688172043, 46.8040243902439, 46.8040243902439
3/2/2017, 45.51, 45.51, 45.08, 45.23, 12433, 1.20910900734358, 0.275260275751202, 0, 0, 0, 0.424131286994317, 0.625484049620464, -0.201352762626147, 45.6187272727274, 47.0660215053763, 46.7425435540069, 46.7425435540069
3/3/2017, 45.23, 45.36, 45.03, 45.36, 2731, 1.18173722182634, 0.552092647448279, 0, 0, 0, 0.331516432116452, 0.566690526119662, -0.23517409400321, 45.2205454545456, 46.9401505376344, 46.6969878183832, 46.6969878183832
3/6/2017, 45.25, 45.27, 44.98, 45.25, 16664, 1.16736840581084, 0.559072616080394, 0, 0, 0, 0.24640204231622, 0.502632829358973, -0.256230787042754, 44.9600000000001, 46.7903225806451, 46.6442283298097, 46.6442283298097
3/7/2017, 45.11, 45.31, 44.89, 45.08, 38627, 1.15976595707173, 0.681575702653732, 0, 0, 0, 0.163347725038939, 0.434775808494966, -0.271428083456027, 44.866181818182, 46.6038279569892, 46.5797575757576, 46.5797575757576
3/8/2017, 45.07, 45.07, 44.78, 44.87, 21226, 1.14036409354923, 0.387389467333958, 0, 0, 0, 0.0796630294508773, 0.363753252686149, -0.284090223235271, 44.7767272727274, 46.4456344086022, 46.5013236714976, 46.5013236714976
3/9/2017, 44.93, 45.07, 44.71, 44.98, 8196, 1.12071431822313, 0.491763061127485, 0, 0, 0, 0.0219651849935545, 0.29539563914763, -0.273430454154075, 44.6680000000001, 46.3180215053764, 46.437243293247, 46.437243293247
3/10/2017, 44.7, 44.98, 44.63, 44.85, 14191, 1.10678357930864, 0.241279354110887, 0, 0, 0, -0.0338603647663831, 0.229544438364827, -0.26340480313121, 44.629090909091, 46.1470322580645, 46.3664361702128, 46.3664361702128
3/13/2017, 44.89, 45.06, 44.67, 44.81, 12483, 1.095900052564, -0.0428791878939444, 0, 0, 0, -0.080403341190646, 0.167554882453733, -0.247958223644379, 44.6714545454546, 45.9598064516129, 46.2968282312925, 46.2968282312925
3/14/2017, 44.72, 44.84, 44.53, 44.82, 65274, 1.07545553966138, 0.00256089352791538, 0, 0, 0, -0.115154637919737, 0.111012978379039, -0.226167616298776, 44.7160000000001, 45.7455053763441, 46.2323102040816, 46.2323102040816
3/15/2017, 44.97, 45.43, 44.85, 45.37, 16526, 1.07652240298087, 0.345942487361349, 0, 0, 0, -0.0971944899106774, 0.0693714847210955, -0.166565974631773, 44.9174545454546, 45.6168602150537, 46.2144, 46.2144
3/16/2017, 45.49, 45.79, 45.48, 45.6, 13929, 1.06359057789649, 0.365384048085808, 0.768538055645591, 0, 0, -0.0636679410157086, 0.0427635995737347, -0.106431540589443, 45.1369090909092, 45.5045161290322, 46.2147360482655, 46.2147360482655
3/17/2017, 45.63, 45.81, 45.63, 45.73, 5599, 1.03049953716326, 0.179898770774558, 0.642785945548446, 0, 0, -0.0263047709012412, 0.0289499254787395, -0.0552546963799807, 45.407090909091, 45.4211182795699, 46.2243178519594, 46.2243178519594
3/20/2017, 45.64, 45.74, 45.61, 45.68, 55211, 0.994275539464801, -0.0250082641379927, 0.664233668776161, 0, 0, -0.000720466442317047, 0.0230158470945282, -0.0237363135368452, 45.6178181818183, 45.3544516129032, 46.2291823899371, 46.2291823899371
3/21/2017, 45.84, 46.08, 44.97, 45, 26310, 1.08216847356921, -0.714770530497847, 0.388259854226027, 0, 0, -0.0349125872629088, 0.0114301602230408, -0.0463427474859496, 45.5361818181819, 45.191935483871, 46.18432996633, 46.18432996633
3/22/2017, 45, 45.27, 44.83, 45.27, 5322, 1.07052578407519, -0.722185872219679, 0.619242030889445, 0, 0, -0.0397649601307393, 0.00119113615228478, -0.040956096283024, 45.5101818181819, 45.057376344086, 46.1609935064935, 46.1609935064935
3/23/2017, 45.3, 45.54, 45.29, 45.44, 191548, 1.04290420626826, -0.644946706264536, 0.605650455364044, 0, 0, -0.0295522612650174, -0.00495754333117566, -0.0245947179338418, 45.543090909091, 44.9538279569893, 46.150545112782, 46.150545112782
3/24/2017, 45.39, 45.76, 45.35, 45.52, 17413, 1.03405291687584, -0.626984830963577, 0.636039868414599, 0, 0, -0.0148323147318692, -0.00693249761131437, -0.00789981712055482, 45.5525454545456, 44.8893333333333, 46.145849969752, 46.145849969752
3/27/2017, 44.98, 45.59, 44.92, 45.5, 11916, 1.05640844697536, -0.957185461244704, 0.722687337571005, 0, 0, -0.00472600545682411, -0.00649119918041632, 0.00176519372359221, 45.5105454545456, 44.8431182795699, 46.1397603740503, 46.1397603740503
3/28/2017, 45.6, 45.76, 45.4, 45.62, 9216, 1.04040454012516, -1.30146509962383, 0.675013728720457, 0, 0, 0.0128185503051839, -0.00262924928329628, 0.0154477995884801, 45.4743636363638, 44.8518064516129, 46.1416440677966, 46.1416440677966
3/29/2017, 45.45, 45.47, 45.33, 45.41, 1449, 1.02488642071095, -1.23132768990633, 0.967841737106628, 0, 0, 0.0096660677790652, -0.000170185870823986, 0.00983625364988919, 45.4320000000001, 44.8577634408602, 46.1294644808743, 46.1294644808743
3/30/2017, 45.44, 45.65, 45.44, 45.57, 5220, 0.996556676459514, -0.639388871025261, 1.00611827221007, 0, 0, 0.0198495522069777, 0.00383376174473635, 0.0160157904622414, 45.4887272727274, 44.8944946236559, 46.127921734532, 46.127921734532
3/31/2017, 45.52, 45.57, 45.39, 45.5, 4936, 0.967965568328507, -0.824649616505128, 0.858156232209008, 0, 0, 0.0220178143404581, 0.00747057226388071, 0.0145472420765774, 45.5489090909092, 44.9327096774194, 46.12178187404, 46.12178187404
4/3/2017, 45.51, 45.51, 44.79, 45, 5855, 1.00978470424444, -1.13193112227924, 0.62757607403574, 0, 0, -0.0164203599349193, 0.00269238582412071, -0.01911274575904, 45.4389090909092, 44.9492903225806, 46.0847123015873, 46.0847123015873
4/4/2017, 44.9, 44.93, 44.81, 44.92, 2111, 0.982152629262015, -0.884511615026549, 0.620180800418028, 0, 0, -0.0527303784135142, -0.00839216702340628, -0.044338211390108, 45.2023636363638, 45.009376344086, 46.0445, 46.0445
4/5/2017, 45, 45.02, 44.21, 44.24, 9541, 1.03893266955532, -0.965189739612985, -0.0626919260582479, 0, 0, -0.134822496840748, -0.0336782329868746, -0.101144263853873, 44.7892727272728, 44.9778279569893, 45.9652867132868, 45.9652867132868
4/6/2017, 44.31, 44.83, 44.31, 44.64, 4375, 1.04422630457148, -0.3998646743808, -0.0151244514625253, 0, 0, -0.165694413023445, -0.0600814689941887, -0.105612944029256, 44.6045454545456, 44.9517419354839, 45.9136861148802, 45.9136861148802
4/7/2017, 44.74, 44.78, 44.59, 44.59, 4374, 1.01443258856845, -0.529465785854614, 0.124503057662418, 0, 0, -0.191982160311618, -0.0864616072576745, -0.105520553053943, 44.4621818181819, 44.9423870967742, 45.8616198419667, 45.8616198419667
4/10/2017, 44.59, 44.78, 44.54, 44.54, 6429, 0.991734882533766, -0.488669492353812, 0.154718258877391, 0, 0, -0.214378746815896, -0.112045035169319, -0.102333711646577, 44.3492727272728, 44.939182795699, 45.8091304347827, 45.8091304347827
4/11/2017, 44.41, 44.44, 44.16, 44.44, 2044, 0.987022459150568, -0.442088645416908, 0.274238910836053, 0, 0, -0.237460075309947, -0.137128043197445, -0.100332032112503, 44.2781818181819, 44.9033763440861, 45.7534202898551, 45.7534202898551
4/12/2017, 44.25, 44.25, 43.96, 44.02, 7860, 1.00113844117262, -0.57764897120421, -0.0516519284784164, 0, 0, -0.286341913015427, -0.166970817161041, -0.119371095854386, 44.0843636363637, 44.7904516129032, 45.6768048289739, 45.6768048289739
4/13/2017, 44.16, 44.3, 43.78, 43.78, 7151, 1.01568315375509, -0.819402011192263, -0.120621632996829, 0, 0, -0.340521792550881, -0.201681012239009, -0.138840780311872, 43.9154545454546, 44.6326021505377, 45.5905281690141, 45.5905281690141
4/17/2017, 43.7, 44.05, 43.7, 44.05, 8999, 0.99871232798701, -0.527972592868133, -0.146043860934827, 0, 0, -0.357551364351579, -0.232855082661523, -0.124696281690056, 43.9234545454546, 44.5270322580646, 45.5229490106546, 45.5229490106546
4/18/2017, 44.01, 44.04, 43.98, 43.99, 9233, 0.958027145838518, -0.542106539720502, -0.381778696029505, 0, 0, -0.371605286823915, -0.260605123494001, -0.111000163329913, 43.8898181818182, 44.4149677419355, 45.4552313957794, 45.4552313957794
4/19/2017, 44, 44.17, 43.92, 43.93, 5083, 0.93982320596778, -0.590286293642854, -0.378021519138646, 0, 0, -0.383167701446695, -0.28511763908454, -0.0980500623621547, 43.8745454545455, 44.2920860215054, 45.3873945945947, 45.3873945945947
4/20/2017, 43.97, 44.29, 43.97, 44.21, 11124, 0.927892145809915, -0.815127161861039, -0.217334214989825, 0, 0, -0.365523807473693, -0.301198872762371, -0.0643249347113223, 43.8740000000001, 44.1981505376345, 45.3372315789474, 45.3372315789474
4/21/2017, 44.31, 44.31, 44.15, 44.15, 7570, 0.900815541969276, -1.04228418389225, -0.326779811016013, 0, 0, -0.352321055130481, -0.311423309235993, -0.0408977458944886, 43.9343636363637, 44.1081935483871, 45.2861756664389, 45.2861756664389
4/24/2017, 44.66, 44.95, 44.62, 44.95, 4822, 0.929531832459319, -0.462387779519355, -0.175315158424843, 0, 0, -0.274144299817358, -0.303967507352266, 0.0298232075349076, 44.2878181818183, 44.1164301075269, 45.278101898102, 45.278101898102
4/25/2017, 45.19, 45.28, 45.15, 45.15, 5150, 0.915688440212493, -0.304668789580677, -0.224880137674524, 0, 0, -0.193816137679526, -0.281937233417718, 0.0881210957381915, 44.6807272727274, 44.1467311827957, 45.2803894839339, 45.2803894839339
4/26/2017, 45.01, 45.32, 45.01, 45.02, 4132, 0.906845100440124, 0.0299637112275768, -0.527359991882228, 0, 0, -0.139042607370058, -0.253358308208186, 0.114315700838128, 44.9754545454547, 44.1590107526882, 45.2760632911393, 45.2760632911393
4/27/2017, 44.9, 45.14, 44.9, 45.11, 11058, 0.886385681683078, -0.0921244224107515, -0.614183599349073, 0, 0, -0.0873648544795103, -0.220159617462451, 0.132794762982941, 45.1856363636365, 44.2180860215054, 45.2762870370371, 45.2762870370371
4/28/2017, 44.82, 45.02, 44.82, 44.99, 22403, 0.876541791413369, -0.290008244626354, -0.682373018442177, 0, 0, -0.055453625240709, -0.187218419018102, 0.131764793777394, 45.2469090909092, 44.2789462365592, 45.2706323396568, 45.2706323396568
5/1/2017, 44.91, 45.15, 44.81, 45.09, 7944, 0.868570291326305, -0.275500760783524, -0.659329121960489, 0, 0, -0.0218427917887638, -0.154143293572235, 0.132300501783471, 45.3307272727274, 44.3650967741936, 45.269955921246, 45.269955921246
5/2/2017, 45.09, 45.1, 44.92, 45.02, 4279, 0.846415875479963, -0.309521168442213, -0.925668182068303, 0, 0, -0.000844642596625533, -0.123483563377113, 0.122638920780487, 45.3216363636365, 44.4431612903226, 45.2659466437178, 45.2659466437178
5/3/2017, 44.89, 45.1, 44.71, 44.88, 5972, 0.850052597557989, -0.486840386692338, -1.28364203270691, 0, 0, 0.00444843318178556, -0.0978971640653332, 0.102345597247119, 45.1960000000001, 44.4623870967742, 45.2555070028012, 45.2555070028012
5/4/2017, 44.77, 45.23, 44.77, 44.81, 4316, 0.860139311526052, -0.396061977965025, -1.17020860843078, 0, 0, 0.00296068989499787, -0.077725593273267, 0.0806862831682649, 45.0503636363638, 44.4915053763441, 45.2422106703147, 45.2422106703147
5/5/2017, 44.72, 45.25, 44.72, 45.25, 3775, 0.867750285569243, -0.192853489743637, -0.56660312383344, 0, 0, 0.036861054101692, -0.0548082637982752, 0.0916693178999673, 45.0120000000001, 44.590752688172, 45.2495188452286, 45.2495188452286
5/8/2017, 45.27, 45.27, 44.99, 45.12, 5849, 0.857766298778986, -0.23210089325658, -0.714686908509487, 0, 0, 0.0526307291456831, -0.0333204652094835, 0.0859511943551667, 45.0287272727274, 44.680064516129, 45.2506217345873, 45.2506217345873
5/9/2017, 45.1, 45.57, 45.1, 45.54, 12533, 0.858965626501152, 0.376774275553193, -0.489642672084359, 0, 0, 0.0978903807710694, -0.00707829601337296, 0.104968676784442, 45.2212727272728, 44.8239139784946, 45.2704111338101, 45.2704111338101
5/10/2017, 45.33, 45.57, 45.24, 45.57, 2308, 0.851688169833648, 0.45145339417106, -0.247073554191761, 0, 0, 0.13462782428644, 0.0212629280465896, 0.11336489623985, 45.3769090909092, 44.979311827957, 45.2907191011237, 45.2907191011237
5/11/2017, 45.64, 45.64, 45.2, 45.43, 5210, 0.860023297476411, 0.924580228186257, -0.0648106418107212, 0, 0, 0.15070841023968, 0.0471520244852078, 0.103556385754473, 45.4721818181819, 45.1032688172043, 45.304087912088, 45.304087912088
5/12/2017, 45.35, 45.35, 45.03, 45.18, 4346, 0.865810435682507, 0.433495951525093, -0.00444256880754047, 0, 0, 0.141646665214552, 0.0660509526310765, 0.0755957125834751, 45.4396363636365, 45.2060430107527, 45.2860830280831, 45.306098901099
5/15/2017, 45.59, 45.95, 45.59, 45.8, 9717, 0.895446500216789, 0.868519636679424, 0.23770588690288, 0, 0, 0.182391489879031, 0.0893190600806674, 0.0930724297983633, 45.6309090909092, 45.3853333333333, 45.3043321123322, 45.3345161290324
5/16/2017, 45.72, 45.88, 45.58, 45.88, 50193, 0.881884856678999, 0.962173112398866, 0.331153138166684, 0, 0, 0.218617304190175, 0.115178708902569, 0.103438595287606, 45.797090909091, 45.5395053763441, 45.3226691086692, 45.3652230610845
5/17/2017, 45.41, 45.43, 44.5, 44.52, 11566, 1.01837002163546, 0.0632356942101457, -0.206287769178524, 0, 0, 0.136017958659714, 0.119346558853998, 0.0166713998057161, 45.4185454545456, 45.5101075268817, 45.2800170940172, 45.3378006718926
5/18/2017, 44.05, 44.27, 43.74, 44.09, 7950, 1.06534229292471, 0.0583995378412635, -0.296060031181593, 0, 0, 0.0354513151967026, 0.102567510122539, -0.0671161949258363, 44.8970909090911, 45.3833978494624, 45.2111282051283, 45.2935131578948
5/19/2017, 44.25, 44.52, 44.22, 44.35, 27696, 1.0546199461172, 0.319281390030077, -0.231320181578875, 0, 0, -0.0230034774332566, 0.0774533126113798, -0.100456790044636, 44.5927272727274, 45.317311827957, 45.1577997557998, 45.2614497422681
5/22/2017, 44.62, 45.25, 44.62, 45.24, 4146, 1.08164842793508, 0.587932323619775, 0.178326987755314, 0, 0, 0.00245790700120097, 0.0624542314893441, -0.0599963244881431, 44.6189090909092, 45.362688172043, 45.1430818070819, 45.2666358089628
5/23/2017, 45.25, 45.26, 44.93, 44.96, 13978, 1.07066472721961, 0.480864929060963, 0.0865340699721327, 0, 0, 4.20924469892725E-05, 0.0499718036808731, -0.0499297112338838, 44.6258181818183, 45.3650107526882, 45.1100683760684, 45.2603525046383
5/24/2017, 44.86, 44.95, 44.68, 44.95, 11328, 1.04850348896561, 0.505206247708869, 0.078898389193332, 0, 0, -0.00264884023733458, 0.0394476748972316, -0.0420965151345662, 44.6669090909092, 45.356688172043, 45.0810427350428, 45.2538606060607
5/25/2017, 45.13, 45.19, 45.03, 45.14, 6688, 1.01846965524045, 0.462126026048186, -0.0601142797799468, 0, 0, 0.0104297605397647, 0.0336440920257382, -0.0232143314859735, 44.7794545454547, 45.3411827956989, 45.0415970695971, 45.2550514851486
5/26/2017, 45.02, 45.31, 45.02, 45.24, 2100, 0.99745875830407, 0.537750024103125, -0.110356469567496, 0.463869696480675, 0, 0.0285348778376076, 0.0326222491881121, -0.00408737135050452, 44.8923636363638, 45.3151397849462, 45.0063980463981, 45.2600757134537
5/30/2017, 45.4, 45.45, 45.2, 45.22, 4612, 0.975647556709251, 0.157826747258321, -0.16832947156268, 0.330692694816292, 0, 0.0407991734089848, 0.0342576340322866, 0.00654153937669814, 45.119090909091, 45.2951397849462, 44.9752820512821, 45.2641290691034
5/31/2017, 45.15, 45.34, 44.79, 45.23, 13580, 0.987460609964023, 0.0623732131734628, -0.145263370745566, 0.36190073571069, 0, 0.0507407249431608, 0.0375542522144615, 0.0131864727286994, 45.3969090909092, 45.2648602150538, 44.9440097680098, 45.2684017923824
6/1/2017, 46.14, 47.01, 46, 47.01, 129399, 1.09188898573153, 0.772224693408014, 0.683053201357344, 0.770412832125459, 0, 0.199945749934969, 0.0700325517585629, 0.129913198176406, 46.053090909091, 45.4484301075269, 44.9879658119659, 45.3399890109891
6/2/2017, 47.22, 47.3, 47.07, 47.23, 5372, 1.06316358581997, 0.817293065653146, 0.664296008294875, 0.907408514839639, 0, 0.332115547293967, 0.122449150865644, 0.209666396428323, 46.5634545454547, 45.6587096774194, 45.0607228327229, 45.4174501347709
6/5/2017, 47.23, 47.44, 47.19, 47.34, 6249, 1.03406327313822, 0.905747515483528, 0.643515839358891, 0.882797105895061, 0, 0.440657519044819, 0.186090824501479, 0.254566694543341, 46.9925454545456, 45.8594623655914, 45.142695970696, 45.4964415447012
6/6/2017, 47.18, 47.75, 47.18, 47.5, 9571, 1.03905110700727, 0.925441820155505, 0.667219559464741, 0.92057611416389, 0, 0.533439320057077, 0.255560523612599, 0.277878796444479, 47.4918181818183, 46.1132688172043, 45.2213137973139, 45.5787383177571
6/7/2017, 47.54, 47.57, 47.1, 47.24, 4382, 1.04227733284722, 0.852486109668486, 0.589816244974455, 0.917691065916004, 0, 0.57931179298626, 0.320310777487331, 0.259001015498929, 47.7220000000001, 46.3309677419355, 45.2835995115996, 45.6488583078492
6/8/2017, 47.17, 47.64, 47.06, 47.64, 6676, 1.04272296690843, 1.0487411692704, 0.672169586868533, 0.949062137945798, 0, 0.640558752768541, 0.384360372543573, 0.256198380224968, 47.9640000000002, 46.5772688172043, 45.35294993895, 45.7311843202669
6/9/2017, 47.68, 47.88, 46.05, 46.47, 35340, 1.21242857835898, 0.598670261944055, 0.355443827019521, 0.865212168467956, 0, 0.587911114389783, 0.425070520912815, 0.162840593476968, 47.6930909090911, 46.6642150537635, 45.375728937729, 45.7688992628993
6/12/2017, 46.36, 46.48, 45.67, 46.41, 15946, 1.24056190981523, 0.429139679492141, 0.288979871425053, 0.83535674138245, 0, 0.535176798117078, 0.447091776353668, 0.0880850217634105, 47.3489090909092, 46.7267741935484, 45.3924444444445, 45.8032528957529
6/13/2017, 46.47, 46.91, 46.46, 46.8, 6930, 1.2221315026239, 0.603663714322095, 0.424278610552032, 0.85286719185224, 0, 0.518872968580155, 0.461448014798965, 0.0574249537811897, 47.0716363636365, 46.8363225806452, 45.4318632478633, 45.8502354614413
6/14/2017, 46.97, 46.97, 46.26, 46.5, 3110, 1.24485949691739, 0.358296915980995, 0.491351440734386, 0.772072358856172, 0, 0.476254606765409, 0.464409333192254, 0.0118452735731548, 46.6065454545456, 46.8921075268817, 45.4668913308914, 45.8852445272474
6/15/2017, 46.13, 46.45, 45.91, 46.39, 124940, 1.24901203441099, 0.310597225609469, 0.48303725024938, 0.760971751861079, 0, 0.428661820651115, 0.457259830684026, -0.028598010032911, 46.390181818182, 46.9150537634409, 45.4943980463981, 45.9153257055683
6/16/2017, 46.47, 46.7, 46.45, 46.54, 9693, 1.21604178905263, 0.409636459983761, 0.756588946727813, 0.564956256317793, 0, 0.398454802235058, 0.445498824994232, -0.0470440227591745, 46.3034545454547, 46.942623655914, 45.5255555555556, 45.9495952023989
6/19/2017, 46.76, 47.1, 46.76, 47.1, 8083, 1.20095234860688, 0.67852577930236, 0.794619799197277, 0.623542650332271, 0, 0.414919904020373, 0.439383040799461, -0.024463136779088, 46.4698181818183, 47.0594193548387, 45.5841172161173, 46.0018479221928
6/20/2017, 46.91, 46.91, 46.62, 46.62, 3126, 1.20413154951555, 0.308291124187698, 0.658322933994906, 0.6031360808031, 0, 0.384800882296382, 0.428466609098845, -0.0436657268024629, 46.5154545454547, 47.0947096774194, 45.6307960927961, 46.0362943647689
6/21/2017, 46.65, 46.87, 46.57, 46.61, 3632, 1.17635233204235, 0.277769858344296, 0.67119349783025, 0.63153325451518, 0, 0.356020442116083, 0.413977375702293, -0.0579569335862093, 46.5536363636365, 47.1470537634409, 45.6832844932845, 46.0693362768837
6/22/2017, 46.53, 46.95, 46.51, 46.8, 6608, 1.16000626253567, 0.915470741599991, 0.759698717031745, 0.774842712847107, 0, 0.344571146338176, 0.400096129829469, -0.0555249834912937, 46.7718181818184, 47.2186021505376, 45.7561221001221, 46.1076638655462
6/23/2017, 47.33, 47.46, 47.26, 47.34, 7333, 1.15914403110131, 1.30534351186782, 1.05435930204359, 0.816531345319555, 0, 0.374751086724856, 0.395027121208547, -0.0202760344836903, 46.9883636363638, 47.3413978494624, 45.8586642246642, 46.1626019283746
6/26/2017, 47.54, 47.54, 46.92, 47.17, 5854, 1.17087522812633, 1.12973688305866, 1.08280646043192, 0.795887114137119, 0, 0.380564417948328, 0.392134580556503, -0.011570162608175, 47.0867272727275, 47.4136344086021, 45.9541367521367, 46.2103549654518
6/27/2017, 47.02, 47.02, 46.4, 46.4, 13887, 1.21376455355998, 0.48037642421183, 0.746360766072952, 0.520592964270857, 0, 0.319357604314881, 0.377579185308179, -0.0582215809932977, 46.9556363636366, 47.4166666666667, 46.0166886446886, 46.2317512994802
6/28/2017, 46.53, 46.98, 46.53, 46.95, 21791, 1.20133634762351, 0.796392419654917, 0.917720102166813, 0.533864756180813, 0, 0.311638789025821, 0.364391106051707, -0.0527523170258861, 46.9763636363639, 47.4909462365591, 46.1148424908425, 46.2701521111985
6/29/2017, 46.83, 46.83, 45.75, 45.97, 11462, 1.29611930487008, 0.400436411382868, 0.627124831411875, 0.311929247755537, 0, 0.223863206801916, 0.336285526201749, -0.112422319399833, 46.6120000000003, 47.343311827957, 46.1834676434676, 46.2761832258065
6/30/2017, 46.08, 46.2, 45.84, 45.84, 4527, 1.27407229979568, 0.283993768990223, 0.508559556816759, 0.300596018530204, 0, 0.142171645722762, 0.297462750105951, -0.15529110438319, 46.2556363636366, 47.1411612903226, 46.2397582417582, 46.2778742857143
7/3/2017, 46.01, 46.03, 45.83, 45.83, 3143, 1.23245255316391, 0.243920809546796, 0.523502768127218, 0.25281425802019, 0, 0.0757503754103439, 0.25312027516683, -0.177369899756486, 46.0460000000003, 46.9437849462366, 46.2747912087912, 46.2791438570179
7/5/2017, 45.82, 46.03, 45.71, 46, 9116, 1.20128555404189, 0.312061198357712, 0.345102165800077, 0.178797591743478, 0, 0.0364089200326987, 0.209778004140004, -0.173369084107305, 45.8683636363639, 46.8177634408602, 46.3214945054945, 46.2856102362205
7/6/2017, 45.72, 45.72, 45.44, 45.44, 3471, 1.21690534136511, 0.105546296696446, 0.122173786635963, -0.0291601755394686, 0, -0.0395014386823647, 0.15992211557553, -0.199423554257895, 45.5290909090912, 46.5971182795699, 46.3439584859585, 46.2745457848837
7/7/2017, 45.66, 46.3, 45.66, 46.28, 56140, 1.2279898395862, -0.279293449350374, 0.392672153423642, 0.0353817066985784, 0, -0.0315166605966439, 0.121634360341095, -0.153151020937739, 45.5818181818185, 46.4792903225807, 46.3928937728938, 46.2894669051879
7/10/2017, 46.4, 46.6, 46.34, 46.54, 2251, 1.19445211188755, -0.260473169120432, 0.438212412829728, 0.0285606687134675, 0, -0.00416087536598297, 0.0964753131996796, -0.100636188565663, 45.8607272727276, 46.3985376344086, 46.4415213675214, 46.3118414562537
7/11/2017, 46.57, 46.72, 46.51, 46.68, 2706, 1.15381986338656, -0.247055953489177, 0.510963367155893, 0.0514517163794182, 0, 0.0284872284513824, 0.0828776962500201, -0.0543904677986377, 46.1976363636367, 46.333182795699, 46.4873577533578, 46.3377931991673
7/12/2017, 46.92, 47, 46.73, 46.73, 5330, 1.12919528486497, -0.292652248176437, 0.496310423025952, 0.051446828443621, 0, 0.0577301903772209, 0.0778481950754603, -0.0201180046982394, 46.4245454545458, 46.2635483870968, 46.5372063492064, 46.3645044429255
7/13/2017, 46.95, 46.98, 46.81, 46.81, 4346, 1.09760587222075, -0.15320516669247, 0.538291450632565, -0.0469341015598974, 0, 0.0863652153575529, 0.0795515991318788, 0.0068136162256741, 46.7710909090913, 46.1949892473119, 46.5871037851038, 46.3928414319381
7/14/2017, 46.65, 46.72, 46.54, 46.62, 4684, 1.0759327399125, -0.403684477929784, 0.525779340395507, -0.22632319675639, 0, 0.0926591498537377, 0.0821731092762506, 0.0104860405774871, 46.8636363636367, 46.2107956989248, 46.6237753357754, 46.4147794361526
7/17/2017, 46.64, 46.64, 46.44, 46.52, 9780, 1.04582943073913, 0.0464645835184787, 0.518159824355359, -0.168591739808436, 0, 0.0885571424093996, 0.0834499159028804, 0.00510722650651919, 46.8601818181822, 46.2310967741936, 46.6502808302808, 46.4331666666667
7/18/2017, 46.2, 46.39, 46.2, 46.35, 3805, 1.03170196034704, -0.00688316919292936, 0.347696516770287, 0.018508602653467, 0, 0.0707728671477739, 0.0809145061518591, -0.0101416390040852, 46.7589090909095, 46.2417419354839, 46.670590964591, 46.4460830828682
7/19/2017, 46.64, 47.19, 46.64, 47.14, 6540, 1.05278779314767, 0.178122301240699, 0.591544467453728, 0.164613692936099, 0, 0.119052732773021, 0.0885421514760915, 0.0305105812969294, 46.9361818181822, 46.3696774193549, 46.7215409035409, 46.4814312916535
7/20/2017, 47.09, 47.14, 46.88, 47.05, 6443, 1.02969172668506, 0.276931049581487, 0.452557202377385, 0.146040207607385, 0, 0.148342624840964, 0.100502246149066, 0.0478403786918983, 46.9081818181822, 46.471182795699, 46.7659902319902, 46.5132540923783
7/21/2017, 47.04, 47.21, 46.98, 47.11, 2752, 1.00137223420729, 0.35616264453887, 0.460351667899717, 0.279249508681481, 0, 0.174386356519946, 0.115279068223242, 0.0591072882967041, 46.9810909090913, 46.6081935483871, 46.8116434676435, 46.5459342240493
7/24/2017, 47.14, 47.49, 47.1, 47.49, 2639, 0.984752867042116, 0.455618789132878, 0.599606659058819, 0.494540797313125, 0, 0.223117071008943, 0.136846668780382, 0.0862704022285607, 47.1920000000005, 46.7188387096775, 46.8844517704518, 46.5884893617021
7/25/2017, 47.55, 47.88, 47.45, 47.88, 4649, 0.972799038701725, 0.380193240691163, 0.772297117114904, 0.675832342215926, 0, 0.289864872149799, 0.167450309454266, 0.122414562695534, 47.5138181818187, 46.8683870967743, 46.9778656898657, 46.6408870242733
7/26/2017, 47.56, 47.62, 47.28, 47.28, 12799, 0.999338770608855, 0.325029682150328, 0.440382822143775, 0.500170846133253, 0, 0.290993606694336, 0.19215896890228, 0.0988346377920563, 47.5729090909096, 46.9583225806452, 47.0462710622711, 46.6752221018418
7/27/2017, 47.27, 47.34, 46.36, 46.59, 3502, 1.06860485556273, 0.0157306829853313, 0.230411289477822, 0.362056923541211, 0, 0.233519041375175, 0.200430983396859, 0.033088057978316, 47.3796363636368, 46.9376129032259, 47.0822686202686, 46.6895658508159
7/28/2017, 46.55, 46.55, 46.38, 46.5, 5272, 1.03972011203514, -0.107365127011185, 0.618102207087185, 0.382074047005553, 0, 0.178648438445627, 0.196074474406612, -0.0174260359609852, 47.1292727272732, 46.8975698924732, 47.0985543345544, 46.7010316091954
7/31/2017, 46.64, 46.64, 46.3, 46.37, 2093, 1.02716488999681, -0.413458171503416, 0.716010753550897, 0.402610515265028, 0, 0.123252399814838, 0.181510059488258, -0.0582576596734195, 46.8205454545459, 46.8503225806452, 47.1140586080587, 46.7086159659896
8/1/2017, 46.36, 46.75, 46.36, 46.74, 17886, 1.00980218553048, -0.166695012999264, 0.742402491157282, 0.461099852339753, 0, 0.107962028809922, 0.16680045335259, -0.0588384245426684, 46.6138181818187, 46.8884516129033, 47.1487081807082, 46.7259966452335
8/2/2017, 46.75, 46.75, 46.07, 46.15, 18690, 1.04524911038158, -0.091720867480909, 0.308726463645444, 0.352662037486139, 0, 0.0476865298310258, 0.142977668648278, -0.0952911388172517, 46.3400000000005, 46.8220430107528, 47.1583931623932, 46.7270187534473
8/3/2017, 46.18, 46.37, 46.14, 46.19, 3281, 1.01702390391653, -0.337588618831862, 0.406899374902719, 0.371521655789227, 0, 0.00310958299763087, 0.115004051518148, -0.111894468520517, 46.1160000000005, 46.7630752688173, 47.1689206349207, 46.7290313803737
8/4/2017, 46.42, 46.42, 45.92, 45.94, 4975, 1.02584931249041, 0.00425054772807296, 0.334550406369278, 0.310579920932017, 0, -0.0517938321339102, 0.0816444747877365, -0.133438306921647, 45.864545454546, 46.6877634408603, 47.1706813186814, 46.7242979865772
8/7/2017, 45.9, 46.18, 45.9, 46.05, 239999, 1.0026306524434, 0.132807690829713, 0.309777047515883, 0.206657662648613, 0, -0.0854441564434296, 0.0482267485415033, -0.133670904984933, 45.7909090909097, 46.6679569892474, 47.1723492063493, 46.7225245033113
8/8/2017, 45.87, 46.18, 45.85, 45.87, 12297, 0.992208076471939, 0.0417539531374728, 0.225573601491022, 0.109953290967356, 0, -0.125193622424469, 0.0135426743483089, -0.138736296772778, 45.811636363637, 46.6223010752689, 47.1692356532357, 46.7160177762287
8/9/2017, 45.82, 45.82, 45.32, 45.44, 59451, 1.01203686717384, -0.273133791769095, 0.102523074644759, -0.0217496126847459, 0, -0.189211652780848, -0.0270081910775225, -0.162203461703326, 45.6734545454551, 46.4791397849463, 47.1455506715507, 46.6984029927761
8/10/2017, 45.25, 45.29, 44.44, 44.48, 10603, 1.09459549195505, -0.452106693796968, -0.179795495522928, -0.230948165758805, 0, -0.313793167700737, -0.0843651864021655, -0.229427981298572, 45.1660000000006, 46.2570322580646, 47.0688351648353, 46.6562838468721
8/11/2017, 44.42, 44.87, 44.42, 44.72, 9817, 1.08459810170064, -0.815009976392066, -0.726486014531091, -0.0188116148055133, 0, -0.388678478048789, -0.14522784473149, -0.243450633317298, 44.8385454545461, 46.0159784946237, 47.0012136752137, 46.6212392124005
8/14/2017, 45, 45.54, 45, 45.51, 8057, 1.10257230834212, -0.479321150154336, -0.510801579705917, 0.103016237218502, 0, -0.379899977859388, -0.19216227135707, -0.187737706502318, 44.8550909090915, 45.874559139785, 46.95315995116, 46.6071240694789
8/15/2017, 45.57, 45.57, 45.22, 45.22, 12000, 1.09286073562621, -0.687602746380901, -0.63718111105129, -0.00250009881559782, 0, -0.391826794202629, -0.232095175926182, -0.159731618276447, 44.8923636363643, 45.697806451613, 46.9003882783883, 46.5859129511677
8/16/2017, 45.16, 45.61, 45.16, 45.35, 4979, 1.08485566354502, -0.645436129483125, -0.644864385216689, 0.00908988471487406, 0, -0.386335532999148, -0.262943247340775, -0.123392285658373, 44.9394545454552, 45.5528172043012, 46.8517631257632, 46.5684076433121
8/17/2017, 45.2, 45.29, 44.61, 44.62, 7010, 1.13039655142712, -0.993717265932186, -0.783325189177268, -0.151670178951413, 0, -0.43586419692236, -0.297527437257092, -0.138336759665268, 44.7860000000006, 45.2820645161291, 46.7695604395605, 46.5329376641987
8/18/2017, 44.52, 44.75, 44.42, 44.75, 2125, 1.1076285903563, -0.842476701769002, -0.869846837382618, -0.148824653585419, 0, -0.45933122196849, -0.329888194199372, -0.129443027769119, 44.7130909090915, 45.0890967741936, 46.6907594627595, 46.5014410377358
8/21/2017, 44.16, 44.38, 44.16, 44.38, 2869, 1.12749122234164, -0.962940504522827, -0.670323540146075, -0.185971514020191, 0, -0.501998193477924, -0.364310194055082, -0.137687999422842, 44.5992727272734, 44.8763870967743, 46.5862246642247, 46.461424689441
8/22/2017, 44.65, 44.94, 44.65, 44.93, 22512, 1.12032400234022, -0.601859234426954, -0.452149957575777, -0.0944956733051859, 0, -0.485831311401526, -0.388614417524371, -0.0972168938771552, 44.7305454545461, 44.7567311827958, 46.5001343101343, 46.4357717966414
8/23/2017, 44.71, 44.97, 44.69, 44.97, 2630, 1.09449298541002, -0.998659881889623, -0.569893301234638, -0.0698538089400477, 0, -0.464437528448215, -0.40377903970914, -0.0606584887390754, 44.8409090909098, 44.6567741935485, 46.4209499389499, 46.4116109975006
8/24/2017, 45, 45.18, 45, 45.17, 2912, 1.05841005260558, -0.853126735508965, -0.406026298349187, 0.0874103221355242, 0, -0.426428866266001, -0.408309005020512, -0.0181198612454888, 44.8540000000007, 44.5988817204302, 46.3485006105006, 46.3927929073769
8/25/2017, 45.29, 45.32, 45.11, 45.23, 1659, 1.02737039514447, -0.851924642823225, -0.350120302667877, 0.119141346298476, 0, -0.387004086878051, -0.40404802139202, 0.0170439345139691, 44.8981818181825, 44.5465161290323, 46.2764761904762, 46.3757893569845
8/28/2017, 45.22, 45.26, 45.15, 45.19, 2515, 0.989036619246852, -1.06839829491289, -0.413104086995195, 0.267997431480352, 0, -0.354896307165234, -0.394217678546663, 0.0393213713814288, 45.058727272728, 44.4913763440861, 46.2079731379732, 46.3581496896678
8/29/2017, 44.86, 45.16, 44.73, 45.16, 2883, 0.991138985442361, -1.29696703435344, -0.617144615341759, 0.168343463160921, 0, -0.328089399331368, -0.380992022703604, 0.0529026233722355, 45.1683636363643, 44.4296774193549, 46.1361074481075, 46.3401305822091
8/30/2017, 45.2, 45.65, 45.17, 45.63, 4786, 0.985576260211443, -0.771991512643135, -0.297877835421711, 0.286457650559289, 0, -0.265855048187099, -0.357964627800303, 0.0921095796132039, 45.4696363636371, 44.4879569892474, 46.1018241758242, 46.3336120615911
8/31/2017, 45.59, 45.64, 45.36, 45.52, 6079, 0.969315740680487, -0.523420545136799, -0.33153614744644, 0.273067302691601, 0, -0.222841182781337, -0.33093993879651, 0.108098756015172, 45.5716363636371, 44.5360215053764, 46.0666788766788, 46.3246020005635
9/1/2017, 45.85, 45.95, 45.76, 45.95, 3977, 0.959022630902872, -0.249687377362452, -0.246664796147249, 0.392161427458036, 0, -0.152299365921763, -0.295211824221561, 0.142912458299797, 45.7990909090917, 44.6525161290323, 46.0471697191697, 46.3258350156631
9/5/2017, 45.67, 45.74, 45.14, 45.26, 7104, 1.01444399901652, -0.503035604096465, -0.647089382976262, 0.332490178437471, 0, -0.150338690422991, -0.266237197461847, 0.115898507038855, 45.648727272728, 44.7142795698925, 45.998818070818, 46.3109205366357
9/6/2017, 45.33, 45.33, 45.06, 45.24, 5663, 0.993988696412759, -0.699638202004744, -0.599914458954475, 0.384285088561251, 0, -0.148684728816562, -0.24272670373279, 0.0940419749162278, 45.5534545454553, 44.8138924731183, 45.9468156288156, 46.2958166734666
9/7/2017, 45.08, 45.08, 44.91, 45.04, 132364, 0.985116478561892, -0.534113781471316, -0.431084216154663, 0.276206891967326, 0, -0.161648893041537, -0.226511141594539, 0.0648622485530021, 45.3801818181826, 44.8651612903226, 45.8881098901099, 46.2763792176368
9/8/2017, 44.76, 44.88, 44.76, 44.88, 613, 0.970391352154773, -0.634625666716776, -0.6835789411773, 0.253642886675271, 0, -0.182727381901088, -0.217754389655849, 0.0350270077547607, 45.187818181819, 44.8645806451613, 45.8208913308913, 46.253637632051
9/11/2017, 45.37, 45.41, 45.35, 45.35, 1549, 0.970752054916668, -0.26472705002204, -0.193450740525596, 0.372696210767563, 0, -0.159666626655422, -0.206136837055764, 0.0464702104003414, 45.1856363636372, 44.9286666666667, 45.7712087912088, 46.2420361247947
9/12/2017, 45.46, 45.59, 45.46, 45.57, 1271, 0.944095356724761, -0.209088613768866, -0.0667068647987042, 0.357507065178319, 0, -0.122229663124998, -0.189355402269611, 0.067125739144613, 45.2449090909099, 45.0194193548387, 45.729242979243, 46.2356253246753
9/13/2017, 45.43, 45.52, 45.42, 45.42, 3769, 0.916365128481946, -0.195627454632043, -0.11708698272702, 0.33763672842128, 0, -0.103471590123959, -0.17217863984048, 0.0687070497165209, 45.2256363636372, 45.1209677419355, 45.6899413919414, 46.22593605547
9/14/2017, 45.21, 45.21, 45.21, 45.21, 363, 0.897815503845775, -0.0918843636652332, -0.253792726499456, 0.107938375886271, 0, -0.104348067514891, -0.158612525375363, 0.0542644578604712, 45.2136363636372, 45.1650537634408, 45.6384468864469, 46.2117069764489
9/15/2017, 45.25, 45.7, 45.25, 45.7, 3757, 0.89739008714276, 0.693535029491534, 0.124358883231293, 0.173071425500573, 0, -0.0647572954705851, -0.139841479394407, 0.075084183923822, 45.371818181819, 45.2800430107527, 45.6176385836386, 46.2086510576863
9/18/2017, 45.88, 46.1, 45.88, 46.08, 1405, 0.888893025896331, 0.758410177610936, -0.0448711979895159, 0.287309506922209, 0, -0.00268751913421283, -0.112410687342368, 0.109723168208155, 45.7374545454554, 45.4297419354839, 45.6139902319902, 46.214052141527
9/19/2017, 46.04, 46.08, 45.88, 45.94, 6613, 0.86878931435868, 0.271763463348363, -0.193732496851563, 0.235578781400847, 0, 0.0348051833416889, -0.0829675132055568, 0.117772696547246, 45.9096363636372, 45.5681075268817, 45.6007374847375, 46.2162406384285
9/20/2017, 46.01, 46.01, 45.62, 45.81, 2532, 0.870259158405498, 0.371987684971657, -0.294207274560232, 0.233828508602929, 0, 0.053412797152248, -0.0556914511339958, 0.109104248286244, 45.995818181819, 45.678688172043, 45.575873015873, 46.2155151478356
9/21/2017, 45.69, 45.8, 45.65, 45.66, 3232, 0.846982992646257, 0.203700074420398, -0.368565032439311, 0.177432886568689, 0, 0.0554169071502315, -0.0334697794771504, 0.0888866866273819, 45.9590909090918, 45.7419569892473, 45.557768009768, 46.2115114393803
9/22/2017, 45.85, 45.97, 45.85, 45.97, 3862, 0.832925413791966, 0.914068255496719, -0.279438705743554, 0.262312495611748, 0, 0.0810848918250073, -0.0105588452167188, 0.0916437370417262, 45.9636363636372, 45.7791397849462, 45.555094017094, 46.2142824899026
9/25/2017, 45.73, 45.82, 45.23, 45.42, 13682, 0.882322813923731, 0.435531616938279, -0.407209852315415, 0.170601551763229, 0, 0.0563964480023884, 0.00283221342710261, 0.0535642345752858, 45.8127272727281, 45.7529247311827, 45.4980903540903, 46.2051198589894
9/26/2017, 45.5, 45.62, 45.32, 45.34, 4127, 0.872769014071351, 0.63755505278413, -0.40084132378644, 0.168549202465303, 0, 0.0300291891897757, 0.00827160857963723, 0.0217575806101385, 45.6743636363645, 45.7647096774193, 45.4273748473749, 46.1943923278117
9/27/2017, 45.61, 46.18, 45.61, 46.14, 7539, 0.905781962355771, 0.74496318648209, -0.0419250145241962, 0.245292882774243, 0, 0.0728465312689011, 0.02118659311749, 0.0516599381514111, 45.79490909091, 45.8597634408602, 45.3964908424908, 46.2009108159393
9/28/2017, 45.88, 45.88, 45.83, 45.84, 1124, 0.899937625565893, 0.532025423972777, -0.435625795719259, 0.208489793323611, 0, 0.0816310980685699, 0.033275494107706, 0.048355603960864, 45.7305454545463, 45.9194838709677, 45.3709597069597, 46.2009216065536
9/29/2017, 45.85, 46.13, 45.85, 46.13, 1253, 0.880998996708075, 0.578805785528027, -0.296656986667832, 0.179017116782745, 0, 0.110717227634467, 0.0487638408130582, 0.0619533868214088, 45.8300000000009, 45.9641720430107, 45.3514432234432, 46.2070330969267
10/2/2017, 46.38, 46.66, 46.38, 46.66, 2160, 0.884236166571717, 0.818424769305306, -0.125237521902385, 0.285970427926684, 0, 0.174522973275742, 0.073915667305595, 0.100607305970147, 46.1650909090918, 46.0750322580644, 45.3540146520146, 46.2241403508772
10/3/2017, 46.85, 46.85, 46.48, 46.61, 2058, 0.880616531980787, 0.813396871993184, -0.276304359810411, 0.306080379935189, 0, 0.218535760051374, 0.102839685854751, 0.115696074196623, 46.4232727272736, 46.1425591397849, 45.35736996337, 46.2398699366217
10/4/2017, 46.67, 46.72, 46.55, 46.66, 4189, 0.853906123614301, 0.859010928844077, -0.397314061781229, 0.372358768031364, 0, 0.254516880629993, 0.133175124809799, 0.121341755820193, 46.6361818181827, 46.2387096774193, 45.3640561660562, 46.2563318062827
10/5/2017, 46.76, 46.78, 46.63, 46.75, 939, 0.825691908908045, 0.660014558364481, -0.160941348350208, 0.25668992782127, 0, 0.28698622717301, 0.163937345282441, 0.123048881890569, 46.8038181818191, 46.3377849462365, 45.3731916971917, 46.2743356001727
10/6/2017, 46.72, 47.08, 46.65, 47.04, 1711, 0.825277251368592, 0.883804409350616, 0.195586718044317, 0.301155187574269, 0, 0.332288578713289, 0.197607591968611, 0.134680986744678, 47.0741818181827, 46.475505376344, 45.394105006105, 46.2979584423909
10/9/2017, 46.96, 46.96, 46.93, 46.95, 1644, 0.797230879854305, 0.597494153745729, 0.195909578982022, 0.608955406253504, 0, 0.356815622470343, 0.229449198068957, 0.127366424401386, 47.1450909090919, 46.5937419354838, 45.4493137973138, 46.3192957969865
10/10/2017, 47.02, 47.02, 46.74, 46.74, 3308, 0.790725081700934, 0.964116819404735, 0.16649743690371, 0.666724930144789, 0, 0.355213555642159, 0.254602069583598, 0.100611486058561, 47.044000000001, 46.671569892473, 45.5002759462759, 46.3359570905285
10/11/2017, 46.58, 46.58, 46.58, 46.58, 415, 0.77094387725991, 0.869301455126808, -0.0311278767988804, 0.568181048932579, 0, 0.337146824587116, 0.271111020584301, 0.0660358040028144, 46.9712727272737, 46.7170967741935, 45.5470476190477, 46.3490614316793
10/12/2017, 46.36, 46.48, 46.32, 46.4, 3893, 0.763255118806643, 0.887792637094833, 0.124430003623346, 0.320692670988023, 0, 0.304790874904818, 0.277846991448405, 0.0269438834564131, 46.7523636363646, 46.7619569892472, 45.5900634920635, 46.3582864174743
10/13/2017, 46.39, 46.49, 46.39, 46.44, 1255, 0.735234402174781, 1.02725625741494, 0.124346818381501, 0.398190152332775, 0, 0.279158254784448, 0.278109244115613, 0.00104901066883512, 46.5747272727283, 46.7995913978494, 45.629855921856, 46.3681305517487
10/16/2017, 46.17, 46.17, 46.06, 46.06, 1020, 0.745485700285431, 0.476985874355082, 0.0744699370310216, 0.310286017045058, 0, 0.225581036686904, 0.267603602629872, -0.0420225659429673, 46.3549090909101, 46.8117419354838, 45.6625128205129, 46.3702010050252
10/17/2017, 46.11, 46.15, 45.94, 46.03, 9555, 0.731484201333687, 0.316446232347294, 0.0204727710412112, 0.257674918979872, 0, 0.178640697303507, 0.249811021564599, -0.0711703242610916, 46.1474545454556, 46.773376344086, 45.6690158730159, 46.3716194029851
10/18/2017, 46.18, 46.18, 45.95, 46.15, 7427, 0.718021817941931, 0.494754525854201, 0.136321074642764, 0.26189457469556, 0.355351162612846, 0.149400936278866, 0.229729004507452, -0.0803280682285862, 46.0230909090919, 46.7439354838709, 45.6797533577534, 46.3753632825969
10/19/2017, 45.96, 46.24, 45.73, 46.12, 8906, 0.737854977300936, 0.621407829692651, 0.295706473482754, 0.259635347247828, 0.291925753482068, 0.122396554435873, 0.208262514493136, -0.085865960057263, 45.9341818181828, 46.6914838709677, 45.6980366300367, 46.3784329122568
10/20/2017, 46.39, 46.64, 46.39, 46.56, 4576, 0.75017993933555, 0.588668351287889, 0.909190222921663, 0.358846851822653, 0.359294221998915, 0.13494415778468, 0.193598843151445, -0.0586546853667648, 46.0896363636374, 46.6772258064516, 45.7293846153847, 46.3900362213851
10/23/2017, 46.56, 46.77, 46.45, 46.52, 56699, 0.747677538191961, 0.315789794773241, 0.790920669963153, -0.0826075806329418, 0.355631643591981, 0.140046192798309, 0.182888313080818, -0.0428421202825092, 46.2394545454556, 46.6783870967741, 45.7564957264957, 46.4006432329029
10/24/2017, 46.71, 46.94, 46.71, 46.84, 5324, 0.750274575637394, 0.620737947704863, 0.611192735350378, -0.0563347219148687, 0.437475522132276, 0.167974611195902, 0.179905572703835, -0.0119309615079328, 46.4812727272738, 46.7272688172042, 45.8008327228327, 46.4172488752072
10/25/2017, 46.39, 46.52, 46.24, 46.28, 2799, 0.786208255546948, 0.314804397762443, 0.48669894514891, -0.223927009172796, 0.340514968244793, 0.143269245425408, 0.172578307248149, -0.0293090618227413, 46.4921818181829, 46.6869032258064, 45.8329157509158, 46.4227592514422
10/26/2017, 46.15, 46.29, 46.13, 46.24, 8188, 0.764844986232204, 0.387105630657539, 0.412563988221349, -0.27411347675105, 0.335531324065947, 0.119089608477857, 0.161880567494091, -0.0427909590162338, 46.4696363636374, 46.6219139784946, 45.8531843711844, 46.4273899108138
10/27/2017, 46.3, 46.3, 46.14, 46.14, 754, 0.745516050177898, 0.126637080044978, 0.73061190405702, -0.235501481986329, 0.353473363796561, 0.0908110939636444, 0.147666672788002, -0.0568555788243573, 46.4292727272738, 46.5702580645161, 45.869137973138, 46.4300142620537
10/30/2017, 46.14, 46.22, 45.95, 46.16, 7455, 0.737179484996703, 0.533188662602329, 0.679044924591041, -0.332039304037338, 0.324669091908709, 0.0692161199828476, 0.131976562226971, -0.0627604422441233, 46.3361818181829, 46.5436344086021, 45.8905323565324, 46.4329555707451
10/31/2017, 46.38, 46.45, 46.26, 46.43, 51104, 0.727477811244356, 0.769545090625683, 0.989715279268932, 0.029845291720157, 0.469523596737652, 0.0730466546704491, 0.120190580715667, -0.0471439260452174, 46.3249090909102, 46.5414193548387, 45.9361978021979, 46.4409352290679
11/1/2017, 46.69, 46.85, 46.25, 46.41, 8948, 0.756042987228435, 0.233051662549438, 0.738213566917324, 0.0404838494726075, 0.458924753126016, 0.0736199037314478, 0.110876445318823, -0.037256541587375, 46.3089090909102, 46.5248387096773, 45.977877899878, 46.448387731378
11/2/2017, 45.72, 45.72, 45.36, 45.4, 223794, 0.849858089986962, -0.269363432272019, 0.213904108361087, -0.322767751771955, 0.288803238945706, -0.00733974334305998, 0.0872332075864462, -0.0945729509295062, 45.9238181818193, 46.3662365591397, 45.9588547008548, 46.4367765081053
11/3/2017, 45.77, 46, 45.52, 46, 8539, 0.862051726546471, -0.0612123726029456, 0.376791067242681, -0.0863283640906164, 0.358685390075791, -0.0228227746026519, 0.0652220111486266, -0.0880447857512785, 45.8732727272739, 46.3061075268816, 45.9790134310135, 46.4365249440569
11/6/2017, 46.09, 46.26, 45.91, 46.24, 5663, 0.852544559906592, -0.247741676351974, 0.4498647496353, 0.00377797385428826, 0.396041431055904, -0.0155479669045846, 0.0490680155379844, -0.064615982442569, 45.928181818183, 46.239569892473, 45.9885811965813, 46.4407137578788
11/7/2017, 46.16, 46.16, 45.91, 45.91, 1315, 0.85167888101888, -0.417599988296769, 0.326614298645105, -0.118933083481437, 0.230162458014591, -0.0359959327604642, 0.0320552258782947, -0.0680511586387589, 45.9483636363648, 46.1205376344085, 45.9806373626375, 46.4387196382429
11/8/2017, 46, 46.49, 46, 46.41, 6539, 0.862864653225555, -0.12874155759355, 0.535772984636801, -0.132688418734745, 0.254788498218422, -0.0117201688838904, 0.0233001469258577, -0.035020315809748, 46.0800000000012, 46.1146021505375, 45.994275946276, 46.4459348864995
11/9/2017, 45.66, 45.76, 45.6, 45.69, 1698, 0.921279735793129, -0.562073157475274, 0.0514327730662618, -0.193949688857625, 0.213069197215084, -0.0500030300189565, 0.00863951153689483, -0.0586425415558513, 45.9478181818194, 45.995569892473, 45.979794871795, 46.4398359616117
11/10/2017, 45.52, 45.94, 45.52, 45.94, 3949, 0.916164727295791, -0.582493696664471, 0.193960490932952, -0.126902787696876, 0.259817079183274, -0.0594838695975, -0.00498516468998412, -0.0544987049075158, 45.9120000000012, 45.9285591397848, 45.9640244200245, 46.4383725021993
11/13/2017, 45.82, 46.13, 45.8, 46.13, 3316, 0.902540151601349, -0.425302072147783, 0.0989591447028616, -0.126201829017306, 0.332131482286382, -0.0510773038017973, -0.0142035925123468, -0.0368737112894506, 45.9567272727285, 45.9222150537633, 45.9748595848597, 46.4403615608137
11/14/2017, 46.15, 46.39, 46.15, 46.31, 2881, 0.882152198957065, -0.213381536190227, 0.463048163530353, -0.217480056710393, 0.311738865147143, -0.0295499111834872, -0.0172728562465748, -0.0122770549369123, 46.1192727272739, 45.9387956989246, 45.9994505494507, 46.4455524475525
11/15/2017, 45.9, 46.24, 45.9, 46.12, 2273, 0.885946333846848, -0.230197787479489, 0.391933858797748, -0.223467851055586, 0.298403948041417, -0.0275036644177646, -0.0193190178808128, -0.00818464653695183, 46.2187272727285, 45.9365376344085, 46.019015873016, 46.447228812523
11/16/2017, 46.67, 47.04, 46.67, 47.03, 4554, 0.923173563069654, 0.328108357759976, 0.802679415605873, 0.200688972702793, 0.364929347124455, 0.0470055450359297, -0.00605410529746431, 0.053059650333394, 46.4463636363649, 46.0592258064515, 46.0798803418805, 46.4651480628611
11/17/2017, 46.92, 47.37, 46.92, 47.37, 7445, 0.918218493510819, 0.467467008134851, 0.992944195560567, 0.14741594696022, 0.346550471936736, 0.131968537684422, 0.0215504232989129, 0.110418114385509, 46.8225454545467, 46.2425806451611, 46.157164835165, 46.4888284753363
11/20/2017, 47.35, 47.84, 47.35, 47.79, 3088, 0.915907293068155, 0.856208504119103, 0.968523364040856, 0.511227237542648, 0.405050997572462, 0.23053534346105, 0.0633474073313403, 0.167187936129709, 47.3170909090922, 46.4710967741934, 46.248175824176, 46.5195738095238
11/21/2017, 48.29, 48.57, 48.29, 48.34, 3680, 0.940890547350864, 1.10612472860008, 1.07192344021626, 0.67923246858185, 0.478798136115126, 0.34900750931498, 0.120479427728068, 0.228528081586912, 47.8510909090922, 46.7499784946235, 46.3601489621491, 46.5595390363815
11/22/2017, 48.4, 48.52, 48.4, 48.47, 873, 0.910016847658216, 1.10791499046416, 1.1811170905579, 0.713934599338666, 0.470134824355403, 0.448220659094382, 0.186027674001331, 0.262192985093051, 48.3974545454558, 47.0243655913977, 46.4726935286937, 46.6011566800515
11/24/2017, 48.5, 48.6, 48.5, 48.6, 1948, 0.875577999499878, 1.18360532661939, 1.31783690518563, 0.701878001875959, 0.426215213047997, 0.531214201980305, 0.255064979597126, 0.276149222383179, 48.7323636363649, 47.2910537634407, 46.6069230769232, 46.6443936934848
11/27/2017, 48.58, 48.69, 48.56, 48.62, 4860, 0.844825920133882, 0.995014033655337, 1.14826362140368, 0.863240900571756, 0.389083904588147, 0.591779351512237, 0.322407853980148, 0.269371497532089, 48.9654545454558, 47.5487526881719, 46.7389572649574, 46.687300620547
11/28/2017, 48.8, 49.12, 48.8, 49.12, 6453, 0.845310757839248, 1.22658198613727, 1.17780473783076, 0.776596752551033, 0.377303034472897, 0.672372795145371, 0.392400842213193, 0.279971952932178, 49.2630909090922, 47.8304946236558, 46.8930305250307, 46.7382130244921
11/29/2017, 49.29, 49.29, 48.75, 48.98, 2936, 0.860465112368532, 1.01139650449844, 1.1814932184419, 0.672658688080105, 0.325631883537583, 0.716685347334916, 0.457257743237537, 0.259427604097379, 49.3852727272739, 48.0727311827956, 47.0479560439562, 46.7859164313947
11/30/2017, 48.75, 48.97, 48.69, 48.84, 4557, 0.849473835864458, 1.26678983952931, 1.18093448245627, 0.599861177812803, 0.304330906073617, 0.732067713325762, 0.512219737255182, 0.219847976070579, 49.2754545454558, 48.2861720430106, 47.2043369963372, 46.8304724585759
12/1/2017, 48.82, 48.82, 47.65, 48.51, 67764, 0.935145063624802, 1.11030274503171, 1.11042537471743, 0.501110104109601, 0.259264727063951, 0.70945198624365, 0.551666187052876, 0.157785799190774, 49.085272727274, 48.4383870967741, 47.3322564102565, 46.8686865472843
12/4/2017, 48.35, 48.49, 47.97, 47.97, 5670, 0.954673601930731, 0.873503927660036, 0.776005348876323, 0.33960748411035, 0.133619363469893, 0.640571265752037, 0.569447202792708, 0.0711240629593288, 48.6958181818194, 48.5359999999999, 47.4203369963371, 46.8970980521624
12/5/2017, 47.98, 48.1, 47.73, 47.73, 1632, 0.950259963343523, 0.747418805053252, 0.916873142787976, 0.327871245252241, 0.0341385046039436, 0.560159632708725, 0.567589688775911, -0.00743005606718639, 48.2747272727285, 48.5913978494622, 47.4949157509159, 46.920989634479
12/6/2017, 47.49, 47.69, 47.36, 47.45, 3028, 0.947062437257471, 0.490789493970461, 0.838071943867451, 0.281854039000925, 0.0436811359857895, 0.468439297615433, 0.547759610543816, -0.0793203129283829, 47.8701818181831, 48.6247956989246, 47.5534652014654, 46.9397706455103
12/7/2017, 47.7, 47.89, 47.66, 47.89, 5187, 0.937381645760569, 0.68928453873657, 0.713318310045794, 0.436946240898746, 0.218675345639601, 0.426340011743306, 0.523475690783714, -0.0971356790404074, 47.6921818181831, 48.6727526881719, 47.638678876679, 46.9656640205964
12/8/2017, 48.1, 48.3, 48.05, 48.05, 3917, 0.930211168880332, 1.40862692532232, 0.902102005818608, 0.276671961848796, 0.216849206617606, 0.401261197892005, 0.499032792205372, -0.0977715943133673, 47.6270909090922, 48.7279569892471, 47.716932844933, 46.9938393078751
12/11/2017, 48.25, 48.46, 48.25, 48.46, 660, 0.918526915630726, 1.32671572227404, 0.93850435495648, 0.403674322334013, 0.266876726663795, 0.409746330083813, 0.48117549978106, -0.0714291696972474, 47.7376363636377, 48.8168387096773, 47.8126056166058, 47.0284286769101
12/12/2017, 48.47, 48.47, 48.35, 48.35, 2143, 0.88699531778473, 1.13646484668656, 0.696461096478196, 0.359949324624207, 0.316926646244346, 0.402949823053639, 0.465530364435576, -0.0625805413819371, 47.9189090909104, 48.8781290322579, 47.8962515262516, 47.0606631799163
12/13/2017, 48.97, 49.01, 48.86, 48.99, 3184, 0.898998008453707, 1.62878517174081, 0.941272460192348, 0.420093985030196, 0.458572012617953, 0.44408703466187, 0.461241698480835, -0.0171546638189653, 48.3352727272741, 49.0244946236558, 48.008551892552, 47.1030086445367
12/14/2017, 48.65, 48.71, 48.52, 48.52, 1702, 0.910754674617472, 1.10044844984042, 0.732120092598748, 0.202591563728642, 0.449588028975513, 0.433763345355935, 0.455746027855855, -0.02198268249992, 48.5607272727286, 49.0933763440859, 48.0941538461539, 47.1369678680429
12/15/2017, 48.49, 48.88, 48.22, 48.71, 3734, 0.929589939885399, 1.73920759148522, 0.766878659133876, 0.407061778652393, 0.455521069001659, 0.435888507918463, 0.451774523868377, -0.0158860159499134, 48.8032727272741, 49.1054193548386, 48.1765641025642, 47.1735373941435
12/18/2017, 49.13, 49.13, 48.93, 48.98, 11329, 0.92111697985355, 1.74086234471467, 0.755815232305205, 0.664712573333493, 0.501317209020083, 0.454124592456971, 0.452244537586095, 0.00188005487087539, 49.0201818181832, 49.1703655913977, 48.2470476190477, 47.2139776023747
12/19/2017, 48.89, 49.2, 48.89, 49.2, 3873, 0.902652320926129, 1.74964550888526, 0.870451841318144, 0.744362265446062, 0.549039567292522, 0.480786771597323, 0.457952984388341, 0.0228337872089821, 49.2100000000014, 49.2599999999999, 48.3291843711845, 47.2574024757444
12/20/2017, 49.17, 49.17, 48.59, 48.88, 3560, 0.925531290509151, 1.43126754488325, 0.830397869315135, 0.69600764401378, 0.537964968619246, 0.470669826233241, 0.460496352757321, 0.01017347347592, 49.1530909090923, 49.2679354838709, 48.411606837607, 47.2949945246392
12/21/2017, 49.01, 49.09, 48.98, 48.99, 2113, 0.898713431436679, 1.62015151723089, 0.934728710408537, 0.627313271013714, 0.536816442239703, 0.466154614609152, 0.461628005127687, 0.0045266094814651, 49.1441818181833, 49.3039999999999, 48.4899242979244, 47.3338089595471
12/22/2017, 48.83, 48.85, 48.83, 48.85, 699, 0.872601278521572, 1.14536275515419, 0.954184673340067, 0.758898975005748, 0.537007823375234, 0.446136661175927, 0.458529736337335, -0.0123930751614079, 49.0589090909106, 49.2576559139784, 48.5622490842492, 47.3697992033434
12/26/2017, 48.68, 48.68, 48.43, 48.43, 938, 0.879521863163119, 0.65796835247386, 0.772606120254546, 0.634958125249335, 0.49116904525055, 0.391864627447042, 0.445196714559277, -0.0533320871122348, 48.8669090909106, 49.1543010752687, 48.5974285714287, 47.3985270112709
12/27/2017, 48.41, 48.68, 48.41, 48.68, 703, 0.858986886633944, 0.561641624143026, 1.02008033847598, 0.768696924623179, 0.519248935658408, 0.364821129483424, 0.429121597544106, -0.0643004680606821, 48.7409090909106, 49.0792688172042, 48.6436336996339, 47.4308212048193
12/28/2017, 48.61, 48.61, 48.56, 48.56, 403, 0.830409957975151, 0.157205208495972, 0.986033276428555, 0.70723265949071, 0.436302391848152, 0.329903048406692, 0.409277887716623, -0.0793748393099315, 48.6834545454561, 48.9845591397849, 48.6734920634922, 47.4607330677291
12/29/2017, 48.2, 48.48, 48.17, 48.48, 1042, 0.830414030142527, 0.0224695625488535, 0.90917829875504, 0.73654681617584, 0.397691283303835, 0.292404232196638, 0.385903156612626, -0.0934989244159881, 48.5278181818197, 48.8525161290322, 48.7090134310136, 47.488938531588
1/2/2018, 48.39, 48.72, 48.39, 48.72, 3654, 0.818874149676605, 0.0923295787153789, 1.00738457002619, 0.922892612538417, 0.409638917902219, 0.278837874969994, 0.3644901002841, -0.0856522253141055, 48.4952727272743, 48.7963655913978, 48.7533137973139, 47.5205169709518
1/3/2018, 48.81, 48.81, 48.8, 48.8, 537, 0.785876457861312, 0.130189679359195, 0.876492393482571, 1.26116173976611, 0.425469880610674, 0.271413089393917, 0.345874698106063, -0.0744616087121464, 48.5438181818197, 48.762129032258, 48.8028083028085, 47.5528937785939
1/4/2018, 49.26, 49.3, 49.11, 49.16, 3233, 0.791969743418438, 0.0415432661807662, 1.01917757320755, 1.2848992592273, 0.557746856173824, 0.291220871755748, 0.334943932836, -0.0437230610802526, 48.770545454547, 48.7923440860214, 48.8667130647132, 47.5904381658175
1/5/2018, 49.34, 49.44, 49.22, 49.39, 72349, 0.777213422901962, 0.278097179323219, 0.982942703421942, 1.14056733665836, 0.550294212001531, 0.321768611534885, 0.332308868575777, -0.0105402570408919, 49.0149090909107, 48.879569892473, 48.9369035409037, 47.6310318627451
1/8/2018, 49.28, 50.01, 49.28, 50.01, 5461, 0.802184411303169, 0.718324329543104, 1.4362077198553, 1.38550534265836, 0.598801464209335, 0.39149383658652, 0.344145862177926, 0.0473479744085938, 49.4676363636379, 49.0473548387096, 49.0304517704519, 47.6806794139105
1/9/2018, 50.08, 50.08, 49.59, 49.59, 4841, 0.817934670070738, 0.661644021775756, 1.28002596019954, 1.22541511293318, 0.53850612195537, 0.408156120184401, 0.356947913779221, 0.0512082064051801, 49.6916363636379, 49.1605806451612, 49.1125323565325, 47.7231300334811
1/10/2018, 49.32, 49.49, 49.27, 49.36, 9790, 0.813073567146829, 0.897305519500504, 1.23106699885595, 1.41036393971208, 0.513795747002767, 0.398211685736193, 0.365200668170615, 0.0330110175655777, 49.7118181818198, 49.239569892473, 49.1792136752138, 47.7614369519021
1/11/2018, 49.56, 49.92, 49.56, 49.92, 3753, 0.819844665678067, 1.36609960439452, 1.40427673273617, 1.51083923158093, 0.561978696475863, 0.43055480192934, 0.37827149492236, 0.0522833070069794, 49.9247272727288, 49.4181720430106, 49.2771159951161, 47.8078019008019
1/12/2018, 50.4, 50.55, 50.35, 50.52, 5644, 0.831953947448865, 1.87652951522051, 1.49209815612954, 1.77988467933283, 0.655364629727191, 0.498851490662673, 0.402387494070423, 0.0964639965922504, 50.2532727272743, 49.6584086021504, 49.3830036630038, 47.8626976127321
1/16/2018, 50.66, 50.66, 49.85, 49.99, 10996, 0.879751905458308, 1.23355255325204, 1.29059396177234, 1.47075171224135, 0.572861783907379, 0.504396172825111, 0.422789229821361, 0.08160694300375, 50.2758181818198, 49.8121290322579, 49.4614261294263, 47.9087584452049
1/17/2018, 50.24, 50.51, 50.1, 50.49, 3764, 0.878983122720692, 1.3870521919718, 1.97375927784425, 1.58193687034082, 0.637022681728878, 0.542878232378868, 0.446807030332862, 0.0960712020460061, 50.4367272727289, 49.9998709677418, 49.5537802197804, 47.9617705279656
1/18/2018, 50.43, 50.43, 50.32, 50.32, 1440, 0.854746919174471, 1.06637781909802, 1.69820885971614, 1.47651215360053, 0.683086534968321, 0.553280094053427, 0.468101643076975, 0.0851784509764522, 50.4583636363652, 50.1172688172041, 49.6311550671552, 48.0114828897338
1/19/2018, 50.18, 50.33, 50.18, 50.27, 3919, 0.827736656539017, 1.10536615727287, 1.58384848845992, 1.44502922150758, 0.687642448142119, 0.551135910532878, 0.484708496568156, 0.0664274139647222, 50.4518181818198, 50.1971612903224, 49.7128034188035, 48.0597590051458
1/22/2018, 50.24, 50.24, 49.83, 49.99, 2926, 0.834763065373187, 0.604284536941211, 1.62013348980366, 1.37773887104505, 0.7475436424982, 0.520839061215838, 0.491934609497692, 0.0289044517181459, 50.3340000000016, 50.2064731182794, 49.7834969474971, 48.1031706625053
1/23/2018, 50.05, 50.23, 50.05, 50.17, 2235, 0.814098372655079, 1.03578509756522, 1.50540186519284, 1.43388241349821, 0.717673544617621, 0.505525699942197, 0.494652827586593, 0.0108728723556039, 50.369636363638, 50.2515698924729, 49.8554871794873, 48.1486778744614
1/24/2018, 50.19, 50.27, 49.66, 49.81, 5680, 0.840215811851035, 0.678834085842915, 1.73264644833948, 1.20297812393929, 0.681408791567939, 0.45904912686521, 0.487532087442317, -0.0284829605771065, 50.1881818181835, 50.2469462365589, 49.9035946275948, 48.1882005701828
1/25/2018, 50.02, 50.02, 49.63, 49.65, 14716, 0.840052207631119, 0.420788666683248, 1.55822559745359, 1.19170004882383, 0.669105630308632, 0.404640995515834, 0.47095386905702, -0.0663128735411863, 49.8934545454562, 50.2379999999998, 49.9522271062272, 48.2248069133884
1/26/2018, 50.04, 50.26, 50.04, 50.24, 4522, 0.849386196326449, 0.611369968186685, 1.67918522339837, 1.21896555916488, 0.747541721526367, 0.404467775848758, 0.457656650415368, -0.0531888745666097, 49.898727272729, 50.2889032258062, 50.0322002442004, 48.2696356877323
1/29/2018, 50.24, 50.4, 50.12, 50.14, 6229, 0.836448033072772, 0.753821574463394, 1.56264676175929, 1.42236855309327, 0.792836238579154, 0.391745535074286, 0.444474427347151, -0.0527288922728658, 49.9720000000017, 50.3575913978492, 50.1016434676436, 48.3123845838458
1/30/2018, 49.79, 50.47, 49.79, 50.47, 3039, 0.856796694261053, 0.868817484807039, 1.77255800309899, 1.51349817776605, 0.862198878674028, 0.403638417258684, 0.436307225329458, -0.0326688080707743, 50.0740000000017, 50.4293978494621, 50.1795457875459, 48.3565272652726
1/31/2018, 50.14, 50.38, 50.14, 50.34, 10807, 0.848835969435589, 0.877674220087332, 1.42635066372982, 1.54078273623895, 0.812377623129182, 0.397985964072575, 0.428642973078081, -0.0306570090055063, 50.2049090909108, 50.4847956989245, 50.2450183150184, 48.4016085827525
2/1/2018, 49.98, 50.74, 49.98, 50.69, 4317, 0.875791725514267, 1.36426624777562, 1.42160366057913, 1.68107168236554, 0.85928672075417, 0.416942179222232, 0.426302814306912, -0.00936063508467921, 50.4309090909108, 50.5920860215051, 50.3292503052504, 48.4506005193385
2/2/2018, 50.62, 50.99, 50.59, 50.59, 3015, 0.87318024190556, 1.15288534365389, 1.21034962264107, 1.5237324288763, 0.855700913215969, 0.419065228935239, 0.424855297232577, -0.00579006829733841, 50.5921818181835, 50.6903225806449, 50.3934310134311, 48.4975030750307
2/5/2018, 49.87, 50.2, 48.39, 48.39, 18801, 1.09455422641253, -0.0347418452980975, 0.0486240319790653, 0.743033819486951, 0.535977742729416, 0.240454339349306, 0.387975105655923, -0.147520766306617, 49.9200000000017, 50.4791182795697, 50.3558803418805, 48.5090884242176
2/6/2018, 48.03, 49.91, 47.6, 49.78, 36801, 1.24281247620123, 0.456228629732223, 0.415191898593834, 1.06239728355496, 0.683355613981596, 0.208660003185408, 0.35211208516182, -0.143452081976412, 49.8512727272745, 50.4547741935482, 50.3946324786326, 48.5422533825338
2/7/2018, 49.89, 50.28, 49.58, 49.95, 10472, 1.24672361986051, 0.432122000375492, 0.425472207960337, 1.15338346718355, 0.610587183826547, 0.194933272536353, 0.320676322636726, -0.125743050100373, 49.7905454545472, 50.4375698924729, 50.4314822954824, 48.5774448544485
2/8/2018, 49.97, 49.97, 48.57, 48.57, 7773, 1.3621608517898, -0.0346341394601106, 0.0245327113507486, 0.696176056575783, 0.429783437464848, 0.0718717796057788, 0.270915414030537, -0.199043634424758, 49.2134545454563, 50.2101720430105, 50.4114432234433, 48.5901093344266
2/9/2018, 49.02, 49.36, 47.72, 49.08, 8467, 1.44768021480968, 0.0110247242742781, 0.0273848560222786, 0.717897260718315, 0.498517158988977, 0.0153207890806186, 0.219796489040553, -0.204475699959935, 48.9894545454563, 50.0632473118277, 50.4236874236875, 48.6116676233429
2/12/2018, 49.41, 50.01, 49.28, 49.68, 2430, 1.45228538034855, 0.11928004065958, 0.224036869937414, 0.874348062521925, 0.549837122895178, 0.0187031094488717, 0.179577813122217, -0.160874703673345, 49.0160000000018, 49.9818709677417, 50.4592747252749, 48.6356457564575
2/13/2018, 49.74, 50.2, 49.52, 50.16, 7185, 1.4342516110632, 0.0782556216629794, 0.385216643059232, 1.0027229949689, 0.612675713626232, 0.0594305329915414, 0.155548357096082, -0.0961178241045405, 49.2994545454563, 49.9488387096772, 50.5147057387059, 48.6666046193795
2/14/2018, 49.99, 51.04, 49.99, 50.98, 11802, 1.44360450706912, 0.428856518560001, 0.674862850387516, 1.19502570757868, 0.681468972989188, 0.156075317442443, 0.155653749165354, 0.000421568277089224, 49.8570909090927, 50.0250107526879, 50.6054163614165, 48.7112226322263
2/15/2018, 51.59, 51.88, 51.14, 51.88, 7040, 1.43437181730657, 0.730041762830569, 1.03369676437193, 1.29139384556447, 0.774660385817826, 0.301810401357621, 0.184885079603807, 0.116925321753813, 50.7607272727291, 50.2061290322578, 50.7388131868133, 48.768709033757
2/16/2018, 51.32, 51.72, 51.32, 51.46, 3946, 1.42818595778802, 0.459305704120241, 0.99049893809177, 1.3372924405335, 0.747920960374461, 0.379046602130394, 0.223717384109125, 0.155329218021269, 51.4343636363655, 50.3380860215051, 50.8483052503054, 48.8188785021183
2/20/2018, 50.81, 51.37, 50.7, 50.92, 57438, 1.44579196618976, 0.145988896138192, 0.925488516505273, 1.23876198536437, 0.700107159073571, 0.392162752569121, 0.257406457801124, 0.134756294767997, 51.4340000000019, 50.4020215053761, 50.9262222222224, 48.8676963236299
2/21/2018, 51.18, 51.28, 51.02, 51.09, 251899, 1.4041640354759, 0.342259659827428, 0.855011950017455, 1.10787803315705, 0.668445286244865, 0.411531101174162, 0.288231386475732, 0.123299714698431, 51.6323636363655, 50.5189892473116, 51.0049523809525, 48.9206363263632
2/22/2018, 50.78, 50.81, 50.23, 50.23, 2650, 1.44240102615649, -0.0345940753247532, 0.586348492794733, 0.98666478084908, 0.592748458399387, 0.353411931549353, 0.301267495490456, 0.0521444360588967, 51.4961818181837, 50.4918709677417, 51.0387863247865, 48.9575705890392
2/23/2018, 50.45, 51, 50.29, 51, 1814, 1.42508261503232, 0.218836088876905, 0.662474208617406, 1.06904293604267, 0.620986317871271, 0.365273984617666, 0.314068793315898, 0.0512051913017679, 51.3347272727292, 50.5429892473115, 51.1043614163615, 49.0044788847888
2/26/2018, 51.36, 51.94, 51.36, 51.86, 6796, 1.42200641531655, 0.450160559682236, 0.880106707239693, 1.11553813499245, 0.698069817062457, 0.439008938051614, 0.339056822263041, 0.0999521157885732, 51.4398181818201, 50.7299784946234, 51.1957435897437, 49.06076233429
2/27/2018, 52.18, 52.3, 51.64, 51.64, 4071, 1.4205652607165, 0.46840182782852, 0.676681783891415, 1.08227070616811, 0.692030551454873, 0.474225680051994, 0.366090593820832, 0.108135086231162, 51.4372727272747, 50.9165376344083, 51.2725934065935, 49.1155938226048
2/28/2018, 51.7, 52.05, 51.31, 51.5, 10954, 1.42505030214039, 0.384461064501908, 0.765217707431359, 1.04342364810485, 0.70649190449136, 0.485244772159959, 0.389921429488657, 0.0953233426713016, 51.3754545454565, 51.0427741935481, 51.3418803418804, 49.167160038267
3/1/2018, 51.21, 51.21, 50.64, 50.79, 5047, 1.45738503705884, 0.293122790856006, 0.541972856290024, 0.87576693785701, 0.56807138194661, 0.431709932390874, 0.398279130069101, 0.033430802321773, 51.1592727272747, 51.102516129032, 51.3755457875459, 49.2101052343856
3/2/2018, 50.28, 51.57, 50.28, 51.57, 3002, 1.488647599973, 0.527623337669853, 0.650683739631006, 0.958349581580355, 0.632808932035733, 0.447069132772455, 0.408037130609771, 0.0390320021626837, 51.4029090909111, 51.247956989247, 51.4496630036631, 49.2675036217029
3/5/2018, 51.55, 52.37, 51.55, 52.3, 10591, 1.47286957732462, 0.554494550749647, 0.756438506336517, 1.10811731945387, 0.867120214273017, 0.512241507626712, 0.42887800601316, 0.0833635016135522, 51.8316363636384, 51.4746236559137, 51.5511306471307, 49.3345931392647
3/6/2018, 52.52, 53.09, 52.52, 53.05, 6608, 1.45390244956406, 0.755380880668052, 0.992848770905537, 1.28370502776066, 0.987190363918443, 0.617294034847262, 0.46656121177998, 0.150732823067282, 52.3656363636384, 51.7646881720427, 51.6882588522589, 49.411528768621
3/7/2018, 52.6, 53.59, 52.6, 53.5, 8750, 1.46211305984869, 0.778253109117333, 1.06187862745565, 1.3976558197155, 0.999467061294323, 0.728462891959133, 0.518941547815811, 0.209521344143322, 52.9729090909112, 52.1041075268814, 51.8280634920636, 49.4958226048927
3/8/2018, 53.71, 53.72, 53.26, 53.58, 227875, 1.42985995272134, 0.831423092116836, 1.11382893944949, 1.45164564758275, 0.914047437773058, 0.813641194346388, 0.577881477121926, 0.235759717224462, 53.3043636363657, 52.4081935483868, 51.9651868131869, 49.5841503348367
3/9/2018, 53.69, 54.3, 53.69, 54.28, 5192, 1.40717209752154, 0.902479169855182, 1.36410376543537, 1.5605863129412, 1.00991549403605, 0.926944523061799, 0.647694086309901, 0.279250436751898, 53.8489090909112, 52.7661075268815, 52.125308913309, 49.6844939182725
3/12/2018, 54.87, 55.18, 54.87, 54.92, 6773, 1.40317254881274, 1.071587319132, 1.4331066367024, 1.75330182000919, 1.0679850637207, 1.05620559800337, 0.729396388648594, 0.326809209354772, 54.6076363636384, 53.2146881720427, 52.3078876678878, 49.7977900779007
3/13/2018, 55.09, 55.29, 54.54, 54.54, 6696, 1.41105838947114, 1.87975224463478, 1.37608029069363, 1.68725591067935, 1.00995513471253, 1.11512859862136, 0.806542830643147, 0.308585767978213, 55.0241818181839, 53.5781935483868, 52.4734383394385, 49.9069315293153
3/14/2018, 54.77, 55.01, 54.5, 54.6, 106587, 1.38573568376681, 1.56699697790833, 1.4089344572427, 1.67276961615673, 1.00433285182443, 1.15337164926371, 0.87590859436726, 0.277463054896451, 55.2752727272748, 53.9429247311825, 52.635225885226, 50.0166037993713
3/15/2018, 54.69, 54.69, 54.2, 54.4, 5925, 1.36632554994457, 1.4390119544188, 1.30759386488921, 1.6419749245524, 0.987486174213796, 1.15423590091497, 0.931574055676802, 0.222661845238167, 55.146181818184, 54.2469677419352, 52.7598266178267, 50.1230487904879
3/16/2018, 54.33, 54.48, 54.21, 54.21, 15666, 1.32746180448507, 2.12938591478029, 1.24617604651793, 1.51913173248875, 0.968163187998502, 1.12660264051735, 0.970579772644911, 0.156022867872436, 54.9105454545476, 54.5240430107524, 52.8828620268621, 50.2298417384174
3/19/2018, 53.59, 53.79, 52.75, 53.27, 10035, 1.42037956072984, 1.49052529555289, 0.943056410351216, 1.33878904601424, 0.701848726989627, 1.01712811866147, 0.979889441848223, 0.0372386768132452, 54.352181818184, 54.6524731182793, 52.964126984127, 50.3265830258302
3/20/2018, 53.61, 53.76, 53.45, 53.54, 12491, 1.38831599253035, 1.38016612051569, 0.947267146310029, 1.32260607792204, 0.703818113994547, 0.941304739786787, 0.972172501435935, -0.0308677616491484, 53.984181818184, 54.651204301075, 53.0447106227107, 50.4241877818778
3/21/2018, 53.47, 53.99, 53.28, 53.64, 4738, 1.38262334690662, 1.24860453954763, 0.834151629508304, 1.46572197794592, 0.70143170273167, 0.879149047052636, 0.953567810559276, -0.07441876350664, 53.7140000000022, 54.7220645161288, 53.1351868131868, 50.5154331009977
3/22/2018, 53.25, 53.25, 52.49, 52.49, 3624, 1.45181406956882, 0.53226995453596, 0.669559860093864, 1.23980852716944, 0.56433197924152, 0.728694882693375, 0.908593224986096, -0.17989834229272, 53.0549090909114, 54.6334408602148, 53.1540976800977, 50.5904061773951
3/23/2018, 52.57, 52.88, 51.51, 51.51, 8803, 1.53844757301658, -0.0925936686406181, 0.504925037079779, 1.06765604509389, 0.491885185223176, 0.52433683503078, 0.831741946995033, -0.307405111964252, 52.2567272727296, 54.3120860215051, 53.1307448107448, 50.6503864971983
3/26/2018, 52.02, 52.59, 51.8, 52.57, 4667, 1.53477578013658, 0.378035623026136, 0.594701131989948, 1.23363364111095, 0.548993948553696, 0.442810309539794, 0.753955619503985, -0.311145309964191, 52.1038181818205, 54.1402580645159, 53.1538681318681, 50.7218789121225
3/27/2018, 52.66, 52.66, 51.33, 51.41, 5114, 1.62028797167265, 0.18064970137304, 0.229327986881231, 0.960576151983322, 0.563365805292837, 0.281354367237277, 0.659435369050644, -0.378081001813366, 51.602363636366, 53.8387311827954, 53.1255677655678, 50.7719005056717
3/28/2018, 51.35, 51.35, 50.41, 50.44, 7614, 1.66800266440338, -0.156755108448923, 0.140775378611693, 0.785072723357533, 0.469450420603943, 0.0742723113907289, 0.542402757518661, -0.468130446127932, 50.9485454545478, 53.4349677419352, 53.0469084249085, 50.804414104141
3/29/2018, 50.79, 51.51, 50.57, 51.5, 26471, 1.65587090626953, 0.400444330108993, 0.248924177164688, 1.16433170570411, 0.528212284234697, -0.00425946810603506, 0.433070312393722, -0.437329780499757, 50.8478181818206, 53.2185591397847, 53.031641025641, 50.8530802241356
4/2/2018, 51.23, 51.23, 50.21, 50.57, 2745, 1.72955278009169, -0.0879773690188985, 0.0998568028891822, 0.882265272968158, 0.466608677518683, -0.139926708815963, 0.318470908151785, -0.458397616967748, 50.5460000000024, 52.9407956989245, 52.9800024420024, 50.8867265272653
4/3/2018, 50.8, 51.06, 50.54, 50.83, 6247, 1.68582155980278, -0.265265118694491, 0.160272523352545, 0.881625087921387, 0.503653895034207, -0.22388335941416, 0.210000054638596, -0.433883414052755, 50.3445454545478, 52.6764731182793, 52.946717948718, 50.9225078584119
4/4/2018, 50.25, 51.53, 50.25, 51.53, 4978, 1.70397427499585, 0.00314746409588679, 0.34873604716411, 1.05987073585094, 0.553595070991127, -0.231269528863862, 0.121746137938104, -0.353015666801966, 50.5720000000024, 52.4690322580643, 52.9540268620269, 50.9665750990843
4/5/2018, 52.33, 52.33, 51.85, 51.95, 2645, 1.68268536421578, 0.160887895352142, 0.392445450250541, 1.03788809402669, 0.535403616359774, -0.200916590069603, 0.0572135923365627, -0.258130182406166, 51.0741818181842, 52.3222795698922, 52.9802466422467, 51.0170988109881
4/6/2018, 51.67, 51.67, 50.67, 50.67, 9067, 1.76524036782039, 0.00312407972099034, 0.215817272583953, 0.944916048351384, 0.458209579355014, -0.276954411925153, -0.00962000851578054, -0.267334403409373, 50.9963636363661, 51.9502365591395, 52.9508547008547, 51.0472300123001
4/9/2018, 51.36, 51.55, 51.01, 51.01, 17976, 1.75205828201502, -0.119492440420458, 0.309927836497332, 0.955087598456648, 0.491571399026757, -0.306249521220245, -0.0689459110566734, -0.237303610163572, 50.9392727272752, 51.669827956989, 52.9352527472528, 51.0815968293016
4/10/2018, 51.66, 52.13, 51.57, 51.97, 5897, 1.7414636966963, -0.0525025017292111, 0.372480511251452, 1.06899094766394, 0.559228049526558, -0.249130310312182, -0.104982790907775, -0.144147519404407, 51.4530909090934, 51.5684946236556, 52.9709743589744, 51.1296728167281
4/11/2018, 51.79, 52.49, 51.79, 52.17, 16259, 1.71513657085378, -0.203034321203579, 0.427476527301725, 1.06854760301825, 0.523346483553607, -0.185585283984643, -0.121103289523149, -0.0644819944614946, 51.8367272727297, 51.4771612903223, 53.0102393162393, 51.1841831351647
4/12/2018, 52.83, 53.02, 52.78, 52.92, 17143, 1.68659752752021, -0.117408883874867, 0.497655608489908, 1.21888264415861, 0.608083422132085, -0.0738553028564084, -0.111653692189801, 0.0377983893333924, 52.2440000000025, 51.4682365591395, 53.07684004884, 51.250889162225
4/13/2018, 52.92, 52.92, 52.12, 52.26, 4052, 1.69904332373806, -0.309503120097773, 0.402078137117661, 0.952755906115223, 0.628409149624644, -0.0381254851307915, -0.0969480507779989, 0.0588225656472074, 52.5000000000025, 51.3190752688169, 53.1042686202686, 51.3082342490091
4/16/2018, 52.08, 52.08, 51.61, 51.88, 7825, 1.68855828630731, -0.601390843547063, 0.269612562260911, 0.829032684073109, 0.536523043618886, -0.0400109500451293, -0.085560630631425, 0.0455496805862957, 52.3972727272753, 51.1642150537632, 53.1003394383394, 51.3590750307503
4/17/2018, 52.24, 53.29, 52.05, 53.18, 8234, 1.69748559042765, -0.394225191717961, 0.508020232708037, 0.948676728810263, 0.757167848239696, 0.0626715028002778, -0.0559142039450845, 0.118585706745362, 52.7241818181844, 51.2209677419352, 53.1450378510378, 51.4235230285636
4/18/2018, 53.03, 53.2, 52.86, 53.2, 1569, 1.64395995327058, -0.297254798525157, 0.991663936784122, 0.859407092445632, 0.77290819965839, 0.144001954427864, -0.0159309722704947, 0.159932926698359, 53.0698181818208, 51.324580645161, 53.1803956043956, 51.4895949159492
4/19/2018, 53.07, 53.07, 52.82, 52.92, 3906, 1.60592849656643, -0.38238231312269, 0.677651682115955, 0.792098870388104, 0.747861164140652, 0.183745163487337, 0.0240042548810717, 0.159740908606266, 53.311636363639, 51.4216989247308, 53.2090793650793, 51.5521506081727
4/20/2018, 52.98, 52.98, 52.69, 52.84, 1830, 1.55538321794816, -0.353683822727, 0.626925790659386, 0.757097092719965, 0.722666008219638, 0.206407276984237, 0.0604848593017048, 0.145922417682532, 53.2169090909117, 51.5177419354835, 53.2341367521367, 51.6135069017357
4/23/2018, 52.96, 53.03, 52.4, 52.48, 4145, 1.5477729949421, -0.397359602684506, 0.877476371205621, 0.695519229843767, 0.750532873317665, 0.193092325712747, 0.0870063525839133, 0.106085973128834, 52.9474545454571, 51.6195483870964, 53.2490598290598, 51.6688109881099
4/24/2018, 53.3, 53.3, 52.13, 52.41, 13724, 1.58396814416778, -0.187330392993555, 0.753740882501866, 0.600758069544978, 0.659251079478155, 0.174875855905022, 0.104580253248135, 0.0702956026568867, 52.765636363639, 51.7667526881717, 53.2555335775336, 51.7234003006697
4/25/2018, 52.27, 52.27, 51.33, 51.8, 246074, 1.62673710258768, -0.41392984824378, 0.495610800414476, 0.524970453570756, 0.573217370403153, 0.1099498370425, 0.105654170007008, 0.0042956670354917, 52.3890909090935, 51.8274193548384, 53.2465909645909, 51.7668902555693
4/26/2018, 51.67, 52.05, 51.67, 51.93, 4134, 1.57811925319352, -0.405005926104013, 0.420608948336189, 0.569672903441962, 0.57081828564407, 0.0681992543206746, 0.0981631868697413, -0.0299639325490666, 52.227636363639, 51.9262580645158, 53.2308278388278, 51.8129566762335
4/27/2018, 52.16, 52.16, 51.68, 51.86, 2548, 1.54751535243777, -0.136455515449962, 0.233045254796287, 0.615645924696871, 0.55898740748719, 0.0291274387486382, 0.0843560372455207, -0.0552285984968825, 51.9640000000026, 52.0201075268814, 53.2137289377289, 51.8569517561843
4/30/2018, 52.05, 52.05, 51.65, 51.75, 6205, 1.51191186219423, 0.102429884746806, 0.0169239886628388, 0.693753488189033, 0.540240381416082, -0.0105912479673407, 0.0653665802029484, -0.0759578281702891, 51.6081818181845, 52.1037204301072, 53.195514041514, 51.8951009976767
5/1/2018, 51.19, 51.19, 50.52, 51.12, 7542, 1.57432251418474, -0.393229140880884, -0.0283843853663692, 0.630917454663869, 0.499057206748103, -0.0918455894346479, 0.0339241462754291, -0.125769735710077, 51.3018181818208, 52.0606021505373, 53.1526202686202, 51.9228224682247
5/2/2018, 51.74, 52.03, 51.24, 51.24, 14505, 1.58090161160944, -0.0223711328104789, 0.114757297993152, 0.700207748092562, 0.520911759287616, -0.144887075320028, -0.00183809804366233, -0.143048977276366, 51.1532727272754, 52.0645806451609, 53.1064542124542, 51.9467664343311
5/3/2018, 50.95, 51.28, 50.51, 51.2, 11744, 1.57822516894384, 0.282917710326347, 0.0688186136302018, 0.618010467457676, 0.535063135671213, -0.187983543460199, -0.0390671871269696, -0.148916356333229, 51.0418181818208, 52.0849892473115, 53.0592551892552, 51.9725100451005
5/4/2018, 50.83, 51.38, 50.83, 51.34, 2880, 1.54878987568033, -0.0285870822206636, 0.292663664807162, 0.613008315132115, 0.468540208662326, -0.208438228829735, -0.0729413954675227, -0.135496833362212, 51.0565454545481, 52.0622365591395, 53.0134456654456, 51.9994079540796
5/7/2018, 51.51, 52.36, 51.51, 52.08, 11740, 1.54837036494925, 0.573186031298887, 0.282728720792993, 0.65919982016849, 0.545885741735748, -0.163057276012935, -0.0909645715766052, -0.0720927044363302, 51.3367272727299, 52.0754623655911, 52.9888253968254, 52.0362842695094
5/8/2018, 52.13, 52.7, 52.13, 52.6, 3421, 1.51534547863553, 0.656271401549171, 0.206772642455439, 0.759092613404704, 0.587044304218769, -0.0841627143927894, -0.0896042001398421, 0.00544148574705261, 51.8043636363663, 52.2216559139782, 52.9898168498169, 52.0794626212929
5/9/2018, 52.53, 52.69, 52.31, 52.61, 3220, 1.47541937972662, 0.418149404797767, 0.258240996506455, 0.654413797114319, 0.549522942052455, -0.0205938958654031, -0.0758021392849542, 0.0552082434195512, 52.1430909090935, 52.2915913978492, 52.985706959707, 52.119008063414
5/10/2018, 52.67, 52.88, 52.46, 52.7, 437400, 1.43910290112043, 0.299471256887187, 0.30947224844693, 0.751423001677739, 0.518614849932152, 0.0366249094864344, -0.0533167295306765, 0.0899416390171109, 52.4947272727299, 52.3005376344083, 52.9807863247863, 52.157397293973
5/11/2018, 52.67, 52.67, 52.44, 52.46, 19169, 1.39818312513523, 0.776537973686616, 0.421239895421709, 0.680115599613842, 0.55938236048275, 0.0618917808078194, -0.0302750274629773, 0.0921668082707968, 52.7074545454572, 52.3351182795696, 52.9676166056166, 52.1935192018587
5/14/2018, 52.81, 52.95, 52.1, 52.21, 38021, 1.41603624607096, 0.52694827149238, 0.188416287167485, 0.593806077796338, 0.610350791018425, 0.0610394232299001, -0.0120121373244019, 0.0730515605543019, 52.7790909090935, 52.2697849462363, 52.9425567765568, 52.2248238349051
5/15/2018, 51.97, 52.04, 51.55, 52.03, 32403, 1.41331327670568, 0.0482676739367625, -0.0204601465498774, 0.527431059023152, 0.602763105046224, 0.0453170413870296, -0.000546301582115554, 0.0458633429691452, 52.6374545454572, 52.1883655913976, 52.9151306471307, 52.2523580702474
5/16/2018, 52.11, 52.23, 51.91, 52.11, 18922, 1.37129064090667, -0.0060446457205279, -0.17684078302374, 0.595668102837307, 0.624195202395111, 0.038864268816269, 0.00733581249756136, 0.0315284563187077, 52.4978181818208, 52.1560215053761, 52.89421001221, 52.2824807981414
5/17/2018, 51.8, 51.96, 51.78, 51.8, 2848, 1.34237562804564, -0.512764804659143, -0.354057262234277, 0.526286326626312, 0.555969041488695, 0.00863643539113212, 0.00759593707627552, 0.00104049831485661, 52.195636363639, 52.1086021505374, 52.8715238095238, 52.3069441027744
5/18/2018, 51.83, 52.07, 51.83, 51.84, 8190, 1.30031451882959, -0.191319317549223, -0.362972195343833, 0.556860124852037, 0.624389107940368, -0.0119538778096597, 0.00368597409908847, -0.0156398519087482, 51.902545454548, 51.981892473118, 52.8399413919414, 52.3372953396201
5/21/2018, 52.16, 52.46, 52.12, 52.33, 5481, 1.2829713247338, 0.241858759314066, -0.409821825165783, 0.708060861225232, 0.665479051935648, 0.0111386560393996, 0.00517651048715069, 0.00596214555224888, 51.8994545454572, 51.9324731182793, 52.8230183150184, 52.3757821511549
5/22/2018, 52.46, 52.58, 52.13, 52.13, 6744, 1.26666017556405, -0.656743462713002, -0.609089241496317, 0.632866487699069, 0.673583428019869, 0.0131497448836626, 0.00677115736645307, 0.00637858751720954, 51.917636363639, 51.9131612903223, 52.8076214896215, 52.4097706710401
5/23/2018, 51.91, 52.34, 51.91, 52.34, 13408, 1.23957671388128, -0.527376121529848, -0.473155384745825, 0.687175697794664, 0.681493554782181, 0.0313276664011397, 0.0116824591733904, 0.0196452072277493, 52.0360000000026, 51.9327956989245, 52.8131184371185, 52.4469367227007
5/24/2018, 51.96, 52.23, 51.96, 52.12, 19497, 1.21902288841747, -0.494491492303746, -0.538967804486434, 0.665356335116019, 0.67999754298157, 0.0276627597108359, 0.0148785192808795, 0.0127842404299564, 52.1110909090935, 51.9734193548385, 52.7958876678877, 52.4793798004647
5/25/2018, 52.09, 52.5, 52.09, 52.38, 5886, 1.19146046768047, -0.272710077715201, -0.430304055463627, 0.665666499428726, 0.75223832895964, 0.0452168896861096, 0.0209461933619255, 0.0242706963241841, 52.259636363639, 52.0081935483869, 52.7995726495727, 52.5158094847616
5/29/2018, 52.14, 52.3, 51.72, 51.96, 10183, 1.20454704257598, -0.309557673901858, -0.484901397925365, 0.583380929439706, 0.825034134577858, 0.0249505597273014, 0.0217470666350007, 0.00320349309230073, 52.2174545454572, 51.9635698924729, 52.7797362637363, 52.5449350826842
5/30/2018, 52.16, 52.17, 51.76, 51.76, 13154, 1.18834720084303, -0.389384740054306, -0.324425038115436, 0.490233197513016, 0.778962690152619, -0.00716637183275992, 0.0159643789414486, -0.0231307507742085, 52.0838181818208, 51.9797204301073, 52.748844932845, 52.56950799508
5/31/2018, 51.82, 51.86, 51.13, 51.21, 21990, 1.21232979027248, -0.360646381392355, -0.520365681239361, 0.361211177368881, 0.640540800776848, -0.0761221857692007, -0.00245293400068128, -0.0736692517685194, 51.7909090909117, 51.936580645161, 52.6865982905984, 52.5848951756185
6/1/2018, 51.65, 52.03, 51.65, 51.97, 4691, 1.21376251937389, 0.0396294387163464, -0.350521337683168, 0.379432810740329, 0.74385740724548, -0.0686531261949597, -0.015692972439537, -0.0529601537554227, 51.747636363639, 51.9840430107525, 52.6606788766789, 52.6142137488042
6/4/2018, 52.2, 52.31, 51.79, 52.3, 27493, 1.19551197371449, 0.262892199363377, -0.00712378303916071, 0.50255789495444, 0.760667999297591, -0.0356941407599294, -0.0196932061036154, -0.0160009346563139, 51.8170909090935, 52.0741720430105, 52.6398656898658, 52.6468801421348
6/5/2018, 52.4, 52.61, 52.38, 52.61, 6002, 1.15850622341769, 0.49234343280629, 0.315330433818447, 0.590338709702958, 0.87601656369512, 0.0152645417405708, -0.0127016565347782, 0.027966198275349, 52.0665454545481, 52.1831182795696, 52.6272234432235, 52.6866360530273
6/6/2018, 52.9, 52.96, 52.62, 52.96, 492746, 1.1263512423207, 1.10270077857105, 0.137095263358212, 0.552844281797911, 0.89410418453825, 0.0829357084661382, 0.00642581646540508, 0.0765098920007331, 52.381636363639, 52.3309677419352, 52.640822954823, 52.7311909252427
6/7/2018, 52.91, 52.91, 52.32, 52.59, 2259, 1.13841003429624, 0.79164052537836, 0.356517304931368, 0.395538086270355, 0.901018141693369, 0.105493623040687, 0.0262393777804614, 0.0792542452602253, 52.565636363639, 52.3876559139783, 52.6340341880343, 52.7686516331831
6/8/2018, 52.41, 52.66, 52.14, 52.61, 11300, 1.13049866030141, 0.827312334711503, 0.654483302795532, 0.488404691106419, 0.843630357649352, 0.123560437900622, 0.0457035898044935, 0.0778568480961284, 52.6989090909117, 52.450451612903, 52.6336581196582, 52.8039680196803
6/11/2018, 52.54, 52.82, 52.54, 52.73, 413639, 1.09807998847969, 0.814252241929401, 0.396639534886037, 0.424938885701246, 0.850578491168094, 0.145879903242161, 0.065738852492027, 0.0801410507501339, 52.8989090909117, 52.5194193548385, 52.6340708180709, 52.8450356703568
6/12/2018, 52.79, 53.15, 52.75, 53.15, 69077, 1.07444346007352, 0.661914750014515, 0.828596299028242, 0.519552888442845, 0.867440141149546, 0.195208488301851, 0.0916327796539919, 0.10357570864786, 53.1409090909117, 52.6287311827955, 52.6588693528695, 52.892315429821
6/13/2018, 53.55, 53.74, 53.43, 53.49, 8280, 1.06938374290077, 0.563320848614099, 0.847419873255966, 0.581024201136238, 0.892219792015818, 0.258754149094472, 0.125057053542088, 0.133697095552384, 53.3954545454572, 52.7301505376342, 52.6945054945056, 52.933934126008
6/14/2018, 53.59, 54.01, 53.59, 53.8, 10613, 1.05838791054599, 0.736761839548201, 0.733146922672894, 0.676751845114568, 0.925265796509269, 0.330321214967952, 0.166109885827261, 0.164211329140692, 53.5527272727299, 52.8636129032256, 52.692678876679, 52.9761992619927
6/15/2018, 53.54, 53.75, 53.15, 53.75, 9781, 1.06686895084661, 0.650826374487111, 0.5892382949852, 0.638826921889475, 0.923912612069007, 0.37863932965552, 0.208615774592913, 0.170023555062608, 53.7034545454572, 52.9715483870966, 52.7155921855923, 53.0188574552413
6/18/2018, 53.47, 53.55, 53.14, 53.55, 6962, 1.07426696176667, 0.680568375219684, 1.02330771004422, 0.668855222279663, 0.854530492831931, 0.396226008346282, 0.246137821343587, 0.150088187002696, 53.7540000000026, 53.0469892473116, 52.7306324786326, 53.0643908705755
6/19/2018, 52.98, 53.17, 52.71, 53.17, 7876, 1.106839308115, 0.595540576201501, 0.770687760904537, 0.63515346662629, 0.829886406588625, 0.375175958792362, 0.271945448833342, 0.10323050995902, 53.6670909090936, 53.1092903225804, 52.6957582417584, 53.1015703157032
6/20/2018, 53.38, 53.86, 53.38, 53.63, 6209, 1.10680801252752, 0.961655712791732, 0.615220479355727, 0.609340530102097, 0.826169086569051, 0.39110340191916, 0.295777039450505, 0.095326362468655, 53.7785454545482, 53.2575913978492, 52.6889548229549, 53.1447795544623
6/21/2018, 53.65, 53.65, 52.97, 52.97, 4383, 1.1287560510904, 0.489495366279806, 0.304844001144134, 0.519564679122743, 0.841440629245786, 0.346475576426833, 0.305916746845771, 0.0405588295810623, 53.5514545454572, 53.3161720430105, 52.6633015873017, 53.1789607762745
6/22/2018, 53.11, 53.11, 52.47, 52.52, 2008, 1.14243521753514, 0.409319531884657, -0.114681443383999, 0.39278044877948, 0.799208595574037, 0.27166488036957, 0.299066373550531, -0.0274014931809604, 53.1521818181846, 53.3213333333331, 52.6262344322345, 53.2066109061092
6/25/2018, 52.41, 52.41, 51.35, 51.63, 14166, 1.217328350643, -0.0838967470485785, -0.193749231907816, 0.269986202079201, 0.731073996159285, 0.138959464593995, 0.267044991759224, -0.128085527165229, 52.4743636363664, 53.1987311827955, 52.5667570207571, 53.2204037173706
6/26/2018, 51.66, 52.14, 51.64, 51.92, 12174, 1.19911651784502, -0.185336828907398, 0.0413622822898891, 0.25907910820005, 0.776673671626499, 0.0565383044895569, 0.22494365430529, -0.168405349815734, 52.0407272727301, 53.1016129032255, 52.5394798534799, 53.2380174935084
6/27/2018, 52.17, 52.17, 51.27, 51.27, 14829, 1.24137357375049, -0.394091068126808, -0.707281217318922, 0.170880159403327, 0.660788458462491, -0.0605328415123694, 0.167848355141758, -0.228381196654128, 51.5176363636392, 52.911892473118, 52.4744273504274, 53.2586915402488
6/28/2018, 51.3, 52.14, 51.19, 52.11, 13037, 1.25144812837993, -0.0800836481629824, -0.36626509154497, 0.705083504953052, 0.714111305290962, -0.0845568693883862, 0.11736731023573, -0.201924179624116, 51.467818181821, 52.8389892473115, 52.434231990232, 53.2930214568813
6/29/2018, 52.28, 52.64, 52.28, 52.33, 15822, 1.23451775026532, 0.114570771919307, -0.186483636651649, 0.50601487654563, 0.751343720852864, -0.084865644853771, 0.0769207192178294, -0.1617863640716, 51.5761818181847, 52.7733333333331, 52.4065592185593, 53.3310072434058
7/2/2018, 52.05, 52.78, 51.85, 52.77, 31185, 1.25113129008556, 0.191348815973054, 0.00181832367584866, 0.549842432146452, 0.815224090524932, -0.0490407179978405, 0.0517284317746955, -0.100769149772536, 51.8740000000029, 52.7627526881718, 52.3781001221002, 53.3762514691814
7/3/2018, 52.87, 52.96, 52.31, 52.31, 5926, 1.26115634236139, 0.174837825936857, -0.0337052961412662, 0.741705263946169, 0.718770679266254, -0.0571090434754069, 0.029960936724675, -0.0870699802000819, 51.9794545454574, 52.7204731182793, 52.3447838827839, 53.412360530272
7/5/2018, 52.53, 52.99, 52.34, 52.99, 4190, 1.24688684384748, 0.540181818746695, 0.227239973338455, 0.763076708561717, 0.740249198018643, -0.00853455154501148, 0.0222618390707377, -0.0307963906157492, 52.4587272727301, 52.751268817204, 52.3593431013431, 53.4610351236846
7/6/2018, 53.39, 53.67, 53.39, 53.67, 1102, 1.23288442635931, 1.06100426078448, 0.670635380066311, 0.768228367665715, 0.815947676414318, 0.0838646606687803, 0.0345824033903462, 0.0492822572784341, 53.075818181821, 52.8767956989244, 52.3979096459097, 53.51062265956
7/9/2018, 53.87, 53.97, 53.48, 53.87, 3174, 1.21237166891719, 0.851099091760624, 0.692037663896731, 0.71552394246253, 0.848291139516095, 0.171255899176231, 0.0619171025475231, 0.109338796628708, 53.633818181821, 53.0044516129029, 52.4406202686203, 53.5621219078858
7/10/2018, 53.98, 54.11, 53.89, 54.05, 12952, 1.17011912514969, 0.785991757490697, 0.776736543757883, 0.601150072491251, 0.881062775712136, 0.252132158415108, 0.0999601137210401, 0.152172044694068, 54.0023636363665, 53.1609892473115, 52.473684981685, 53.6185502255023
