Date,IGV_Open,IGV_High,IGV_Low,IGV_Close,IGV_Volume,IGV_ATRPercentOfClose20,IGV_SQN25,IGV_SQN50,IGV_SQN100,IGV_SQN200,IGV_MACD,IGV_MACD_Avg,IGV_MACD_Diff,IGV_LinReg10,IGV_LinReg30,IGV_LinReg90,IGV_LinReg270
1/3/2017, 109.32, 110.37, 109.29, 110, 46543, 0, 0, 0, 0, 0, 0, 0, 0, 110, 110, 110, 110
1/4/2017, 110.19, 111.85, 110.19, 111.59, 128054, 0, 0, 0, 0, 0, 0.126837606837611, 0.0253675213675223, 0.101470085470089, 111.59, 111.59, 111.59, 111.59
1/5/2017, 111.46, 112.26, 111.41, 111.82, 18007, 0, 0, 0, 0, 0, 0.243113935763503, 0.0689168042467185, 0.174197131516785, 112.046666666667, 112.046666666667, 112.046666666667, 112.046666666667
1/6/2017, 111.88, 113.08, 111.56, 112.93, 60627, 0, 0, 0, 0, 0, 0.41999010303293, 0.139131464003961, 0.280858639028969, 112.938, 112.938, 112.938, 112.938
1/9/2017, 112.86, 113.13, 112.52, 112.93, 97972, 0, 0, 0, 0, 0, 0.553782084762162, 0.222061588155601, 0.331720496606561, 113.294, 113.294, 113.294, 113.294
1/10/2017, 112.95, 113.44, 112.42, 113.04, 37361, 0, 0, 0, 0, 0, 0.661068884296327, 0.309863047383746, 0.351205836912581, 113.50380952381, 113.50380952381, 113.50380952381, 113.50380952381
1/11/2017, 112.97, 114.47, 112.97, 114.47, 50425, 0, 0, 0, 0, 0, 0.851666019153058, 0.418223641737609, 0.433442377415449, 114.263571428571, 114.263571428571, 114.263571428571, 114.263571428571
1/12/2017, 113.96, 114.3, 112.65, 114.19, 65767, 0, 0, 0, 0, 0, 0.968952480717121, 0.528369409533511, 0.44058307118361, 114.595833333333, 114.595833333333, 114.595833333333, 114.595833333333
1/13/2017, 114.14, 114.79, 114.14, 114.74, 26964, 0, 0, 0, 0, 0, 1.09367603344434, 0.641430734315677, 0.452245299128662, 115.001333333333, 115.001333333333, 115.001333333333, 115.001333333333
1/17/2017, 114.53, 114.53, 113.36, 113.57, 47550, 0, 0, 0, 0, 0, 1.08559703876116, 0.730263995204774, 0.35533304355639, 114.857818181818, 114.857818181818, 114.857818181818, 114.857818181818
1/18/2017, 113.66, 114.15, 113.61, 114.09, 109468, 0, 0, 0, 0, 0, 1.10837734732833, 0.805886665629485, 0.302490681698843, 114.673636363636, 114.905909090909, 114.905909090909, 114.905909090909
1/19/2017, 114.09, 114.59, 113.73, 114.03, 255845, 0, 0, 0, 0, 0, 1.10880776176326, 0.86647088485624, 0.242336876907019, 114.563636363636, 114.911666666667, 114.911666666667, 114.911666666667
1/20/2017, 114.43, 114.89, 114.31, 114.79, 80677, 0, 0, 0, 0, 0, 1.15713577578762, 0.924603863042517, 0.232531912745106, 114.629090909091, 115.114945054945, 115.114945054945, 115.114945054945
1/23/2017, 114.66, 115.27, 114.15, 114.77, 191819, 0, 0, 0, 0, 0, 1.18021743035615, 0.975726576505244, 0.204490853850908, 114.747636363636, 115.257714285714, 115.257714285714, 115.257714285714
1/24/2017, 115.04, 116.62, 114.92, 116.4, 148839, 0, 0, 0, 0, 0, 1.31488006649553, 1.0435572745033, 0.271322791992231, 115.328909090909, 115.755833333333, 115.755833333333, 115.755833333333
1/25/2017, 117, 117.6, 116.85, 117.3, 183836, 0, 0, 0, 0, 0, 1.47719546442244, 1.13028491248713, 0.346910551935308, 116.053818181818, 116.350294117647, 116.350294117647, 116.350294117647
1/26/2017, 117.64, 117.8, 116.42, 116.72, 74475, 0, 0, 0, 0, 0, 1.54126370536891, 1.21248067106348, 0.328783034305421, 116.632, 116.697647058824, 116.697647058824, 116.697647058824
1/27/2017, 117.09, 117.29, 116.95, 117.27, 155995, 0, 0, 0, 0, 0, 1.61777000576436, 1.29353853800366, 0.324231467760698, 117.221454545455, 117.086608187135, 117.086608187135, 117.086608187135
1/30/2017, 116.95, 116.97, 115.73, 116.97, 61633, 0, 0, 0, 0, 0, 1.63534309005406, 1.36189944841374, 0.273443641640325, 117.649272727273, 117.342368421053, 117.342368421053, 117.342368421053
1/31/2017, 116.74, 117.19, 116.18, 117.17, 112344, 0, 0, 0, 0, 0, 1.64642920349981, 1.41880539943095, 0.227623804068853, 117.790545454546, 117.586, 117.586, 117.586
2/1/2017, 117.38, 117.38, 115.95, 116.46, 88092, 0, 0, 0, 0, 0, 1.57971400231344, 1.45098712000745, 0.128726882305987, 117.594181818182, 117.658571428571, 117.658571428571, 117.658571428571
2/2/2017, 116.2, 117.45, 115.74, 117.37, 97287, 1.02460701201329, 0, 0, 0, 0, 1.58203441161399, 1.47719657832876, 0.104837833285231, 117.570909090909, 117.868735177866, 117.868735177866, 117.868735177866
2/3/2017, 118, 118.82, 118, 118.64, 47558, 1.02406624030681, 0, 0, 0, 0, 1.66713405523562, 1.51518407371013, 0.15194998152549, 117.956181818182, 118.249891304348, 118.249891304348, 118.249891304348
2/6/2017, 118.42, 118.42, 117.88, 118.28, 74404, 1.00795111441072, 0, 0, 0, 0, 1.68609093778549, 1.5493654465252, 0.13672549126029, 118.003090909091, 118.516233333333, 118.516233333333, 118.516233333333
2/7/2017, 118.56, 118.94, 118.21, 118.62, 38964, 0.985579454745194, 0, 0, 0, 0, 1.70885099177433, 1.58126255557503, 0.127588436199298, 118.302, 118.792953846154, 118.792953846154, 118.792953846154
2/8/2017, 118.14, 118.75, 117.77, 118.27, 51222, 0.98050192927861, 2.29289567813608, 0, 0, 0, 1.67928862960858, 1.60086777038174, 0.0784208592268398, 118.538909090909, 118.97811965812, 118.97811965812, 118.97811965812
2/9/2017, 118.48, 120.09, 118.48, 119.76, 46822, 0.99587312138437, 2.27940027351296, 0, 0, 0, 1.75585044124956, 1.6318643045553, 0.12398613669426, 119.121636363636, 119.344365079365, 119.344365079365, 119.344365079365
2/10/2017, 120.79, 121.65, 120.53, 121.48, 85617, 1.01047478404793, 2.51580858573581, 0, 0, 0, 1.93303305217913, 1.69209805408007, 0.240934998099058, 120.242727272727, 119.895024630542, 119.895024630542, 119.895024630542
2/13/2017, 121.63, 122.13, 121.14, 121.74, 649141, 0.998561302183632, 2.32863322106229, 0, 0, 0, 2.07056321114467, 1.76779108549299, 0.302772125651684, 121.164, 120.41124137931, 120.41124137931, 120.41124137931
2/14/2017, 121.48, 121.9, 121.1, 121.81, 50738, 0.980926116751036, 2.34982555593912, 0, 0, 0, 2.16030264382545, 1.84629339715948, 0.314009246665965, 121.889272727273, 120.873698924731, 120.873698924731, 120.873698924731
2/15/2017, 121.56, 122.8, 121.37, 122.62, 90163, 0.984034250263998, 2.51582793512082, 0, 0, 0, 2.2706078672212, 1.93115629117183, 0.339451576049376, 122.499272727273, 121.305784946237, 121.380786290323, 121.380786290323
2/16/2017, 122.92, 123.35, 122.33, 122.74, 47402, 0.975469820588259, 2.25302341099056, 0, 0, 0, 2.34072611498459, 2.01307025593438, 0.327655859050212, 122.996727272727, 121.777677419355, 121.844034090909, 121.844034090909
2/17/2017, 122.51, 123.4, 122.28, 123.38, 73939, 0.967277577322522, 2.5300607927715, 0, 0, 0, 2.42004125365978, 2.09446445547946, 0.325576798180317, 123.676363636364, 122.274172043011, 122.32935828877, 122.32935828877
2/21/2017, 123.71, 124.09, 123.26, 123.95, 124724, 0.94816919818919, 2.52451877474118, 0, 0, 0, 2.50007401183937, 2.17558636675144, 0.324487645087932, 124.222363636364, 122.842408602151, 122.825983193277, 122.825983193277
2/22/2017, 123.78, 123.87, 123.35, 123.72, 69779, 0.926683588019501, 3.05605878209375, 0, 0, 0, 2.51593928948049, 2.24365695129725, 0.272282338183235, 124.447636363636, 123.310365591398, 123.24480952381, 123.24480952381
2/23/2017, 124, 124, 123.15, 123.76, 145412, 0.914405533567259, 2.89104397234158, 0, 0, 0, 2.50288856068671, 2.29550327317514, 0.20738528751157, 124.338545454545, 123.72111827957, 123.623963963964, 123.623963963964
2/24/2017, 123.34, 124.44, 123.05, 124.44, 23771, 0.919788551852859, 3.12504438957326, 0, 0, 0, 2.51838569840456, 2.34007975822103, 0.178305940183531, 124.462909090909, 124.244322580645, 124.034551920341, 124.034551920341
2/27/2017, 124.19, 124.19, 123.61, 123.98, 99949, 0.9105143008787, 2.69310473901632, 0, 0, 0, 2.46513262170595, 2.36509033091801, 0.100042290787937, 124.517090909091, 124.626172043011, 124.357570850203, 124.357570850203
2/28/2017, 123.61, 123.61, 122.64, 122.79, 79510, 0.927936190828197, 2.18040540830955, 0, 0, 0, 2.30038867133861, 2.35214999900213, -0.0517613276635212, 124.075818181818, 124.830537634409, 124.530743589744, 124.530743589744
3/1/2017, 123.69, 125.04, 123.37, 124.85, 673261, 0.957102287770962, 2.19054967115422, 0, 0, 0, 2.30943100456831, 2.34360620011537, -0.0341751955470566, 124.302909090909, 125.166344086022, 124.883573170732, 124.883573170732
3/2/2017, 124.72, 124.72, 123.77, 123.91, 152141, 0.959724877707968, 1.6598183070525, 0, 0, 0, 2.21521139664777, 2.31792723942185, -0.102715842774074, 124.201454545454, 125.344774193548, 125.114738675958, 125.114738675958
3/3/2017, 123.6, 124.01, 123.37, 123.92, 44139, 0.93748817073075, 1.85030597671351, 0, 0, 0, 2.11694576199039, 2.27773094393556, -0.160785181945164, 124.057090909091, 125.45711827957, 125.324241417497, 125.324241417497
3/6/2017, 123.44, 123.97, 123.24, 123.77, 57385, 0.92118330299028, 1.66399645547298, 0, 0, 0, 2.00386646689428, 2.2229580485273, -0.219091581633022, 123.924545454545, 125.537290322581, 125.499957716702, 125.499957716702
3/7/2017, 123.72, 124.3, 123.64, 123.83, 21790, 0.901349548094577, 1.77338704440877, 0, 0, 0, 1.89722181726748, 2.15781080227534, -0.260588985007859, 123.905454545454, 125.565806451613, 125.663757575758, 125.663757575758
3/8/2017, 123.93, 124.74, 123.84, 124.32, 34631, 0.889506184149967, 1.84069247715757, 0, 0, 0, 1.8311358744856, 2.09247581671739, -0.261339942231793, 124.016181818181, 125.706709677419, 125.853835748792, 125.853835748792
3/9/2017, 124.45, 124.49, 123.47, 124.19, 32185, 0.886981547409999, 2.05477767404879, 0, 0, 0, 1.74812112302415, 2.02360487797874, -0.275483754954593, 124.057272727272, 125.840021505376, 126.015550416281, 126.015550416281
3/10/2017, 124.64, 125, 124.28, 124.95, 28149, 0.869920179705525, 2.01626493405205, 0, 0, 0, 1.72378624797005, 1.963641151977, -0.23985490400695, 124.473454545454, 125.98664516129, 126.224973404255, 126.224973404255
3/13/2017, 124.87, 125.95, 124.87, 125.84, 217614, 0.863490941922243, 1.94664790849631, 0, 0, 0, 1.75607332594224, 1.92212758677005, -0.166054260827812, 125.077272727272, 126.22976344086, 126.488290816327, 126.488290816327
3/14/2017, 125.44, 125.44, 124.5, 125.17, 289523, 0.878234522049376, 1.84244920070576, 0, 0, 0, 1.70790994457069, 1.87928405833018, -0.171374113759491, 125.110181818181, 126.312580645161, 126.677175510204, 126.677175510204
3/15/2017, 125.44, 126.2, 124.9, 125.96, 343765, 0.880693746972645, 1.93780547623722, 0, 0, 0, 1.71373168344401, 1.84617358335294, -0.132441899908935, 125.698181818181, 126.456064516129, 126.911552941177, 126.911552941177
3/16/2017, 127.01, 127.36, 126.37, 126.62, 172761, 0.887581544386674, 2.22679475554247, 3.19594180320723, 0, 0, 1.75141274172434, 1.82722141502722, -0.075808673302886, 126.265636363636, 126.579247311828, 127.177631975867, 127.177631975867
3/17/2017, 127.33, 127.49, 126.83, 126.85, 74711, 0.875966073257616, 1.98548705672223, 3.01813619188842, 0, 0, 1.77932339716646, 1.81764181145507, -0.0383184142886068, 126.766727272727, 126.726731182796, 127.4406095791, 127.4406095791
3/20/2017, 126.82, 127.28, 126.15, 126.56, 133666, 0.878717458700159, 1.54277205325087, 2.89844614209535, 0, 0, 1.75777962696112, 1.80566937455628, -0.0478897475951583, 126.977818181818, 126.860924731183, 127.662599580713, 127.662599580713
3/21/2017, 126.84, 127.01, 124.05, 124.19, 149629, 0.969884511590608, 0.613310783727835, 2.03553837340227, 0, 0, 1.5318090990001, 1.75089731944505, -0.219088220444946, 126.229999999999, 126.619311827957, 127.697084175084, 127.697084175084
3/22/2017, 124.19, 125.02, 124.13, 125.01, 72773, 0.950943601469608, 0.782603181301615, 2.16680603932073, 0, 0, 1.40272325402779, 1.6812625063616, -0.278539252333804, 125.843818181818, 126.466279569893, 127.78488961039, 127.78488961039
3/23/2017, 125.01, 125.47, 124.67, 124.95, 49790, 0.935843030321968, 0.58006386995119, 2.13370402524377, 0, 0, 1.2808158455278, 1.60117317419484, -0.320357328667038, 125.373272727272, 126.241075268817, 127.860676691729, 127.860676691729
3/24/2017, 125.24, 125.9, 124.69, 125.14, 45675, 0.936046885942092, 0.596143192781965, 1.94982278938385, 0, 0, 1.18586484632664, 1.5181115086212, -0.332246662294558, 125.078909090908, 126.096215053764, 127.942510586812, 127.942510586812
3/27/2017, 124.12, 125.44, 123.69, 125.13, 154284, 0.959242882933379, 0.441744438807736, 2.00779581108304, 0, 0, 1.09716118773511, 1.43392144444398, -0.336760256708868, 124.948727272727, 126.030043010753, 128.016534190532, 128.016534190532
3/28/2017, 125.3, 126.07, 125.2, 125.84, 125281, 0.943488229850453, 0.471507585566505, 2.02362570701147, 0, 0, 1.07179893456242, 1.36149694246767, -0.289698007905245, 124.968545454545, 126.047741935484, 128.130966101695, 128.130966101695
3/29/2017, 125.66, 126.56, 125.55, 126.45, 254873, 0.931926697525995, 0.669942726341345, 2.43107377199273, 0, 0, 1.08837495917571, 1.30687254580928, -0.218497586633567, 125.320545454545, 126.121053763441, 128.276371584699, 128.276371584699
3/30/2017, 126.42, 126.84, 126.23, 126.38, 194942, 0.909954299391153, 0.643209966603788, 2.3154835818008, 0, 0, 1.08337469402458, 1.26217297545234, -0.178798281427754, 125.753636363636, 126.209548387097, 128.407028027499, 128.407028027499
3/31/2017, 126.25, 126.84, 125.92, 126.47, 70834, 0.900213672327044, 0.505334338648279, 2.34610184705555, 0, 0, 1.07429044418794, 1.22459646919946, -0.15030602501152, 126.276909090908, 126.293204301075, 128.534086021505, 128.534086021505
4/3/2017, 126.57, 126.98, 125.17, 125.87, 111872, 0.931179168842784, 0.471513762299436, 2.07821075620855, 0, 0, 1.00706728042206, 1.18109063144398, -0.174023351021916, 126.555636363636, 126.319333333334, 128.61503968254, 128.61503968254
4/4/2017, 125.79, 126.25, 125.37, 125.66, 67664, 0.921113686798735, 0.74492624791305, 2.04071254973507, 0, 0, 0.926170872566487, 1.13010667966848, -0.203935807101993, 126.325454545454, 126.340752688172, 128.676908653846, 128.676908653846
4/5/2017, 126.01, 127.08, 125.3, 125.62, 126074, 0.946185229971124, 0.239080519592828, 1.78645212182157, 0, 0, 0.849044959032156, 1.07389433554122, -0.22484937650906, 126.165272727272, 126.330731182796, 128.731244755245, 128.731244755245
4/6/2017, 125.68, 126.09, 125.15, 125.97, 48396, 0.933688966893101, 0.642929614063414, 1.68894746113396, 0, 0, 0.80686317539093, 1.02048810351116, -0.213624928120229, 126.080727272726, 126.355526881721, 128.801691542289, 128.801691542289
4/7/2017, 125.85, 126.15, 125.47, 125.99, 52206, 0.913849981756868, 0.645951065723351, 1.8281281298456, 0, 0, 0.766215189057888, 0.969633520620505, -0.203418331562616, 125.985454545454, 126.413935483871, 128.867949956102, 128.867949956102
4/10/2017, 126.1, 126.41, 125.56, 125.93, 29172, 0.902320028916623, 0.675097030819924, 1.70863100368118, 0, 0, 0.720850354306265, 0.919876887357657, -0.199026533051392, 125.82109090909, 126.424064516129, 128.925716112532, 128.925716112532
4/11/2017, 125.71, 126.17, 124.92, 126.17, 65587, 0.905109797728437, 0.728750147990337, 1.82257702600161, 0, 0, 0.6962385851498, 0.875149226916085, -0.178910641766286, 125.837999999999, 126.372731182796, 128.992579710145, 128.992579710145
4/12/2017, 126.02, 126.33, 125.43, 125.55, 66184, 0.899942795861625, 0.384521287414775, 1.64627293093452, 0, 0, 0.6195628277178, 0.824031947076428, -0.204469119358628, 125.744727272726, 126.358258064516, 129.019887323944, 129.019887323944
4/13/2017, 125.4, 126.48, 125.17, 125.17, 59022, 0.909869993763727, 0.307772616381849, 1.73503048236849, 0, 0, 0.52211529323155, 0.763648616307453, -0.241533323075902, 125.555272727271, 126.228387096774, 129.023368544601, 129.023368544601
4/17/2017, 125.48, 126.27, 125.48, 126.21, 130449, 0.900831992420849, 0.381800949284234, 1.7435759134447, 0, 0, 0.522780440933431, 0.715474981232649, -0.192694540299218, 125.80909090909, 126.223010752688, 129.081784627093, 129.081784627093
4/18/2017, 125.82, 126.75, 125.71, 126.71, 79961, 0.893452020166235, 0.27191794926123, 1.61879749068537, 0, 0, 0.557229996073829, 0.683825984200885, -0.126595988127056, 126.129818181817, 126.256301075269, 129.162843391337, 129.162843391337
4/19/2017, 127.02, 127.56, 126.81, 126.99, 129662, 0.880375149236164, 0.566707115463939, 1.75585705989063, 0, 0, 0.600206371228566, 0.667102061606421, -0.0668956903778549, 126.459454545453, 126.310150537635, 129.253556756757, 129.253556756757
4/20/2017, 127.38, 127.98, 126.92, 127.77, 338241, 0.872731456456331, 0.561007578952567, 1.8248534334863, 0, 0, 0.689259583999629, 0.671533566085063, 0.0177260179145663, 126.977999999999, 126.475247311828, 129.379512280702, 129.379512280702
4/21/2017, 127.87, 128.19, 127.65, 127.89, 55982, 0.849428831666699, 0.402567134050606, 1.93053238642182, 0, 0, 0.760748459145049, 0.68937654469706, 0.0713719144479887, 127.490727272726, 126.624645161291, 129.504610389611, 129.504610389611
4/24/2017, 129.22, 129.5, 128.86, 129.46, 64830, 0.859352546097338, 0.738761584920843, 1.92668906405642, 0, 0, 0.933330928741668, 0.738167421505982, 0.195163507235687, 128.445090909089, 127.000043010753, 129.702787212787, 129.702787212787
4/25/2017, 129.93, 130.16, 129.73, 129.81, 111713, 0.841146225921526, 0.9204273090887, 1.72906437383557, 0, 0, 1.0858290923431, 0.807699755673406, 0.278129336669698, 129.319090909089, 127.450086021506, 129.908523206751, 129.908523206751
4/26/2017, 129.89, 129.92, 129.19, 129.54, 94775, 0.82893107926146, 2.14294648898918, 1.61461541566878, 0, 0, 1.17139512830043, 0.880438830198811, 0.290956298101621, 129.93618181818, 127.79559139785, 130.090591772152, 130.090591772152
4/27/2017, 130.33, 130.81, 130.01, 130.63, 134461, 0.829524193578452, 2.17707735016364, 1.78693033555667, 0, 0, 1.31203638008125, 0.9667583401753, 0.345278039905953, 130.621999999998, 128.303870967742, 130.317046296296, 130.317046296296
4/28/2017, 130.64, 130.72, 129.64, 130.65, 110687, 0.829259151448875, 2.2148653885613, 1.63680196704323, 0, 0, 1.40886885506529, 1.0551804431533, 0.353688411911995, 130.961636363635, 128.828559139785, 130.533586269196, 130.533586269196
5/1/2017, 131.06, 131.74, 130.68, 131.6, 129867, 0.823522589133403, 2.41600806075464, 1.77708256207149, 0, 0, 1.54446274452498, 1.15303690342763, 0.391425841097343, 131.538545454544, 129.46311827957, 130.785292389069, 130.785292389069
5/2/2017, 131.89, 131.95, 131.25, 131.68, 59328, 0.808450744938168, 2.45568648824835, 1.66859080271759, 0, 0, 1.63947832464837, 1.25032518767178, 0.389153136976585, 131.949090909089, 130.057849462366, 131.029104991394, 131.029104991394
5/3/2017, 132.08, 132.08, 131.06, 131.47, 74402, 0.808047116367119, 2.11237131771767, 1.51284839802299, 0, 0, 1.6784850803046, 1.33595716619834, 0.342527914106253, 132.071999999998, 130.434903225807, 131.25187114846, 131.25187114846
5/4/2017, 131.86, 132.45, 131.79, 132.23, 276879, 0.800289319135944, 2.14095668069289, 1.70055583176672, 0, 0, 1.7505446742768, 1.41887466781403, 0.331670006462761, 132.369090909089, 130.916086021506, 131.499537619699, 131.499537619699
5/5/2017, 132.54, 133.3, 132.41, 133.3, 97007, 0.794307155557979, 2.46718682650953, 1.87109406329851, 0, 0, 1.87240851941996, 1.50958143813522, 0.362827081284743, 132.816545454543, 131.482451612904, 131.784987971131, 131.784987971131
5/8/2017, 133.26, 133.47, 132.66, 133.06, 63514, 0.786390249842813, 2.31919387367584, 1.69259167911848, 0, 0, 1.92740260300027, 1.59314567110823, 0.334256931892043, 133.199999999998, 131.977161290323, 132.047087251829, 132.047087251829
5/9/2017, 133.12, 133.27, 132.89, 133.08, 65382, 0.761235589960028, 2.6634133885014, 1.8023236571211, 0, 0, 1.95011987528684, 1.66454051194395, 0.285579363342891, 133.463999999998, 132.422645161291, 132.298626149132, 132.298626149132
5/10/2017, 133.8, 135, 133.8, 134.79, 91672, 0.78522123819487, 3.06038818138321, 2.36790536490514, 0, 0, 2.08210497607791, 1.74805340477075, 0.334051571307168, 134.086363636361, 133.081139784947, 132.614816479401, 132.614816479401
5/11/2017, 134.13, 134.13, 133.37, 133.99, 61890, 0.803403031281977, 2.65724894291086, 1.90243832493398, 0, 0, 2.09796675047457, 1.81803607391151, 0.279930676563058, 134.363999999998, 133.621053763441, 132.882747252747, 132.882747252747
5/12/2017, 133.98, 134.32, 133.56, 134.09, 45059, 0.791002860417619, 2.56679551803423, 2.18681368247271, 0, 0, 2.09446282157765, 1.87332142344474, 0.221141398132912, 134.496909090907, 134.120344086022, 133.067128205128, 133.143681318681
5/15/2017, 134.79, 135.66, 134.74, 135.6, 229859, 0.800975625927202, 2.86648430874275, 2.41433165013338, 0, 0, 2.18830489641252, 1.93631811803829, 0.251986778374223, 135.153818181816, 134.767483870968, 133.335199023199, 133.458267882188
5/16/2017, 135.92, 136.18, 135.6, 136.15, 246888, 0.779152993991496, 3.06859171599022, 2.55852558981273, 0, 0, 2.28076458585394, 2.00520741160142, 0.27555717425252, 135.798545454543, 135.385505376344, 133.614832722833, 133.783308167467
5/17/2017, 135.07, 135.21, 131.96, 132.02, 132858, 0.922039055638123, 1.11122483547568, 1.32459098818783, 0, 0, 1.9977542048083, 2.0037167702428, -0.00596256543449813, 134.730727272725, 135.399182795699, 133.720778998779, 133.922295632699
5/18/2017, 131.59, 132.75, 131, 132.28, 65199, 0.940362990014196, 1.2945783845735, 1.28604329781478, 0, 0, 1.77399673584307, 1.95777276336285, -0.183776027519784, 133.874727272725, 135.402150537635, 133.824105006105, 134.065881578947
5/19/2017, 133.6, 134.53, 133.46, 133.8, 118664, 0.967276946959072, 1.62313796528144, 1.51100982292859, 0, 0, 1.69972525177238, 1.90616326104476, -0.206438009272381, 133.755090909089, 135.578344086022, 133.982141636142, 134.265547680412
5/22/2017, 134.03, 135.74, 134, 135.7, 78001, 0.977528170434545, 1.71611297772623, 1.62787689616465, 0, 0, 1.77373220582788, 1.87967705000138, -0.105944844173501, 134.216545454543, 135.946430107527, 134.2397997558, 134.534159478224
5/23/2017, 136.39, 136.88, 135.41, 136.09, 54048, 0.979998854372616, 1.69122779737512, 1.5538482483119, 0, 0, 1.8426125008192, 1.87226414016495, -0.0296516393457475, 134.672727272725, 136.29735483871, 134.49273015873, 134.807891156463
5/24/2017, 136.86, 137.65, 136.52, 137.6, 44771, 0.977468327667085, 1.86660978058274, 1.86095298375279, 0, 0, 1.99603595130165, 1.89701850239229, 0.0990174489093616, 135.828363636361, 136.790322580645, 134.807843711844, 135.131082828283
5/25/2017, 138.18, 139.51, 138.07, 139.07, 162891, 0.987449915816792, 1.9473609346955, 1.92510184229768, 0, 0, 2.21075761818898, 1.95976632555163, 0.250991292637352, 137.178545454543, 137.354731182796, 135.144466422466, 135.499954455446
5/26/2017, 138.85, 139.23, 138, 138.5, 415919, 0.98634243179068, 1.81021171223584, 1.73819247127975, 3.38249978354877, 0, 2.30832293990198, 2.0294776484217, 0.278845291480286, 138.074727272725, 137.734258064516, 135.449047619048, 135.832882935352
5/30/2017, 138.52, 139.05, 138.35, 138.8, 447684, 0.960216177686303, 1.61855934819918, 1.74482314496746, 3.25545628239116, 0, 2.38238895617397, 2.10005990997215, 0.282329046201817, 139.135999999997, 138.135182795699, 135.747526251526, 136.165046640015
5/31/2017, 139.16, 139.17, 137.95, 138.53, 943626, 0.958017073483836, 1.50356305888628, 1.75218271010356, 3.19045801592166, 0, 2.39172969306884, 2.15839386659149, 0.23333582647735, 140.039454545452, 138.453956989248, 136.032945054945, 136.47465459298
6/1/2017, 138.89, 139.58, 138.5, 139.51, 464004, 0.942429932838005, 1.71455124459062, 2.43271283473459, 3.16089515625899, 0, 2.44996839356403, 2.216708771986, 0.233259621578036, 140.325636363634, 138.839483870968, 136.343365079365, 136.810054945055
6/2/2017, 139.59, 140.86, 139.47, 140.77, 598850, 0.936666050534337, 1.72546733573166, 2.46902816373347, 3.27931868913453, 0, 2.56818995784303, 2.28700500915741, 0.281184948685626, 140.690545454543, 139.356107526882, 136.72695970696, 137.180664869721
6/5/2017, 140.89, 141.46, 140.85, 140.88, 381937, 0.913626887684787, 1.74122236453438, 2.49798484113679, 3.27630037730734, 0, 2.64032149728845, 2.35766830678362, 0.282653190504839, 140.934363636361, 139.810817204301, 137.117509157509, 137.54221125022
6/6/2017, 140.69, 141.4, 140.39, 140.6, 904363, 0.905591523045385, 1.52870720952438, 2.41634207520124, 3.09225594371801, 0, 2.64440949546037, 2.41501654451897, 0.2293929509414, 141.07527272727, 140.250860215054, 137.465655677656, 137.880685358255
6/7/2017, 141.02, 141.23, 139.99, 140.82, 162770, 0.902995737346769, 1.5517146172516, 2.45284017276406, 3.15897637577764, 0, 2.63502647983481, 2.45901853158213, 0.176007948252673, 141.102909090906, 140.670279569893, 137.818146520147, 138.215293917771
6/8/2017, 141.02, 141.15, 139.82, 140.77, 455635, 0.905390827211149, 1.58372830536541, 2.331006725891, 3.08243093668139, 0, 2.59365771853464, 2.48594636897264, 0.107711349562008, 141.15727272727, 140.994322580645, 138.144532356533, 138.536415346122
6/9/2017, 140.95, 141.18, 134.2, 136.28, 656674, 1.14454999566472, 0.573935914309186, 1.29599014271049, 2.49646906607819, 0, 2.17351230476916, 2.42345955613194, -0.249947251362779, 139.781636363634, 140.74888172043, 138.261660561661, 138.685316953317
6/12/2017, 134.79, 135.72, 131.86, 135.5, 551748, 1.25668125268434, 0.324353244353869, 1.20046082959781, 2.34721734031889, 0, 1.75734695432874, 2.2902370357713, -0.532890081442562, 138.174727272724, 140.36935483871, 138.314915750916, 138.800805984556
6/13/2017, 136.36, 137.08, 135.53, 136.75, 243972, 1.24070416271877, 0.518755939644018, 1.33236174881831, 2.46703207085207, 0, 1.51097983413379, 2.1343855954438, -0.623405761310007, 137.22327272727, 140.18047311828, 138.429084249084, 138.955753792668
6/14/2017, 137.02, 137.56, 134.78, 136.13, 242935, 1.28614544581799, 0.432689678897238, 1.33635066386295, 2.31408133711981, 0, 1.25127932874875, 1.95776434210479, -0.706485013356039, 136.115454545452, 139.885032258065, 138.530175824176, 139.083288309269
6/15/2017, 134.67, 135.99, 133.63, 135.68, 218276, 1.3180190931769, 0.147721877486969, 1.3066678572825, 2.26794332811152, 0, 0.997653242435717, 1.76574212217098, -0.768088879735258, 135.179090909088, 139.489784946237, 138.590783882784, 139.190372234935
6/16/2017, 135.61, 136.12, 134.99, 135.83, 79049, 1.29233151022698, 0.277923506777441, 1.33096151602276, 2.12344293444278, 0, 0.799539889997448, 1.57250167573627, -0.772961785738822, 134.755454545452, 139.137075268818, 138.652757020757, 139.298403298351
6/19/2017, 136.72, 138.03, 136.72, 137.91, 254524, 1.28896033342342, 0.527097064825091, 1.50166326227492, 2.19593039720894, 0, 0.801137236206813, 1.41822878783038, -0.617091551623566, 135.341818181815, 139.096387096774, 138.785264957265, 139.473050397878
6/20/2017, 137.9, 138.35, 136.98, 137.04, 79538, 1.28227155285539, 0.217395900527466, 1.38532003025787, 2.17393922318477, 0, 0.723857239804403, 1.27935447822518, -0.555497238420781, 135.733636363633, 138.899569892473, 138.898466422466, 139.612210633058
6/21/2017, 138.55, 139.19, 138.42, 139, 231016, 1.27831920088588, 0.39010677543014, 1.59268363676592, 2.27152939343672, 0, 0.811414425075355, 1.18576646759522, -0.374352042519863, 137.040727272724, 138.927096774194, 139.122905982906, 139.811949864692
6/22/2017, 140.6, 140.99, 139.58, 140.59, 262189, 1.27144214010229, 1.32075352515053, 1.72461819156794, 2.43976993220506, 0, 0.997604078207019, 1.14813398971758, -0.15052991151056, 138.986363636361, 139.232172043011, 139.40978998779, 140.057722689076
6/23/2017, 140.55, 141.78, 140, 141.25, 104143, 1.26523502975668, 1.37571953752002, 1.88541786329877, 2.47704348991005, 0, 1.18476002777504, 1.15545919732907, 0.0293008304459708, 140.271818181815, 139.53023655914, 139.71326984127, 140.31720523416
6/26/2017, 141.72, 142.37, 140.2, 140.55, 142274, 1.28515635400551, 1.04416523107132, 1.84950821700635, 2.49490206121847, 0, 1.2620501873765, 1.17677739533856, 0.085272792037945, 140.888363636361, 139.699311827957, 139.98990964591, 140.545485706544
6/27/2017, 140.04, 140.19, 137.93, 137.93, 152944, 1.33906539025376, 0.347245865872135, 1.36345905584271, 2.08312928957481, 0, 1.09921996840473, 1.16126590995179, -0.0620459415470658, 140.57436363636, 139.594946236559, 140.141555555555, 140.681519392243
6/28/2017, 138.66, 139.38, 137.35, 139.34, 116093, 1.33208285355114, 0.484403377335973, 1.44661388466435, 2.07733137342188, 0, 1.07159834421421, 1.14333239680427, -0.0717340525900654, 140.559090909088, 139.69111827957, 140.357929181929, 140.858120902177
6/29/2017, 138.91, 138.91, 135.48, 136.72, 190782, 1.43089382367704, -0.0918134748420083, 1.08514357253101, 1.82114554267968, 0, 0.828742674615199, 1.08041445236646, -0.25167177775126, 139.373636363633, 139.158946236559, 140.460752136752, 140.945396129032
6/30/2017, 136.83, 137.8, 136.78, 136.78, 108590, 1.39823229561682, -0.287934722159055, 1.00622442068405, 1.79136167844696, 0, 0.633813102426643, 0.991094182378496, -0.357281079951853, 138.182181818179, 138.621397849463, 140.551731379731, 141.031272380952
7/3/2017, 137.33, 137.33, 134.79, 134.86, 241438, 1.44140369809244, -0.462818046088798, 0.774839608108393, 1.6285055863719, 0, 0.320705168633026, 0.857016379629402, -0.536311210996376, 136.691636363633, 137.912537634409, 140.550105006105, 141.053690788651
7/5/2017, 135.35, 136.89, 135.35, 136.5, 146179, 1.42724042189384, -0.271530936693362, 0.77342591990753, 1.62436470295745, 0, 0.202564135961296, 0.726125930895781, -0.523561794934485, 135.759999999997, 137.53159139785, 140.627145299145, 141.125697588583
7/6/2017, 135.47, 136.2, 135.11, 135.46, 163583, 1.41759487456875, -0.370561933225349, 0.625473724041431, 1.36805455308119, 0, 0.0247321116633827, 0.585847167049301, -0.561115055385919, 134.890545454542, 137.039526881721, 140.639667887668, 141.162797965116
7/7/2017, 135.94, 138.05, 135.94, 137.48, 124121, 1.42112330247039, -0.224587540484776, 0.845757071933848, 1.50280049279314, 0, 0.0462627808127252, 0.477930289801986, -0.431667508989261, 135.229999999997, 136.908494623656, 140.705633699634, 141.259994036971
7/10/2017, 137.47, 138.61, 137.18, 138.23, 71304, 1.39446740969723, -0.288929680208448, 0.808084469220681, 1.5594945589973, 0, 0.122433387344984, 0.406830909310586, -0.284397521965602, 136.130181818178, 136.971397849463, 140.839399267399, 141.376602466236
7/11/2017, 137.86, 138.94, 137.55, 138.53, 66267, 1.37204481729824, -0.264447274968922, 0.835589308665288, 1.5088208905023, 0, 0.204647584629839, 0.366394244374436, -0.161746659744597, 137.158727272724, 137.039784946237, 140.955587301587, 141.498383067314
7/12/2017, 139.73, 141.49, 139.39, 141.41, 169049, 1.3815564678121, 0.124825429367402, 0.988854411388504, 1.70113145805067, 0, 0.496471840797426, 0.392409763659034, 0.104062077138392, 138.76836363636, 137.493397849463, 141.187177045177, 141.702465254044
7/13/2017, 141.67, 141.87, 140.46, 140.8, 202778, 1.36823583173042, 0.0284039111758112, 0.921207843381986, 1.58765230990387, 0, 0.670790311119077, 0.448085873151043, 0.222704437968034, 140.259454545451, 137.834774193549, 141.375956043956, 141.882305016272
7/14/2017, 141.26, 141.76, 140.9, 141.51, 74864, 1.32722228006686, 0.116295382692574, 1.00836962741457, 1.59227412954301, 0, 0.856358453836918, 0.529740389288218, 0.3266180645487, 141.392181818178, 138.316924731183, 141.584627594628, 142.077674958541
7/17/2017, 141.74, 141.88, 141.12, 141.54, 53447, 1.28744145548713, 0.757039137371859, 0.936387259746205, 1.61743751123604, 0, 0.994380691535127, 0.6226684497376, 0.371712241797527, 142.285999999997, 138.873978494624, 141.792547008547, 142.268137254902
7/18/2017, 141.34, 142.07, 141.01, 142.07, 61343, 1.25581220827174, 0.948923058364861, 0.882069168531119, 1.65695005585789, 0, 1.13346500093925, 0.724827759977931, 0.408637240961323, 142.719272727269, 139.500645161291, 142.00812942613, 142.468398454272
7/19/2017, 142.21, 143.47, 142.21, 143.35, 167716, 1.23120040744826, 0.945280528323388, 1.02100035628882, 1.69331513679205, 0, 1.33162547125946, 0.846187302234236, 0.485438169025221, 143.529454545451, 140.263376344086, 142.283452991453, 142.699800063472
7/20/2017, 143.39, 143.51, 142.43, 143.42, 83416, 1.20672116502107, 1.0513554852576, 1.02553108712907, 1.74515424103113, 0, 1.47728822753584, 0.972407487294556, 0.504880740241281, 143.782181818178, 141.031913978495, 142.568134310134, 142.926641643207
7/21/2017, 142.78, 143.24, 142.5, 142.85, 74001, 1.1831610221418, 1.0366775220649, 0.810970651378507, 1.82247674949938, 0, 1.52910619068643, 1.08374722797293, 0.445358962713502, 143.807818181815, 141.708021505377, 142.800131868132, 143.130848920863
7/24/2017, 142.72, 143.61, 142.61, 143.59, 165101, 1.15303171817193, 1.1149516197687, 0.962095418215272, 1.71240932198114, 0, 1.61130993742054, 1.18925976986245, 0.422050167558089, 143.946181818179, 142.165268817205, 143.069079365079, 143.35017325228
7/25/2017, 143.69, 144.49, 143.24, 144.24, 122568, 1.13377449522804, 0.934583495753001, 1.01177425287516, 1.86592226959406, 0, 1.70920392774022, 1.29324860143801, 0.415955326302212, 144.076727272724, 142.60582795699, 143.36819047619, 143.581610228748
7/26/2017, 144.59, 145.16, 144.34, 145.15, 74213, 1.10202446801314, 1.20330900175735, 0.951873961458323, 1.93785032083768, 0, 1.83901598365745, 1.4024020778819, 0.436613905775552, 144.786181818178, 143.188795698925, 143.699282051282, 143.832026002167
7/27/2017, 145.62, 145.7, 141.17, 142.75, 343577, 1.22319375800702, 0.551783066069883, 0.657484021639953, 1.71542473487911, 0, 1.72831014731159, 1.46758369176783, 0.260726455543755, 144.340545454542, 143.371720430108, 143.905614163614, 144.009204545455
7/28/2017, 141.7, 142.98, 141.48, 142.6, 134828, 1.21585107649178, 0.31157748149116, 1.14175531307026, 1.6968145922266, 0, 1.60991315134476, 1.49604958368322, 0.113863567661537, 143.878727272724, 143.462903225807, 144.040862026862, 144.177268199234
7/31/2017, 142.88, 143.07, 141.41, 142.15, 126869, 1.21710408253494, 0.15318914152146, 1.065838193468, 1.61193206618665, 0, 1.46290794765173, 1.48942125647692, -0.0265133088251917, 143.207999999997, 143.462344086022, 144.161174603175, 144.328307982995
8/1/2017, 142.69, 142.98, 142.19, 142.63, 105405, 1.18145395825369, 0.323024433289097, 0.959357786672542, 1.66390417266335, 0, 1.36935221316116, 1.46540744781377, -0.0960552346526051, 142.775818181815, 143.620580645162, 144.288578754579, 144.488065417948
8/2/2017, 142.95, 142.95, 139.59, 140.8, 156702, 1.25628720996049, 0.459519309926548, 0.567336376497591, 1.42497688905646, 0, 1.13446550137326, 1.39921905852567, -0.264753557152411, 141.936909090906, 143.458172043011, 144.32726007326, 144.594057731201
8/3/2017, 141.21, 142, 140.73, 141.64, 85654, 1.23122689356337, 0.374722353142166, 0.610534008032674, 1.41276396909293, 0, 1.00451761605368, 1.32027877003127, -0.315761153977593, 141.541272727269, 143.508752688172, 144.390964590965, 144.719344277163
8/4/2017, 142.21, 142.48, 141.12, 141.56, 240132, 1.2183627320154, 0.846209654408614, 0.447611273247109, 1.47176491601289, 0, 0.884877334210103, 1.23319848286704, -0.348321148656933, 141.101090909088, 143.638150537635, 144.454854700855, 144.838899328859
8/7/2017, 141.83, 142.02, 141.19, 141.55, 94795, 1.1868446268237, 0.833839286522518, 0.294320373331598, 1.39999239294522, 0, 0.780260277674984, 1.14261084182863, -0.362350564153642, 140.875818181815, 143.804021505377, 144.520346764347, 144.954744370861
8/8/2017, 141.3, 141.84, 140.34, 140.73, 134219, 1.18736562268564, 1.08867850831224, 0.268858856962262, 1.26909793239737, 0, 0.623990386911856, 1.03888675084527, -0.414896363933415, 140.608545454542, 143.817247311828, 144.537377289378, 145.04574677588
8/9/2017, 139.77, 140.6, 139.01, 140.45, 288583, 1.19147786312939, 0.758925338833455, 0.207773635200523, 1.22423706956653, 0, 0.472109527916132, 0.925531306259444, -0.453421778343312, 140.617999999997, 143.61911827957, 144.533655677656, 145.126710526316
8/10/2017, 139.47, 139.87, 137.49, 137.65, 229313, 1.2624476032161, 0.394395041667916, -0.0541551485222912, 0.991704641859488, 0, 0.124372563997355, 0.765299557807026, -0.640926993809671, 139.436545454542, 143.143462365592, 144.383965811966, 145.132691622103
8/11/2017, 137.14, 139.43, 137.14, 139.08, 77256, 1.26932065684183, 0.298185545081574, -0.0073996238170502, 1.34594803416784, 0, -0.0354142033349945, 0.605156805578622, -0.640571008913616, 138.997272727269, 142.685483870968, 144.283487179487, 145.174675324675
8/14/2017, 141.21, 141.57, 140.49, 141.32, 112327, 1.27483909641865, 0.522140713192867, 0.0901796806540868, 1.43700041911522, 0, 0.0184897732944762, 0.487823399121793, -0.469333625827317, 139.433818181815, 142.500494623656, 144.270202686203, 145.272332506203
8/15/2017, 141.57, 141.58, 140.71, 141.4, 74373, 1.24117572878776, 0.486064748670247, 0.0872153185143914, 1.44911273541247, 0, 0.0668932903312793, 0.40363737736369, -0.336744087032411, 140.039272727269, 142.168365591398, 144.256691086691, 145.369218520333
8/16/2017, 141.87, 143.15, 141.47, 142.88, 87983, 1.22814344658497, 0.275308517803857, 0.256382423467238, 1.5423807802639, 0, 0.222116635128458, 0.367333228916644, -0.145216593788186, 140.857090909087, 142.091161290323, 144.297013431014, 145.500688543094
8/17/2017, 142.19, 143.07, 140.24, 140.36, 160181, 1.28849585968693, -0.0488622724413651, -0.0055280055208417, 1.3146443556476, 0, 0.140173482076307, 0.321901279548576, -0.18172779747227, 140.858909090906, 141.583720430108, 144.213474969475, 145.565457368044
8/18/2017, 140.08, 141.26, 139.71, 140.3, 81205, 1.27983332090074, -0.174181487263892, -0.00648839009940163, 1.24862378862269, 0, 0.0695892626528405, 0.271438876169429, -0.201849613516589, 140.893818181815, 141.171720430108, 144.122075702076, 145.62670754717
8/21/2017, 140.91, 141.3, 140.1, 141.12, 143773, 1.25129382211065, -0.0450721821079155, 0.544919668829876, 1.25900194578641, 0, 0.0789083014218761, 0.232932761219919, -0.154024459798042, 141.278727272724, 140.895569892474, 144.042390720391, 145.706336180124
8/22/2017, 142.32, 143.78, 141.99, 143.56, 112648, 1.26116923214992, 0.244570969231137, 0.861407761319571, 1.4340337580405, 0, 0.279954177364317, 0.242337044448798, 0.0376171329155188, 142.365999999996, 140.930365591398, 144.049511599512, 145.843712905452
8/23/2017, 143.12, 143.78, 142.69, 142.92, 100043, 1.24160916749979, -0.0410204541782436, 0.668287252306673, 1.37511172356319, 0, 0.383224260483161, 0.270514487655671, 0.11270977282749, 143.021818181814, 141.043505376345, 144.038295482296, 145.961898810876
8/24/2017, 143.63, 143.63, 142.28, 143.19, 45782, 1.2244447454998, -0.0109798118553916, 0.762775617766317, 1.45025163349036, 0, 0.481305103263082, 0.312672610777153, 0.168632492485929, 143.076181818178, 141.140494623657, 144.037750915751, 146.083548556038
8/25/2017, 144.32, 144.68, 143.29, 143.53, 31866, 1.21237254199618, 0.12535092322116, 0.846092738188744, 1.49496931628986, 0, 0.579786617084807, 0.366095412038684, 0.213691205046123, 143.231818181814, 141.312537634409, 144.046217338218, 146.210261640798
8/28/2017, 144.07, 144.07, 142.86, 143.72, 76099, 1.19232702063092, 0.0427571942191349, 0.849237467363649, 1.51310887253421, 0, 0.665493938545296, 0.425975117340006, 0.23951882120529, 143.65836363636, 141.497655913979, 144.068205128206, 146.338299379335
8/29/2017, 142.29, 144.38, 142.15, 143.98, 138600, 1.20810652475914, -0.0160017492071336, 0.668807742550536, 1.50262631324795, 0, 0.745800313609294, 0.489940156593864, 0.25586015701543, 144.059818181814, 141.737032258065, 144.09253968254, 146.469299473342
8/30/2017, 144.04, 146.21, 143.85, 146.02, 73644, 1.21247786990194, 0.148961184092283, 0.958543393833042, 1.63972303748662, 0, 0.962954307592668, 0.584542986793625, 0.378411320799043, 145.321272727269, 142.308258064517, 144.229147741148, 146.645438408896
8/31/2017, 147.1, 147.59, 146.12, 147.31, 68786, 1.19505612405761, 0.717566699761237, 0.889658873166583, 1.73527752870316, 0, 1.22502134780646, 0.712638658996192, 0.512382688810269, 146.353090909087, 143.030602150538, 144.41778998779, 146.847818399549
9/1/2017, 147.9, 147.9, 146.69, 147.22, 551295, 1.17709232273591, 0.727614501620948, 0.720388268846665, 1.70772390017153, 0, 1.40920468304171, 0.851951863805295, 0.557252819236412, 146.962727272723, 143.678430107527, 144.583677655678, 147.043371388792
9/5/2017, 147.13, 147.23, 145.39, 146.72, 86360, 1.18475296595911, 0.721909433638607, 0.599606056707561, 1.72579318594302, 0, 1.49756251340503, 0.981073993725242, 0.516488519679787, 147.186181818178, 144.283956989248, 144.73897924298, 147.222714138287
9/6/2017, 146.72, 147.27, 145.74, 146.06, 180434, 1.18297690953885, 0.544434498840281, 0.606757598678302, 1.70838569211903, 0, 1.49707292165658, 1.08427377931151, 0.412799142345071, 147.364181818178, 144.828881720431, 144.854087912088, 147.382560179518
9/7/2017, 146.18, 148.03, 146.18, 147.61, 233995, 1.17875704245568, 1.09087354141516, 1.07910046910877, 1.7295444094273, 0, 1.60327540194876, 1.18807410383896, 0.415201298109803, 147.813272727269, 145.619397849463, 145.046771672772, 147.57436617825
9/8/2017, 147.56, 148.23, 147.18, 147.33, 129984, 1.15758169201818, 0.91409334533704, 0.899722610630549, 1.66603367470016, 0, 1.64587534631502, 1.27963435233417, 0.36624099398085, 147.963818181814, 146.198516129033, 145.217264957265, 147.755359776759
9/11/2017, 148.19, 149.37, 148.19, 149.2, 213543, 1.15428408278007, 1.18102179189113, 1.44002712131509, 1.76610673810524, 0, 1.80966874607415, 1.38564123108217, 0.424027514991983, 148.602545454541, 146.97535483871, 145.453367521368, 147.974820361248
9/12/2017, 149.79, 149.79, 147.95, 149.03, 166864, 1.15955328385726, 1.15586253115831, 1.41336333502391, 1.68974211756407, 0, 1.90381264906407, 1.48927551467855, 0.414537134385517, 148.911272727269, 147.658043010753, 145.685938949939, 148.185534415584
9/13/2017, 149.25, 149.25, 148.28, 148.47, 52972, 1.13839708088223, 1.20885768584239, 1.62618750641285, 1.63705968870828, 0, 1.9112038819016, 1.57366118812316, 0.337542693778441, 148.788909090905, 148.257290322581, 145.905501831502, 148.378934899846
9/14/2017, 148.7, 148.7, 147.16, 148.18, 66936, 1.13555759123131, 1.20975222448321, 1.41020825891503, 1.49449063117865, 0, 1.87208072948769, 1.63334509639607, 0.238735633091627, 148.72945454545, 148.66006451613, 146.095941391942, 148.561508918936
9/15/2017, 147.08, 147.35, 146.23, 146.94, 120362, 1.15423695164845, 1.62646709591515, 1.39477519162946, 1.36866404232469, 0, 1.72117705475327, 1.65091148806751, 0.0702655666857632, 148.381818181814, 148.913892473119, 146.221545787546, 148.712358922855
9/18/2017, 147, 147.72, 146.92, 147.2, 68145, 1.12176222005069, 1.44204193558521, 1.20513112268358, 1.4105786981036, 0, 1.60407386737154, 1.64154396392831, -0.0374700965567734, 148.126181818178, 149.1611827957, 146.386361416362, 148.865517690875
9/19/2017, 147.15, 147.71, 146.98, 147.42, 962916, 1.08884295788827, 1.15012718964348, 1.13981780020725, 1.34067316245728, 0, 1.51159616936741, 1.61555440501613, -0.103958235648724, 147.847636363632, 149.399333333334, 146.533924297925, 149.020047268263
9/20/2017, 147.09, 147.15, 145.53, 146.65, 204674, 1.10427117224203, 0.979423119924901, 1.00618427809491, 1.28022982167318, 0, 1.36049146387279, 1.56454181678746, -0.204050352914673, 147.132909090905, 149.447247311829, 146.640212454213, 149.15421650173
9/21/2017, 146.19, 146.58, 145.23, 145.64, 70115, 1.10508307497137, 0.526681407286071, 0.560024457241913, 1.12748646125839, 0, 1.14603060955227, 1.48083957534043, -0.334808965788155, 146.347090909086, 149.310150537635, 146.726705738706, 149.263294901819
9/22/2017, 145.21, 146.44, 145.21, 146.18, 83588, 1.0880221924127, 1.25882681192872, 0.706704996124724, 1.16006376008556, 0, 1.00802246887889, 1.38627615404812, -0.378253685169227, 145.799272727268, 149.02141935484, 146.841670329671, 149.381500356379
9/25/2017, 146.11, 146.11, 142.8, 143.55, 150912, 1.17028721617934, 0.622720332786123, 0.275499559336504, 0.966264084549782, 0, 0.678608427395432, 1.24474260871758, -0.56613418132215, 144.779636363632, 148.439290322581, 146.742547008547, 149.440258519389
9/26/2017, 144.76, 144.76, 142.95, 143.47, 167985, 1.17547217807497, 0.457742837511445, 0.262229134625336, 0.901162979917351, 0, 0.406405307402451, 1.07707514845456, -0.670669841052104, 144.006545454541, 147.967505376345, 146.637257631258, 149.495698343505
9/27/2017, 143.74, 145.74, 143.74, 145.07, 75610, 1.18262041579235, 0.313807772466656, 0.3838101369749, 0.93043379504649, 0, 0.31614468282217, 0.924889055328078, -0.608744372505908, 143.97745454545, 147.690193548388, 146.627487179488, 149.583741590478
9/28/2017, 145.01, 145.21, 144.37, 145.09, 41809, 1.15228207686985, 0.448326827894856, 0.235982768362742, 0.95098258732794, 0, 0.243420322449367, 0.788595308752336, -0.545174986302969, 144.082727272723, 147.490408602151, 146.652556776557, 149.670084196154
9/29/2017, 145.36, 146.32, 145.27, 146.26, 124656, 1.12795963494047, 0.611905541171525, 0.362635162685598, 1.03069678819254, 0, 0.27700185979316, 0.686276618960501, -0.409274759167341, 144.512727272723, 147.256817204302, 146.730556776557, 149.779042553191
10/2/2017, 146.29, 147.41, 145.89, 146.47, 110655, 1.12191307022649, 0.586083638757212, 0.455783143520299, 0.919087965995556, 0, 0.316907601475151, 0.612402815463431, -0.29549521398828, 145.104363636359, 147.007806451614, 146.843841269842, 149.889926482874
10/3/2017, 146.33, 147.17, 146.33, 147.06, 35993, 1.09010116296933, 0.659347583062301, 0.43675461091832, 1.02559976744944, 0, 0.391626828132246, 0.568247617997194, -0.176620789864948, 145.983636363632, 146.848516129033, 147.009084249085, 150.010629374483
10/4/2017, 147.27, 147.42, 146.14, 147.42, 114058, 1.07648055335068, 0.676783631985549, 0.402026371086799, 1.04334751980504, 0, 0.474422497699692, 0.549482593937694, -0.0750600962380017, 146.852909090904, 146.859247311829, 147.171543345544, 150.136143651832
10/5/2017, 147.8, 148.89, 147.13, 148.74, 80938, 1.07274455436472, 0.556011724115, 0.444780483006004, 1.02149896572322, 0, 0.639183520891294, 0.567422779328414, 0.0717607415628801, 147.934181818177, 146.969892473119, 147.391833943835, 150.286203044041
10/6/2017, 147.92, 149.62, 147.92, 149.62, 69247, 1.06992396581606, 0.478853795452842, 0.860817667044989, 1.04021751095304, 0, 0.831185080133793, 0.620175239489489, 0.211009840644303, 149.258363636359, 147.172645161291, 147.63730891331, 150.451191175685
10/9/2017, 149.37, 149.37, 148.43, 148.82, 84075, 1.06187288386728, 0.333405781603478, 0.780434290484475, 1.37705094757324, 0, 0.908323793726822, 0.677804950336956, 0.230518843389866, 149.592545454541, 147.255075268818, 147.861467643468, 150.596391752577
10/10/2017, 149.42, 149.42, 148.01, 148.5, 64419, 1.05842778753045, 0.371148149581609, 0.799020527654009, 1.33038517699365, 0, 0.9328817739638, 0.728820315062325, 0.204061458901475, 149.512727272723, 147.275440860216, 148.092818070819, 150.732029827315
10/11/2017, 148.11, 148.77, 148.03, 148.76, 93485, 1.02862127000443, 0.560690359253291, 0.771015338001414, 1.23033382441145, 0, 0.962231966184049, 0.77550264528667, 0.18672932089738, 149.568363636359, 147.315290322582, 148.332315018316, 150.870070962395
10/12/2017, 148.28, 150.18, 148.28, 149.73, 122810, 1.03430718706716, 0.452312985397851, 1.14179026131478, 1.15483440872337, 0, 1.05164044195567, 0.83073020462047, 0.2209102373352, 149.761818181813, 147.583376344087, 148.602217338218, 151.024768497154
10/13/2017, 150.45, 150.5, 149.8, 150.12, 73340, 1.00568528086589, 0.590700758692255, 1.08458944018983, 1.15186447312246, 0, 1.14081642221029, 0.892747448138434, 0.248068974071858, 150.070909090904, 147.963010752689, 148.887367521368, 151.184118065073
10/16/2017, 150.46, 150.46, 149.59, 149.72, 76097, 0.987007752106653, 0.129493898950931, 1.04442492907285, 1.00238430247916, 0, 1.16577405435041, 0.947352769380829, 0.218421284969579, 150.073272727268, 148.267763440861, 149.14710866911, 151.332255276382
10/17/2017, 149.73, 149.75, 148.98, 149.66, 173181, 0.963758256134824, 0.153856838082544, 1.03828298017168, 0.882074337867741, 0, 1.1672562555502, 0.991333466614703, 0.175922788935497, 149.995636363631, 148.515440860216, 149.297892551893, 151.476180597015
10/18/2017, 150.09, 150.09, 149.04, 149.72, 385981, 0.950268885803372, 0.293042717503105, 1.15983728426694, 0.93489304251872, 1.99018079327615, 1.15990178349247, 1.02504712999026, 0.134854653502215, 149.868909090904, 148.707763440861, 149.424163614165, 151.618358701542
10/19/2017, 149.72, 151.63, 149.72, 151.63, 95863, 0.954366185473566, 0.726743550759263, 1.40221782856082, 1.04648391074598, 1.98269034459352, 1.29328615115674, 1.07869493422355, 0.214591216933183, 150.540545454541, 149.222150537635, 149.651284493286, 151.795191923133
10/20/2017, 152.55, 153.58, 152.13, 153.24, 147996, 0.960747960507629, 1.3172859986335, 2.08855438472657, 1.18246537320726, 2.03026482042251, 1.51148431783207, 1.16525281094526, 0.346231506886815, 151.786727272722, 149.896215053765, 149.924102564104, 152.000049261084
10/23/2017, 154.08, 154.08, 152.28, 152.45, 113477, 0.976476002589568, 1.0797501447916, 1.79621785000506, 1.0445880739389, 1.93696771025723, 1.60219246189016, 1.25264074113424, 0.349551720755919, 152.40254545454, 150.556580645162, 150.139853479855, 152.185601626016
10/24/2017, 152.77, 153.1, 152.12, 152.88, 57349, 0.957094310995818, 1.11898991841307, 1.60255488124077, 0.978481761248235, 1.9548454485254, 1.68930348687141, 1.33997329028167, 0.349330196589739, 152.904909090904, 151.239204301076, 150.365448107449, 152.37590149183
10/25/2017, 152.55, 153.44, 151.5, 152.51, 78670, 0.975047861463436, 1.22083155130152, 1.53808178500255, 0.941612605488567, 1.9322159036038, 1.7087858741146, 1.41373580704826, 0.29505006706634, 153.09254545454, 151.81270967742, 150.608600732602, 152.555424229633
10/26/2017, 152.91, 153.81, 152.74, 153.61, 50076, 0.961977227291187, 1.69289213285653, 1.48728428758781, 1.04351315504874, 1.90484337783396, 1.79232579717848, 1.4894538050743, 0.302871992104177, 153.649636363631, 152.480387096775, 150.869807081808, 152.752603586027
10/27/2017, 154.96, 156.23, 154.49, 155.93, 216659, 0.984293309754307, 1.90591216332731, 2.24175526039199, 1.18142363870483, 2.00260782609499, 2.02242316371365, 1.59604767680217, 0.426375486911483, 154.87454545454, 153.324731182797, 151.263841269842, 152.990352870813
10/30/2017, 155.59, 156.02, 154.96, 155.7, 60253, 0.970499762366665, 2.97927288099555, 2.21653141503815, 1.16862285379376, 1.96309488173495, 2.16130374246669, 1.70909888993507, 0.452204852531611, 155.623090909086, 154.099225806453, 151.670752136753, 153.219347915242
10/31/2017, 156.1, 156.88, 155.65, 156.48, 176116, 0.95668118833375, 3.20967424321518, 2.20167734645571, 1.69806131891359, 2.06930839968805, 2.30770529285763, 1.82882017051959, 0.478885122338047, 156.302909090904, 154.932516129034, 152.115355311357, 153.458875648838
11/1/2017, 157.33, 157.33, 154.73, 155.62, 119010, 0.997406494878178, 2.57857013009845, 1.79662441222527, 1.701177132238, 2.00222207923355, 2.32750473783224, 1.92855708398212, 0.398947653850125, 156.325636363631, 155.546903225808, 152.495653235654, 153.677841813467
11/2/2017, 155.89, 156.3, 155.17, 156.17, 94221, 0.980377657657009, 2.71552063207865, 1.98902458634125, 1.63970483241671, 2.02792989852594, 2.36036749685411, 2.01491916655652, 0.345448330297594, 156.59854545454, 156.105870967743, 152.830730158731, 153.903095934095
11/3/2017, 156.5, 156.64, 155.28, 156.34, 138594, 0.97384098667315, 2.50124220379931, 1.97105157535665, 1.71166434240241, 1.99473294556076, 2.37277715139427, 2.08649076352407, 0.286286387870207, 157.00454545454, 156.654473118281, 153.19120879121, 154.127419156684
11/6/2017, 156.29, 156.45, 155.23, 155.36, 77731, 0.970248357773276, 2.10534795815666, 1.75268137841893, 1.67148983520254, 1.95165078723512, 2.27728298157371, 2.124649207134, 0.15263377443971, 156.744909090904, 156.837849462367, 153.438173382175, 154.329484894588
11/7/2017, 156.28, 156.28, 154.48, 155.01, 65493, 0.981877915105306, 1.86276779940586, 1.66885309346123, 1.6295642641644, 1.85874927930163, 2.14859344132597, 2.12943805397239, 0.0191553873535808, 156.291636363631, 156.895290322582, 153.657516483518, 154.521395348837
11/8/2017, 155.74, 157.62, 155.61, 157.53, 69669, 1.00070368081921, 2.11100505058863, 1.89034645542665, 1.63768794742179, 1.89919542178867, 2.22430854863811, 2.14841215290553, 0.0758963957325722, 156.518727272722, 157.304688172044, 153.930991452993, 154.756141406383
11/9/2017, 156.75, 156.75, 153.69, 155.36, 97623, 1.08753094939159, 1.26748705151867, 1.29032233713698, 1.52960133839431, 1.82969370992406, 2.0851758429865, 2.13576489092173, -0.050589047935226, 155.942363636358, 157.359698924733, 154.129448107449, 154.946982623768
11/10/2017, 155.16, 155.97, 154.64, 155.87, 47749, 1.07243772299098, 1.19946572177786, 1.19046526144217, 1.41569650855989, 1.82127153490567, 1.99308981043342, 2.10722987482407, -0.114140064390648, 155.910727272721, 157.491161290324, 154.313269841271, 155.14365715722
11/13/2017, 155.14, 156.14, 155.14, 156.07, 55404, 1.04954715504885, 1.42120072550075, 1.23038249072202, 1.30394576869814, 1.84646794630937, 1.91418377569318, 2.06862065499789, -0.154436879304713, 155.905454545449, 157.600000000002, 154.535770451772, 155.340422166874
11/14/2017, 155.98, 156.27, 155.13, 156.15, 49097, 1.0330623327829, 1.50956088354072, 1.31698142360159, 1.25461091690133, 1.83891176650795, 1.83693051456399, 2.02228262691111, -0.18535211234712, 156.06363636363, 157.696387096776, 154.764815628817, 155.535108597285
11/15/2017, 155.64, 155.82, 154.69, 154.97, 45026, 1.03598792734624, 1.18781559135298, 1.24172201748798, 1.21978678932977, 1.82776709806468, 1.66133972006602, 1.95009404554209, -0.288754325476067, 155.660181818176, 157.608408602152, 154.935819291821, 155.70510700746
11/16/2017, 155.92, 157.43, 155.59, 157.19, 56612, 1.04853805360268, 1.33935364278628, 1.29542464685487, 1.64378996105177, 1.85942401148546, 1.68192995548711, 1.89646122753109, -0.214531272043988, 156.169090909085, 157.841397849464, 155.25581929182, 155.911764230598
11/17/2017, 157.32, 157.62, 156.53, 157.45, 50096, 1.02908041799628, 1.31371161274548, 1.36999559665178, 1.54804846785938, 1.80851334324514, 1.69963535411631, 1.85709605284814, -0.157460698731827, 156.746181818176, 158.111526881722, 155.56206837607, 156.119423046124
11/20/2017, 157.88, 158.09, 157.2, 157.76, 49827, 1.00391275496222, 1.45131231506855, 1.18507737891509, 1.86257220822203, 1.84118549206835, 1.71886738604383, 1.82945031948728, -0.11058293344345, 157.173818181812, 158.317139784948, 155.885448107449, 156.32895
11/21/2017, 158.69, 159.23, 158.11, 158.71, 72855, 0.994319276741838, 1.62271607112256, 1.32897979664926, 1.93060176610691, 1.85949638533421, 1.79013046078995, 1.82158634774781, -0.0314558869578578, 157.728727272721, 158.564279569894, 156.239115995117, 156.551609832842
11/22/2017, 158.86, 158.86, 157.95, 158.06, 114208, 0.977274400804203, 1.47962757295269, 1.32098077469754, 2.09300081851553, 1.85151944443578, 1.77371115512619, 1.81201130922349, -0.0383001540972943, 158.361272727266, 158.680408602153, 156.563570207572, 156.75901056489
11/24/2017, 158.43, 159.26, 158.18, 159.18, 12604, 0.959571505224002, 1.37186810782381, 1.50118250155148, 2.04133404663721, 1.82368398704341, 1.82997852356485, 1.81560475209176, 0.0143737714730876, 158.917818181812, 158.943311827959, 156.953711843713, 156.98243681892
11/27/2017, 159.58, 159.58, 158.73, 158.91, 70141, 0.939886492929828, 1.05704963912175, 1.67001960747045, 2.13188576377983, 1.7338737052211, 1.831669726489, 1.81881774697121, 0.0128519795177897, 159.274727272721, 159.136989247314, 157.322009768011, 157.197347353099
11/28/2017, 159.67, 160.01, 158.84, 159.82, 42560, 0.924411803666031, 1.38569534564577, 1.74668879969166, 2.03983249338502, 1.75520378477061, 1.8847136065408, 1.83199691888513, 0.0527166876556737, 159.820181818175, 159.362752688174, 157.706070818072, 157.424385038922
11/29/2017, 158.99, 158.99, 153.6, 154.11, 490157, 1.11253338354948, 0.184248879748655, 0.764973973877253, 1.34070123174374, 1.44974843592789, 1.44929540878604, 1.75545661686531, -0.306161208079267, 158.204545454539, 158.794860215056, 157.844549450551, 157.548930547713
11/30/2017, 154.69, 155.91, 154.26, 155.8, 204784, 1.10320856066668, 0.44104990064263, 1.02471911351285, 1.43599734589436, 1.47212305728047, 1.22645442298062, 1.64965617808837, -0.423201755107749, 157.047999999993, 158.416688172045, 158.06363858364, 157.700279892521
12/1/2017, 155.63, 156.15, 152.63, 155.13, 281757, 1.16602784157981, 0.217987360170761, 1.07232159149331, 1.1684253689764, 1.43906132242681, 0.984439925007933, 1.51661292747228, -0.532173002464351, 156.058727272721, 158.041612903228, 158.265194139195, 157.837488900399
12/4/2017, 155.58, 155.89, 149.83, 149.88, 455337, 1.34868964579038, -0.63901511506286, 0.393308227056592, 0.746835160295587, 1.15768634201539, 0.364805319188775, 1.28625140581558, -0.921446086626807, 153.420181818175, 157.085161290325, 158.176617826619, 157.88270716408
12/5/2017, 149.87, 151.99, 148.79, 150.27, 357817, 1.38440489722173, -0.56871509893083, 0.714132372478199, 0.72013260076887, 1.14653639732428, -0.0937096035377749, 1.01025920394491, -1.10396880748269, 151.391272727266, 156.147204301077, 158.096532356534, 157.933490452809
12/6/2017, 150, 152.35, 149.59, 152.21, 196815, 1.38908611595975, -0.425742060447961, 0.900734491072019, 0.854866628363599, 1.22573407170586, -0.297119191388646, 0.7487835248782, -1.04590271626685, 150.631090909084, 155.49812903226, 158.08562881563, 158.015949873783
12/7/2017, 152.13, 153.96, 151.99, 153.47, 305868, 1.37297946064196, -0.196802721505376, 0.863198011229953, 0.902706251385995, 1.26896524567666, -0.352586883392746, 0.528509443224011, -0.881096326616757, 150.530727272721, 154.988580645163, 158.1330989011, 158.118033683759
12/8/2017, 154.79, 155.34, 153.8, 154.17, 126190, 1.35905558755585, -0.179764127694005, 0.927288275010297, 0.856131773629917, 1.26395422526528, -0.33618593686154, 0.355570367206901, -0.691756304068441, 151.146545454539, 154.634989247314, 158.162559218561, 158.229980498528
12/11/2017, 154.51, 155.58, 154.29, 155.52, 73154, 1.32522710864719, -0.053783903545061, 0.936469496105622, 0.944553634625342, 1.33332717005099, -0.211812705968299, 0.242093752571861, -0.45390645854016, 152.447999999993, 154.603741935486, 158.259902319904, 158.362461587145
12/12/2017, 155.64, 156.14, 154.61, 155.08, 83292, 1.31186712625723, 0.00187915545346326, 0.872291502416339, 0.957836285452238, 1.37626817025276, -0.14705518653949, 0.164263964749591, -0.31131915128908, 153.964363636357, 154.503978494626, 158.326065934067, 158.485322175732
12/13/2017, 155.69, 156.3, 155.19, 155.49, 143677, 1.28221838216588, 0.0814326044289692, 0.852546585368976, 0.930564084907233, 1.30596439208285, -0.061936842980856, 0.119023803203501, -0.180960646184357, 154.738909090902, 154.512236559142, 158.400024420026, 158.6128208852
12/14/2017, 156.15, 156.64, 155.46, 155.52, 143623, 1.25580973142248, -0.186266811224409, 0.819540662676557, 0.883127383016033, 1.35368580823088, 0.0078503132885146, 0.0967891052205041, -0.0889387919319895, 155.786545454538, 154.473354838712, 158.446859584861, 158.738604300264
12/15/2017, 155.53, 157.68, 154.94, 157.49, 183105, 1.26508573851852, 0.260649345172891, 0.867344796098698, 0.947418137619758, 1.42009059129199, 0.219588395114499, 0.121348963199303, 0.0982394319151961, 157.395999999993, 154.721741935486, 158.562749694751, 158.894573002755
12/18/2017, 158.66, 158.66, 157.2, 157.4, 139167, 1.24889730185082, 0.195553148725243, 0.774544611470039, 1.14516105776013, 1.4238843825159, 0.375798135632095, 0.172238797685862, 0.203559337946234, 157.795636363629, 154.961526881723, 158.600000000002, 159.046470350132
12/19/2017, 157.43, 157.43, 156, 156.41, 83194, 1.23967529918645, 0.0667785419722666, 0.759743153478438, 1.08283213869973, 1.38247036894172, 0.414927725660078, 0.220776583280705, 0.194151142379373, 157.521090909083, 155.003526881723, 158.611284493286, 159.179707594513
12/20/2017, 156.9, 156.9, 155.07, 155.76, 43427, 1.24135036510314, -0.0118448400366078, 0.72923061031526, 1.07098503599693, 1.3350915335052, 0.38900443892237, 0.254422154409038, 0.134582284513332, 157.075090909083, 154.932946236561, 158.63123809524, 159.300143354903
12/21/2017, 156.35, 156.52, 155.46, 155.63, 61176, 1.21432304970148, 0.101966520856493, 0.691434446878395, 1.02392832076917, 1.3363385387075, 0.353890702145833, 0.274315863956397, 0.0795748381894358, 156.642545454538, 155.009032258067, 158.63670818071, 159.416415193707
12/22/2017, 155.82, 155.82, 154.66, 154.95, 119706, 1.1961009449099, -0.220966835122511, 0.53339541763647, 1.1304178811573, 1.2760697140012, 0.268101982994438, 0.273073087764005, -0.00497110476956758, 155.997272727265, 154.866430107529, 158.63491819292, 159.519746310566
12/26/2017, 154.62, 154.63, 153.91, 154.5, 35568, 1.17326245529515, -0.300406100174513, 0.452823710401276, 1.03055249748549, 1.21950562809794, 0.161935869893, 0.250845644189804, -0.0889097742968041, 155.423999999992, 154.703376344088, 158.548615384617, 159.614058492033
12/27/2017, 154.38, 155.14, 154.33, 154.73, 33373, 1.13911715165737, -0.308885277369693, 0.513745172973386, 1.0539718370045, 1.26020959467248, 0.0952594465811103, 0.219728404668065, -0.124468958086955, 154.89781818181, 154.591677419357, 158.460673992675, 159.710373012048
12/28/2017, 155.02, 155.1, 154.46, 155.09, 60102, 1.10028252648235, -0.375409373166229, 0.553351305078914, 1.08110439653067, 1.23840891105747, 0.0706524545666127, 0.189913214647775, -0.119260760081162, 154.597090909083, 154.539634408604, 158.396119658121, 159.810722549801
12/29/2017, 155.74, 155.74, 154.51, 154.57, 186557, 1.08857266080443, -0.36262715242395, 0.497877241862214, 1.11071675395419, 1.18901883859741, 0.00908683456017911, 0.153747938630256, -0.144661104070077, 154.144545454537, 154.349784946239, 158.352822954824, 159.90109561753
1/2/2018, 155.43, 156.29, 154.57, 156.29, 173131, 1.0777889971944, -0.288202887623432, 0.47606241423027, 1.25231438908729, 1.23834848761901, 0.0979560857282422, 0.142589568049853, -0.0446334823216108, 154.731999999992, 154.528752688174, 158.362422466424, 160.017015182885
1/3/2018, 156.91, 158.37, 156.37, 158.19, 81781, 1.07734534580528, -0.046987938230497, 0.496758410168853, 1.65006619645472, 1.31621940610397, 0.318033634811769, 0.177678381402236, 0.140355253409533, 156.023272727264, 154.971935483873, 158.451279609281, 160.160858983536
1/4/2018, 158.94, 160.05, 158.87, 159.42, 183393, 1.07391793526716, -0.0122251537615044, 0.683677486071978, 1.62424401875239, 1.48447081110312, 0.584954408198399, 0.259133586761469, 0.32582082143693, 157.498363636355, 155.587075268819, 158.59046886447, 160.321646132469
1/5/2018, 159.91, 161.12, 159.91, 161.05, 86646, 1.06267492939011, 0.951784258345966, 0.784388146749896, 1.57083716621324, 1.50278044593198, 0.91744271317998, 0.390795412045171, 0.526647301134809, 159.242363636355, 156.461655913981, 158.793489621491, 160.505317095588
1/8/2018, 161.1, 162.03, 160.16, 161.95, 94723, 1.06166475769906, 0.852061445003462, 0.898970879305823, 1.62760498211649, 1.53694829007396, 1.23927893260228, 0.560492116156592, 0.678786816445683, 160.982727272719, 157.392000000002, 159.028932844934, 160.700131930934
1/9/2018, 162.71, 162.71, 161, 161.93, 77362, 1.06150668272645, 0.948441411525726, 0.796379517726947, 1.51240552809587, 1.52738400629132, 1.47571153833081, 0.743536000591436, 0.732175537739377, 162.235454545446, 158.369376344088, 159.295670329672, 160.891660483214
1/10/2018, 161.09, 161.95, 160.71, 161.93, 131808, 1.0467194977904, 2.67958038251756, 0.590879307118275, 1.76357150653536, 1.5278547778195, 1.64413353383517, 0.923655507240184, 0.72047802659499, 163.017454545446, 159.31101075269, 159.57941880342, 161.080267875849
1/11/2018, 162.45, 163.52, 162, 163.52, 69874, 1.03333246002532, 2.85675669847446, 0.751324158953804, 1.87805183283335, 1.54897948538082, 1.88418913106693, 1.11576223200553, 0.768426899061399, 163.989454545446, 160.495569892475, 159.91995848596, 161.290418770419
1/12/2018, 164.05, 165.54, 163.57, 165.26, 143188, 1.03244582881625, 2.84244501780843, 0.82696581417092, 1.92670716349652, 1.57840643835466, 2.18959805617936, 1.3305293968403, 0.859068659339064, 165.155090909082, 161.4963655914, 160.313504273506, 161.524036251105
1/16/2018, 166.41, 166.79, 162.6, 163.15, 213498, 1.1219178534273, 1.89273672672438, 0.710512798070614, 1.57363932410621, 1.49884018196858, 2.23560678034229, 1.5115448735407, 0.724061906801596, 164.933090909082, 162.270172043013, 160.586568986571, 161.722051124565
1/17/2018, 164, 165.55, 163.69, 165.43, 68019, 1.1236707543815, 2.06395391199315, 0.845935361048745, 1.77853622679552, 1.56628938461721, 2.42805684308715, 1.69484726744999, 0.733209575637159, 165.374727272718, 163.241182795701, 160.981221001223, 161.951712187618
1/18/2018, 165.07, 166.27, 165.07, 165.86, 94547, 1.10089479230956, 1.91493284049367, 0.867004869645389, 1.78682658076994, 1.60975532657588, 2.58546863762416, 1.87297154148482, 0.712497096139337, 165.846363636355, 163.850301075271, 161.375391941393, 162.184503110958
1/19/2018, 166.43, 167.07, 165.88, 166.99, 54439, 1.07500263333039, 2.21377215435015, 1.05378844992429, 1.8359577060494, 1.65682258785249, 2.76947538676143, 2.05227231054014, 0.717203076221284, 166.535999999991, 164.525698924734, 161.846937728939, 162.43091623785
1/22/2018, 167.15, 168.37, 166.29, 168.37, 75686, 1.07465080033764, 2.35318081103611, 1.19846824299745, 1.912155246118, 1.70311903211739, 2.99216471572356, 2.24025079157683, 0.751913924146733, 167.615454545445, 165.397655913981, 162.361995115997, 162.69447297489
1/23/2018, 169.07, 169.34, 168.5, 169.08, 92586, 1.04531587112732, 2.48045565809626, 1.05114854190044, 1.93967153399694, 1.71090270534345, 3.18917584564292, 2.43003580239005, 0.759140043252875, 168.7209090909, 166.339440860218, 162.881474969477, 162.96486525302
1/24/2018, 169.9, 169.9, 167.85, 168.11, 155166, 1.05975199045682, 1.95340711890472, 1.18892503033504, 1.7176338939618, 1.67483911752345, 3.22980649335017, 2.58998994058207, 0.639816552768097, 169.098363636354, 167.104107526884, 163.337010989013, 163.216949801554
1/25/2018, 169.23, 169.43, 167.73, 168.18, 73244, 1.05688644166911, 1.98740462609033, 1.14718607069774, 1.62383076420509, 1.68002612191353, 3.23041675587464, 2.71807530364059, 0.512341452234057, 169.1629090909, 167.87772043011, 163.753450549452, 163.466467569217
1/26/2018, 169.21, 171.05, 169.2, 171.04, 112172, 1.07115179883019, 2.5651353393224, 1.34401770974932, 1.80372264513851, 1.75198562235033, 3.42222916376846, 2.85890607566616, 0.563323088102302, 170.192545454536, 168.903204301078, 164.285123321125, 163.754717059067
1/29/2018, 170.96, 171.19, 168.81, 169.03, 97075, 1.10009651238431, 2.19994503255698, 1.14797583796929, 1.68817600548966, 1.70642111769733, 3.3731678974315, 2.96175844001923, 0.411409457412272, 170.465636363627, 169.598021505379, 164.716358974361, 164.009305999727
1/30/2018, 167.99, 168.56, 167.05, 167.4, 118158, 1.11440769303407, 1.86999361694048, 1.11407116019468, 1.61891719897697, 1.66410577526854, 3.16626043352156, 3.00265883871969, 0.163601594801863, 169.54799999999, 170.000666666669, 165.043401709403, 164.195003143365
1/31/2018, 169.23, 170.64, 169.07, 170.16, 219795, 1.13671988377532, 2.31652736490857, 1.13766314256104, 1.6709628606573, 1.70027175076913, 3.1882416463155, 3.03977540023886, 0.148466246076647, 169.80799999999, 170.80819354839, 165.453443223445, 164.428433784338
2/1/2018, 169.51, 171.17, 169.09, 169.62, 63190, 1.14463531807598, 2.30739823316822, 1.06832727614019, 1.65526143109781, 1.65996816303001, 3.12605323301946, 3.05703096679498, 0.0690222662244846, 169.709454545445, 171.459462365594, 165.833916971919, 164.65080962143
2/2/2018, 169.39, 169.39, 166.05, 166.26, 291388, 1.21674119162424, 1.55599880499726, 0.735879763652945, 1.25820814090096, 1.51736446953176, 2.77367139088699, 3.00035905161338, -0.226687660726391, 168.471090909081, 171.539569892476, 165.991902319904, 164.827165778324
2/5/2018, 164.39, 168.14, 161.01, 161.11, 260882, 1.4141308484481, 0.691350615449473, 0.225417028358838, 0.870219236471595, 1.27668725230556, 2.05515374943406, 2.81131799117752, -0.75616424174346, 165.769454545444, 170.859354838713, 165.906356532358, 164.923274839415
2/6/2018, 157.92, 164.06, 156.58, 163.7, 276260, 1.55063585793402, 1.00355626733899, 0.465396978779525, 1.0671692859378, 1.34858846999739, 1.67540170841613, 2.58413473462524, -0.908733026209107, 164.500545454535, 170.464580645164, 165.956656898658, 165.054405904059
2/7/2018, 163.75, 166.06, 162.85, 163.4, 120363, 1.57403387666224, 0.791389843766462, 0.358599280963163, 1.06846821033875, 1.27827395370302, 1.33485065965945, 2.33427791963208, -0.999427259972629, 163.227454545444, 169.934344086024, 165.980639804641, 165.187555555556
2/8/2018, 163.82, 163.82, 155.85, 155.97, 170043, 1.82206372170468, -0.154694003539629, -0.150059114475084, 0.616010928288027, 0.967022110558667, 0.460118633885287, 1.95944606248272, -1.49932742859744, 159.658545454535, 168.376860215057, 165.692429792431, 165.205154024874
2/9/2018, 157.2, 160.5, 152.9, 159.14, 404051, 1.93526401118867, 0.0153426418794684, 0.00457919430511343, 0.777815332803374, 1.06919766052196, 0.0224212503427736, 1.57204110005473, -1.54961984971196, 158.422727272717, 167.227440860218, 165.540339438341, 165.270103594369
2/12/2018, 160.76, 162.67, 159.72, 161.61, 150975, 1.91961524041543, 0.0840765119361123, 0.570977227540665, 0.899638731001237, 1.10019243693297, -0.123722525940906, 1.23288837485561, -1.35661090079651, 158.287272727262, 166.386967741939, 165.500046398048, 165.359135711357
2/13/2018, 161.23, 162.98, 160.33, 162.61, 160216, 1.89390300752328, 0.0918229775891574, 0.520502222677638, 1.00499962220411, 1.12924859360945, -0.157040612477175, 0.954902577389049, -1.11194318986622, 158.575999999989, 165.596645161293, 165.500805860807, 165.462813174798
2/14/2018, 161.28, 165.75, 161.28, 165.62, 185332, 1.90145628336368, 0.325486811098674, 0.761011854567849, 1.22641374260869, 1.17709558432029, 0.0587590702932346, 0.775673875969886, -0.716914805676652, 160.717818181808, 165.251032258068, 165.651343101345, 165.606413284133
2/15/2018, 165.84, 169.74, 165.84, 169.74, 151709, 1.88390026021066, 0.614392487301546, 1.46997546841679, 1.38817767910065, 1.27888664419162, 0.55582424545193, 0.731703949866295, -0.175879704414365, 164.422545454535, 165.494645161293, 165.989162393164, 165.812111794451
2/16/2018, 169.22, 170.89, 169.06, 169.42, 123454, 1.84709342851936, 0.473984680163639, 1.4168170903594, 1.55474091199514, 1.27743112527591, 0.913401528035479, 0.768043465500132, 0.145358062535347, 167.338181818171, 165.705139784949, 166.280476190478, 166.008441711084
2/20/2018, 169.13, 171.4, 168.17, 170.33, 282554, 1.84017988743476, 0.411843687456301, 1.3395652174552, 1.60781383237039, 1.27555742829666, 1.25573812803071, 0.865582398006248, 0.390155730024466, 169.365818181807, 166.075247311831, 166.589365079367, 166.225771217712
2/21/2018, 170.93, 172.18, 169.16, 169.16, 150237, 1.84952676883084, 0.489065235156101, 1.16184521384951, 1.44594587620842, 1.20275055938316, 1.41630682457364, 0.975727283319727, 0.440579541253912, 171.004363636353, 166.297032258068, 166.836896214898, 166.42810769441
2/22/2018, 170.2, 170.47, 168.3, 168.63, 182590, 1.82691484791943, 0.280318734190585, 1.07222920764347, 1.4152058694558, 1.19604293413579, 1.483689058907, 1.07731963843718, 0.406369420469822, 172.101999999989, 166.403720430111, 167.067870573872, 166.614086920869
2/23/2018, 169.23, 172.1, 169.23, 172.04, 88426, 1.80201707896082, 0.487464795606003, 1.18157120884004, 1.50644735042989, 1.28227680340752, 1.79159606234305, 1.22017492321836, 0.571421139124691, 172.606363636352, 166.899849462369, 167.442722832724, 166.850122454558
2/26/2018, 172.67, 173.76, 172.34, 173.64, 127866, 1.74566958852338, 0.516546600626276, 1.31596808403206, 1.57304587742791, 1.26730014974239, 2.14005202158964, 1.40415034289261, 0.735901678697027, 173.420909090898, 167.639763440863, 167.862566544568, 167.103017083504
2/27/2018, 174.15, 174.29, 172.08, 172.16, 112362, 1.73682716068564, 0.311352650243232, 1.1819651182247, 1.45557947615474, 1.25362047234634, 2.2706080919784, 1.57744189270977, 0.693166199268632, 173.427272727261, 168.242602150541, 168.198859584861, 167.33094164275
2/28/2018, 173.58, 174.56, 171.59, 171.59, 141582, 1.74201034899736, 0.220089883436496, 1.14108586637239, 1.40320652293061, 1.23360028303068, 2.3015496503516, 1.72226344423814, 0.579286206113466, 172.861272727261, 168.587935483874, 168.495086691088, 167.540700013667
3/1/2018, 172.73, 173.07, 168.74, 170.14, 372687, 1.7962617726298, 0.186670620257002, 0.906627472461417, 1.24687321549734, 1.13942793429057, 2.18389361032658, 1.81458947745583, 0.369304132870753, 171.906545454534, 168.846838709681, 168.754354090356, 167.731315839825
3/2/2018, 168.25, 173.83, 168.05, 173.55, 204082, 1.83944211521448, 0.412760702546822, 1.11398206530168, 1.3547159317126, 1.20642784398055, 2.33884806773915, 1.91944119551249, 0.41940687222666, 172.707272727261, 169.536688172046, 169.184896214898, 167.977250785841
3/5/2018, 172.72, 175.79, 172.07, 175.21, 295001, 1.83707219987843, 0.329354721312477, 1.28851562688618, 1.4841587853975, 1.42643269074045, 2.56601924585169, 2.04875680558033, 0.517262440271361, 173.809636363624, 170.462881720433, 169.655565323567, 168.240472871395
3/6/2018, 176.24, 176.24, 174.5, 175.84, 122571, 1.78844261336251, 0.518365980768837, 1.37673478227082, 1.53500005720764, 1.43418160835786, 2.76501638829484, 2.19200872212323, 0.573007666171607, 174.995818181806, 171.507978494627, 170.146654456656, 168.510826841602
3/7/2018, 175.47, 178.87, 175.47, 178.72, 160383, 1.76676231914157, 0.828519020027798, 1.54919673415987, 1.64950055544798, 1.45374178605987, 3.11915926185233, 2.37743883006905, 0.741720431783279, 176.642363636351, 172.917634408605, 170.738590964592, 168.8163266366
3/8/2018, 179.34, 180.4, 178.97, 179.98, 376992, 1.71334578060413, 0.724355012106512, 1.6767491107132, 1.6537682921068, 1.42350662832405, 3.46158847319393, 2.59426875869403, 0.8673197144999, 178.096727272715, 174.360301075272, 171.390847374849, 169.146469864699
3/9/2018, 181.47, 182.34, 180.7, 182.28, 237287, 1.6718760967384, 0.913767496337924, 1.84147192355365, 1.73433562248945, 1.46725218246873, 3.87390094962174, 2.85019519687957, 1.02370575274217, 180.408545454533, 176.022881720434, 172.175877899879, 169.518301216345
3/12/2018, 183.01, 183.1, 181.7, 181.99, 214607, 1.62927686228805, 1.17928950546699, 1.80586449632516, 1.7441729282269, 1.40859412522026, 4.12965686762507, 3.10608753102867, 1.0235693365964, 182.381636363624, 177.748365591401, 172.923816849818, 169.882800328003
3/13/2018, 183.22, 183.23, 179.64, 180.07, 118984, 1.66400006308331, 1.56802397560002, 1.64838142174836, 1.64736088059357, 1.30390241336268, 4.1298114259738, 3.3108323100177, 0.818979115956101, 182.939999999987, 179.025591397853, 173.585902319904, 170.214590405904
3/14/2018, 181.05, 181.24, 179.04, 180.13, 193868, 1.64134051402565, 1.36798159278285, 1.69115582901322, 1.64676722554318, 1.32625701723337, 4.08765546540974, 3.46619694109611, 0.621458524313633, 182.973636363623, 180.130537634412, 174.214217338219, 170.548487084871
3/15/2018, 180.12, 180.74, 179.02, 179.94, 126995, 1.60871364594792, 1.37990981355221, 1.56487328752054, 1.5345163520567, 1.3104900876605, 3.99288762775515, 3.57153507842792, 0.421352549327237, 182.185818181805, 181.313247311831, 174.828493284495, 170.875757550909
3/16/2018, 180.42, 181.15, 179.18, 179.43, 195246, 1.58751789990122, 2.73044081264855, 1.40825474151473, 1.42171897133103, 1.30597874119531, 3.83245256830776, 3.62371857640388, 0.208733991903874, 181.369272727259, 182.332150537638, 175.406840048842, 171.195564575645
3/19/2018, 178.89, 179.02, 175.51, 177.37, 260357, 1.63616124451887, 2.10303328085892, 1.18907599820008, 1.3607468908918, 1.21239579219685, 3.49875042693665, 3.59872494651044, -0.0999745195737853, 179.85236363635, 182.802387096778, 175.856446886449, 171.484648079814
3/20/2018, 176.76, 178.19, 175.71, 177.41, 133030, 1.62389732226648, 1.85019641520707, 1.08602566198519, 1.33843331647255, 1.17150057680688, 3.20062196373206, 3.51910434995476, -0.318482386222702, 178.357454545441, 182.862688172046, 176.283899877902, 171.768236709033
3/21/2018, 177.41, 178.71, 176.42, 176.76, 255342, 1.61315253873123, 1.64350391473966, 0.985734991892398, 1.32718621540744, 1.1493703914095, 2.87871935622155, 3.39102735120812, -0.512307994986569, 177.12836363635, 182.90802150538, 176.722529914532, 172.038142681427
3/22/2018, 174.98, 176.13, 172.48, 172.53, 149687, 1.69410421728873, 0.760795619120951, 0.704754317668689, 1.036693892732, 1.02854395471691, 2.25627464257406, 3.16407680948131, -0.907802166907253, 174.796909090895, 182.312387096778, 176.91394871795, 172.246419844198
3/23/2018, 172.79, 173.28, 168.35, 168.35, 193931, 1.79578028261588, -0.118284294111474, 0.439421481118926, 0.695430864754679, 0.892812808928963, 1.40944445789214, 2.81315033916347, -1.40370588127134, 171.887818181804, 180.632150537638, 176.921406593408, 172.38576301763
3/26/2018, 172.07, 175.07, 170.75, 174.85, 233777, 1.83473623133809, 0.499318887311305, 0.683450572898556, 0.981053620001371, 1.04389592781313, 1.24842998889187, 2.50020626910915, -1.25177628021728, 171.925999999986, 179.908107526885, 177.208293040295, 172.608416290829
3/27/2018, 176.73, 176.73, 167.4, 168.59, 253993, 2.08442641050472, -0.0953591428274298, 0.234265840994705, 0.632488065472925, 1.02031282046718, 0.608678709887158, 2.12190075726475, -1.5132220473776, 169.807090909077, 178.453096774197, 177.209562881565, 172.749832444991
3/28/2018, 168.31, 168.93, 165.66, 166.6, 364947, 2.10199745570013, -0.158458739626958, 0.243098720434592, 0.582595372223575, 0.990313103325919, -0.0582338729215053, 1.6858738312275, -1.74410770414901, 167.638909090895, 176.767225806455, 177.088510378512, 172.851380620473
3/29/2018, 167.99, 171.37, 165.83, 169.7, 483194, 2.1236484225908, 0.119311508195995, 0.282806034235253, 0.690582617671115, 1.02770225776661, -0.332786650074496, 1.2821417349671, -1.6149283850416, 167.241636363622, 175.649612903229, 177.143777777779, 172.995173978406
4/2/2018, 168.73, 169.84, 163.95, 165.85, 200078, 2.2418690409887, -0.418283527560503, 0.0572717928276666, 0.504476521303008, 0.935958315936652, -0.851222168925688, 0.855468954188545, -1.70669112311423, 165.970909090895, 174.291849462369, 177.027367521369, 173.077380893809
4/3/2018, 167.44, 168.05, 165.15, 167.4, 389289, 2.1966743215387, -0.417680648103636, 0.0791721621679955, 0.619409323267682, 0.991315170515019, -1.12405658205498, 0.459563846939841, -1.58362042899482, 165.564363636349, 173.134516129036, 176.979445665447, 173.179417520842
4/4/2018, 164.66, 170.98, 163.95, 170.51, 313746, 2.25492415315406, -0.076668351441248, 0.167012453008202, 0.766928223907413, 1.06266242633894, -1.07691480793056, 0.15226811596576, -1.22918292389632, 166.783999999985, 172.445483870971, 177.081516483518, 173.3273300533
4/5/2018, 172.15, 172.43, 169.79, 170.81, 516960, 2.21569440598668, -0.0147386951042993, 0.145963517827234, 0.664936144978786, 1.00668062130974, -1.00377621215867, -0.078940749659126, -0.924835462499544, 168.353636363621, 171.715354838713, 177.173611721613, 173.474911849118
4/6/2018, 168.95, 170.55, 166.01, 167.07, 293288, 2.29568218957476, -0.173944344794109, 0.00692147270627031, 0.600172042398058, 0.928873407095817, -1.23338242672872, -0.309829085073046, -0.923553341655678, 168.109818181803, 170.464709677423, 177.117772893775, 173.569199671997
4/9/2018, 168.68, 171.28, 168.14, 168.27, 451170, 2.29044180330209, -0.335528500832753, 0.0640314147672083, 0.628100477662564, 0.899973227831287, -1.30349119966277, -0.508561507990991, -0.794929691671782, 167.742363636348, 169.603720430111, 177.10260805861, 173.684305589723
4/10/2018, 171.06, 172.49, 169.37, 171.79, 363491, 2.25415920676151, -0.191902098462456, 0.0965632848601705, 0.763414041010829, 0.936561471896619, -1.06276740410215, -0.619402687213222, -0.443364716888924, 169.895272727257, 169.320344086025, 177.254673992676, 173.842828754954
4/11/2018, 170.74, 173.02, 170.42, 171.13, 213645, 2.22567585825444, -0.280437575024263, 0.163734754236433, 0.73150158851479, 0.898948451672102, -0.914704402975133, -0.678463030365604, -0.236241372609528, 170.735090909075, 168.86649462366, 177.242231990234, 173.993657236572
4/12/2018, 171.86, 174.45, 171.86, 173.72, 103116, 2.17842455757499, -0.296092709297085, 0.371398660237988, 0.892552820924779, 0.983976901869854, -0.581666958753402, -0.659103816043164, 0.0774368572897617, 171.933090909075, 168.709913978498, 177.368090354092, 174.183828618286
4/13/2018, 174.52, 174.71, 170.97, 172, 174625, 2.19891929322577, -0.498050052741735, 0.150343202133045, 0.719147368924831, 1.02747678490508, -0.451319480132355, -0.617546948861002, 0.166227468728647, 172.76854545453, 168.224688172047, 177.390747252749, 174.34650102501
4/16/2018, 173.6, 174.66, 172.24, 173.96, 346486, 2.14189131129622, -0.515942812983588, 0.272395464054158, 0.787186710969342, 1.03217863673211, -0.18769886890351, -0.531577332869504, 0.343878463965994, 173.38563636362, 168.203483870971, 177.370053724056, 174.532199261993
4/17/2018, 175.26, 178.4, 175.18, 177.88, 338649, 2.11475849947962, -0.218972774723439, 0.628209655927681, 0.924225005641573, 1.21255867732904, 0.333687067174964, -0.35852445286061, 0.692211520035574, 175.224545454529, 168.787677419359, 177.511736263738, 174.754207735411
4/18/2018, 178.61, 179.25, 176.84, 178.65, 418202, 2.06781180964491, -0.0481861902654623, 0.962233583525487, 0.912497983317529, 1.2294410475801, 0.799802121741607, -0.126859137940167, 0.926661259681774, 177.379818181802, 169.494344086025, 177.709960927963, 174.989231925653
4/19/2018, 178.42, 178.42, 176.53, 177.1, 311833, 2.04146725467764, -0.151600030625758, 0.748217462411504, 0.878386174734813, 1.25627018498573, 1.03223070156739, 0.104958829961344, 0.927271871606042, 178.61563636362, 170.178215053767, 177.849062271064, 175.196577285773
4/20/2018, 176.44, 176.51, 174.07, 174.84, 636926, 2.05111335085358, -0.283569950139218, 0.647484820081204, 0.734651689550902, 1.1448276900313, 1.02228465212525, 0.288423994394125, 0.733860657731126, 177.97963636362, 170.66978494624, 177.887619047621, 175.367757550909
4/23/2018, 175.22, 176.93, 173.87, 174.66, 217489, 2.03816457889659, -0.263064758066712, 1.13550399987849, 0.739422555913362, 1.17544865716855, 0.988483221341568, 0.428435839783614, 0.560047381557954, 177.09763636362, 171.325010752692, 177.933164835167, 175.532136394697
4/24/2018, 175.97, 177.04, 170.3, 171.68, 316146, 2.16616107923214, -0.323582990041762, 0.777102598280709, 0.574061393743284, 1.0318827051863, 0.713015055099731, 0.485351682846837, 0.227663372252894, 175.54163636362, 171.631956989251, 177.824649572651, 175.653809211425
4/25/2018, 171.95, 172.13, 167.96, 170.52, 264219, 2.19412507259234, -0.401703688187698, 0.567836387313817, 0.803146898224531, 0.97751337189712, 0.396531277501708, 0.467587601777811, -0.0710563242761031, 173.458909090892, 171.730236559143, 177.66237851038, 175.759151564849
4/26/2018, 172.05, 175.17, 171.71, 174.32, 213741, 2.17235599477698, -0.105763231749134, 0.709018945890905, 0.877162392627909, 1.05664661206398, 0.447188930067341, 0.463507867435717, -0.0163189373683763, 173.240181818165, 172.376279569896, 177.65586813187, 175.916346316797
4/27/2018, 174.81, 175.56, 172.77, 173.92, 119493, 2.14869389465873, 0.134904905629194, 0.519462577675444, 0.891987583370817, 0.963181217738967, 0.449872972048212, 0.460780888358216, -0.0109079163100045, 172.506545454528, 172.996387096778, 177.66187789988, 176.064383490502
4/30/2018, 174.65, 175.25, 172.65, 173.69, 164678, 2.1188082218383, 0.410485663634365, 0.276636372811754, 1.16339152302532, 0.976706799837824, 0.428501518078264, 0.454325014302226, -0.0258234962239621, 171.98072727271, 173.592150537638, 177.643797313799, 176.200696733634
5/1/2018, 173.29, 175.31, 172.43, 175.22, 207356, 2.07747408999281, 0.0660085306288907, 0.380438866853674, 1.20779103007684, 0.992360578047183, 0.528925575303191, 0.469245126502419, 0.0596804488007722, 172.782181818164, 174.281741935488, 177.658661782664, 176.35407434741
5/2/2018, 174.65, 175.94, 173.8, 174.26, 267272, 2.04587547082585, 0.524916127045848, 0.274113439432171, 1.07377845395515, 0.966683944082889, 0.524996553752288, 0.480395411952393, 0.0446011417998956, 173.551090909073, 174.866064516133, 177.60333821734, 176.488948202815
5/3/2018, 173.68, 176.36, 172.16, 175.19, 427121, 2.05313400632917, 0.79442437681785, 0.394070228603723, 1.05283725145422, 0.97343878308443, 0.590123427993035, 0.502341015160521, 0.0877824128325138, 174.57072727271, 175.54537634409, 177.572224664227, 176.636127647943
5/4/2018, 174.1, 178.73, 174.04, 177.88, 228355, 2.05281155408347, 0.753646675911931, 0.569914272101587, 1.12743276045397, 0.998489517249991, 0.84901059809053, 0.571674931746523, 0.277335666344007, 176.1718181818, 176.294129032262, 177.629255189257, 176.819050430504
5/7/2018, 178.87, 180.47, 178.47, 179.76, 278522, 2.00181582820621, 1.35773248826539, 0.482580271043142, 1.13992784988309, 1.04067716527421, 1.19213860203485, 0.695767665804187, 0.496370936230658, 178.220545454527, 176.968236559144, 177.741665445667, 177.024971436381
5/8/2018, 179.45, 180.7, 178.71, 180.66, 179951, 1.94732698225634, 1.29236305175354, 0.441511639046612, 1.19813482679183, 1.08000083537045, 1.51918033045806, 0.860450198734961, 0.658730131723095, 179.705999999982, 178.11625806452, 177.880021978024, 177.24151564849
5/9/2018, 181.41, 183.98, 180.74, 183.61, 286707, 1.91064695813795, 1.26641685735014, 0.681937920896172, 1.29184945476342, 1.12401611534449, 1.99342464383287, 1.08704508775454, 0.906379556078325, 181.488727272709, 179.183763440864, 178.136332112334, 177.492460844609
5/10/2018, 184.48, 185.41, 183.31, 185.26, 214628, 1.85562557262509, 1.38089305519491, 0.801097272169063, 1.35472727830917, 1.14230019952245, 2.47389042047885, 1.3644141542994, 1.10947626617945, 183.887454545436, 180.231053763445, 178.432317460319, 177.760139401394
5/11/2018, 184.49, 184.49, 182.63, 183.3, 105845, 1.8534344457463, 1.67572658117795, 0.778518772326268, 1.18296345170273, 1.06687663224578, 2.6657779614923, 1.62468691573798, 1.04109104575431, 184.932363636345, 181.115935483875, 178.658366300368, 178.001717917179
5/14/2018, 183.85, 184.25, 180.63, 181.22, 396988, 1.8808509392453, 1.30586577431982, 0.4767257057779, 1.09909623190781, 1.0925041124219, 2.61981204107275, 1.82371194080494, 0.796100100267812, 184.701090909072, 181.39249462366, 178.815929181931, 178.211674456745
5/15/2018, 179.72, 180.53, 178.69, 180.43, 180136, 1.8647420985952, 0.911193641061693, 0.340463081314504, 1.11398662931612, 1.07763834620458, 2.49092350466341, 1.95715425357663, 0.533769251086782, 184.092181818163, 181.572989247316, 178.949421245423, 178.407596282629
5/16/2018, 180.92, 181.32, 179.92, 180.63, 109915, 1.80829677244674, 1.00587780366681, 0.316047863877924, 1.15347707095687, 1.09650562759297, 2.37751028092777, 2.04122545904686, 0.336284821880907, 183.076181818163, 181.902129032262, 179.112485958488, 178.60786032527
5/17/2018, 180.34, 181.66, 179.11, 180.26, 135118, 1.79213920840287, 0.714030385759862, 0.135779226365569, 1.14437021506626, 1.0728730784322, 2.2320439628337, 2.07938915980423, 0.152654803029473, 181.77090909089, 182.139032258068, 179.265032967035, 178.799227552275
5/18/2018, 179.69, 182.19, 179.69, 181.46, 195342, 1.76015905996565, 1.04273433835189, 0.13188510156701, 1.2253937181487, 1.16101190803999, 2.18836472258528, 2.10118427236044, 0.0871804502248397, 181.141636363617, 182.217892473122, 179.456175824178, 179.015609402761
5/21/2018, 183.11, 183.31, 180.78, 181.63, 112949, 1.74023311055607, 0.857978500643646, 0.013618136112451, 1.25419715430623, 1.13961699435487, 2.14276571985405, 2.10950056185916, 0.0332651579948937, 180.751818181799, 182.305483870971, 179.640442002444, 179.232824381577
5/22/2018, 182.7, 182.7, 180.29, 180.5, 184955, 1.73033026524534, 0.32929375610723, -0.0329797832333286, 1.19573965064264, 1.11390748797114, 1.99247857275861, 2.08609616403905, -0.0936175912804376, 180.049636363617, 182.398172043014, 179.796214896217, 179.427141998087
5/23/2018, 179, 182.84, 178.85, 182.84, 268448, 1.73188789232632, 0.495195843092662, 0.203022467527858, 1.26921663795912, 1.16757779539666, 2.03869259058686, 2.07661544934861, -0.0379228587617515, 180.754545454526, 182.687569892477, 180.080500610503, 179.65982971163
5/24/2018, 183.04, 183.16, 180.84, 182.75, 168639, 1.70957845757208, 0.67438964173654, 0.194732976818925, 1.29078135778277, 1.19161098994112, 2.04448770323762, 2.07018990012642, -0.025702196888794, 181.800363636344, 183.06266666667, 180.301084249086, 179.88705835725
5/25/2018, 182.34, 183.26, 182, 182.34, 104678, 1.66230223738748, 0.930632929582066, 0.18276259768431, 1.19563088541017, 1.19047045051086, 1.99302247579035, 2.0547564152592, -0.0617339394688488, 182.449454545435, 183.212817204305, 180.540053724056, 180.111011343447
5/29/2018, 181.78, 181.99, 179.98, 181.13, 279441, 1.65488312519721, 0.798315911425882, 0.14435112895201, 1.05965280125947, 1.25741409653076, 1.83346399302351, 2.01049793081207, -0.177033937788551, 182.316909090889, 183.273397849466, 180.723299145301, 180.313569495695
5/30/2018, 182.99, 183.85, 182.23, 183.11, 320099, 1.62941145455531, 1.49481626747291, 0.369373663984876, 1.08129452327466, 1.2595443321724, 1.84550832711759, 1.97750001007317, -0.131991682955585, 182.715272727253, 183.800279569896, 181.00701831502, 180.539688123548
5/31/2018, 183.38, 184.78, 182.81, 182.95, 178444, 1.6031344895952, 1.66282327663061, 0.358307358747491, 1.00216551586995, 1.19018832251948, 1.8211498045176, 1.94622996896206, -0.125080164444454, 182.952181818162, 184.324451612907, 181.302600732603, 180.764844608446
6/1/2018, 183.98, 186.01, 183.58, 185.94, 620179, 1.58077219601952, 1.6130742377053, 0.552928640792692, 1.07497649086395, 1.25401496912427, 2.01983016653165, 1.96095000847597, 0.058880158055673, 184.021454545434, 185.096924731187, 181.73397802198, 181.037819051524
6/4/2018, 186.86, 187.43, 185.38, 187.33, 316510, 1.54530690771086, 1.85637738092658, 0.891491358560289, 1.12929985424606, 1.2420227134352, 2.26335660210927, 2.02143132720263, 0.241925274906635, 185.501090909071, 185.838064516133, 182.192207570209, 181.325177805111
6/5/2018, 187.75, 188.93, 187.59, 188.76, 279308, 1.49930189590168, 2.07781069962142, 1.26179007795685, 1.1837454382357, 1.36101143368528, 2.54243450346371, 2.12563196245485, 0.416802541008861, 187.188545454525, 186.668064516133, 182.700420024422, 181.629302446358
6/6/2018, 189.45, 189.99, 188.6, 189.99, 184317, 1.45169648179842, 2.03358618158153, 0.998315254202606, 1.16107747126658, 1.39099641072791, 2.83023132642273, 2.26655183524843, 0.563679491174307, 188.685999999979, 187.36449462366, 183.310876678879, 181.959649309826
6/7/2018, 189.99, 190.19, 184.84, 186.77, 371740, 1.54611245836075, 1.59512155468453, 1.31064917835082, 0.954009870019976, 1.282821817836, 2.76659372245703, 2.36656021269015, 0.400033509766884, 189.021454545434, 187.45690322581, 183.722031746034, 182.232104141041
6/8/2018, 186.28, 188.24, 185.77, 188.12, 136435, 1.52391586570081, 1.6325488968386, 1.56767911344606, 1.10331509711941, 1.24404002659011, 2.79289937493454, 2.45182804513902, 0.34107132979551, 189.590909090889, 187.869096774197, 184.142979242981, 182.52086100861
6/11/2018, 188.43, 189.09, 187.98, 188.64, 592997, 1.47315044541377, 1.40748003205902, 1.39815287797235, 1.02615380373039, 1.27653653376689, 2.82316278499599, 2.52609499311042, 0.297067791885569, 189.96509090907, 188.231569892477, 184.632810744813, 182.824033620336
6/12/2018, 189.32, 190.75, 189.29, 190.57, 105335, 1.44067977657402, 1.40162802062149, 1.91343678399084, 1.07959187902212, 1.31122641634373, 2.96866075259405, 2.61460814500714, 0.354052607586904, 190.420363636343, 188.728623655918, 185.18146764347, 183.155365313653
6/13/2018, 190.94, 192.47, 190.7, 191.29, 368395, 1.41315713194953, 1.37454454444269, 1.84542478851653, 1.05817286038495, 1.31726748813099, 3.1062598924205, 2.71293849448981, 0.393321397930682, 191.005454545434, 189.310129032262, 185.671582417584, 183.462249555829
6/14/2018, 192.03, 193.77, 191.81, 192.33, 255740, 1.3997124025482, 1.18194596631219, 1.70664971916844, 1.03844250119237, 1.33490184761019, 3.26162947613159, 2.82267669081817, 0.438952785313419, 191.471636363615, 189.855913978498, 186.074376068378, 183.781521661883
6/15/2018, 191.48, 192.03, 189.65, 191.83, 138005, 1.40304619748209, 0.902169727571793, 1.64234769483818, 0.988593865121619, 1.31515820809566, 3.30630217589237, 2.91940178783301, 0.38690038805936, 191.851454545433, 190.283677419359, 186.489997558, 184.099762470958
6/18/2018, 190.72, 193.13, 189.89, 193, 279278, 1.40875147388518, 1.38465797514615, 2.15464563717831, 1.07560336414904, 1.2832530174045, 3.3969568303956, 3.01491279634553, 0.382044034050068, 192.592181818161, 190.931870967746, 186.929487179489, 184.444556238896
6/19/2018, 190.99, 191.65, 188.69, 191.59, 217548, 1.46064294971997, 1.5426403879577, 1.92493154171143, 1.01730315916759, 1.21186558833058, 3.3167921656287, 3.07528867020216, 0.241503495426536, 192.822545454524, 191.428946236563, 187.120547008549, 184.766766981003
6/20/2018, 191.61, 192.78, 190.78, 190.9, 225924, 1.44500970979574, 1.56895458167544, 1.6217535889963, 0.872608179025673, 1.19825530984632, 3.1611441557329, 3.09245976730831, 0.0686843884245896, 192.906181818161, 191.822150537638, 187.325794871797, 185.085446221129
6/21/2018, 191.22, 191.65, 188.36, 188.86, 206836, 1.47468884845921, 1.17560440586676, 1.49724183279535, 0.881025635653452, 1.16352390551129, 2.84043823167514, 3.04205546018167, -0.201617228506538, 191.591454545433, 192.087118279574, 187.473492063494, 185.380588765887
6/22/2018, 188.25, 188.25, 184.7, 185.63, 773211, 1.53738215333731, 0.709645469204587, 1.00026378421, 0.82166009727413, 1.10191320246818, 2.29913942243701, 2.89347225263274, -0.594332830195734, 189.316909090888, 192.018387096778, 187.482258852261, 185.619839278393
6/25/2018, 184.31, 184.31, 180.15, 181.92, 695910, 1.64091378995056, 0.0774171335186742, 0.825322266801278, 0.553329749745958, 0.962183107261783, 1.5528894787611, 2.62535569785841, -1.07246621909731, 186.000545454524, 191.345870967746, 187.378879120881, 185.802788574552
6/26/2018, 182.73, 184.15, 182.27, 182.83, 169272, 1.61209475925403, 0.163026420494347, 0.742015876924007, 0.61249663824473, 0.991904668257749, 1.02311656586676, 2.30490787146008, -1.28179130559333, 183.751090909069, 190.659053763445, 187.394891330893, 185.993608856088
6/27/2018, 183.72, 184.46, 178.71, 178.71, 314787, 1.72767232159753, -0.165527893065557, 0.101218738743947, 0.59090813641922, 0.833074221079403, 0.267731901167593, 1.89747267740159, -1.62974077623399, 180.644545454524, 189.386430107531, 187.214109890112, 186.127356566899
6/28/2018, 179.22, 182.58, 178.82, 181.95, 454981, 1.71841002782665, -0.064259581602073, 0.287677994687028, 0.963966675544038, 0.9109154419015, -0.0686832281684246, 1.50424149628758, -1.57292472445601, 179.551454545433, 188.549333333337, 187.188371184373, 186.314957496241
6/29/2018, 182.84, 184.04, 182.26, 182.68, 377397, 1.68316985622349, 0.0198160148707963, 0.464996519874739, 0.880252486671538, 0.944325557687041, -0.273240002113511, 1.14874519660737, -1.42198519872088, 179.176727272705, 187.771677419359, 187.160029304031, 186.510751400847
7/2/2018, 181.63, 185.83, 181.63, 185.83, 248818, 1.68491307037702, 0.365687904888233, 0.873261191606628, 1.0146733047678, 1.02163253339975, -0.179109383385423, 0.883174280608807, -1.06228366399423, 180.623272727251, 187.458086021509, 187.247697191699, 186.747451961186
7/3/2018, 186.67, 186.67, 184.53, 184.64, 307359, 1.6689342833338, 0.37002066769762, 0.795575414706524, 1.38492091632179, 1.03060796501181, -0.198247965482977, 0.66688983139045, -0.865137796873428, 181.767818181796, 186.976645161294, 187.346525030527, 186.964541205412
7/5/2018, 185.92, 186.34, 184.72, 186.21, 287915, 1.61776717024336, 0.32905720417583, 1.17694504211781, 1.30449530640937, 1.0582300937512, -0.0857411797704515, 0.51636362915827, -0.602104808928722, 183.695818181796, 186.599655913982, 187.540305250307, 187.200797321306
7/6/2018, 186.24, 189.11, 186, 188.77, 129226, 1.59841184262576, 0.57670998575551, 1.45530642162909, 1.29235447942826, 1.10717466209385, 0.207598793990314, 0.454610662124679, -0.247011868134365, 186.355999999978, 186.666645161294, 187.803890109892, 187.437784064507
7/9/2018, 189.98, 190.33, 187.83, 189.74, 250133, 1.57660795486372, 0.394001792897354, 1.26704748778605, 1.28439915544744, 1.15165205160269, 0.512436678914099, 0.466175865482563, 0.0462608134315362, 188.71018181816, 186.812451612907, 188.085040293042, 187.678979636463
7/10/2018, 190.33, 190.76, 189.41, 189.71, 176354, 1.53359503288203, 0.257757241389319, 1.2998448532961, 1.1470486579871, 1.18156804743466, 0.743036883012081, 0.521548068988467, 0.221488814023615, 190.087818181796, 186.88202150538, 188.319360195362, 187.924544758781
