Date,IJK_Open,IJK_High,IJK_Low,IJK_Close,IJK_Volume,IJK_ATRPercentOfClose20,IJK_SQN25,IJK_SQN50,IJK_SQN100,IJK_SQN200,IJK_MACD,IJK_MACD_Avg,IJK_MACD_Diff,IJK_LinReg10,IJK_LinReg30,IJK_LinReg90,IJK_LinReg270
1/3/2017, 183.77, 184.08, 181.67, 182.84, 777900, 0, 0, 0, 0, 0, 0, 0, 0, 182.84, 182.84, 182.84, 182.84
1/4/2017, 183.31, 185.73, 183.31, 185.59, 506348, 0, 0, 0, 0, 0, 0.219373219373239, 0.0438746438746477, 0.175498575498591, 185.59, 185.59, 185.59, 185.59
1/5/2017, 185.15, 185.53, 183.6, 184.25, 166722, 0, 0, 0, 0, 0, 0.281852257692719, 0.0914701666382621, 0.190382091054457, 184.931666666667, 184.931666666667, 184.931666666667, 184.931666666667
1/6/2017, 184.41, 185.1, 183.91, 184.18, 283738, 0, 0, 0, 0, 0, 0.322007034066189, 0.137577540123847, 0.184429493942342, 184.617, 184.617, 184.617, 184.617
1/9/2017, 184.37, 184.41, 183.25, 183.53, 181562, 0, 0, 0, 0, 0, 0.297945881264042, 0.169651208351886, 0.128294672912155, 184.072, 184.072, 184.072, 184.072
1/10/2017, 183.86, 185.31, 183.62, 184.65, 113791, 0, 0, 0, 0, 0, 0.365043885407488, 0.208729743763007, 0.156314141644481, 184.373333333333, 184.373333333333, 184.373333333333, 184.373333333333
1/11/2017, 184.77, 185.23, 184.21, 185.15, 99666, 0, 0, 0, 0, 0, 0.453339542381343, 0.257651703486674, 0.195687838894669, 184.776785714286, 184.776785714286, 184.776785714286, 184.776785714286
1/12/2017, 184.73, 184.85, 182.44, 184.47, 129022, 0, 0, 0, 0, 0, 0.463105774570153, 0.29874251770337, 0.164363256866783, 184.739166666667, 184.739166666667, 184.739166666667, 184.739166666667
1/13/2017, 184.66, 185.97, 184.66, 185.62, 78766, 0, 0, 0, 0, 0, 0.557217714039268, 0.350437556970549, 0.206780157068719, 185.144222222222, 185.144222222222, 185.144222222222, 185.144222222222
1/17/2017, 185.05, 185.08, 183.35, 183.66, 96897, 0, 0, 0, 0, 0, 0.468248803776703, 0.37399980633178, 0.0942489974449228, 184.740909090909, 184.740909090909, 184.740909090909, 184.740909090909
1/18/2017, 183.85, 184.53, 183.11, 184.51, 126778, 0, 0, 0, 0, 0, 0.461013916206014, 0.391402628306627, 0.0696112878993868, 184.470181818182, 184.72, 184.72, 184.72
1/19/2017, 184.57, 184.96, 182.72, 183.4, 207077, 0, 0, 0, 0, 0, 0.361544828608373, 0.385431068366976, -0.0238862397586028, 184.274909090909, 184.375256410257, 184.375256410257, 184.375256410257
1/20/2017, 183.94, 184.61, 183.73, 184.35, 117953, 0, 0, 0, 0, 0, 0.355276514067668, 0.379400157507115, -0.0241236434394463, 184.259272727273, 184.375494505495, 184.375494505495, 184.375494505495
1/23/2017, 184.1, 184.62, 183.11, 184.06, 90346, 0, 0, 0, 0, 0, 0.323182803084876, 0.368156686622667, -0.0449738835377909, 184.124, 184.300857142857, 184.300857142857, 184.300857142857
1/24/2017, 184.86, 187.12, 184.84, 186.69, 137329, 0, 0, 0, 0, 0, 0.504155732621626, 0.395356495822459, 0.108799236799168, 184.773818181818, 184.877833333333, 184.877833333333, 184.877833333333
1/25/2017, 187.63, 188.32, 187.52, 188.19, 302632, 0, 0, 0, 0, 0, 0.759856395562139, 0.468256475770395, 0.291599919791744, 185.993454545454, 185.678529411765, 185.678529411765, 185.678529411765
1/26/2017, 188.21, 188.67, 187.31, 187.59, 95247, 0, 0, 0, 0, 0, 0.903669092788334, 0.555338999173983, 0.348330093614351, 186.912727272727, 186.193529411765, 186.193529411765, 186.193529411765
1/27/2017, 187.57, 187.86, 186.37, 186.78, 342763, 0, 0, 0, 0, 0, 0.941429250526369, 0.63255704944446, 0.308872201081909, 187.283090909091, 186.445497076023, 186.445497076023, 186.445497076023
1/30/2017, 185.93, 185.96, 183.75, 185.49, 256512, 0, 0, 0, 0, 0, 0.857378898320803, 0.677521419219729, 0.179857479101075, 187.311818181818, 186.398947368421, 186.398947368421, 186.398947368421
1/31/2017, 184.99, 186.03, 184.46, 185.7, 455747, 0, 0, 0, 0, 0, 0.798508919831335, 0.70171891934205, 0.0967900004892848, 187.028181818182, 186.395714285714, 186.395714285714, 186.395714285714
2/1/2017, 186.85, 187.36, 184.54, 185.25, 83156, 0, 0, 0, 0, 0, 0.70738846466341, 0.702852828406322, 0.00453563625708797, 186.647818181818, 186.310173160173, 186.310173160173, 186.310173160173
2/2/2017, 185.36, 186.2, 184.47, 185.42, 117555, 1.0300560888793, 0, 0, 0, 0, 0.641497641216603, 0.690581790968378, -0.0490841497517754, 186.063818181818, 186.263873517786, 186.263873517786, 186.263873517786
2/3/2017, 186.72, 187.88, 186.62, 187.75, 99022, 1.03192197070573, 0, 0, 0, 0, 0.768432208131856, 0.706151874401074, 0.0622803337307819, 186.364545454545, 186.601956521739, 186.601956521739, 186.601956521739
2/6/2017, 187.3, 187.95, 186.88, 187.33, 113277, 1.01108302193989, 0, 0, 0, 0, 0.82562103169073, 0.730045705859005, 0.0955753258317251, 186.276727272727, 186.8251, 186.8251, 186.8251
2/7/2017, 187.73, 188.12, 186.6, 186.98, 223157, 1.00297290285057, 0, 0, 0, 0, 0.833098075428438, 0.750656179772892, 0.0824418956555467, 186.415636363636, 186.963384615384, 186.963384615384, 186.963384615384
2/8/2017, 186.53, 187.26, 185.73, 187.11, 147692, 0.9930472968107, 0.717875339077408, 0, 0, 0, 0.839832533337756, 0.768491450485864, 0.0713410828518912, 186.883636363636, 187.100512820513, 187.100512820513, 187.100512820513
2/9/2017, 187.46, 189.22, 187.46, 188.9, 115341, 0.990305059401469, 0.586635686768538, 0, 0, 0, 0.978330099695881, 0.810459180327868, 0.167870919368014, 187.908909090909, 187.469417989418, 187.469417989418, 187.469417989418
2/10/2017, 189.64, 190.2, 189.05, 189.81, 217620, 0.970524179099576, 1.00315209624373, 0, 0, 0, 1.14828312063517, 0.878023968389329, 0.270259152245842, 189.01509090909, 187.915147783251, 187.915147783251, 187.915147783251
2/13/2017, 190.72, 191.12, 190.29, 190.33, 102056, 0.95389289504096, 1.107118422939, 0, 0, 0, 1.30983283082256, 0.964385740875974, 0.345447089946583, 189.877636363636, 188.374965517241, 188.374965517241, 188.374965517241
2/14/2017, 190.06, 190.79, 189.5, 190.68, 90141, 0.938361196651398, 1.30325913589919, 0, 0, 0, 1.44939647463519, 1.06138788762782, 0.388008587007375, 190.63909090909, 188.825053763441, 188.825053763441, 188.825053763441
2/15/2017, 190.35, 191.61, 190.35, 191.42, 94375, 0.920908877487276, 1.23936616058733, 0, 0, 0, 1.60125521010511, 1.16936135212328, 0.431893857981832, 191.294545454545, 189.300408602151, 189.314536290323, 189.314536290323
2/16/2017, 191.5, 191.86, 190.62, 191.46, 90793, 0.907063399468211, 1.15460251946004, 0, 0, 0, 1.70517581242362, 1.27652424418334, 0.428651568240274, 191.661272727272, 189.908817204301, 189.754375, 189.754375
2/17/2017, 190.82, 191.91, 190.61, 191.91, 83696, 0.893559692246753, 1.38005086869909, 0, 0, 0, 1.80306032065124, 1.38183145947692, 0.421228861174317, 192.319999999999, 190.44711827957, 190.198431372549, 190.198431372549
2/21/2017, 192.27, 193.52, 192.2, 193.43, 140916, 0.883828198894281, 1.42277427751178, 0, 0, 0, 1.98045632771675, 1.50155643312489, 0.478899894591862, 193.192909090908, 191.124193548387, 190.766521008403, 190.766521008403
2/22/2017, 193.12, 193.15, 192.24, 192.63, 92086, 0.874012065028888, 1.76748831890277, 0, 0, 0, 2.03305483664028, 1.60785611382797, 0.425198722812308, 193.386727272726, 191.596752688172, 191.189, 191.189
2/23/2017, 193.11, 193.15, 190.94, 191.8, 95863, 0.891516667790349, 1.41231875122137, 0, 0, 0, 1.9848849523309, 1.68326188152855, 0.301623070802347, 193.011636363636, 191.979956989247, 191.48012012012, 191.48012012012
2/24/2017, 190.62, 192.4, 190.27, 192.4, 132467, 0.899653077120995, 1.81226536938069, 0, 0, 0, 1.97238849080838, 1.74108720338452, 0.231301287423864, 192.945999999999, 192.426494623656, 191.803769559033, 191.803769559033
2/27/2017, 192.35, 193.69, 192.23, 193.68, 89922, 0.886713080525483, 1.85239736830259, 0, 0, 0, 2.04222871621596, 1.80131550595081, 0.240913210265151, 193.313636363636, 192.943333333333, 192.225020242915, 192.225020242915
2/28/2017, 193.29, 193.29, 191.53, 191.63, 116458, 0.907486614644715, 1.38667728287651, 0, 0, 0, 1.91014081627932, 1.82308056801651, 0.0870602482628122, 192.865999999999, 193.217311827957, 192.40417948718, 192.40417948718
3/1/2017, 193.47, 194.97, 193.47, 194.7, 145037, 0.93429161256368, 1.40802656435202, 0, 0, 0, 2.02978544377876, 1.86442154316896, 0.165363900609802, 193.477999999999, 193.711376344086, 192.860902439024, 192.860902439024
3/2/2017, 194.58, 194.58, 192.55, 192.63, 144844, 0.952921393956502, 0.750280709584501, 0, 0, 0, 1.93526444887061, 1.87859012430929, 0.0566743245613202, 193.303636363635, 193.92823655914, 193.082055749129, 193.082055749129
3/3/2017, 192.56, 193.03, 191.9, 192.85, 90810, 0.933539982950215, 0.894556145984136, 0, 0, 0, 1.85670510016627, 1.87421311948069, -0.0175080193144204, 193.147272727272, 194.046623655914, 193.302602436323, 193.302602436323
3/6/2017, 192.08, 192.16, 191.15, 191.83, 93196, 0.935888684910344, 0.85875087289239, 0, 0, 0, 1.6926291990427, 1.83789633539309, -0.14526713635039, 192.652727272726, 194.037956989247, 193.411205073996, 193.411205073996
3/7/2017, 191.6, 191.82, 190.84, 190.96, 78099, 0.919066558991589, 0.949151907917656, 0, 0, 0, 1.47538877281724, 1.76539482287792, -0.290006050060679, 192.165999999999, 193.851311827957, 193.432212121212, 193.432212121212
3/8/2017, 191.26, 191.66, 190.21, 190.3, 72240, 0.914239109825445, 0.793433040256311, 0, 0, 0, 1.23572303975948, 1.65946046625423, -0.423737426494753, 191.425999999999, 193.711741935484, 193.392270531401, 193.392270531401
3/9/2017, 190.29, 190.75, 188.85, 189.45, 96527, 0.922569107784603, 0.721992090713579, 0, 0, 0, 0.966062160130065, 1.5207808050294, -0.554718644899333, 190.353454545454, 193.541032258064, 193.281276595745, 193.281276595745
3/10/2017, 190.64, 190.78, 189.27, 190.25, 76154, 0.912439850703303, 0.821787310596394, 0, 0, 0, 0.80759779962122, 1.37814420394776, -0.570546404326542, 189.805454545454, 193.423698924731, 193.241994680851, 193.241994680851
3/13/2017, 190.36, 191.01, 190.29, 190.79, 99529, 0.884281657930123, 0.554611426041778, 0, 0, 0, 0.717318339967591, 1.24597903115173, -0.528660691184138, 189.817272727272, 193.303720430107, 193.246964285714, 193.246964285714
3/14/2017, 190.15, 190.2, 189.08, 189.98, 88938, 0.888654030111925, 0.482930955659553, 0, 0, 0, 0.573796616991444, 1.11154254831967, -0.537745931328227, 189.296909090908, 192.969096774193, 193.185395918367, 193.185395918367
3/15/2017, 190.91, 192.7, 190.65, 192.36, 163631, 0.904476855940062, 0.900358844804514, 0, 0, 0, 0.644669379708262, 1.01816791459739, -0.373498534889128, 190.302727272726, 192.921483870968, 193.310894117647, 193.310894117647
3/16/2017, 192.61, 192.86, 191.72, 192.05, 115006, 0.890319758438943, 0.825590303982558, 1.0904449501501, 0, 0, 0.668120468677756, 0.948158425413463, -0.280037956735707, 190.91509090909, 192.761569892473, 193.402503770739, 193.402503770739
3/17/2017, 192.54, 192.78, 191.88, 192.34, 119391, 0.867924582134704, 0.597354978381745, 0.837214863393322, 0, 0, 0.702013823640442, 0.898929505058859, -0.196915681418417, 191.703272727272, 192.605913978494, 193.507960812772, 193.507960812772
3/20/2017, 192.34, 192.41, 191.34, 191.7, 60804, 0.855189271890451, 0.33531419012247, 0.937587317485983, 0, 0, 0.66951415788597, 0.853046435624281, -0.183532277738311, 192.094181818181, 192.479741935484, 193.557903563941, 193.557903563941
3/21/2017, 192.47, 192.47, 187.9, 187.93, 175012, 0.950315512426593, -0.328556773181158, 0.445684546406753, 0, 0, 0.335680925082471, 0.749573333515919, -0.413892408433448, 191.015818181818, 191.821741935484, 193.331353535354, 193.331353535354
3/22/2017, 187.77, 188.75, 187.35, 188.62, 203638, 0.936608814218074, -0.277236719713108, 0.597141009333431, 0, 0, 0.125347982856539, 0.624728263384043, -0.499380280527504, 190.209090909091, 191.224086021505, 193.166168831169, 193.166168831169
3/23/2017, 188.54, 190.17, 188.05, 189.05, 122062, 0.943824368214347, -0.32217140834462, 0.520256754360058, 0, 0, -0.00656925658381624, 0.498468759390471, -0.505038015974288, 189.472545454545, 190.679075268817, 193.039530075188, 193.039530075188
3/24/2017, 189.37, 189.85, 188.05, 188.58, 69589, 0.946592941830396, -0.395357876699437, 0.410455978519911, 0, 0, -0.147341233278269, 0.369306760856723, -0.516647994134992, 188.755454545454, 190.181247311828, 192.887005444646, 192.887005444646
3/27/2017, 186.93, 188.58, 186.3, 188.24, 103316, 0.961448534434006, -0.510236275755551, 0.451018689220064, 0, 0, -0.283076072759343, 0.23883019413351, -0.521906266892853, 188.12, 189.703010752688, 192.719362945646, 192.719362945646
3/28/2017, 187.86, 189.93, 187.75, 189.62, 153863, 0.964212206074066, -0.528333722054421, 0.472720873872296, 0, 0, -0.276109624230173, 0.135842230460773, -0.411951854690947, 187.938363636364, 189.444666666666, 192.651491525424, 192.651491525424
3/29/2017, 189.43, 190.1, 188.97, 190.02, 162444, 0.94380708656971, -0.357306856981461, 0.760221818301683, 0, 0, -0.235596200177639, 0.0615545443330909, -0.29715074451073, 188.390545454546, 189.264989247311, 192.612387978142, 192.612387978142
3/30/2017, 190.01, 190.85, 190.01, 190.8, 143784, 0.914963896543383, -0.125460870662087, 0.749569737848246, 0, 0, -0.138947834322494, 0.021454068601974, -0.160401902924468, 189.177818181818, 189.237870967741, 192.624325753569, 192.624325753569
3/31/2017, 190.74, 191.58, 190.56, 190.91, 244023, 0.895429028796049, -0.196396697769561, 0.902154562402623, 0, 0, -0.0528678002841616, 0.00658969482474689, -0.0594574951089085, 190.129272727273, 189.231376344086, 192.641505376344, 192.641505376344
4/3/2017, 191.15, 191.51, 189.25, 190.11, 164487, 0.913676493046556, -0.502921395603641, 0.696190227483553, 0, 0, -0.0486413599374771, -0.00445651612769791, -0.0441848438097792, 190.754363636364, 189.156924731182, 192.607157738095, 192.607157738095
4/4/2017, 189.9, 190.26, 189.21, 189.63, 76283, 0.897875263346658, -0.288368444332941, 0.674545204822139, 0, 0, -0.0830663270739649, -0.0201784783169513, -0.0628878487570136, 190.546363636364, 189.134516129032, 192.544399038462, 192.544399038462
4/5/2017, 190.62, 191.12, 188.24, 188.35, 80366, 0.935231653193551, -1.07207945939517, 0.222450651124142, 0, 0, -0.211199092470679, -0.0583826011476968, -0.152816491322982, 189.941454545455, 188.92088172043, 192.407076923077, 192.407076923077
4/6/2017, 188.56, 190.1, 188, 189.75, 66986, 0.937250792016101, -0.48549195890243, 0.209320533693588, 0, 0, -0.197500272283264, -0.0862061353748103, -0.111294136908454, 189.92090909091, 188.857161290322, 192.359004975124, 192.359004975124
4/7/2017, 189.38, 190.23, 188.97, 189.65, 49589, 0.924076830455061, -0.541899844392715, 0.270451966351905, 0, 0, -0.192494071027795, -0.107463722505407, -0.0850303485223879, 189.733636363637, 188.833978494623, 192.306755926251, 192.306755926251
4/10/2017, 189.83, 190.89, 189.15, 189.89, 61886, 0.922579453109759, -0.327213326526243, 0.399564940714075, 0, 0, -0.167232869804479, -0.119417551965222, -0.0478153178392577, 189.50290909091, 188.944322580645, 192.270191815857, 192.270191815857
4/11/2017, 189.5, 191.09, 188.79, 191.09, 93312, 0.93112764526381, 0.0377194809977581, 0.705806700826485, 0, 0, -0.0498090469679653, -0.10549585096577, 0.0556868039978051, 189.872727272728, 189.094709677419, 192.302790890269, 192.302790890269
4/12/2017, 190.87, 191.08, 188.76, 188.94, 70824, 0.956296827811943, -0.208699620309987, 0.406585697694087, 0, 0, -0.128752672415516, -0.110147215255719, -0.0186054571597962, 189.499636363637, 189.180451612903, 192.212816901408, 192.212816901408
4/13/2017, 188.75, 189.12, 187.04, 187.05, 114134, 0.97326162263806, -0.368694857966604, 0.232732461000343, 0, 0, -0.339905055060569, -0.156098783216689, -0.18380627184388, 188.688545454546, 188.925548387096, 192.022265258216, 192.022265258216
4/17/2017, 187.48, 189.35, 187.24, 189.31, 79139, 0.974307523050693, -0.123779389736564, 0.460096330817486, 0, 0, -0.321179371320227, -0.189114900837397, -0.13206447048283, 188.884727272728, 189.008064516129, 191.963165905632, 191.963165905632
4/18/2017, 188.69, 189.59, 188.45, 189.5, 57301, 0.954743268228445, -0.176707035131934, 0.224722262312496, 0, 0, -0.287691392648213, -0.20883019919956, -0.078861193448653, 189.073818181819, 189.06952688172, 191.916456867827, 191.916456867827
4/19/2017, 189.99, 191.03, 189.92, 190.22, 94190, 0.943789595535832, 0.0536837481913841, 0.355421829581956, 0, 0, -0.200739940496106, -0.207212147458869, 0.00647220696276313, 189.44890909091, 189.179376344085, 191.909491891892, 191.909491891892
4/20/2017, 190.81, 192.29, 190.47, 192.05, 250533, 0.941948836343059, -0.0304444639813599, 0.593861373580851, 0, 0, 0.0156549572355686, -0.162638726519982, 0.17829368375555, 190.168000000001, 189.482193548387, 191.997971929825, 191.997971929825
4/21/2017, 191.91, 192.23, 191.17, 191.69, 71307, 0.924180762265639, -0.0381724360862049, 0.538386231217777, 0, 0, 0.156298766487055, -0.0988512279185745, 0.255149994405629, 190.84090909091, 189.671376344086, 192.063325358852, 192.063325358852
4/24/2017, 193.96, 194.14, 193.31, 193.85, 413254, 0.9313819953715, 0.23685876958514, 0.570272758484645, 0, 0, 0.437016294914997, 0.00832227664813981, 0.428694018266857, 192.134181818183, 190.173505376344, 192.235274725275, 192.235274725275
4/25/2017, 194.99, 195.57, 194.71, 194.75, 161887, 0.924883079910793, 0.459511891719405, 0.566769488492392, 0, 0, 0.723766309553213, 0.151411083229154, 0.572355226324058, 193.557272727274, 190.802602150537, 192.444375202856, 192.444375202856
4/26/2017, 194.48, 195.42, 194.22, 194.67, 210720, 0.909821394267199, 1.2226499123626, 0.500660547314576, 0, 0, 0.933798186440129, 0.307888503871349, 0.625909682568779, 194.927636363638, 191.342, 192.639841772152, 192.639841772152
4/27/2017, 195.18, 195.97, 195.02, 195.56, 65082, 0.893634609740723, 1.24996335406646, 0.556628870366159, 0, 0, 1.15870865196189, 0.478052533489457, 0.680656118472431, 195.980181818184, 192.122731182795, 192.870018518519, 192.870018518519
4/28/2017, 195.88, 196.06, 193.84, 193.84, 128487, 0.913749613427832, 0.824934449142717, 0.284839350259963, 0, 0, 1.18450792093807, 0.61934361097918, 0.565164309958894, 195.699454545456, 192.643913978494, 193.006461909064, 193.006461909064
5/1/2017, 194.59, 195.46, 193.6, 194.9, 106593, 0.911057792783523, 1.07935085670462, 0.39175418424061, 0, 0, 1.27578076220502, 0.750631041224348, 0.525149720980669, 195.866545454547, 193.307376344085, 193.187387599177, 193.187387599177
5/2/2017, 195.05, 195.41, 194.14, 194.61, 119085, 0.899424005050271, 1.09057936652811, 0.312602380327116, 0, 0, 1.30961810778788, 0.862428454537055, 0.447189653250829, 195.666545454547, 193.874860215053, 193.346514629949, 193.346514629949
5/3/2017, 194.12, 194.43, 193, 193.83, 72861, 0.899422485382508, 0.729160610485269, 0.0670478548807547, 0, 0, 1.25898220352616, 0.941739204334876, 0.317242999191283, 195.062363636366, 194.073268817204, 193.46206442577, 193.46206442577
5/4/2017, 193.99, 194.09, 192.67, 193.77, 78307, 0.891357317049115, 0.650650430221822, 0.147300000440669, 0, 0, 1.20017649843763, 0.993426663155426, 0.206749835282202, 194.606545454547, 194.271999999999, 193.569597811218, 193.569597811218
5/5/2017, 194.5, 195.26, 193.76, 195.26, 74334, 0.878738051615163, 0.752946534416588, 0.395182266660846, 0, 0, 1.25928682637752, 1.04659869579985, 0.212688130577674, 194.499636363638, 194.655225806451, 193.740376904571, 193.740376904571
5/8/2017, 195.13, 195.36, 193.61, 194.32, 79494, 0.883868219228376, 0.571829565536562, 0.229475955466502, 0, 0, 1.21626173486172, 1.08053130361222, 0.135730431249498, 194.305272727275, 194.847784946236, 193.861353187043, 193.861353187043
5/9/2017, 194.45, 194.59, 193.48, 193.94, 145559, 0.869937139024621, 0.647488228009309, 0.0519658208845489, 0, 0, 1.13837869467287, 1.09210078182435, 0.0462779128485173, 194.134000000002, 194.932430107526, 193.960058733401, 193.960058733401
5/10/2017, 194, 195.5, 193.78, 195.4, 147249, 0.864277524592187, 0.951635377873814, 0.435506983644516, 0, 0, 1.18085347863121, 1.10985132118572, 0.0710021574454862, 194.495272727275, 195.257548387096, 194.118921348315, 194.118921348315
5/11/2017, 194.75, 194.75, 192.79, 194.28, 66860, 0.892968071289107, 0.99076906251519, -0.0254811368494283, 0, 0, 1.1113296942267, 1.11014699579392, 0.0011826984327814, 194.60781818182, 195.42993548387, 194.222195360195, 194.222195360195
5/12/2017, 193.89, 194.08, 193.02, 193.55, 64340, 0.884068948827411, 0.644793000625834, 0.130594255667402, 0, 0, 0.985961148676409, 1.08530982637041, -0.0993486776940049, 194.194000000002, 195.534215053763, 194.235264957265, 194.289452938366
5/15/2017, 194.02, 195.5, 194.02, 194.99, 77524, 0.883665663845674, 0.880092514619967, 0.270559586939687, 0, 0, 0.991373699613604, 1.06652260101905, -0.0751489014054485, 194.505454545457, 195.810795698924, 194.364544566544, 194.415259467041
5/16/2017, 194.99, 195.17, 193.65, 194.77, 172608, 0.879450990417439, 0.803763165197658, 0.366876983281395, 0, 0, 0.966766738671424, 1.04657142854953, -0.0798046898781024, 194.678000000002, 195.979806451612, 194.447543345543, 194.526561427591
5/17/2017, 192.6, 193.18, 190.77, 190.85, 89968, 0.957433250895595, -0.014256920535941, 0.0123246083056862, 0, 0, 0.623763943190539, 0.962009931477729, -0.33824598828719, 193.331636363638, 195.589376344085, 194.349929181929, 194.46908174692
5/18/2017, 190.51, 191.74, 189.87, 191.11, 165988, 0.957248857394972, 0.334844313001349, 0.112270412708241, 0, 0, 0.368661879002502, 0.843340320982684, -0.474678441980182, 192.225636363638, 195.138731182795, 194.244349206349, 194.423967105263
5/19/2017, 191.59, 193.74, 191.59, 193.05, 81222, 0.968364867546829, 0.905233040868893, 0.408790695881949, 0, 0, 0.319352149179934, 0.738542686622134, -0.4191905374422, 192.232909090911, 195.009763440859, 194.242905982906, 194.459574742268
5/22/2017, 193.49, 194.2, 193.45, 194.01, 90596, 0.945032193164886, 0.736697907996736, 0.423542988091998, 0, 0, 0.35366102582401, 0.661566354462509, -0.307905328638499, 192.504363636366, 194.97464516129, 194.288383394383, 194.532421628445
5/23/2017, 194.5, 194.75, 193.31, 194.23, 117853, 0.933833141152878, 0.740514773753111, 0.389244668218721, 0, 0, 0.394060732302137, 0.608065230030435, -0.214004497728298, 192.792727272729, 194.955311827956, 194.321875457875, 194.61107606679
5/24/2017, 194.38, 195.19, 194.38, 195.05, 48030, 0.908020971319238, 0.752083717828674, 0.562952983583623, 0, 0, 0.486635308804352, 0.583779245785218, -0.0971439369808659, 193.640545454547, 195.092021505376, 194.409616605617, 194.719157575758
5/25/2017, 195.68, 196.4, 195.5, 195.83, 91841, 0.893652739279102, 0.604852261688366, 0.399915968402812, 0, 0, 0.615841768356745, 0.590191750299524, 0.0256500180572212, 194.552909090911, 195.1588172043, 194.480989010989, 194.853782178218
5/26/2017, 195.54, 195.79, 195.08, 195.49, 74256, 0.869629214468132, 0.609224863233123, 0.397249871149361, 1.04282537586972, 0, 0.682931253551828, 0.608739650949985, 0.0741916026018437, 195.117272727275, 195.012021505375, 194.547472527472, 194.970075713454
5/30/2017, 195.2, 195.64, 194.49, 194.84, 54242, 0.858415234959743, 0.177185730064986, 0.294802512497806, 0.783144515268252, 0, 0.675859696328047, 0.622163660025597, 0.0536960363024496, 195.639272727275, 194.878967741935, 194.552832722833, 195.056855130402
5/31/2017, 195.23, 195.23, 193.25, 194.79, 80779, 0.866527764056566, 0.022269550608907, 0.360229700164052, 0.896986544647734, 0, 0.658628593701707, 0.629456646760819, 0.0291719469408875, 196.108181818184, 194.716559139784, 194.568737484737, 195.138358849888
6/1/2017, 195.4, 197.53, 195, 197.53, 101607, 0.881139047246239, 0.444445852776185, 1.12997755469399, 1.0980225696612, 0, 0.856198201687306, 0.674804957746116, 0.18139324394119, 196.738545454547, 194.915677419354, 194.69031990232, 195.320587912088
6/2/2017, 197.84, 199, 197.5, 198.22, 106000, 0.872004975292211, 0.414172801769578, 1.12626777492578, 1.20639412236908, 0, 1.05627469567386, 0.751098905331666, 0.305175790342198, 197.294909090911, 195.277182795698, 194.89063980464, 195.52228391734
6/5/2017, 198.21, 198.5, 197.47, 197.55, 117418, 0.857283649163761, 0.592326822638529, 0.996305363956045, 1.06336931081849, 0, 1.14754517163857, 0.830388158593047, 0.317157013045523, 197.620000000002, 195.489870967741, 195.086559218559, 195.692022570975
6/6/2017, 196.92, 197.64, 196.26, 196.84, 78770, 0.852410920786862, 0.3180855384492, 0.969722830826194, 0.965660038303571, 0, 1.14933776481161, 0.894178079836758, 0.255159684974847, 197.646363636366, 195.718666666666, 195.231252747252, 195.829652128764
6/7/2017, 197.18, 197.51, 196.64, 197.12, 48229, 0.830707880302869, 0.407257388136265, 1.04275451225203, 1.04547302619833, 0, 1.15998053422285, 0.947338570713978, 0.212641963508876, 197.659090909093, 196.02369892473, 195.363409035409, 195.972653754672
6/8/2017, 197.13, 198.95, 196.71, 198.62, 43937, 0.839601653897072, 0.753096613819552, 1.04798389952712, 1.06434507516256, 0, 1.27475785459666, 1.01282242749051, 0.261935427106144, 198.196363636366, 196.498430107526, 195.524891330891, 196.164965804837
6/9/2017, 198.89, 200.23, 197.26, 198.45, 103940, 0.873134776881757, 0.736047860589704, 0.982030734267947, 1.23016593602693, 0, 1.33659469700237, 1.07757688139288, 0.259017815609484, 198.636181818184, 196.985440860214, 195.67399023199, 196.344683046683
6/12/2017, 198.29, 198.57, 197.14, 198.28, 73356, 0.866249327459025, 0.488546684524579, 0.874085969047163, 1.14705662809304, 0, 1.35624926359372, 1.13331135783305, 0.222937905760672, 198.806363636365, 197.317569892472, 195.796317460317, 196.512305341055
6/13/2017, 198.78, 199.69, 198.66, 199.64, 53146, 0.852644363935818, 0.846169537030389, 1.00432289292477, 1.34798376019287, 0, 1.46468233697902, 1.19958555366225, 0.265096783316777, 199.164181818184, 197.864279569892, 195.972324786325, 196.722226611884
6/14/2017, 199.9, 199.9, 198.25, 199.01, 61814, 0.85403158019868, 0.80600851017116, 1.02938801939181, 1.21922823293611, 0, 1.48268907724409, 1.25620625837862, 0.226482818865474, 199.032545454547, 198.281139784945, 196.162153846154, 196.903260363298
6/15/2017, 197.44, 198.2, 197.03, 198.15, 48069, 0.864813442021561, 0.447544742661595, 0.986166566354928, 1.17373131207015, 0, 1.4112961919561, 1.28722424509411, 0.124071946861985, 198.921636363638, 198.508494623655, 196.296808302808, 197.048564454615
6/16/2017, 198, 198.23, 197.19, 198.22, 34578, 0.847516115224214, 0.648139713571017, 1.15837948265827, 0.980091708099321, 0, 1.34486249331786, 1.29875189473886, 0.046110598579, 198.939090909093, 198.712860215053, 196.418818070818, 197.191448275862
6/19/2017, 198.9, 199.82, 198.81, 199.67, 51548, 0.839359503890201, 0.988736659896416, 1.15618608917226, 0.969940332932741, 0, 1.3931567465977, 1.31763286511063, 0.0755238814870678, 199.323454545456, 199.171827956988, 196.598864468864, 197.378978779841
6/20/2017, 199.22, 199.23, 197.55, 197.64, 60749, 0.859214564534854, 0.422730193330297, 0.914813023672889, 0.848670194445431, 0, 1.2531803724255, 1.3047423665736, -0.0515619941481, 198.748909090911, 199.282107526881, 196.720752136752, 197.491991887585
6/21/2017, 198.01, 198.15, 196.37, 196.72, 76795, 0.865313177144851, 0.313313106095893, 0.781606498351822, 0.843048459116656, 0, 1.05584070180709, 1.2549620336203, -0.199121331813215, 197.868909090911, 199.228903225806, 196.816244200244, 197.570450078336
6/22/2017, 196.61, 197.25, 195.82, 196.94, 93765, 0.857434689740725, 1.20976332549738, 0.674970310847013, 0.975212163592558, 0, 0.90674733363818, 1.18531909362388, -0.278571759985697, 197.386727272729, 199.283010752687, 196.927846153846, 197.653487394958
6/23/2017, 197.07, 198.14, 196.76, 197.64, 124034, 0.846589902892438, 1.28854719359413, 1.02829634390079, 1.01231219576287, 0, 0.835443443094022, 1.11534396351791, -0.279900520423884, 197.204000000001, 199.341333333332, 197.072981684982, 197.756736914601
6/26/2017, 198.37, 198.7, 197.25, 197.98, 128682, 0.839499075599951, 1.02982838487122, 1.33107616583833, 1.07861272517781, 0, 0.797180355709344, 1.05171124195619, -0.25453088624685, 197.14890909091, 199.372451612902, 197.244324786325, 197.867700853543
6/27/2017, 197.34, 197.63, 195.63, 195.64, 58018, 0.867122396431785, 0.318681692630524, 0.772652442376957, 0.861686484971818, 0, 0.571450810257431, 0.955659155616441, -0.38420834535901, 196.573818181819, 199.174086021504, 197.309465201465, 197.899300279888
6/28/2017, 196.6, 198.18, 196.6, 197.77, 64315, 0.879110251079631, 0.630947271884601, 0.972630965476816, 0.839515877974215, 0, 0.557999447749438, 0.876127214043041, -0.318127766293603, 196.826727272728, 199.227118279569, 197.47464957265, 197.998018620509
6/29/2017, 198.03, 198.08, 194.74, 196.28, 89168, 0.92657709719899, 0.223449399369803, 0.710268080771715, 0.752129305408755, 0, 0.42224126404372, 0.785350024043177, -0.363108759999457, 196.460545454547, 198.810408602149, 197.604188034188, 198.046073548387
6/30/2017, 196.61, 197.35, 196.27, 196.62, 52260, 0.906190240089039, 0.14930465138561, 0.548122887649494, 0.808033995291061, 0, 0.338188655567251, 0.695917750347991, -0.357729094780741, 196.327818181819, 198.419139784945, 197.728722832723, 198.103135238095
7/3/2017, 197.34, 198.35, 197.16, 197.62, 360966, 0.900295358546663, 0.373089940669639, 0.701140110867235, 0.873618568433893, 0, 0.348253550287211, 0.626384910335835, -0.278131360048624, 196.917818181819, 198.248537634408, 197.875601953602, 198.189592550931
7/5/2017, 197.41, 197.82, 196.88, 197.49, 379720, 0.879642261978793, 0.464559486928652, 0.448467920133363, 0.723229694901343, 0, 0.341800079765392, 0.569467944221747, -0.227667864456355, 197.168727272728, 198.095956989246, 198.025868131868, 198.269242125984
7/6/2017, 196.6, 196.75, 194.92, 195.14, 201504, 0.91157385877976, 0.0715537728072619, 0.0669802213609378, 0.456368413931897, 0, 0.145384396823601, 0.484651234742118, -0.339266837918516, 196.432000000001, 197.637419354838, 198.098126984127, 198.273753633721
7/7/2017, 195.55, 197.28, 195.54, 197.1, 167963, 0.911670708585329, -0.0550143806786157, 0.292121470969984, 0.562299720494202, 0, 0.146193939854129, 0.41695977576452, -0.270765835910391, 196.502545454546, 197.476365591397, 198.209435897436, 198.337827072153
7/10/2017, 196.82, 197.42, 196.48, 196.64, 87528, 0.892014757063974, -0.244636145660582, 0.142813458839801, 0.498843268900583, 0, 0.108467012714442, 0.355261223154504, -0.246794210440062, 196.545454545455, 197.295720430106, 198.364852258853, 198.385814445097
7/11/2017, 196.64, 197.27, 195.75, 197.07, 69265, 0.88412996771506, -0.0638801448038768, 0.388875733337781, 0.473709420984164, 0, 0.111974781904593, 0.306603934904522, -0.194629152999929, 196.859454545455, 197.141741935483, 198.491643467644, 198.44513185288
7/12/2017, 198.12, 199.27, 197.99, 198.55, 150268, 0.889064306727407, 0.291672095110519, 0.431478481307592, 0.580887964716311, 0, 0.23150964629113, 0.291585077181844, -0.0600754308907137, 197.266363636364, 197.122021505375, 198.684764346765, 198.546858054227
7/13/2017, 198.68, 198.68, 197.34, 198.38, 84251, 0.879108439337082, 0.218961341144988, 0.445606922208204, 0.532749634561854, 0, 0.308962777690368, 0.295060617283549, 0.0139021604068197, 197.881818181819, 197.05346236559, 198.843611721612, 198.640503871619
7/14/2017, 198.35, 199.75, 198.35, 199.18, 176397, 0.866942743176553, 0.107076721950668, 0.623940363238837, 0.476569904977885, 0, 0.429942150978178, 0.322036924022474, 0.107905226955704, 198.442363636364, 197.245913978493, 199.013296703297, 198.754971807629
7/17/2017, 199.05, 199.71, 198.56, 199.34, 53275, 0.8517797371657, 0.161172794482974, 0.648623832656902, 0.552593073209158, 0, 0.53259046736062, 0.364147632690104, 0.168442834670517, 198.968, 197.494021505375, 199.169286935287, 198.870820261438
7/18/2017, 198.96, 199.13, 198.28, 198.9, 61593, 0.837627371373957, 0.116881031260163, 0.434851364994365, 0.585507086588587, 0, 0.571843815325678, 0.405686869217219, 0.16615694610846, 199.393272727273, 197.634408602149, 199.280532356533, 198.9705495921
7/19/2017, 199.2, 200.81, 199.15, 200.81, 101237, 0.835734674358678, 0.201426639367052, 0.746781164924908, 0.677908907918142, 0, 0.748445796605125, 0.4742386546948, 0.274207141910325, 200.382545454546, 197.961096774192, 199.486122100123, 199.12255157093
7/20/2017, 200.83, 200.83, 199.93, 200.32, 224679, 0.818354063299061, 0.224659154031327, 0.735608466536391, 0.542829908927528, 0, 0.839191556335692, 0.547229235022978, 0.291962321312713, 200.551454545455, 198.218666666665, 199.674556776557, 199.256321551454
7/21/2017, 200.03, 200.15, 199.12, 199.73, 51413, 0.809773452471158, 0.269966448367492, 0.509506907572594, 0.666714541701411, 0, 0.853659697932699, 0.608515327604922, 0.245144370327776, 200.626, 198.480731182794, 199.81221978022, 199.369596094553
7/24/2017, 199.7, 200.65, 199.67, 200.52, 112202, 0.790690450224223, 0.382840924630732, 0.729737371465955, 0.495646498141838, 0, 0.918286763879877, 0.670469614859913, 0.247817149019963, 200.738, 198.824537634407, 200.030161172162, 199.502036474164
7/25/2017, 201.31, 202.04, 200.74, 201.75, 101537, 0.784246773853844, 0.34788248960815, 0.948936049912995, 0.768130847659143, 0, 1.05657535670028, 0.747690763227987, 0.308884593472292, 201.149272727272, 199.299720430106, 200.289001221002, 199.665386075317
7/26/2017, 202.04, 202.04, 200.37, 200.52, 170679, 0.791246246228617, 0.49665005567744, 0.646620475283593, 0.649403898367961, 0, 1.05476071738065, 0.809104754058518, 0.245655963322127, 201.176363636363, 199.687118279569, 200.493413919414, 199.790103417709
7/27/2017, 200.75, 200.76, 198.49, 199.63, 77207, 0.811890309217423, 0.504477539979338, 0.569643439216557, 0.663622823066204, 0, 0.970321775265461, 0.841348158299907, 0.128973616965554, 200.754545454545, 199.913913978493, 200.638708180709, 199.886803613054
7/28/2017, 199.22, 199.22, 198.34, 198.6, 92045, 0.807773309706044, 0.290264698586961, 1.0057928691635, 0.65318580195311, 0, 0.810942868761941, 0.835267100392314, -0.0243242316303725, 200.068727272727, 199.948688172042, 200.649391941392, 199.952505747126
7/31/2017, 199.01, 199.01, 197.87, 198.13, 66888, 0.797974008692471, 0.0965341410747277, 0.910844659389431, 0.671058951379327, 0, 0.639338963452786, 0.796081473004408, -0.156742509551622, 199.284181818181, 199.925591397848, 200.647047619048, 200.003453944261
8/1/2017, 198.99, 199.24, 198.4, 198.83, 184384, 0.783319724514044, 0.155300113814799, 0.766828873267899, 0.799399132769958, 0, 0.553446001020205, 0.747554378607568, -0.194108377587362, 198.719454545454, 200.088559139783, 200.677890109891, 200.071828347777
8/2/2017, 198.44, 198.5, 196.34, 197.14, 52272, 0.813686150876895, 0.274077407504281, 0.417763330520669, 0.592408469172427, 0, 0.345029053233787, 0.667049313532812, -0.322020260299024, 197.956727272726, 199.907182795697, 200.617250305251, 200.092726604155
8/3/2017, 197.54, 197.59, 196.66, 196.87, 59874, 0.79768163455416, -0.152503545789326, 0.355334753459905, 0.52631673869221, 0, 0.156269005216103, 0.56489325186947, -0.408624246653367, 197.202909090908, 199.633440860213, 200.530981684982, 200.105574097587
8/4/2017, 197.25, 197.4, 196.99, 197.17, 35663, 0.770084719911466, 0.184455738868895, 0.289618041016493, 0.618785147972442, 0, 0.0305308592738527, 0.458020773350347, -0.427489914076494, 196.622909090908, 199.41146236559, 200.482170940172, 200.125763758389
8/7/2017, 197.38, 198.06, 196.97, 197.45, 55468, 0.758144968415784, 0.17274967901182, 0.226225628096427, 0.451664205887824, 0, -0.0459936808150303, 0.357217882517271, -0.403211563332302, 196.437272727272, 199.270193548385, 200.448957264958, 200.15255187638
8/8/2017, 197.42, 198.52, 196.67, 197.02, 49792, 0.768759201162379, -0.103882052909552, 0.215044174781874, 0.44240700418075, 0, -0.139726654607614, 0.257828975092294, -0.397555629699908, 196.516545454544, 199.098258064514, 200.408837606838, 200.167123562217
8/9/2017, 196.13, 196.29, 195.4, 195.96, 128558, 0.775606710156977, -0.27997300722205, 0.162683409684678, 0.330227250744916, 0, -0.296130247697448, 0.147037130534346, -0.443167378231794, 196.241636363635, 198.642021505375, 200.320271062272, 200.153423632611
8/10/2017, 195.3, 195.39, 192.71, 192.75, 91957, 0.833403353443545, -0.41413556890432, -0.220861628295768, 0.117075833399006, 0, -0.671362347722805, -0.0166427651170845, -0.654719582605721, 194.928545454544, 197.918430107525, 200.069912087913, 200.056618283677
8/11/2017, 192.62, 193.62, 192.28, 193.39, 74299, 0.823758061727241, -0.690252575035144, -0.494551704669473, 0.49744910695346, 0, -0.90664262725582, -0.194642737544832, -0.711999889710989, 194.005818181817, 197.209096774192, 199.834927960929, 199.97815333054
8/14/2017, 194.51, 196.03, 194.51, 195.87, 96970, 0.840053315870524, -0.115683701930657, -0.2558776729408, 0.634515733504444, 0, -0.8828121610523, -0.332276622246325, -0.550535538805975, 194.129999999999, 196.855741935482, 199.677150183151, 199.964533498759
8/15/2017, 195.92, 196.05, 194.75, 194.75, 47048, 0.836016332891305, -0.374259522677067, -0.308587048468888, 0.504492985625979, 0, -0.943425759769724, -0.454506449751005, -0.488919310018719, 194.130545454544, 196.431784946235, 199.496017094018, 199.922481626654
8/16/2017, 195.23, 196.14, 195.21, 195.43, 94446, 0.827014643550389, -0.520289660253196, -0.144573264877945, 0.599533193835617, 0, -0.925918741559514, -0.548788908112707, -0.377129833446807, 194.250545454544, 196.103956989245, 199.338722832724, 199.898234298154
8/17/2017, 194.98, 195.45, 192.15, 192.15, 147238, 0.884945606034868, -0.933133395351865, -0.528868178525338, 0.3485854690303, 0, -1.16330305787275, -0.671691738064716, -0.491611319808037, 193.276727272726, 195.216580645159, 199.039152625153, 199.791984714593
8/18/2017, 191.72, 192.5, 191.13, 191.65, 56387, 0.878633880978971, -1.14504460531606, -0.761009383396482, 0.196936175296711, 0, -1.37591694606266, -0.812536779664305, -0.563380166398355, 192.447636363635, 194.415720430106, 198.742737484738, 199.675321540881
8/21/2017, 191.45, 191.88, 190.88, 191.72, 151625, 0.860477123540261, -1.15923495418405, -0.734016691339146, 0.170069762598665, 0, -1.52123076790878, -0.954275577313199, -0.566955190595577, 191.999818181817, 193.628236559138, 198.401194139195, 199.562658385093
8/22/2017, 192.15, 193.47, 191.9, 193.35, 88477, 0.855816604183512, -0.801658903356322, -0.51846992545951, 0.236502266204197, 0, -1.48771617513395, -1.06096369687735, -0.426752478256604, 192.341636363635, 193.107978494622, 198.086864468865, 199.492288934898
8/23/2017, 192.37, 193.24, 192.28, 192.72, 53369, 0.843444029669665, -1.23608185856777, -0.744578568725742, 0.177376130681474, 0, -1.49476068307234, -1.14772309411635, -0.347037588955994, 192.453999999998, 192.630451612901, 197.790603174604, 199.407763387109
8/24/2017, 193.33, 193.52, 192.44, 192.47, 52055, 0.830368923614283, -1.20158488819429, -0.705096051225265, 0.222181546842695, 0, -1.50318859461305, -1.21881619421569, -0.284372400397361, 192.014727272726, 192.147483870966, 197.485137973139, 199.318713900943
8/25/2017, 193.14, 193.53, 192.83, 193.03, 63267, 0.814018812576485, -1.01511609063693, -0.547733996551931, 0.305678490979867, 0, -1.44798894018351, -1.26465074340925, -0.183338196774254, 191.91218181818, 191.827032258063, 197.217975579976, 199.244844789357
8/28/2017, 193.47, 193.5, 192.51, 193.04, 53795, 0.798920165883014, -1.14735051422405, -0.554364043932097, 0.412572300035056, 0, -1.38744232842038, -1.28920906041148, -0.0982332680088998, 192.328727272725, 191.558193548385, 196.989858363859, 199.172536692224
8/29/2017, 191.73, 192.95, 191.73, 192.77, 46930, 0.794015517875988, -1.41898818004187, -0.755610772952674, 0.27772321950918, 0, -1.34573267728493, -1.30051378378617, -0.0452188934987607, 192.582363636362, 191.266408602149, 196.741213675214, 199.095065291105
8/30/2017, 192.66, 194.3, 192.48, 194.14, 53502, 0.795865111836338, -0.976669833144288, -0.376487575409178, 0.394176561288908, 0, -1.18843044146902, -1.27809711532274, 0.0896666738537155, 193.553272727271, 191.315333333331, 196.599663003664, 199.051503421728
8/31/2017, 194.8, 196.16, 194.6, 196.13, 48104, 0.799896956974004, -0.499086647794166, -0.0427056284786797, 0.526935814867522, 0, -0.89289814341987, -1.20105732094217, 0.308159177522295, 194.625999999998, 191.627118279568, 196.564886446887, 199.055583967315
9/1/2017, 196.58, 197.07, 196.54, 196.7, 65839, 0.781594309419145, -0.264688913562568, -0.00363203763094679, 0.47640770480472, 0, -0.605710181775436, -1.08198789310882, 0.476277711333384, 195.578545454543, 191.998924731181, 196.552236874238, 199.072737208493
9/5/2017, 196.71, 197.07, 194.17, 195.04, 82472, 0.823177915451233, -0.431784906391697, -0.261808712013108, 0.523054828570735, 0, -0.506224340808728, -0.966835182648801, 0.460610841840073, 195.69618181818, 192.232322580643, 196.485316239317, 199.050610939112
9/6/2017, 195.75, 195.82, 194.68, 195.1, 39686, 0.810994308550118, -0.527627401941302, -0.292467194704336, 0.691186072346425, 0, -0.41772433046944, -0.857013012212929, 0.439288681743489, 195.979454545452, 192.590688172041, 196.383177045178, 199.03011627907
9/7/2017, 195.37, 195.51, 194.13, 194.64, 51445, 0.807715475329951, -0.359727773347976, -0.0914071703418418, 0.472901587218203, 0, -0.380321480996002, -0.761674705969544, 0.381353224973541, 195.882363636361, 192.851591397847, 196.283562881564, 198.999225030246
9/8/2017, 194.35, 195.42, 193.95, 194.99, 85841, 0.803646613222783, -0.265731575500204, -0.302482032884489, 0.48542357613615, 0, -0.318762878348736, -0.673092340445382, 0.354329462096647, 195.751454545452, 193.135505376342, 196.192993894995, 198.976774965119
9/11/2017, 196.49, 197.26, 196.36, 197.15, 57532, 0.812670050503144, 0.0150549521681578, 0.121812499355692, 0.593390409149933, 0, -0.0945928862080336, -0.557392449597913, 0.462799563389879, 196.34127272727, 193.65475268817, 196.179230769232, 199.003804269294
9/12/2017, 197.42, 198.23, 197.27, 198.23, 47750, 0.795071409140191, 0.127358788863991, 0.204796185344613, 0.532322429239148, 0, 0.168270701779193, -0.412259819322492, 0.580530521101684, 197.081454545452, 194.289053763439, 196.208910866912, 199.054575974026
9/13/2017, 198.23, 198.23, 197.69, 197.77, 85828, 0.77072688052873, 0.1233692139201, 0.0393360039746706, 0.525131085475521, 0, 0.33560518579452, -0.262686818299089, 0.59829200409361, 197.325636363634, 194.911010752686, 196.248327228328, 199.093784668721
9/14/2017, 197.51, 198.03, 197.22, 197.75, 41916, 0.752744993193722, 0.272998985287104, 0.0518519085197405, 0.350822096386075, 0, 0.461287699643634, -0.117891914710545, 0.579179614354179, 197.564181818179, 195.424602150535, 196.264141636143, 199.131582555704
9/15/2017, 197.57, 198.55, 197.57, 198.55, 34682, 0.736905345171774, 0.960337402420398, 0.424568818320428, 0.341456850097254, 0, 0.618317729586437, 0.0293500141488517, 0.588967715437585, 198.280181818179, 196.017763440858, 196.303968253969, 199.186278325278
9/18/2017, 198.8, 199.69, 198.8, 199.42, 47018, 0.725588850013353, 0.991340887688403, 0.299254465145235, 0.417494121386901, 0, 0.80370230883409, 0.184220473085899, 0.619481835748191, 199.278727272725, 196.730473118277, 196.410891330892, 199.259001862197
9/19/2017, 199.75, 199.75, 199.24, 199.31, 48015, 0.702483979961767, 0.610661872028962, 0.342208362036341, 0.336206686497784, 0, 0.931012707859082, 0.333578920040536, 0.597433787818546, 199.758909090907, 197.433376344084, 196.485172161173, 199.327708410067
9/20/2017, 199.6, 199.96, 199.22, 199.94, 63198, 0.683762518474896, 0.935879203190956, 0.364925368527917, 0.5332802071409, 0, 1.0704039013076, 0.480943916293949, 0.589459985013651, 200.235818181816, 198.175548387094, 196.567084249085, 199.408715924959
9/21/2017, 199.94, 199.94, 199.49, 199.66, 36375, 0.661754502888296, 0.764894437921952, 0.155274305419433, 0.423256260871467, 0, 1.14507900841051, 0.61377093471726, 0.531308073693245, 200.259999999997, 198.792688172041, 196.664075702077, 199.48188614664
9/22/2017, 199.48, 200.4, 199.39, 200.26, 63497, 0.652000443644979, 1.87688470761548, 0.247931182343072, 0.496045240970514, 0, 1.23839906088816, 0.738696559951439, 0.499702500936717, 200.287636363634, 199.248086021503, 196.778984126985, 199.566488477073
9/25/2017, 200.03, 200.42, 199.2, 199.98, 49153, 0.65077071908254, 1.94886113535657, 0.117599997933209, 0.539589541704433, 0, 1.27506406997023, 0.845970061955197, 0.429094008015031, 200.363090909088, 199.662172043008, 196.790520146521, 199.643269682726
9/26/2017, 199.88, 200.15, 199.6, 199.7, 45333, 0.63286966440671, 1.85370185905444, 0.0643191663501431, 0.52164835604689, 0, 1.26692338967871, 0.930160727499899, 0.33676266217881, 200.403454545452, 200.163548387094, 196.788905982907, 199.712418482999
9/27/2017, 200.52, 201.99, 199.82, 201.69, 59249, 0.652064397753578, 1.87787327723298, 0.349271560300664, 0.555855361474004, 0, 1.40485392916906, 1.02509936783373, 0.379754561335332, 200.959090909088, 200.81804301075, 196.911096459097, 199.822543844517
9/28/2017, 201.45, 201.95, 200.73, 201.88, 186511, 0.649094139903771, 2.11499868084749, 0.149031161736931, 0.651374680192774, 0, 1.51206613043166, 1.12249272035332, 0.389573410078344, 201.362545454543, 201.497204301073, 197.056595848597, 199.934470360678
9/29/2017, 201.87, 202.73, 201.81, 202.36, 79249, 0.637908523006446, 2.30583015170456, 0.265472268546225, 0.721989417945695, 0, 1.61712336925072, 1.2214188501328, 0.395704519117921, 201.866545454543, 201.976989247309, 197.222200244201, 200.054275582573
10/2/2017, 202.29, 203.82, 202.23, 203.78, 642056, 0.640802877023286, 2.43450781868179, 0.501107223020187, 0.714341618245967, 0, 1.79428076867592, 1.33599123384142, 0.458289534834495, 202.82727272727, 202.537741935481, 197.462141636143, 200.201509328878
10/3/2017, 203.94, 204.51, 203.54, 204.49, 144451, 0.630366618249376, 2.59638182043211, 0.490276006070453, 0.867745360388308, 0, 1.96926983353981, 1.4626469537811, 0.506622879758711, 203.773454545452, 203.114989247309, 197.744056166057, 200.360694957289
10/4/2017, 204.4, 204.77, 204.01, 204.68, 179282, 0.61685795523512, 2.73412320307185, 0.36920523848198, 0.946655331630562, 0, 2.09908440192561, 1.58993444341, 0.509149958515606, 204.628727272724, 203.742623655911, 198.020376068377, 200.520746073298
10/5/2017, 204.9, 205.51, 204.73, 205.33, 80003, 0.604371314292349, 2.61592665492862, 0.599336462413393, 0.881613923178979, 0, 2.22872163468455, 1.71769188166491, 0.511029753019635, 205.393999999997, 204.3376344086, 198.303931623933, 200.691149611399
10/6/2017, 204.86, 205.67, 204.74, 205.67, 79759, 0.595812631231903, 2.39535470669173, 0.753449044364717, 0.927666780834502, 0, 2.33201323716307, 1.84055615276454, 0.491457084398525, 206.087454545452, 204.877763440858, 198.593553113554, 200.86528871321
10/9/2017, 205.84, 206, 204.86, 205.14, 56865, 0.595270277235996, 2.07392742213095, 0.822755224269192, 1.29289657096225, 0, 2.34408485463587, 1.94126189313881, 0.402822961497059, 206.246727272724, 205.302817204298, 198.912925518927, 201.02527517843
10/10/2017, 205.88, 206.15, 205.16, 205.55, 67265, 0.588947007728449, 3.00123850266503, 0.933073373396086, 1.30379577964872, 0, 2.35953600958308, 2.02491671642766, 0.334619293155419, 206.210181818179, 205.702430107524, 199.259978021979, 201.190566195709
10/11/2017, 205.8, 205.88, 205.4, 205.85, 75424, 0.570343233260401, 3.08123898224844, 0.883601794187184, 1.16765955499403, 0, 2.36868393998807, 2.09367016113975, 0.275013778848329, 206.356181818179, 206.04139784946, 199.599885225886, 201.358811250388
10/12/2017, 205.26, 206.23, 205.22, 206.01, 73063, 0.565918629378772, 3.36619858428844, 1.14547860960163, 1.09646294704793, 0, 2.36162110551919, 2.14726035001563, 0.214360755503557, 206.368545454543, 206.407612903223, 199.924927960929, 201.527120443009
10/13/2017, 206.26, 206.48, 205.6, 205.87, 59196, 0.559361014214819, 3.17429586389963, 1.16413541792295, 1.06395718913372, 0, 2.31800639355046, 2.1814095587226, 0.136596834827862, 206.20327272727, 206.812150537632, 200.243355311357, 201.689475661134
10/16/2017, 205.99, 206.43, 205.87, 206.06, 73445, 0.544491261751842, 3.03796141409865, 1.14890017762865, 1.00735973138105, 0, 2.27257599079948, 2.19964284513798, 0.072933145661505, 206.196181818179, 207.215956989245, 200.597010989012, 201.852592462311
10/17/2017, 205.87, 206.42, 205.61, 205.71, 50870, 0.537834698977955, 2.56888154030567, 1.06688457847563, 0.906786376667572, 0, 2.18316384060083, 2.19634704423055, -0.0131832036297199, 206.085818181816, 207.404301075266, 200.92613919414, 202.005732835821
10/18/2017, 206.24, 206.87, 206, 206.5, 50719, 0.537075434045605, 3.07250517436263, 1.22091879085867, 1.00540084415111, 1.02207111512465, 2.15125216918477, 2.18732806922139, -0.0360759000366193, 206.219818181816, 207.62804301075, 201.280703296705, 202.171635387419
10/19/2017, 205.65, 206.63, 204.89, 206.61, 89256, 0.55205833828903, 3.13275945633118, 1.3905752842327, 1.07681100987816, 0.916700946287542, 2.11050938195928, 2.17196433176897, -0.061454949809693, 206.422545454543, 207.761526881718, 201.664275946277, 202.336650246305
10/20/2017, 207.68, 208.19, 207.56, 208.05, 53571, 0.558797090171601, 3.17184824338085, 2.21467370113522, 1.19848997786602, 1.03533503005935, 2.16940880072039, 2.17145322555925, -0.00204442483886247, 207.120909090907, 208.023827956987, 202.091687423689, 202.5268096204
10/23/2017, 208.19, 208.4, 207.16, 207.23, 133566, 0.562876262508766, 2.47240126032345, 1.98487087266662, 0.901832424966784, 1.00452054055673, 2.12541935615181, 2.16224645167776, -0.0368270955259549, 207.300181818179, 208.241827956987, 202.457521367523, 202.697571018651
10/24/2017, 207.52, 208.28, 207.52, 207.91, 66297, 0.558234839525309, 2.72908151692647, 1.81042629399655, 0.898153953916738, 1.06151196806372, 2.12097840264479, 2.15399284187117, -0.0330144392263754, 207.682363636361, 208.553075268814, 202.847982905984, 202.878411082169
10/25/2017, 207.47, 207.64, 205.29, 206.76, 57682, 0.596631240140364, 1.9847256811442, 1.81813803403277, 0.855900748000367, 0.964852511029764, 2.00159043733134, 2.12351236096321, -0.121921923631861, 207.598545454543, 208.625290322578, 203.2132991453, 203.033832840861
10/26/2017, 207.48, 208.46, 206.87, 208.34, 61632, 0.60329990136724, 2.40022821165841, 1.91223722792023, 1.0542667215832, 1.00252535497296, 2.01128259627575, 2.10106640802571, -0.0897838117499656, 208.042909090907, 208.838645161288, 203.597374847376, 203.216757246377
10/27/2017, 208.45, 209.52, 207.79, 209.5, 62160, 0.611250245242522, 2.49374957507056, 3.03180985893179, 1.12479678271305, 1.0782008517114, 2.08849118124613, 2.0985513626698, -0.01006018142367, 208.732909090907, 209.184193548384, 204.003873015874, 203.418572414428
10/30/2017, 208.93, 208.99, 207.5, 207.88, 61930, 0.633317683564522, 1.9264873068135, 2.73815519585064, 0.84601011975409, 0.960732886861364, 1.99595099931412, 2.07803128999866, -0.082080290684543, 208.70327272727, 209.311548387094, 204.335084249086, 203.586046479836
10/31/2017, 208.46, 209.6, 208.19, 209.13, 56092, 0.639178386919252, 2.26840719277017, 2.89986984447975, 0.964891153958618, 1.10398795280498, 2.00041722715304, 2.06250847742954, -0.0620912502765001, 208.93618181818, 209.535591397847, 204.728476190477, 203.774187316633
11/1/2017, 210.48, 210.48, 207.82, 208.49, 118447, 0.672875472461998, 1.73493566158576, 2.55199086704724, 0.923900477081532, 1.04059164161687, 1.93006549993675, 2.03601988193098, -0.105954381994233, 208.919454545452, 209.657075268814, 205.093030525032, 203.946979343646
11/2/2017, 208.34, 209.57, 208.34, 208.98, 95929, 0.667161531682084, 1.80621007925716, 2.77654506164491, 0.848494543269553, 1.11291127474342, 1.89203989599309, 2.0072238847434, -0.115183988750308, 208.985454545452, 209.766903225804, 205.419304029305, 204.125915492958
11/3/2017, 208.8, 209.74, 208.63, 209.74, 682624, 0.657968179872108, 1.86157336971235, 2.95327316102636, 0.9709360326122, 1.10099238390801, 1.90131282856152, 1.98604167350702, -0.084728844945509, 209.472727272725, 209.953032258062, 205.81635897436, 204.315900136018
11/6/2017, 209.71, 210.63, 209.66, 210.48, 640506, 0.645914736526307, 1.74594506606439, 2.97122835465587, 1.11462060920006, 1.14307204440194, 1.94594190304034, 1.97802171941369, -0.0320798163733513, 209.959454545452, 210.153225806449, 206.203880341881, 204.516329493588
11/7/2017, 210.47, 210.47, 208.5, 209.19, 486080, 0.664728366828501, 1.15496662852362, 2.67101663014751, 0.990753333611275, 0.983272381964634, 1.85582574312443, 1.95358252415583, -0.0977567810314077, 209.95927272727, 210.10333333333, 206.532166056167, 204.689479328165
11/8/2017, 209.44, 210.29, 209.07, 210.19, 60145, 0.657508923849905, 1.32506807985599, 2.87487953909412, 0.949703122761715, 0.95856882878882, 1.84384498258493, 1.93163501584165, -0.0877900332567272, 210.004727272725, 210.251763440857, 206.917177045178, 204.878027393753
11/9/2017, 208.81, 209.39, 207.09, 208.58, 61834, 0.703766951140142, 0.731211684417149, 2.31838638008226, 1.00238365888507, 0.917559754963279, 1.68501281996754, 1.88231057666683, -0.197297756699291, 209.622909090907, 210.153741935481, 207.219714285715, 205.033875195535
11/10/2017, 208.25, 208.86, 207.93, 208.44, 91312, 0.691336236496691, 0.624207551300117, 2.04919280721595, 1.07899846910254, 0.949551751083267, 1.53020115045285, 1.81188869142404, -0.281687540971182, 209.411636363634, 210.026731182793, 207.455785103786, 205.184480331783
11/13/2017, 207.82, 209.02, 207.55, 208.86, 92735, 0.690639753320894, 0.842141975249873, 2.0219257628237, 1.09497097946317, 1.0282293004233, 1.4249760401442, 1.73450616116807, -0.309530121023867, 209.07927272727, 210.0084516129, 207.744026862028, 205.340107513491
11/14/2017, 208.42, 208.98, 208.34, 208.79, 31811, 0.671654140211081, 0.734774816304655, 2.42083696317333, 1.02569357203155, 1.01584257402403, 1.32071162562724, 1.6517472540599, -0.331035628432663, 208.91927272727, 209.995849462363, 208.010371184372, 205.491805018511
11/15/2017, 207.99, 208.55, 206.63, 207.94, 282056, 0.692617748090498, 0.468788649541, 2.22757165810614, 0.917392751857008, 1.00108442310871, 1.15616586923213, 1.55263097709435, -0.396465107862222, 208.356181818179, 209.860322580642, 208.240214896216, 205.625629203864
11/16/2017, 208.79, 210.61, 208.66, 210.08, 92764, 0.714831434744103, 0.823982225467621, 2.56837717055242, 1.33152954619626, 1.07280254157441, 1.18478482511364, 1.47906174669821, -0.294276921584568, 208.660363636361, 210.018623655911, 208.588527472529, 205.795451056437
11/17/2017, 209.65, 210.94, 209.63, 210.47, 492261, 0.708952337247537, 0.930234134331419, 2.57027544889931, 1.18681339607066, 0.993216888344954, 1.22481637373744, 1.42821267210605, -0.203396298368613, 209.19127272727, 210.218430107524, 208.941663003664, 205.969367392696
11/20/2017, 211.01, 211.53, 210.57, 211.53, 232701, 0.695185262135228, 1.08576403330432, 2.48108581600423, 1.43325533846909, 1.05368595517815, 1.32678050586449, 1.40792623885774, -0.0811457329932495, 210.196545454543, 210.486430107524, 209.350053724055, 206.159179761904
11/21/2017, 212.37, 213.07, 212.13, 212.95, 80049, 0.692180847966619, 1.40513539017306, 2.50667993323207, 1.51771112775362, 1.12356083185854, 1.50482328168073, 1.42730564742234, 0.0775176342583905, 211.377090909089, 210.920709677416, 209.815023199024, 206.370928220255
11/22/2017, 213.19, 213.49, 212.77, 212.92, 207921, 0.674572214896519, 1.24924265049496, 2.60099852846985, 1.42446468492932, 1.11647973767081, 1.62477333929539, 1.46679918579695, 0.15797415349844, 212.542181818179, 211.323440860212, 210.258932844934, 206.578682702428
11/24/2017, 213.58, 213.58, 213.02, 213.23, 217179, 0.655388173315099, 1.28702582172795, 2.65971222209221, 1.46447456325509, 1.05419303861445, 1.72496471390176, 1.51843229141791, 0.206532422483846, 213.343454545452, 211.730559139782, 210.748566544568, 206.78847206121
11/27/2017, 213.67, 213.67, 212.54, 212.56, 293423, 0.651162021011384, 0.891062274154164, 2.38674313844793, 1.67209703931428, 0.987163579464027, 1.73035721863437, 1.5608172768612, 0.169539941773166, 213.631636363634, 211.996752688169, 211.188925518927, 206.983174366046
11/28/2017, 213.03, 215.11, 212.94, 215.08, 60489, 0.670636271279853, 1.43626616163504, 2.50019137365205, 1.69553771151775, 1.05508816369269, 1.91588858594756, 1.63183153867847, 0.284057047269084, 214.649636363634, 212.552193548384, 211.717360195361, 207.218440098728
11/29/2017, 215.48, 216.28, 214.79, 215.25, 70542, 0.671212203324169, 1.3438490573707, 2.54950564353517, 1.75861890815812, 1.0464038445321, 2.05297568471491, 1.71606036788576, 0.336915316829149, 215.373090909089, 213.047677419352, 212.259536019537, 207.452874082439
11/30/2017, 216.3, 217.75, 215.92, 216.89, 63217, 0.690462932487671, 1.87051302680478, 2.64812681990225, 1.8481369165015, 1.07486046086246, 2.26781058335354, 1.82641041097932, 0.441400172374222, 216.140727272725, 213.742365591395, 212.889941391942, 207.711780489625
12/1/2017, 216.98, 216.98, 212.22, 216.28, 63136, 0.767832347678418, 1.48118889643403, 2.58826907040895, 1.66085588784807, 1.04873663920483, 2.36162355996956, 1.93345304077736, 0.428170519192194, 216.637454545452, 214.299956989244, 213.455257631259, 207.956141778896
12/4/2017, 218.24, 218.64, 215.49, 215.49, 60522, 0.805204144731049, 1.11364899590389, 2.34428411843201, 1.60235661559546, 0.997523342378097, 2.3451907233015, 2.01580057728219, 0.329390146019308, 216.601090909089, 214.79092473118, 213.954717948719, 208.183164960933
12/5/2017, 215.38, 216.07, 214.1, 214.1, 56775, 0.815916716911206, 1.18293196179977, 2.12673084158577, 1.39219315267801, 0.877882454635206, 2.19470698262651, 2.05158185835106, 0.143125124275457, 216.022727272725, 215.002860215051, 214.358910866912, 208.382988907074
12/6/2017, 213.81, 214.38, 213.3, 213.31, 295486, 0.80330683341688, 0.799976063373977, 2.03863043310013, 1.30276913724712, 0.881849756934455, 1.98877576719596, 2.03902064012004, -0.0502448729240763, 215.315272727271, 215.11556989247, 214.706771672773, 208.566278038225
12/7/2017, 213.52, 215.25, 213.52, 214.93, 59201, 0.802520409455855, 1.1987633492181, 1.99953494888938, 1.47738730826181, 0.979499438689561, 1.93400030476806, 2.01801657304964, -0.0840162682815797, 215.141818181816, 215.322322580642, 215.129880341881, 208.773933705213
12/8/2017, 215.88, 216.21, 215.25, 215.73, 49448, 0.789233885060629, 1.2476028694752, 2.08047495174992, 1.38428987504007, 0.984220044136933, 1.93286283073178, 2.00098582458607, -0.0681229938542911, 215.197090909089, 215.683204301072, 215.538608058609, 208.991742013261
12/11/2017, 215.99, 216.1, 215.08, 215.4, 182953, 0.774597747088779, 1.04600987818734, 1.95254599285427, 1.40277998999966, 0.918102193013905, 1.88361993419929, 1.97751264650871, -0.0938927123094255, 214.867999999998, 216.031870967739, 215.913291819293, 209.200638163215
12/12/2017, 215.94, 215.94, 214.95, 215.03, 36724, 0.760154104017006, 0.842125370837265, 1.70309017973268, 1.4279902569004, 1.00053074814667, 1.79405789350631, 1.94082169590823, -0.146763802401926, 214.76018181818, 216.187526881717, 216.264893772895, 209.400122384937
12/13/2017, 215.27, 216.41, 214.87, 215.21, 66089, 0.757321407636439, 1.1572361136408, 1.6246967886137, 1.37135789462542, 0.887817925849639, 1.71780207366419, 1.89621777145942, -0.178415697795235, 214.751272727271, 216.403225806449, 216.617501831503, 209.599478561549
12/14/2017, 215.69, 216.02, 213.77, 213.94, 45994, 0.776311036414724, 0.708289784605614, 1.37794484966663, 1.13977405845915, 0.934089744029268, 1.53717085215064, 1.82440838759767, -0.287237535447029, 214.633818181816, 216.375892473115, 216.89202930403, 209.774790645039
12/15/2017, 214.72, 217.33, 214.72, 216, 487830, 0.80893418506499, 1.39115284601136, 1.52654129048258, 1.42936801265578, 1.00119990203471, 1.54246353213688, 1.76801941650551, -0.225555884368631, 215.266909090907, 216.607440860212, 217.220652014653, 209.981203958779
12/18/2017, 217.26, 218.28, 217.26, 217.69, 82529, 0.814889497796573, 1.68223760616484, 1.67707142724752, 1.65431758090762, 1.11220656134218, 1.66384710156046, 1.7471849535165, -0.0833378519560364, 216.341090909089, 217.058795698922, 217.537133089134, 210.212091344532
12/19/2017, 217.27, 217.71, 216.08, 216.23, 52493, 0.817063451124123, 1.28397039502479, 1.52584322858672, 1.61924469601991, 1.09144219412602, 1.62351973171786, 1.72245190915677, -0.0989321774389096, 216.512909090907, 217.322946236556, 217.785746031747, 210.415679156908
12/20/2017, 217.07, 217.12, 215.6, 216.33, 59495, 0.810982982178804, 1.31507516280393, 1.48219216758678, 1.67523752563997, 1.12630604595022, 1.58139977264781, 1.69424148185498, -0.112841709207167, 216.445090909089, 217.47668817204, 218.077108669109, 210.617778994524
12/21/2017, 216.9, 217.2, 216.36, 216.62, 66363, 0.789483663133615, 1.54653090931674, 1.47883802721719, 1.63608855524035, 1.17822357898122, 1.55351205801858, 1.6660955970877, -0.112583539069118, 216.636727272725, 217.687827956986, 218.341269841271, 210.821487442809
12/22/2017, 216.37, 216.71, 215.79, 216.44, 80926, 0.771886220442633, 1.1930224077024, 1.43080709252439, 1.8074987302421, 1.13577166025054, 1.49959989347408, 1.63279645636498, -0.133196562890894, 216.833999999997, 217.727311827954, 218.596652014653, 211.019208893822
12/26/2017, 216.41, 216.63, 215.91, 216.26, 70275, 0.750548880398471, 1.0837827541368, 1.42614647912128, 1.8184827202399, 1.10450254289479, 1.42591258628426, 1.59141968234883, -0.165507096064578, 216.864363636361, 217.683913978492, 218.755885225886, 211.211050330353
12/27/2017, 216.27, 217.05, 216.27, 216.41, 53589, 0.730779611992166, 0.924114279809314, 1.41953946306281, 1.80273665981762, 1.14890713103325, 1.36389646143428, 1.54591503816592, -0.182018576731643, 216.825636363634, 217.637096774191, 218.892901098902, 211.402385863453
12/28/2017, 216.78, 217.24, 216, 217.23, 282762, 0.72016118878453, 0.824343057950906, 1.57647870028792, 1.84529863879914, 1.08437423373531, 1.36517845522496, 1.50976772157773, -0.144589266352767, 217.030909090907, 217.640946236556, 219.049177045178, 211.603879521912
12/29/2017, 218.02, 218.02, 215.82, 215.83, 113798, 0.739556985996759, 0.544905210414024, 1.25823769822766, 1.74985389182168, 1.03892468827741, 1.23894436540024, 1.45560305034223, -0.21665868494199, 216.388363636361, 217.35604301075, 219.161789987791, 211.780181180041
1/2/2018, 216.93, 218.12, 216.27, 218.12, 1007226, 0.74769693321702, 0.843105493063018, 1.4879450292882, 2.03334482280594, 1.10945255148684, 1.30860205154443, 1.42620285058267, -0.117600799038246, 216.845818181816, 217.453462365588, 219.344034188035, 211.989961729092
1/3/2018, 218.17, 219.22, 217.86, 218.86, 397468, 0.738980500409538, 1.09093378685186, 1.40632582885871, 2.54260272845558, 1.16788075893514, 1.40729565691043, 1.42242141184822, -0.0151257549377899, 217.78127272727, 217.618903225804, 219.534461538463, 212.208266471631
1/4/2018, 219.89, 220.69, 219.73, 219.73, 249200, 0.740893863849497, 0.866937044160027, 1.63375937864136, 2.55402185835543, 1.41400931130547, 1.5379838587566, 1.4455339012299, 0.0924499575267035, 218.661454545452, 217.911268817201, 219.75602930403, 212.436979157017
1/5/2018, 220.45, 221.26, 220.33, 221.19, 167755, 0.733788951889631, 1.07365281888601, 1.7101873480619, 2.48319390848904, 1.4374343817726, 1.73931525497503, 1.50429017197893, 0.2350250829961, 219.875090909088, 218.430645161287, 220.022078144079, 212.685116421568
1/8/2018, 221.24, 222.42, 220.5, 222.13, 328269, 0.737367484603808, 0.966946656388047, 2.00664947669385, 2.70691815914388, 1.45375966130382, 1.95221802688437, 1.59387574296001, 0.358342283924353, 221.206363636361, 219.014129032255, 220.302593406595, 212.944259484435
1/9/2018, 222.8, 223.2, 222.21, 222.3, 116343, 0.724029992745352, 1.12324281216121, 1.84378701363526, 2.65380733608361, 1.48376505284004, 2.11033594758956, 1.69716778388592, 0.413168163703638, 222.259818181816, 219.580430107524, 220.599474969476, 213.202300244321
1/10/2018, 221.75, 221.75, 220.53, 220.99, 83471, 0.731952911977588, 1.01123443193643, 1.50290440264735, 3.05712868947534, 1.44328146478046, 2.10566667238606, 1.77886756158595, 0.326799110800112, 222.505090909088, 219.87733333333, 220.862686202688, 213.436443386908
1/11/2018, 221.37, 223.97, 221.29, 223.9, 85422, 0.752865387749132, 1.68990801897683, 2.03743647749043, 3.30729905562422, 1.48213537944737, 2.31014895907978, 1.88512384108472, 0.425025117995064, 223.527636363634, 220.657075268814, 221.247553113554, 213.711898425898
1/12/2018, 224.24, 224.92, 223.8, 224.78, 241562, 0.737335315869646, 2.01504112858612, 1.9915639753754, 3.37949576607294, 1.49715215186822, 2.51422882518932, 2.01094483790564, 0.503283987283682, 224.609636363634, 221.502903225804, 221.614070818072, 213.99690097259
1/16/2018, 225.54, 226.12, 222.92, 223.29, 133025, 0.7767984266475, 1.43257605350823, 1.86320837098374, 3.04848915359661, 1.39857653924756, 2.52660787897671, 2.11407744611985, 0.412530432856853, 224.485090909088, 222.207526881718, 221.895003663005, 214.255171536369
1/17/2018, 224.14, 225.93, 223.87, 225.4, 79974, 0.789612931019584, 1.58478942241488, 2.00876967483177, 3.28632725811446, 1.46759660672171, 2.67583240397849, 2.22642843769158, 0.44940396628691, 225.140545454543, 223.097913978492, 222.237294261295, 214.541813775287
1/18/2018, 225.15, 225.76, 224.71, 224.97, 158991, 0.774902506641879, 1.56861553995223, 1.8586967179933, 3.27087436597058, 1.48935480638312, 2.72795039474653, 2.32673282910257, 0.401217565643959, 225.398363636361, 223.822236559137, 222.546031746033, 214.817931213273
1/19/2018, 225.27, 227.55, 225.27, 227.55, 136648, 0.784501542840089, 1.94826655703005, 2.00234701399962, 3.37984027804738, 1.59869819934152, 2.94350779042236, 2.45008782136653, 0.493419969055831, 226.388181818179, 224.720086021503, 222.993582417584, 215.129048599199
1/22/2018, 228.16, 228.92, 227.48, 228.92, 108354, 0.772268302330942, 2.11193506410549, 2.34344086993925, 3.48983221112287, 1.71290896871528, 3.18813529084736, 2.59769731526269, 0.590437975584662, 227.716727272725, 225.652322580643, 223.502747252749, 215.456411405873
1/23/2018, 228.87, 229.66, 228.33, 229.5, 144319, 0.760776805146489, 2.50594750914186, 2.29192598733575, 3.57649315032246, 1.67553647988654, 3.38973079356384, 2.75610401092292, 0.633626782640919, 229.011999999998, 226.665440860212, 224.004559218561, 215.787931063614
1/24/2018, 230.14, 230.66, 227.9, 228.87, 98537, 0.785023650727763, 2.09561959637726, 2.47664274374695, 3.3825467191134, 1.65491437276518, 3.45879016699053, 2.89664124213644, 0.562148924854081, 229.721636363634, 227.557956989245, 224.455142857144, 216.105509810497
1/25/2018, 229.88, 229.88, 227.69, 228.77, 122982, 0.793963128010491, 1.82881986643012, 2.48382878904924, 3.21211047246788, 1.63997051504416, 3.46550289355571, 3.0104135724203, 0.455089321135412, 229.776363636361, 228.331010752686, 224.896334554336, 216.417244909282
1/26/2018, 229.34, 229.91, 227.9, 229.9, 96932, 0.794272281666864, 2.37212203075283, 2.55301764205863, 3.24751760908728, 1.62961607308773, 3.52141169193519, 3.11261319632327, 0.408798495611911, 230.379090909088, 229.13651612903, 225.384114774116, 216.741420074349
1/29/2018, 229.44, 229.77, 227.97, 228.1, 87478, 0.802819104241348, 1.91758621861283, 2.28557598934194, 3.26837282484102, 1.66821699399989, 3.38149509018763, 3.16638957509615, 0.215105515091482, 230.208727272725, 229.629698924729, 225.768439560441, 217.034659833264
1/30/2018, 226.46, 226.86, 225.34, 225.59, 140809, 0.83233692004778, 1.33832959765983, 2.02473573378429, 2.93789927633417, 1.65663655620798, 3.03311034420096, 3.13973372891711, -0.106623384716146, 228.692181818179, 229.636580645159, 226.035956043957, 217.290659013256
1/31/2018, 226.72, 227.55, 224.55, 225.14, 72822, 0.858925741778004, 1.29556725840367, 1.75727656449762, 2.94674269101212, 1.54799818704052, 2.68969653644277, 3.04972629042224, -0.360029753979474, 227.316727272725, 229.648537634406, 226.25878876679, 217.556893262265
2/1/2018, 224.64, 226.36, 224.33, 225.85, 114908, 0.858355609602413, 1.42801635699419, 1.78821514309105, 2.9723079849031, 1.56622114683689, 2.44662649861007, 2.92910633205981, -0.482479833449735, 226.114727272725, 229.80427956989, 226.507323565325, 217.820418750854
2/2/2018, 224.56, 224.56, 221.6, 221.7, 142696, 0.926552249468966, 0.679688595938058, 1.08301033590262, 2.25271235745644, 1.33557341727917, 1.89725109576551, 2.72273528480095, -0.825484189035437, 223.947090909089, 229.283483870965, 226.549484737486, 218.018873308733
2/5/2018, 219.84, 221.44, 213.24, 213.36, 161101, 1.11288808596694, -0.316159580734204, 0.0624673057990143, 1.16140799601975, 0.851029516270786, 0.779908531191978, 2.33416993407915, -1.55426140288718, 219.491454545452, 227.675870967739, 226.204954822956, 218.086564712313
2/6/2018, 209.28, 216.06, 206.54, 215.1, 623012, 1.26998378391823, -0.0374586093000404, 0.203313012662413, 1.31526489546841, 0.926164460496626, 0.0344132622959705, 1.87421859972252, -1.83980533742655, 216.601636363634, 226.327526881718, 225.9706984127, 218.18574142408
2/7/2018, 214.93, 217.04, 214, 215.25, 166751, 1.27625940220567, -0.230214107575229, 0.190416301315923, 1.32758848507181, 0.850061984698469, -0.538090589543287, 1.39175676186936, -1.92984735141264, 214.423090909089, 224.996021505374, 225.737396825398, 218.288334836681
2/8/2018, 215.5, 215.5, 207.43, 207.43, 110699, 1.45267846747593, -0.829143256525397, -0.319756144143844, 0.620165575724088, 0.491636309982515, -1.60431907073308, 0.792541595348869, -2.39686066608195, 210.265999999998, 222.667978494621, 225.163140415142, 218.268212382123
2/9/2018, 209.37, 211.36, 204.16, 210.08, 176144, 1.53399961816025, -0.672275346975765, -0.305643124318789, 0.723198656739259, 0.582461301922048, -2.21000441558854, 0.192032393161387, -2.40203680874993, 208.414363636361, 220.743139784943, 224.732561660563, 218.293767664343
2/12/2018, 210.76, 213.43, 209.48, 212.3, 98360, 1.5350895327082, -0.604713665835157, -0.162036563160429, 0.862098249794363, 0.622783498920058, -2.48226496308968, -0.342827078088826, -2.13943788500085, 208.050727272725, 219.195483870965, 224.410185592187, 218.335505535055
2/13/2018, 211.06, 213.28, 210.7, 213.28, 141124, 1.51211802515122, -0.598699580024762, -0.205817489505855, 0.880366657104278, 0.72124226131302, -2.58910995086873, -0.792083652644807, -1.79702629822392, 208.385454545452, 217.710645161287, 224.129147741149, 218.395629356293
2/14/2018, 211.89, 217.73, 211.79, 217.43, 102815, 1.54568967384464, -0.293598490168409, 0.109972922449796, 1.11982399026046, 0.807883029475383, -2.31226075381966, -1.09611907287978, -1.21614168093988, 210.735272727271, 216.921483870965, 224.03765811966, 218.506312969796
2/15/2018, 219.01, 220.13, 216.85, 220.13, 84507, 1.52489592738308, -0.0221670544666132, 0.328351370193612, 1.22651173624376, 0.899983992188913, -1.85362094697126, -1.24761944769807, -0.606001499273187, 214.580363636362, 216.52868817204, 224.062881562883, 218.661021730217
2/16/2018, 219.47, 221.08, 219.29, 220.01, 186244, 1.49012123753509, -0.226702815101494, 0.410929018737301, 1.23752724073531, 0.925181891330975, -1.48273652910461, -1.29464286397938, -0.188093665125231, 217.865999999998, 216.170473118276, 224.06048840049, 218.80888041547
2/20/2018, 219.22, 220.84, 218.55, 218.9, 75420, 1.47510047874185, -0.360451689123255, 0.39181843894603, 1.18897949959448, 0.890570589054561, -1.26380729540162, -1.28847575026383, 0.0246684548622105, 219.192363636362, 215.766946236556, 224.007792429794, 218.956919229192
2/21/2018, 219.32, 222.06, 218.86, 218.88, 56491, 1.47457291692599, -0.264079017198264, 0.287750060453254, 1.07002652873952, 0.838094919227849, -1.07947462175514, -1.24667552456209, 0.167200902806953, 220.557636363634, 215.438322580642, 223.95110866911, 219.113133251332
2/22/2018, 219.57, 220.07, 217.75, 217.97, 61437, 1.45991096964685, -0.472667866437582, 0.179004042267425, 1.00386982573281, 0.842983961687334, -0.995345323351131, -1.1964094843199, 0.201064160968769, 221.432363636361, 215.026537634405, 223.848656898658, 219.248979363126
2/23/2018, 219.24, 220.52, 218.16, 220.47, 64945, 1.4290196142388, -0.265870469827233, 0.35403386338262, 1.1084546426927, 0.932224592656941, -0.718658889292698, -1.10085936531446, 0.382200476021762, 221.458363636361, 214.872559139782, 223.843611721613, 219.413166324996
2/26/2018, 221.34, 222.06, 219.87, 222, 83581, 1.39753674159309, -0.336512802669156, 0.470416065011434, 1.10757079824177, 0.928463623022156, -0.371640641648128, -0.955015620581193, 0.583374978933065, 221.831636363634, 215.110064516126, 223.898971916973, 219.587576329096
2/27/2018, 221.95, 222.38, 218.55, 218.55, 70232, 1.43624112927011, -0.649280680138914, 0.242408577041191, 0.853608562021844, 0.850750562563633, -0.370738702420653, -0.838160236949085, 0.467421534528432, 220.806909090907, 214.980752688169, 223.784070818072, 219.709719830531
2/28/2018, 219.39, 220.04, 216.39, 216.39, 61869, 1.46238723537078, -0.828822238636247, 0.188514965218629, 0.715689008358257, 0.804891747478117, -0.53811480470776, -0.77815115050082, 0.24003634579306, 218.891090909089, 214.518236559137, 223.582901098902, 219.794013393466
3/1/2018, 216.28, 217.84, 213.5, 215.2, 153160, 1.49778659465051, -0.868357201786034, -0.0110298591016717, 0.609296599362016, 0.716157918781203, -0.758046340064226, -0.774130188413501, 0.0160838483492753, 217.224545454543, 214.089913978491, 223.324913308915, 219.859480661473
3/2/2018, 213.85, 217.9, 213.29, 217.48, 90239, 1.51396676204869, -0.694609764104929, 0.0255790539471514, 0.712160488810493, 0.793240514432966, -0.739838325428252, -0.767271815816451, 0.0274334903881993, 217.007272727271, 213.988021505373, 223.192295482297, 219.973356020226
3/5/2018, 216.56, 220, 216.3, 219.42, 56739, 1.50986517564412, -0.63257101339828, 0.231207461670088, 0.84658409160224, 1.00984136163678, -0.562383746150147, -0.726294201883191, 0.163910455733044, 217.580727272725, 214.352602150534, 223.119347985349, 220.11026404264
3/6/2018, 220.21, 222.17, 219.13, 222.17, 70418, 1.4850334698557, -0.335646443067852, 0.385261287501793, 0.963079155726044, 1.08053223670859, -0.197570229665587, -0.62054940743967, 0.422979177774083, 218.914363636362, 215.209892473115, 223.17278876679, 220.282463304632
3/7/2018, 220.14, 223.17, 220.14, 222.98, 57466, 1.47360028566665, -0.13007463824773, 0.414926206920904, 0.988428392764551, 1.03943447043616, 0.155119223188876, -0.465415681313961, 0.620534904502837, 220.345454545453, 216.252172043007, 223.225633699635, 220.464673500068
3/8/2018, 223.37, 223.56, 221.65, 222.94, 90746, 1.44300808339935, -0.104258175968005, 0.423443646459602, 0.977044393192779, 1.00441779844192, 0.426484244961586, -0.287035696058851, 0.713519941020437, 221.357090909089, 217.289440860212, 223.29995848596, 220.656612272789
3/9/2018, 224.35, 227.04, 224.1, 227.04, 82169, 1.43639451641737, 0.109160077882371, 0.656485514708652, 1.17790572542464, 1.10802923816666, 0.961297475752588, -0.0373690616965636, 0.998666537449151, 224.013999999998, 218.878516129029, 223.568583638585, 220.912905015716
3/12/2018, 227.23, 227.76, 226.6, 227.17, 103208, 1.38932544111031, 0.383958453001262, 0.654947070922472, 1.17383290501692, 1.08358582578052, 1.37972610414155, 0.24604997147106, 1.13367613267049, 226.663454545453, 220.570580645158, 223.794041514043, 221.171911985786
3/13/2018, 228.09, 228.35, 225.37, 225.84, 53958, 1.39360789689239, 1.00462450570509, 0.531147023993676, 1.1227084558721, 1.01434530750395, 1.58573456109426, 0.513986889395699, 1.07174767169856, 227.881454545453, 221.991505376341, 223.97500854701, 221.410895995626
3/14/2018, 226.59, 226.59, 224.23, 224.74, 64471, 1.38291264155232, 0.780096545761623, 0.551933141228725, 1.02035990324508, 0.991681943483946, 1.64131686142935, 0.739452883802428, 0.901863977626917, 227.889818181816, 223.120107526878, 224.08142857143, 221.636272242722
3/15/2018, 224.94, 225.46, 223.58, 224.07, 44368, 1.35964652880504, 0.714945083011017, 0.382546572388387, 0.978875716133791, 0.994159657725731, 1.61271248862712, 0.914104804767368, 0.698607683859757, 226.973272727271, 224.139182795696, 224.157545787547, 221.849341533415
3/16/2018, 224.24, 225.87, 224.21, 225.25, 42528, 1.32485326447892, 1.89739320110006, 0.405953675097808, 0.960395034847914, 1.03103349375937, 1.66605421946724, 1.06449468770734, 0.601559531759899, 226.436545454544, 225.36221505376, 224.291076923078, 222.080454831214
3/19/2018, 224.47, 224.48, 221.71, 223.48, 55050, 1.34778073175534, 1.42155496371151, 0.254204590541186, 0.912027937029641, 0.885431965985538, 1.54766321976118, 1.16112839411811, 0.386534825643067, 225.252545454543, 226.087870967739, 224.352319902321, 222.294016400163
3/20/2018, 223.91, 224.76, 223.71, 224.18, 47849, 1.30494217163016, 1.27539283716912, 0.210263339862989, 0.91035713206749, 0.883031431881191, 1.49311000666083, 1.22752471662665, 0.265585290034175, 224.638909090907, 226.33486021505, 224.405970695972, 222.509500888341
3/21/2018, 224.51, 226.02, 224.12, 224.55, 40168, 1.27995920389333, 1.20903121506962, 0.177459844157868, 0.99554024108454, 0.918283203895499, 1.4628690561502, 1.27459358453136, 0.188275471618835, 224.205454545453, 226.674989247308, 224.487035409037, 222.721701243678
3/22/2018, 222.49, 223.06, 218.49, 218.59, 62334, 1.38773089927506, 0.134667616028204, -0.160720171637706, 0.575581896170218, 0.735738729278315, 0.947063535879465, 1.20908757480098, -0.262024038921517, 221.619454545452, 226.207935483868, 224.261279609281, 222.847852945195
3/23/2018, 218.64, 219.27, 214.25, 214.32, 77508, 1.46172495524873, -0.507120711882104, -0.317370191352072, 0.292197472843275, 0.585908607645142, 0.191522874289831, 1.00557463469875, -0.814051760408922, 218.615636363634, 224.65621505376, 223.838429792431, 222.91842941096
3/26/2018, 216.72, 219.42, 215.52, 219.39, 104880, 1.47277928706168, -0.0227097395041642, -0.18892877467212, 0.614182355724174, 0.676951626774948, 0.00183691008948017, 0.804827089776898, -0.802990179687418, 218.083090909089, 223.879999999997, 223.642224664226, 223.046823561568
3/27/2018, 220.27, 220.28, 214.78, 215.63, 133110, 1.55107079441191, -0.23017966476642, -0.423166087336024, 0.365410030242162, 0.565443097290221, -0.446741402718089, 0.554513391277901, -1.00125479399599, 216.409999999998, 222.714645161287, 223.272393162394, 223.140286729533
3/28/2018, 216.08, 216.74, 214.3, 215.11, 110600, 1.53379445692477, -0.270031953889896, -0.376431047404702, 0.372201944038754, 0.555456028593966, -0.834582059160226, 0.276694301190275, -1.1112763603505, 214.89418181818, 221.527161290319, 222.855931623933, 223.209039223725
3/29/2018, 216.08, 219.69, 215.67, 218.33, 56834, 1.54050198940885, 0.0575548253119613, -0.311336190984132, 0.497278681144478, 0.602703812728267, -0.87206881780682, 0.0469416773908561, -0.919010495197676, 214.881999999998, 221.01309677419, 222.622525030526, 223.325017630175
4/2/2018, 217.65, 218.42, 211.47, 213, 642853, 1.66324370601057, -0.51216907304959, -0.544435808964682, 0.203868378138032, 0.458262869698252, -1.31668586440676, -0.225783830968668, -1.0909020334381, 213.577636363634, 219.996946236556, 222.158757020758, 223.352825201585
4/3/2018, 214.11, 216.44, 213.27, 215.87, 286300, 1.63875185950451, -0.401610089606812, -0.521095508787521, 0.300181531340072, 0.564410619077309, -1.42108171727676, -0.464843408230287, -0.956238309046476, 213.578909090907, 219.382946236556, 221.842144078145, 223.414735547355
4/4/2018, 213, 218.43, 212.84, 218.03, 312525, 1.66958444120386, -0.00556133111381647, -0.476156223014872, 0.457954600948332, 0.621267768834297, -1.31437098414324, -0.634748923412877, -0.679622060730361, 214.881454545452, 218.995720430104, 221.648324786326, 223.501537242038
4/5/2018, 219.14, 220.26, 218.39, 219.31, 135974, 1.62768921129859, 0.244363388299544, -0.439468813127244, 0.468426969369648, 0.612875522962119, -1.11367886007406, -0.730534910745114, -0.383143949328946, 217.035636363634, 218.775182795695, 221.506068376069, 223.5986267596
4/6/2018, 217.72, 219, 213.64, 215.11, 86804, 1.70828922357584, 0.0266133873908243, -0.604054051244728, 0.350277163922183, 0.552605149965535, -1.27879267899337, -0.840186464394765, -0.438606214598604, 216.832727272725, 217.958301075265, 221.182429792431, 223.637315839824
4/9/2018, 216.43, 218.19, 215.22, 215.32, 62216, 1.69281344110732, -0.121374961461872, -0.589056311251432, 0.366222642732699, 0.587118856678437, -1.37683008493877, -0.947515188503567, -0.429314896435207, 216.038181818179, 217.353182795696, 220.851704517706, 223.681060270602
4/10/2018, 217.93, 219.37, 217.1, 218.64, 78056, 1.67637102374802, -0.0207559741465753, -0.472726451697042, 0.490798294997952, 0.668066061820225, -1.17310634219015, -0.992633419240884, -0.180472922949268, 217.349999999998, 217.304537634405, 220.720080586082, 223.765706163727
4/11/2018, 217.6, 219.17, 217.07, 217.97, 78865, 1.64561945497387, -0.261661049772324, -0.424241443017891, 0.464415960096091, 0.628345330373249, -1.0535722834305, -1.00482119207881, -0.0487510913516909, 217.71927272727, 216.962559139781, 220.560339438341, 223.855760557605
4/12/2018, 218.89, 219.95, 218.64, 219.14, 64468, 1.6001683351767, -0.234615383017492, -0.254800597760215, 0.554668125818963, 0.649671325639065, -0.854580388009907, -0.974773031265027, 0.12019264325512, 218.261090909088, 216.628774193545, 220.486192918194, 223.958656006559
4/13/2018, 220.19, 220.19, 217.53, 218.29, 57304, 1.58700739622562, -0.291198260380615, -0.274351247991567, 0.420578835196219, 0.700531646697903, -0.756742516805645, -0.931166928373151, 0.174424411567506, 218.933454545452, 216.090064516125, 220.359687423689, 224.048955309552
4/16/2018, 219.4, 220.8, 218.73, 220.36, 94970, 1.55044677934283, -0.442170378519006, -0.207277086334426, 0.49200220712819, 0.692764535722903, -0.506336862536727, -0.846200915205866, 0.339864052669139, 219.257090909089, 215.946064516125, 220.304637362639, 224.162882875495
4/17/2018, 221.59, 223.31, 221.32, 222.76, 321996, 1.52327002011666, -0.273680869513955, 0.0981117646029773, 0.545842212801016, 0.802498542925988, -0.11292688426289, -0.699546109017271, 0.586619224754381, 220.582363636361, 216.21733333333, 220.32003907204, 224.281893125597
4/18/2018, 223.41, 223.94, 222.56, 222.9, 145821, 1.4771531996282, -0.173055142025192, 0.546389732619009, 0.488715642540983, 0.795899374775685, 0.207755313920444, -0.518085824429728, 0.725841138350172, 222.012181818179, 216.668150537631, 220.317660561662, 224.405220992209
4/19/2018, 222.46, 222.75, 220.41, 221.5, 348187, 1.46837280265133, -0.194791462522862, 0.380688912813633, 0.429228786437968, 0.726864604418083, 0.344953556782968, -0.345477948187189, 0.690431504970157, 222.948727272725, 216.99062365591, 220.283059829061, 224.508297116304
4/20/2018, 221.08, 221.47, 219.52, 220.07, 88742, 1.44900416684649, -0.248230094347687, 0.297540923779456, 0.353133719046885, 0.690863617729416, 0.334439888862846, -0.209494380777182, 0.543934269640028, 222.431818181816, 217.138537634405, 220.198915750917, 224.584162908295
4/23/2018, 220.55, 221.32, 219.17, 219.66, 48188, 1.42806259513799, -0.360824390011774, 0.764583842935062, 0.365412946698629, 0.755087919431372, 0.289684851160615, -0.109658534389622, 0.399343385550238, 221.544727272725, 217.526279569889, 220.086336996338, 224.648887522208
4/24/2018, 220.58, 221.33, 215.81, 217.54, 158825, 1.49675378397357, -0.387553795440105, 0.481937678341024, 0.161187073368395, 0.63607862860204, 0.0822023019505025, -0.0712863671215974, 0.1534886690721, 220.352545454543, 217.701311827953, 219.869746031747, 224.690024326909
4/25/2018, 217.14, 218.1, 215.95, 217.28, 179132, 1.4730929089531, -0.456001118736075, 0.335431601817233, 0.142268628084571, 0.64305712168209, -0.102032769959976, -0.0774356476892732, -0.024597122270703, 218.996545454543, 217.816817204297, 219.643951159953, 224.72800410004
4/26/2018, 218.08, 219.01, 217.1, 218.29, 91342, 1.43671238212682, -0.407894973444517, 0.335836499728241, 0.114164786495783, 0.657545233201377, -0.164643920089731, -0.0948773021693646, -0.0697666179203659, 218.261090909088, 218.042365591394, 219.432566544568, 224.78440645073
4/27/2018, 218.44, 218.64, 216.88, 217.96, 53412, 1.40731762066315, -0.0197398310282057, 0.0701272196455867, 0.126605523684998, 0.604215760317418, -0.238146742327103, -0.123531190200912, -0.114615552126191, 217.287999999997, 218.222989247308, 219.249347985349, 224.834507585075
4/30/2018, 218.53, 219.24, 215.67, 215.67, 58285, 1.43391292794433, 0.139670052570431, -0.232727372016071, 0.0609433649021184, 0.543685447791256, -0.475698563255804, -0.193964664811891, -0.281733898443913, 215.955818181815, 218.231139784943, 219.00214896215, 224.842726527264
5/1/2018, 214.9, 217.13, 214.06, 216.96, 78746, 1.42486818358806, -0.190535822808056, -0.145919702978857, 0.179095030972026, 0.555029992411037, -0.553487613120126, -0.265869254473538, -0.287618358646588, 215.805090909088, 218.346774193545, 218.780373626375, 224.864299302992
5/2/2018, 216.48, 217.83, 216.09, 216.12, 67731, 1.39914136153851, 0.0710345182658162, -0.130566523369158, 0.17735585007108, 0.526629653233884, -0.675134445770283, -0.347722292732887, -0.327412153037396, 215.708545454543, 218.444559139781, 218.523567765569, 224.861773951072
5/3/2018, 215.58, 216.87, 213.55, 216.41, 99918, 1.40410937342506, 0.148254078179364, -0.111639105729734, 0.118234308612301, 0.548032471314596, -0.739614050316476, -0.426100644249605, -0.313513406066871, 215.801999999997, 218.655806451609, 218.286036630038, 224.871614322809
5/4/2018, 215.82, 220.22, 215.32, 219.28, 66548, 1.42817468090009, 0.11431746190965, 0.116492398838328, 0.2076069775258, 0.56833805792373, -0.552757739914568, -0.451432063382597, -0.101325676531971, 216.878545454543, 218.886387096771, 218.170112332114, 224.920810988109
5/7/2018, 219.93, 221.43, 219.52, 220.64, 156510, 1.39712489497092, 0.873010058812693, 0.0483414950254444, 0.280322368937664, 0.619487512571755, -0.291571083731725, -0.419459867452423, 0.127888783720698, 218.385999999997, 219.000408602147, 218.107555555557, 224.989392373923
5/8/2018, 220.38, 221.79, 220.38, 221.22, 116939, 1.35565751281559, 0.639142252603322, -0.00821385242098743, 0.321349758342981, 0.652970199581563, -0.0373471099846938, -0.343037315958877, 0.305690205974183, 219.616363636361, 219.485247311824, 218.070476190478, 225.072886155527
5/9/2018, 221.58, 222.74, 220.76, 222.27, 232001, 1.32633116136146, 0.517531754392349, 0.263965686874882, 0.357960952471085, 0.657556630405743, 0.246017508876804, -0.225226350991741, 0.471243859868545, 220.956727272725, 219.840838709674, 218.093992673994, 225.153452781194
5/10/2018, 222.87, 224.63, 222.55, 223.9, 75395, 1.30354375111219, 0.552241565438549, 0.497946508946685, 0.482672143585081, 0.664371435630174, 0.595251697342292, -0.0611307413249345, 0.656382438667226, 222.789999999997, 220.325741935481, 218.153956043958, 225.241300806341
5/11/2018, 224.01, 224.68, 223.52, 224.19, 39848, 1.26263559293599, 1.26649542143853, 0.591821847721447, 0.40557533387274, 0.709629363641461, 0.885218634774361, 0.128139133894925, 0.757079500879436, 224.351454545452, 221.005397849459, 218.271572649574, 225.347140358069
5/14/2018, 224.7, 225.25, 223.47, 223.67, 62121, 1.24208324720035, 1.15900771850932, 0.420217361795118, 0.310218834080327, 0.722739771744739, 1.06083126512968, 0.314677560141875, 0.746153704987803, 224.935454545452, 221.225935483868, 218.378456654458, 225.443866065327
5/15/2018, 222.89, 223.43, 222.21, 222.83, 52130, 1.21718764038163, 0.637345368237011, 0.248281581958951, 0.338720081355149, 0.73151544756475, 1.11932171609033, 0.475606391331566, 0.64371532475876, 225.050909090906, 221.462387096771, 218.464432234434, 225.530747574142
5/16/2018, 223.04, 225.21, 223.04, 224.55, 44615, 1.20046593547507, 0.975662626092215, 0.183830162368213, 0.406682135675086, 0.790741119762323, 1.2895997421582, 0.638405061496893, 0.651194680661309, 225.272363636361, 222.016172043007, 218.655765567767, 225.653851031843
5/17/2018, 224.43, 225.41, 224, 224.76, 171222, 1.17074388022949, 0.84055825095945, 0.146434935112028, 0.402850560865607, 0.775435768263353, 1.42506429543465, 0.795736908284445, 0.629327387150207, 225.164545454543, 222.639870967738, 218.874705738707, 225.774716687166
5/18/2018, 224.67, 225.32, 224.5, 224.6, 36056, 1.13125367228121, 0.954651846929604, 0.139041104957289, 0.403984436540662, 0.824440297516335, 1.50219391073176, 0.937028308773908, 0.565165601957854, 225.119999999997, 222.928107526878, 219.088503052505, 225.906513325133
5/21/2018, 225.72, 226.93, 225.72, 226.67, 124479, 1.11627297857962, 0.948123887443802, 0.0121163839575402, 0.497561439435742, 0.885777723409079, 1.71063228270833, 1.09174910356079, 0.618883179147539, 225.772363636361, 223.431763440857, 219.36198778999, 226.07295202952
5/22/2018, 226.76, 226.91, 224.71, 224.76, 123023, 1.11841215630855, 0.313217516415007, -0.114999766971644, 0.409955472424216, 0.823793909593445, 1.70207964214629, 1.21381521127789, 0.488264430868395, 225.551999999997, 223.841182795695, 219.61248840049, 226.208041000409
5/23/2018, 224.04, 225.32, 223.99, 225.3, 141817, 1.08946116484383, 0.371592811112073, 0.00156616493936797, 0.397032825498106, 0.829584885125093, 1.71905885945924, 1.31486394091416, 0.404194918545077, 225.535090909088, 224.234967741932, 219.905518925521, 226.355210878775
5/24/2018, 224.99, 225.88, 223.83, 225.61, 333957, 1.07899836185164, 0.643355345843086, 0.0901905880137529, 0.471661472417441, 0.851023411006859, 1.73750059542283, 1.3993912718159, 0.338109323606935, 225.785999999997, 224.698795698921, 220.17860805861, 226.491768484351
5/25/2018, 225.15, 226.17, 224.97, 225.28, 398727, 1.05318350229262, 0.837920226116812, 0.111814599056458, 0.359334605620327, 0.87541341651692, 1.70582388604475, 1.46067779466167, 0.245146091383087, 225.887636363633, 225.022344086018, 220.482461538463, 226.628710947109
5/29/2018, 224, 225.41, 222.93, 224.37, 141888, 1.05984810993741, 0.753540769296037, -0.0203202907789506, 0.288759023532281, 0.958457101646135, 1.58897377030928, 1.48633698979119, 0.102636780518091, 225.511454545452, 225.32333333333, 220.737069597072, 226.747607216071
5/30/2018, 225.45, 227.59, 225.45, 227.02, 249768, 1.06602155935743, 1.50947490583751, 0.257367166606955, 0.361087273949783, 1.00549377434724, 1.69071258253581, 1.52721210834011, 0.163500474195695, 225.844545454542, 226.09468817204, 221.165286935289, 226.897327319939
5/31/2018, 226.96, 227.34, 224.42, 224.51, 90398, 1.08907310892637, 1.06932066420577, 0.0564906144954199, 0.193502473200551, 0.8621818832514, 1.550927178069, 1.53195512228589, 0.018972055783111, 225.425999999997, 226.529419354835, 221.514620268622, 227.006902009019
6/1/2018, 225.84, 226.85, 225.62, 226.16, 91821, 1.07880444597102, 1.14158040111453, 0.135319617293965, 0.222262783920414, 0.940646442394579, 1.55535824661416, 1.53663574715155, 0.0187224994626161, 225.621636363634, 227.069784946233, 221.9521978022, 227.149302173021
6/4/2018, 226.78, 227.98, 226.4, 227.98, 97297, 1.05659835435462, 1.42290449399209, 0.659969337053174, 0.289757119411361, 0.966439938470164, 1.68629018639612, 1.56656663500046, 0.11972355139566, 226.337636363633, 227.715677419351, 222.45777777778, 227.309019270192
6/5/2018, 227.8, 229.15, 227.8, 228.81, 84284, 1.02962776183068, 2.02706826184012, 1.05523968025245, 0.379355554049869, 1.10105062364924, 1.83586603452846, 1.62042651490606, 0.215439519622403, 227.569999999997, 228.388516129029, 222.998068376071, 227.475389640562
6/6/2018, 229.14, 231.01, 228.65, 231.01, 84435, 1.01991113707308, 2.103926072761, 0.883850129858911, 0.347288894143406, 1.17244929431822, 2.10763211458055, 1.71786763484096, 0.389764479739593, 229.063636363634, 229.140129032254, 223.659606837609, 227.682127647942
6/7/2018, 231.45, 231.74, 229.35, 230.64, 140163, 1.02228229355919, 2.20905404685305, 1.19570032672584, 0.295446883580135, 1.16028211313219, 2.26701998795946, 1.82769810546466, 0.439321882494798, 230.196545454543, 229.740559139781, 224.264158730161, 227.872198168648
6/8/2018, 230.35, 232.32, 230.35, 232.12, 202764, 1.00741094596401, 2.36438791099574, 1.34676289176236, 0.4182644550519, 1.14880866538431, 2.48412421937644, 1.95898332824702, 0.525140891129424, 231.611454545452, 230.509913978491, 224.875765567768, 228.075684296842
6/11/2018, 232.53, 232.85, 231.96, 232.05, 143045, 0.976506000165083, 2.03567392543733, 1.11314207730399, 0.327768586890044, 1.16740821643769, 2.6203269736846, 2.09125205733453, 0.529074916350066, 232.581090909088, 231.159161290319, 225.469528693531, 228.285643023096
6/12/2018, 232.19, 233.01, 231.79, 232.6, 610460, 0.95171240959326, 1.9185319661908, 1.79145959830592, 0.368153370803037, 1.18977140447526, 2.74105190114904, 2.22121202609743, 0.519839875051602, 233.189454545452, 231.63462365591, 226.098048840051, 228.499036217028
6/13/2018, 233.07, 233.09, 231.06, 231.06, 205239, 0.954080719933448, 1.51503677712214, 1.40967434993696, 0.19813878929273, 1.12979008814751, 2.68155089672771, 2.31327980022349, 0.368271096504225, 233.346909090907, 231.891462365588, 226.562085470088, 228.65760174935
6/14/2018, 231.77, 232.23, 230.76, 232.23, 54373, 0.93345991728214, 1.52416424218968, 1.32601318476995, 0.189163503618818, 1.15941944776658, 2.69770764942638, 2.39016537006407, 0.30754227936231, 233.18618181818, 232.149784946233, 226.885074481077, 228.832033346999
6/15/2018, 231.5, 232.2, 230.51, 231.96, 59980, 0.924894493709734, 1.25062940110125, 1.18503594917171, 0.154174066148685, 1.16089112803748, 2.65808450525091, 2.44374919710144, 0.214335308149476, 232.841090909089, 232.289247311824, 227.221103785106, 229.013485581522
6/18/2018, 230.91, 232.28, 230.43, 232.02, 95492, 0.918289804425758, 1.21344514390121, 1.75126777140611, 0.182703820065038, 1.12103034382648, 2.60153549479722, 2.47530645664059, 0.126229038156626, 232.564363636362, 232.52733333333, 227.55073748474, 229.199742244088
6/19/2018, 230.19, 231.38, 228.78, 231.37, 114736, 0.944843844931154, 1.19385939406151, 1.65715448471427, 0.160230552512017, 1.04485436366259, 2.47573173452955, 2.47539151221838, 0.000340222311162819, 232.008727272725, 232.691419354835, 227.665894993898, 229.374935356019
6/20/2018, 232.11, 232.73, 231.53, 232.37, 84007, 0.923002514875565, 1.49356183720643, 1.47906321049668, 0.154419300513287, 1.05314640952337, 2.42872614760154, 2.46605843929501, -0.0373322916934766, 232.098909090907, 232.951827956986, 227.866114774117, 229.567889845564
6/21/2018, 232.23, 232.56, 230.42, 230.93, 62772, 0.928654525884698, 0.991714288067531, 1.38963796835165, 0.170069611745118, 1.06819875466993, 2.24934882282773, 2.42271651600156, -0.17336769317383, 231.543454545453, 233.027591397846, 228.036393162396, 229.742346590132
6/22/2018, 231.89, 231.93, 230.21, 230.24, 114273, 0.922218034135796, 0.846548692752658, 1.19232559757728, 0.247409334710954, 1.04760995144927, 2.02813469290149, 2.34380015138154, -0.315665458480055, 231.029818181816, 233.068602150534, 228.184639804643, 229.901240945742
6/25/2018, 229.25, 229.25, 225.6, 226.43, 105735, 0.993308776091748, 0.257950197974038, 0.829150397736807, 0.107283469562514, 0.951248494975942, 1.52777450913706, 2.18059502293265, -0.652820513795587, 229.288545454544, 232.60462365591, 228.246141636144, 229.996338936722
6/26/2018, 226.32, 227.14, 225.61, 226.23, 172599, 0.978292714767854, -0.0436518185615817, 0.612239433662149, 0.0692835191291635, 0.935076595635142, 1.10238947047105, 1.96495391244033, -0.862564441969276, 227.894727272725, 232.066150537631, 228.35230769231, 230.085529588628
6/27/2018, 226.46, 227.03, 223.08, 223.08, 89417, 1.0310346190552, -0.201846855787904, 0.0543162516872338, 0.111948420120918, 0.781842841343462, 0.505265699772934, 1.67301626990685, -1.16775057013392, 225.45218181818, 231.055483870964, 228.313645909648, 230.146030066966
6/28/2018, 222.91, 224.84, 221.99, 224.39, 130561, 1.03727012201031, -0.0992744530220392, 0.1680490653412, 0.561216558098393, 0.784091511055609, 0.136177096522005, 1.36564843522988, -1.22947133870788, 224.131454545453, 230.324086021502, 228.305330891333, 230.228846521797
6/29/2018, 225.46, 226.65, 224.78, 224.78, 58449, 1.03396828251623, -0.0887905824801956, 0.345931959222175, 0.497542402488266, 0.80860533895173, -0.123435650714697, 1.06783161804097, -1.19126726875566, 223.319090909089, 229.657204301071, 228.3095970696, 230.310299849664
7/2/2018, 223.3, 225.36, 223.09, 225.16, 677139, 1.03102070090957, 0.00206499921240034, 0.530834865869398, 0.507615961731729, 0.8193186461194, -0.295115886860685, 0.795242117060635, -1.09035800392132, 223.041636363635, 229.02774193548, 228.305929181932, 230.389859505261
7/3/2018, 225.69, 226.99, 225.25, 225.51, 104087, 1.0185241894637, 0.164208854726655, 0.607471944721037, 0.964257783408526, 0.804711631938184, -0.398339822452442, 0.55652572915802, -0.954865551610462, 223.129272727271, 228.577075268813, 228.367848595851, 230.474327456607
7/5/2018, 226.5, 227.64, 225.32, 227.55, 212246, 1.0099012105808, 0.0861556028021051, 1.03344364224603, 0.927487911926187, 0.83096931742345, -0.311938748372427, 0.38283283365193, -0.694771582024357, 224.441272727271, 228.265397849459, 228.549247863251, 230.597633456334
7/6/2018, 227.49, 229.68, 227.49, 229.24, 97888, 1.00009976201482, 0.660352886025004, 1.21603764758221, 0.895628072378709, 0.877291961683351, -0.105875926818328, 0.285091081557879, -0.390967008376207, 226.311999999999, 228.186150537631, 228.72378754579, 230.742206368729
7/9/2018, 230.28, 231.46, 230.14, 231.46, 131363, 0.98893858970044, 0.72034278952801, 1.30862071306484, 0.948032624619743, 0.913812939389425, 0.233869884106639, 0.274846842067631, -0.040976957960992, 228.903818181817, 228.383827956985, 228.939536019539, 230.915702063686
7/10/2018, 231.89, 232.21, 230.4, 231.25, 75271, 0.979479955344695, 0.4591347451062, 1.32280706757389, 0.739177267281356, 0.916809413108327, 0.48063517888707, 0.316004509431519, 0.164630669455551, 230.594545454544, 228.495118279566, 229.108620268623, 231.09345715457
