Date,IJT_Open,IJT_High,IJT_Low,IJT_Close,IJT_Volume,IJT_ATRPercentOfClose20,IJT_SQN25,IJT_SQN50,IJT_SQN100,IJT_SQN200,IJT_MACD,IJT_MACD_Avg,IJT_MACD_Diff,IJT_LinReg10,IJT_LinReg30,IJT_LinReg90,IJT_LinReg270
1/3/2017, 151.75, 151.91, 149.47, 150.56, 1077719, 0, 0, 0, 0, 0, 0, 0, 0, 150.56, 150.56, 150.56, 150.56
1/4/2017, 151.08, 153.08, 151.01, 152.96, 376573, 0, 0, 0, 0, 0, 0.191452991452991, 0.0382905982905982, 0.153162393162393, 152.96, 152.96, 152.96, 152.96
1/5/2017, 152.81, 152.96, 150.47, 151.07, 494292, 0, 0, 0, 0, 0, 0.188500742688774, 0.0683326271702333, 0.120168115518541, 151.785, 151.785, 151.785, 151.785
1/6/2017, 151.18, 151.77, 150.15, 150.18, 306849, 0, 0, 0, 0, 0, 0.113042419666243, 0.0772745856694353, 0.0357678339968079, 150.738, 150.738, 150.738, 150.738
1/9/2017, 149.95, 150.02, 148.7, 149.01, 248650, 0, 0, 0, 0, 0, -0.040698915119691, 0.05367988551161, -0.0943788006313011, 149.58, 149.58, 149.58, 149.58
1/10/2017, 149.16, 150.55, 148.83, 150.3, 142910, 0, 0, 0, 0, 0, -0.0577817396372211, 0.0313875604818438, -0.0891693001190649, 149.677142857143, 149.677142857143, 149.677142857143, 149.677142857143
1/11/2017, 150.46, 150.92, 149.64, 150.79, 144567, 0, 0, 0, 0, 0, -0.0314189185083933, 0.0188262646837964, -0.0502451831921897, 149.978928571429, 149.978928571429, 149.978928571429, 149.978928571429
1/12/2017, 150.64, 150.64, 147.76, 149.35, 137202, 0, 0, 0, 0, 0, -0.125278031088271, -0.00999459447061715, -0.115283436617654, 149.5775, 149.5775, 149.5775, 149.5775
1/13/2017, 149.84, 151.1, 149.84, 150.56, 113680, 0, 0, 0, 0, 0, -0.100862486458965, -0.0281681728682867, -0.0726943135906782, 149.779777777778, 149.779777777778, 149.779777777778, 149.779777777778
1/17/2017, 149.98, 149.98, 148.19, 148.35, 129997, 0, 0, 0, 0, 0, -0.256880364752675, -0.0739106112451643, -0.182969753507511, 149.162909090909, 149.162909090909, 149.162909090909, 149.162909090909
1/18/2017, 148.78, 149.23, 148.1, 149.13, 132313, 0, 0, 0, 0, 0, -0.313966960398744, -0.12192188107588, -0.192045079322864, 148.803636363636, 148.978181818182, 148.978181818182, 148.978181818182
1/19/2017, 149.37, 149.72, 147.37, 147.84, 126634, 0, 0, 0, 0, 0, -0.458020937495803, -0.189141692359865, -0.268879245135938, 148.556727272728, 148.469487179487, 148.469487179487, 148.469487179487
1/20/2017, 148.29, 149.01, 148.06, 148.47, 137754, 0, 0, 0, 0, 0, -0.515407717985028, -0.254394897484897, -0.26101282050013, 148.428727272728, 148.266703296703, 148.266703296703, 148.266703296703
1/23/2017, 148.2, 148.8, 147.4, 148.21, 128071, 0, 0, 0, 0, 0, -0.575236019302935, -0.318563121848505, -0.25667289745443, 148.174727272728, 148.051142857143, 148.051142857143, 148.051142857143
1/24/2017, 148.71, 150.76, 148.52, 150.4, 161479, 0, 0, 0, 0, 0, -0.440853793619794, -0.343021256202763, -0.0978325374170317, 148.550727272728, 148.41825, 148.41825, 148.41825
1/25/2017, 151.49, 152.24, 151.24, 151.99, 196547, 0, 0, 0, 0, 0, -0.20370699237381, -0.315158403436972, 0.111451411063162, 149.658181818182, 149.078676470588, 149.078676470588, 149.078676470588
1/26/2017, 152.14, 152.3, 150.92, 151.39, 233413, 0, 0, 0, 0, 0, -0.0634500171255468, -0.264816726174687, 0.20136670904914, 150.564181818182, 149.486274509804, 149.486274509804, 149.486274509804
1/27/2017, 151.48, 151.56, 150.26, 150.85, 163669, 0, 0, 0, 0, 0, 0.00408408048636488, -0.211036564842477, 0.215120645328842, 150.962909090909, 149.711052631579, 149.711052631579, 149.711052631579
1/30/2017, 149.98, 149.98, 147.69, 149.02, 276929, 0, 0, 0, 0, 0, -0.0890340376864742, -0.186636059411276, 0.0976020217248021, 150.889636363636, 149.541684210526, 149.541684210526, 149.541684210526
1/31/2017, 148.59, 150.55, 148.54, 150.24, 179846, 0, 0, 0, 0, 0, -0.0636532580477081, -0.162039499138563, 0.0983862410908546, 150.879818181818, 149.627857142857, 149.627857142857, 149.627857142857
2/1/2017, 151.29, 151.8, 149.41, 149.97, 194641, 0, 0, 0, 0, 0, -0.0645811001193408, -0.142547819334718, 0.0779667192153775, 150.829636363636, 149.653463203463, 149.653463203463, 149.653463203463
2/2/2017, 149.8, 150.05, 148.72, 148.97, 104158, 1.30190558501712, 0, 0, 0, 0, -0.144344154732522, -0.142907086414279, -0.00143706831824308, 150.130181818182, 149.506007905138, 149.506007905138, 149.506007905138
2/3/2017, 150.49, 151.53, 149.91, 151.43, 164676, 1.30124566631447, 0, 0, 0, 0, -0.00895231256640727, -0.116116131644705, 0.107163819078297, 150.344909090909, 149.781739130435, 149.781739130435, 149.781739130435
2/6/2017, 150.96, 151.16, 149.75, 150.12, 104789, 1.30292599045764, 0, 0, 0, 0, -0.00727548679449797, -0.0943480026746634, 0.0870725158801654, 149.893636363636, 149.814533333333, 149.814533333333, 149.814533333333
2/7/2017, 150.05, 150.77, 149.06, 149.63, 108319, 1.29897405067918, 0, 0, 0, 0, -0.0449671419669642, -0.0844718305331235, 0.0395046885661594, 149.606909090909, 149.769446153846, 149.769446153846, 149.769446153846
2/8/2017, 149.21, 149.69, 148.21, 149.4, 140362, 1.28545657860086, -0.147599044999899, 0, 0, 0, -0.0923327733189865, -0.0860440190902961, -0.00628875422869035, 149.600727272727, 149.697094017094, 149.697094017094, 149.697094017094
2/9/2017, 149.65, 152.26, 149.61, 151.85, 121329, 1.29565263220824, -0.13700589638884, 0, 0, 0, 0.0670512223262278, -0.0554249708069913, 0.122476193133219, 150.462181818182, 149.977619047619, 149.977619047619, 149.977619047619
2/10/2017, 152.74, 153.34, 151.99, 152.99, 227092, 1.270394206097, 0.306385268824119, 0, 0, 0, 0.28210077763427, 0.0120801788812609, 0.270020598753009, 151.584363636364, 150.379187192118, 150.379187192118, 150.379187192118
2/13/2017, 153.93, 154.29, 153.31, 153.58, 157072, 1.24456133032452, 0.53030732811954, 0, 0, 0, 0.494437599854166, 0.108551663075842, 0.385885936778324, 152.427636363636, 150.811448275862, 150.811448275862, 150.811448275862
2/14/2017, 153.19, 153.92, 152.75, 153.66, 164688, 1.21978877167564, 0.733977515197249, 0, 0, 0, 0.661545507862826, 0.219150432033239, 0.442395075829587, 153.293818181818, 151.204967741935, 151.204967741935, 151.204967741935
2/15/2017, 153.3, 154.89, 153.3, 154.64, 151238, 1.20286540043258, 0.686472402956284, 0, 0, 0, 0.863108165044963, 0.347941978635584, 0.51516618640938, 154.258, 151.751870967742, 151.675564516129, 151.675564516129
2/16/2017, 154.71, 154.97, 153.54, 154.73, 136681, 1.18826698278776, 0.624664563849687, 0, 0, 0, 1.01837112249484, 0.482027807407435, 0.536343315087406, 154.798545454545, 152.443870967742, 152.106363636364, 152.106363636364
2/17/2017, 154.31, 154.53, 153.78, 154.53, 143265, 1.16105301711261, 0.843422936530718, 0, 0, 0, 1.11245610485594, 0.608113466897136, 0.504342637958802, 155.447818181818, 152.973075268817, 152.468752228164, 152.468752228164
2/21/2017, 154.8, 155.83, 154.8, 155.68, 115482, 1.13660487280121, 0.829546590046775, 0, 0, 0, 1.265229739414, 0.739536721400508, 0.525693018013489, 156.063272727273, 153.566537634408, 152.923294117647, 152.923294117647
2/22/2017, 155.44, 155.54, 154.86, 155.27, 104786, 1.10903145660982, 1.21170347416963, 0, 0, 0, 1.33779905720831, 0.859189188562069, 0.478609868646246, 156.135818181818, 153.994494623656, 153.287523809524, 153.287523809524
2/23/2017, 155.73, 155.75, 153.09, 154.13, 102511, 1.14766332676583, 0.862975532319681, 0, 0, 0, 1.28846961608184, 0.945045274066024, 0.343424342015817, 155.460909090909, 154.323419354839, 153.494369369369, 153.494369369369
2/24/2017, 152.75, 154.02, 152.71, 154.01, 91905, 1.13723057675927, 1.09995544671701, 0, 0, 0, 1.22556512954594, 1.00114924516201, 0.224415884383934, 154.976545454545, 154.645075268817, 153.668179231863, 153.668179231863
2/27/2017, 153.89, 155.16, 153.62, 155.16, 112847, 1.12198786459372, 1.17383815437021, 0, 0, 0, 1.25405232522809, 1.05172986117522, 0.202322464052864, 154.999636363636, 154.995870967742, 153.941255060729, 153.941255060729
2/28/2017, 154.69, 154.71, 152.8, 152.84, 321883, 1.15927280304137, 0.762859235571337, 0, 0, 0, 1.07700893352347, 1.05678567564487, 0.0202232578785995, 154.220909090909, 155.095483870968, 153.95991025641, 153.95991025641
3/1/2017, 154.67, 155.92, 154.38, 155.54, 336483, 1.18120157166003, 0.812440718069674, 0, 0, 0, 1.14141073280308, 1.07371068707652, 0.067700045726566, 154.431272727273, 155.375634408602, 154.235524390244, 154.235524390244
3/2/2017, 155.45, 155.49, 153.64, 153.76, 132874, 1.19691654418055, 0.2895880897528, 0, 0, 0, 1.03686615123806, 1.06634177990882, -0.0294756286707654, 154.120181818182, 155.435548387097, 154.319268292683, 154.319268292683
3/3/2017, 153.71, 154.27, 152.79, 153.59, 149103, 1.18650949568032, 0.357046055291782, 0, 0, 0, 0.929580611251339, 1.03898954617733, -0.109408934925988, 153.816363636363, 155.358021505376, 154.379069767442, 154.379069767442
3/6/2017, 152.67, 153.03, 152.06, 152.73, 182119, 1.18361941838187, 0.308043877886454, 0, 0, 0, 0.766327488911315, 0.984457134724125, -0.218129645812809, 153.237636363636, 155.176279569892, 154.355391120507, 154.355391120507
3/7/2017, 152.4, 152.73, 151.62, 151.85, 160833, 1.16750401107007, 0.470999115930217, 0, 0, 0, 0.559490113984936, 0.899463730576287, -0.339973616591351, 152.683090909091, 154.838064516129, 154.254818181818, 154.254818181818
3/8/2017, 152.31, 152.72, 150.82, 150.93, 104953, 1.17883263683125, 0.130857405821609, 0, 0, 0, 0.317671770507161, 0.783105338562462, -0.465433568055301, 151.937636363636, 154.505634408602, 154.081458937198, 154.081458937198
3/9/2017, 150.82, 151.5, 149.93, 150.24, 158485, 1.17728400814093, 0.063845207362498, 0, 0, 0, 0.0695500282324986, 0.640394276496469, -0.570844248263971, 150.962545454545, 154.18823655914, 153.861692876966, 153.861692876966
3/10/2017, 151.3, 151.3, 149.9, 150.88, 124075, 1.16007020091423, 0.32818890666523, 0, 0, 0, -0.0745858100537191, 0.497398259186431, -0.571984069240151, 150.396727272727, 153.923333333333, 153.70960106383, 153.70960106383
3/13/2017, 150.73, 151.85, 150.73, 151.46, 85531, 1.13481990174463, 0.0242785880806224, 0, 0, 0, -0.140394961872772, 0.369839614974591, -0.510234576847363, 150.432, 153.699311827957, 153.614243197279, 153.614243197279
3/14/2017, 150.99, 150.99, 149.68, 150.68, 86610, 1.14272518716704, 0.117688125528101, 0, 0, 0, -0.252577118290901, 0.245356268321492, -0.497933386612394, 149.935636363636, 153.250387096774, 153.462914285714, 153.462914285714
3/15/2017, 151.36, 153.34, 151.1, 152.96, 85344, 1.1563581305061, 0.567890007216667, 0, 0, 0, -0.155710407583825, 0.165142933140429, -0.320853340724254, 150.884727272727, 153.161376344086, 153.498188235294, 153.498188235294
3/16/2017, 153.45, 153.78, 152.72, 153.3, 91160, 1.13067653398632, 0.662428608079811, 0.327055412094057, 0, 0, -0.0509207008180681, 0.121930206348729, -0.172850907166798, 151.736, 153.079956989247, 153.556266968326, 153.556266968326
3/17/2017, 153.4, 154.66, 152.72, 154.37, 84356, 1.12953343931527, 0.457657086934517, 0.184720945435402, 0, 0, 0.117115915033366, 0.120967348085657, -0.00385143305229038, 152.948, 153.046150537634, 153.689796806967, 153.689796806967
3/20/2017, 154.44, 154.45, 153.33, 153.7, 100096, 1.1141689861792, 0.143182392603548, 0.326841521672793, 0, 0, 0.193986586540547, 0.135571195776635, 0.0584153907639118, 153.714, 153.056494623656, 153.764842767296, 153.764842767296
3/21/2017, 154.49, 154.49, 149.38, 149.53, 158379, 1.25884695055812, -0.563327138795119, -0.0360989673031654, 0, 0, -0.080647349874539, 0.0923274866464001, -0.172974836520939, 152.810545454545, 152.43576344086, 153.533973063973, 153.533973063973
3/22/2017, 149.13, 149.8, 147.94, 149.29, 110715, 1.26012201280131, -0.61031392382809, 0.0613529028064543, 0, 0, -0.314042629403474, 0.0110534634364253, -0.325096092839899, 151.766727272727, 151.755720430108, 153.299857142857, 153.299857142857
3/23/2017, 149.36, 151.17, 149.06, 150.17, 148483, 1.26035449508259, -0.621975708467339, 0.0178018032586612, 0, 0, -0.42312391530902, -0.0757820123126638, -0.347341902996356, 150.978363636363, 151.174193548387, 153.140714285714, 153.140714285714
3/24/2017, 150.54, 151.04, 149.4, 150.23, 92339, 1.25144154163765, -0.626078679737816, -0.0276501800351554, 0, 0, -0.498978211499264, -0.160421252149984, -0.33855695934928, 150.342545454545, 150.75864516129, 152.994754990925, 152.994754990925
3/27/2017, 148.58, 150.43, 147.58, 149.99, 509043, 1.28577811627584, -0.632759773712258, 0.0999014710928369, 0, 0, -0.571867153397591, -0.242710432399505, -0.329156720998086, 149.775272727272, 150.399096774194, 152.840859146698, 152.840859146698
3/28/2017, 149.66, 151.38, 149.2, 151.28, 138699, 1.28312511024063, -0.604180482830897, 0.107807814551278, 0, 0, -0.519550886755013, -0.298078523270607, -0.221472363484406, 149.577818181818, 150.261913978495, 152.780796610169, 152.780796610169
3/29/2017, 151.3, 151.73, 150.64, 151.53, 129510, 1.25292422849167, -0.509820881202737, 0.381232928255527, 0, 0, -0.452698530989437, -0.329002524814373, -0.123696006175064, 149.89, 150.176623655914, 152.740076502732, 152.740076502732
3/30/2017, 151.72, 153.06, 151.72, 153.04, 151306, 1.22852083067287, -0.129431270570488, 0.454966190199849, 0, 0, -0.27470653110484, -0.318143326072466, 0.0434367949676261, 150.869818181818, 150.362, 152.797942887361, 152.797942887361
3/31/2017, 152.98, 153.83, 152.44, 153.08, 206488, 1.21219092324188, -0.107046696141999, 0.608163046679472, 0, 0, -0.128932667592892, -0.280301194376551, 0.15136852678366, 152.091636363636, 150.568774193548, 152.854807987711, 152.854807987711
4/3/2017, 153.37, 153.51, 150.2, 150.45, 1317948, 1.28171536858341, -0.609315821033052, 0.242676536088119, 0, 0, -0.223053627318961, -0.268851680965033, 0.0457980536460721, 152.341272727273, 150.439161290323, 152.745188492063, 152.745188492063
4/4/2017, 150.18, 151.17, 149.84, 150.43, 451743, 1.26199809441737, -0.318027075100755, 0.268619378813416, 0, 0, -0.295848639898423, -0.274251072751711, -0.021597567146712, 151.927272727273, 150.41, 152.6399375, 152.6399375
4/5/2017, 151.54, 152.04, 148.54, 148.68, 330547, 1.33071196311572, -1.00639068854608, -0.15426490233942, 0, 0, -0.489111414541583, -0.317223141109686, -0.171888273431897, 150.811636363636, 150.165333333334, 152.434741258741, 152.434741258741
4/6/2017, 148.89, 150.31, 148.31, 150.12, 211750, 1.3186633489358, -0.521559442889916, -0.168955825493747, 0, 0, -0.520082404196017, -0.357794993726952, -0.162287410469065, 150.402727272727, 150.069892473118, 152.325323383084, 152.325323383084
4/7/2017, 149.89, 150.6, 149.27, 150.15, 130270, 1.2967689300375, -0.491772560752486, -0.102142255693134, 0, 0, -0.536027397182323, -0.393441474418026, -0.142585922764297, 150.018909090909, 149.996129032258, 152.223077260755, 152.223077260755
4/10/2017, 150.3, 151.54, 149.69, 150.39, 107668, 1.29147125542173, -0.329959080136598, -0.0185643433413678, 0, 0, -0.523266039582609, -0.419406387450943, -0.103859652131666, 149.674363636364, 150.054387096774, 152.139641943734, 152.139641943734
4/11/2017, 149.82, 151.74, 149.63, 151.74, 157683, 1.28550905494748, 0.00609760205059532, 0.326699853040683, 0, 0, -0.399612371496431, -0.415447584260041, 0.0158352127636093, 150.032363636364, 150.160043010753, 152.136799171843, 152.136799171843
4/12/2017, 151.51, 151.51, 149.58, 149.7, 130491, 1.3100199518894, -0.154503918544018, -0.0268730474334797, 0, 0, -0.460913772608421, -0.424540821929717, -0.0363729506787046, 149.710545454545, 150.193956989248, 152.019847082495, 152.019847082495
4/13/2017, 149.65, 149.99, 148, 148.03, 126742, 1.32577509598022, -0.290841925331917, -0.174921854367763, 0, 0, -0.636908730486965, -0.467014403641166, -0.169894326845799, 149.213636363636, 149.934989247312, 151.81631455399, 151.81631455399
4/17/2017, 148.33, 149.93, 148.15, 149.82, 81395, 1.30784783797259, -0.12094131329393, 0.121109901613588, 0, 0, -0.62474627605576, -0.498560778124085, -0.126185497931675, 149.616363636363, 149.928774193549, 151.719817351598, 151.719817351598
4/18/2017, 149.29, 150.17, 148.94, 149.96, 87404, 1.28230644792479, -0.181534666744056, -0.127190095676192, 0, 0, -0.596929580691665, -0.518234538637601, -0.0786950420540637, 149.719272727272, 149.907311827957, 151.635312847093, 151.635312847093
4/19/2017, 150.47, 151.77, 150.47, 150.81, 136103, 1.27133440212361, 0.0421741545017017, 0.105525592792345, 0, 0, -0.50052698938714, -0.514693028787509, 0.0141660394003689, 150.138545454545, 149.952903225807, 151.599708108108, 151.599708108108
4/20/2017, 151.51, 153.01, 151.21, 152.9, 148197, 1.26320107341431, 0.0160162813998555, 0.376199031751642, 0, 0, -0.252570235636995, -0.462268470157406, 0.209698234520411, 150.909090909091, 150.209053763441, 151.674954385965, 151.674954385965
4/21/2017, 152.75, 153.12, 152.23, 152.71, 84013, 1.23067429715667, -0.0561526731755721, 0.380947302685773, 0, 0, -0.0705805255975633, -0.383930881245438, 0.313350355647874, 151.671818181818, 150.382387096775, 151.736930963773, 151.736930963773
4/24/2017, 154.87, 155.19, 154.28, 154.7, 187283, 1.23425635632098, 0.0681285552708974, 0.331320727609061, 0, 0, 0.231554780280618, -0.260833748940226, 0.492388529220844, 152.986727272727, 150.83494623656, 151.897462537462, 151.897462537462
4/25/2017, 155.9, 156.74, 155.67, 156.03, 150006, 1.22792081911628, 0.327780761792875, 0.348162085167171, 0, 0, 0.57172854095117, -0.0943212909619471, 0.666049831913117, 154.560909090909, 151.470279569893, 152.117737747485, 152.117737747485
4/26/2017, 155.94, 157.58, 155.76, 156.87, 175371, 1.21828814391775, 1.1911181764346, 0.372148143420113, 0, 0, 0.898739566650875, 0.104290880560617, 0.794448686090257, 156.387636363636, 152.13070967742, 152.37004113924, 152.37004113924
4/27/2017, 157.22, 157.82, 156.39, 156.9, 67029, 1.2027228685759, 1.23853135406768, 0.366843051889247, 0, 0, 1.14709590226573, 0.31285188490164, 0.834244017364092, 157.536909090908, 152.907010752689, 152.612824074074, 152.612824074074
4/28/2017, 157.06, 157.18, 154.94, 155, 99137, 1.22885069145536, 0.759736482573173, 0.068497444849391, 0, 0, 1.17703780735127, 0.485689069391566, 0.691348737959703, 157.30309090909, 153.439483870969, 152.753017163505, 152.753017163505
5/1/2017, 155.62, 156.43, 154.58, 156.04, 324995, 1.21890710277366, 0.900264005198213, 0.164716627018425, 0, 0, 1.27004599159375, 0.642560453832002, 0.627485537761745, 157.406363636363, 154.164279569893, 152.936970320306, 152.936970320306
5/2/2017, 156.24, 156.42, 154.85, 155.38, 182376, 1.21340166753097, 0.834187275906424, 0.118168376437, 0, 0, 1.2757926203696, 0.769206887139522, 0.506585733230078, 156.970363636363, 154.749892473119, 153.08186746988, 153.08186746988
5/3/2017, 154.63, 154.67, 153.59, 154.47, 282437, 1.2174625075802, 0.502557374328861, -0.0912286541453157, 0, 0, 1.19316342501878, 0.853998194715374, 0.339165230303408, 156.094363636363, 154.931204301076, 153.17806162465, 153.17806162465
5/4/2017, 154.79, 154.97, 153.19, 154.23, 164027, 1.2160951946354, 0.428159355064629, -0.0742396443879493, 0, 0, 1.09568284831923, 0.902335125436145, 0.193347722883084, 155.353818181817, 155.034193548388, 153.259064295486, 153.259064295486
5/5/2017, 154.79, 154.79, 153.28, 154.49, 146799, 1.20221660803409, 0.243380096443064, 0.0686301318885459, 0, 0, 1.02756350363074, 0.927380801075065, 0.10018270255568, 154.592545454545, 155.196967741937, 153.348508420209, 153.348508420209
5/8/2017, 154.36, 154.61, 153.54, 154.06, 269043, 1.18002026214739, 0.171212559388082, 0.0367634866205484, 0, 0, 0.928181526981604, 0.927540946256373, 0.000640580725230988, 153.983636363636, 155.281311827958, 153.414775339603, 153.414775339603
5/9/2017, 154.31, 154.49, 153.42, 154.09, 180778, 1.15552096506656, 0.637783233149704, -0.07916061359283, 0, 0, 0.842133750097162, 0.91045950702453, -0.0683257569273688, 153.685999999999, 155.328752688173, 153.479586312564, 153.479586312564
5/10/2017, 153.75, 154.89, 153.4, 154.75, 168503, 1.14120526159451, 0.74976236440725, 0.234490863476351, 0, 0, 0.817770007522768, 0.891921607124178, -0.0741515996014104, 153.890181818181, 155.519483870969, 153.570853932584, 153.570853932584
5/11/2017, 154.25, 154.29, 152.5, 153.84, 95581, 1.16368589781697, 0.934660594826282, -0.15811430382509, 0, 0, 0.71676969630326, 0.856891224959994, -0.140121528656735, 153.901636363636, 155.589032258066, 153.618642246642, 153.618642246642
5/12/2017, 153.37, 153.38, 152.61, 152.97, 91448, 1.15199298289962, 0.52849970778995, -0.0601880739747552, 0, 0, 0.560068373310145, 0.797526654630025, -0.23745828131988, 153.399454545454, 155.633956989248, 153.633343101343, 153.626798853321
5/15/2017, 153.5, 154.7, 153.16, 154.08, 112728, 1.14264893733416, 0.709551138953585, 0.0839393721523099, 0, 0, 0.519461144488645, 0.741913552601749, -0.222452408113104, 153.599454545454, 155.822838709679, 153.748131868132, 153.681935483871
5/16/2017, 154.37, 154.44, 152.99, 154.03, 91663, 1.13293761508294, 0.657812897136387, 0.175420957429431, 0, 0, 0.477737974961968, 0.689078437073793, -0.211340462111824, 153.75709090909, 155.823591397851, 153.817914529914, 153.732713337909
5/17/2017, 151.76, 152.18, 149.89, 149.98, 171567, 1.24337286177266, -0.23608885111506, -0.163728057748922, 0, 0, 0.116527651544061, 0.574568279967846, -0.458040628423785, 152.407272727272, 155.286043010754, 153.688717948718, 153.611811870101
5/18/2017, 149.66, 150.9, 149.38, 150.32, 104582, 1.22909132995098, 0.117517063209486, -0.0324171819332795, 0, 0, -0.140677332917761, 0.431519157390725, -0.572196490308486, 151.371818181817, 154.677870967743, 153.54852991453, 153.509217105263
5/19/2017, 150.72, 151.75, 150.6, 150.92, 63367, 1.21037078109143, 0.485156949096924, 0.103337348154999, 0, 0, -0.292724801280542, 0.286670365656472, -0.579395166937014, 150.808909090908, 154.231247311829, 153.462275946276, 153.434759450172
5/22/2017, 150.94, 152.2, 150.94, 151.99, 77862, 1.1838653883032, 0.374823551553993, 0.147631744500715, 0, 0, -0.323158290154169, 0.164704634494344, -0.487862924648512, 150.724363636363, 153.917225806453, 153.433228327228, 153.406244477172
5/23/2017, 152.44, 152.75, 151.24, 152.43, 79778, 1.17095660532568, 0.4224894333616, 0.132740441474538, 0, 0, -0.308219761036298, 0.0701197553882152, -0.378339516424513, 150.910727272726, 153.663161290324, 153.390534798535, 153.396270871985
5/24/2017, 152.56, 153.27, 152, 152.65, 60046, 1.15240399333314, 0.320985600843728, 0.237771912835914, 0, 0, -0.275453451772592, 0.00100511395605383, -0.276458565728645, 151.395636363635, 153.513849462367, 153.38209035409, 153.395254545455
5/25/2017, 153.27, 153.51, 152.38, 152.76, 55814, 1.13098157962286, -0.00498096507683726, 0.00947598422994803, 0, 0, -0.237867842500179, -0.0467694773351928, -0.191098365164987, 151.85109090909, 153.236623655915, 153.327811965812, 153.398465346535
5/26/2017, 152.57, 152.9, 151.88, 152.77, 86766, 1.10774568827668, 0.0294767072398965, -0.0257648718372039, 0.212131594477454, 0, -0.204911962386461, -0.0783979743454465, -0.126513988041015, 152.194909090908, 152.829591397851, 153.288073260073, 153.401817122889
5/30/2017, 152.34, 152.56, 151.45, 151.84, 96195, 1.10227076763783, -0.500138172579337, -0.239771823810525, -0.0437717565992793, 0, -0.250944683523727, -0.112907316181103, -0.138037367342624, 152.450363636363, 152.393311827958, 153.176349206349, 153.368979630687
5/31/2017, 152.34, 152.34, 150.21, 151.88, 75278, 1.11700259211365, -0.758093308540148, -0.164760767492402, 0.10574174007883, 0, -0.280959554118198, -0.146517763768522, -0.134441790349676, 152.831818181817, 151.958408602152, 153.077443223443, 153.338644510829
6/1/2017, 152.4, 154.42, 151.79, 154.42, 215477, 1.12885530375411, -0.390255442509758, 0.594365180111333, 0.368436178664402, 0, -0.0986525774715119, -0.13694472650912, 0.0382921490376078, 153.397999999999, 151.89006451613, 153.081289377289, 153.405489010989
6/2/2017, 154.66, 157.03, 154.66, 155.78, 119377, 1.14682208374262, -0.161422281983223, 0.770426428250084, 0.562355598176649, 0, 0.153794798277005, -0.0787968215518948, 0.2325916198289, 154.259818181817, 152.110322580647, 153.188700854701, 153.521081761006
6/5/2017, 155.8, 156.29, 154.7, 154.7, 81513, 1.1484767097295, -0.0313866850543929, 0.54427457651859, 0.380496605002417, 0, 0.26367471035033, -0.0103025151714499, 0.27397722552178, 154.570727272726, 152.16230107527, 153.280295482295, 153.592588608711
6/6/2017, 154.01, 155.64, 153.59, 154.78, 81484, 1.15671197600075, -0.196403036959242, 0.546316095719795, 0.348608655598151, 0, 0.353139886927977, 0.0623859652484355, 0.290753921679541, 154.91709090909, 152.344258064518, 153.360068376068, 153.664600207684
6/7/2017, 155.03, 155.48, 154.59, 155.19, 52396, 1.12464775863861, -0.0137190662749928, 0.620042818715767, 0.494582436880662, 0, 0.451915852771663, 0.140291942753081, 0.311623910018582, 155.340909090908, 152.666387096776, 153.443279609279, 153.74914712878
6/8/2017, 155.08, 157.77, 154.85, 157.3, 59558, 1.14690007234564, 0.481862116757537, 0.69593975940876, 0.554935958945502, 0, 0.692473480110522, 0.250728250224569, 0.441745229885953, 156.38709090909, 153.31765591398, 153.574876678876, 153.907249374479
6/9/2017, 157.72, 159.52, 156.99, 157.9, 84235, 1.16552889367303, 0.617878581937342, 0.73197759829553, 0.783087121068077, 0, 0.92091636785338, 0.384765873750331, 0.536150494103049, 157.408909090908, 154.044279569894, 153.753746031746, 154.081759213759
6/12/2017, 157.94, 158.15, 156.78, 157.31, 72326, 1.15494985503415, 0.476892162997912, 0.503126176116664, 0.676434309113996, 0, 1.04233553781884, 0.516279806564034, 0.52605573125481, 157.948545454544, 154.562924731184, 153.895213675213, 154.229702380952
6/13/2017, 157.83, 158.35, 157.62, 158.16, 53884, 1.12418376081595, 0.682249053361121, 0.589696376637055, 0.847110929730556, 0, 1.19339231727531, 0.651702308706289, 0.541690008569022, 158.34818181818, 155.243849462367, 154.046236874237, 154.402872945638
6/14/2017, 158.02, 158.02, 156.4, 157.23, 57205, 1.13026050009616, 0.521546071410874, 0.817921644633946, 0.724614885154601, 0, 1.22395369927366, 0.766152586819764, 0.4578011124539, 158.089818181817, 155.749096774195, 154.204542124542, 154.53809035864
6/15/2017, 155.64, 156.51, 155.4, 156.37, 80336, 1.13816790630308, 0.27721856923336, 0.717838185888302, 0.678855874755492, 0, 1.16534562306984, 0.845991194069779, 0.31935442900006, 157.750545454544, 156.072623655916, 154.291894993895, 154.639254004577
6/16/2017, 156.02, 156.02, 155.29, 155.89, 36394, 1.11922862103523, 0.34951476906333, 0.890434423494633, 0.47336014355008, 0, 1.06785672435666, 0.890364300127155, 0.177492424229504, 157.411090909089, 156.306989247313, 154.342798534798, 154.720724137931
6/19/2017, 156.36, 157.08, 156.2, 156.72, 55198, 1.09560185200691, 0.626622580523637, 0.818825621944505, 0.412566474113156, 0, 1.04551805186787, 0.921395050475299, 0.124123001392574, 157.136363636362, 156.653290322582, 154.420285714285, 154.82784703802
6/20/2017, 156.49, 156.55, 155, 155.04, 65229, 1.10756957000901, 0.172105898207665, 0.604677819875987, 0.328076518131102, 0, 0.882084413287032, 0.913532923037646, -0.0314485097506136, 156.187090909089, 156.743376344088, 154.473418803419, 154.874922497465
6/21/2017, 155.41, 156.01, 154.51, 154.72, 47537, 1.10284195209079, 0.129489876530511, 0.538228733229162, 0.34637361389833, 0, 0.718458805700465, 0.87451809957021, -0.156059293869745, 155.195090909089, 156.78853763441, 154.53556043956, 154.909735080473
6/22/2017, 154.66, 155.55, 154.29, 155.21, 44402, 1.08498242050198, 1.12380107951606, 0.43838111752333, 0.536149542603108, 0, 0.621162858950868, 0.823847051446341, -0.202684192495473, 154.819999999998, 156.935806451615, 154.630964590964, 154.959630252101
6/23/2017, 155.43, 156.6, 154.99, 156.43, 49567, 1.07415531171647, 1.27823132052788, 0.846350260726823, 0.532374757522218, 0, 0.63517699914479, 0.786113040986031, -0.150936041841241, 155.100363636362, 157.174236559141, 154.780280830281, 155.048079889807
6/26/2017, 156.92, 157.32, 155.82, 156.52, 54604, 1.06777798135201, 1.17303369438297, 1.09332447577519, 0.561439301373445, 0, 0.646097741471692, 0.758109981083163, -0.112012239611471, 155.373999999998, 157.349376344088, 154.953279609279, 155.136767375694
6/27/2017, 156.18, 156.47, 154.64, 154.66, 64793, 1.0873669931408, 0.536082034700356, 0.630414655559196, 0.494289147662922, 0, 0.498914873021562, 0.706270959470843, -0.207356086449281, 155.21818181818, 157.339612903228, 155.045597069597, 155.162526989204
6/28/2017, 155.6, 157.15, 155.22, 157.06, 99089, 1.09648268305869, 0.838242289322507, 0.873922084443364, 0.483363581848588, 0, 0.569368011722787, 0.678890369921232, -0.109522358198445, 155.896363636362, 157.627290322583, 155.23842979243, 155.264497770784
6/29/2017, 157.55, 157.55, 154.25, 155.83, 101920, 1.15576520369081, 0.567735728096423, 0.62168132243869, 0.493795504465604, 0, 0.519958157295292, 0.647103927396044, -0.127145770100752, 155.986909090907, 157.469354838712, 155.401199023199, 155.324249032258
6/30/2017, 156.1, 156.57, 154.84, 155.95, 83443, 1.15259857073794, 0.569054546752047, 0.396006303477994, 0.543216365906041, 0, 0.484893933372945, 0.614661928591424, -0.129767995218479, 156.052363636362, 157.311569892475, 155.559992673992, 155.385969523809
7/3/2017, 156.58, 157.39, 156.46, 157.07, 58309, 1.13300031674573, 0.748620613278842, 0.549476541012877, 0.647037362987853, 0, 0.541240835617572, 0.599977709996654, -0.058736874379082, 156.667454545453, 157.299569892475, 155.741912087912, 155.480959880015
7/5/2017, 156.9, 156.9, 155.49, 156.28, 51715, 1.1323415777047, 0.780252647022495, 0.21932484197463, 0.394454410486534, 0, 0.516199339249454, 0.583222035847214, -0.0670226965977601, 156.654545454544, 157.218989247314, 155.884478632478, 155.54859867126
7/6/2017, 155.33, 155.55, 153.83, 154.19, 87730, 1.16975306229655, 0.393250525699745, -0.194081777881564, 0.13632791846723, 0, 0.32397367298671, 0.531372363275113, -0.207398690288403, 155.787999999998, 156.874881720432, 155.95957997558, 155.549683866279
7/7/2017, 154.57, 156.16, 154.25, 155.97, 143341, 1.16173631750805, 0.277484070652468, -0.0778768403034194, 0.227986082221576, 0, 0.311671812832287, 0.487432253186548, -0.175760440354261, 155.663272727271, 156.759935483873, 156.061643467643, 155.60513059034
7/10/2017, 155.67, 156.17, 154.65, 155.1, 51831, 1.15884083023626, -0.0956251802685573, -0.182544923005584, 0.153984794035906, 0, 0.229080078377052, 0.435761818224649, -0.206681739847597, 155.440545454544, 156.520516129034, 156.183384615384, 155.632470933646
7/11/2017, 155.03, 155.63, 154.02, 155.49, 83309, 1.14990933263336, 0.154320064701493, 0.0857329791886965, 0.107716223358054, 0, 0.19287196644342, 0.387183847868403, -0.194311881424983, 155.443090909089, 156.316150537636, 156.28294017094, 155.670697432339
7/12/2017, 156.35, 157.54, 156.06, 156.57, 82321, 1.15034445950439, 0.320493555093987, 0.0900847844394108, 0.183931824121463, 0, 0.248459662604347, 0.359439010815592, -0.110979348211245, 155.502909090907, 156.169268817206, 156.424659340659, 155.74011619959
7/13/2017, 156.65, 156.81, 155.67, 156.73, 67999, 1.12807988530194, 0.278280460565368, 0.188535781510789, 0.211804109007065, 0, 0.301943360022676, 0.347939880657009, -0.0459965206343326, 155.993818181816, 156.01483870968, 156.552078144078, 155.8123218494
7/14/2017, 156.32, 157.64, 156.32, 157.26, 133813, 1.11003282717922, 0.0108009027538063, 0.363013781845542, 0.163445981668176, 0, 0.382684794068126, 0.354888863339232, 0.0277959307288939, 156.439818181816, 156.065698924733, 156.680178266178, 155.898142620232
7/17/2017, 157.06, 157.85, 156.66, 157.57, 53132, 1.0902175178149, -0.0408391105924973, 0.429343478610779, 0.219107675667039, 0, 0.466312016820922, 0.37717349403557, 0.0891385227853516, 156.938909090907, 156.228236559142, 156.797421245421, 155.990680827887
7/18/2017, 157.08, 157.2, 156.38, 157.01, 62522, 1.07729632232335, -0.0357379148347344, 0.330072462468735, 0.265682414062188, 0, 0.481845458956883, 0.398107887019833, 0.0837375719370502, 157.38018181818, 156.236172043013, 156.869987789988, 156.064406397596
7/19/2017, 157.51, 158.9, 157.51, 158.85, 66065, 1.07106692344721, 0.135845587724092, 0.590078468176871, 0.413162250674893, 0, 0.635305045143696, 0.445547318644605, 0.18975772649909, 158.302363636362, 156.468000000002, 157.032246642246, 156.189241510632
7/20/2017, 158.99, 159.13, 158.38, 158.78, 249798, 1.04157974398608, 0.286354638649225, 0.578308615942575, 0.319437887290553, 0, 0.742712925544822, 0.504980440024649, 0.237732485520173, 158.64218181818, 156.692021505379, 157.198495726495, 156.30876759462
7/21/2017, 158.71, 159.1, 158.05, 158.3, 47391, 1.02566601492486, 0.35627866087233, 0.444155182021217, 0.47076504416358, 0, 0.780109835539463, 0.560006319127612, 0.220103516411851, 158.921818181816, 156.972645161293, 157.321067155067, 156.41147995889
7/24/2017, 158.22, 158.6, 157.67, 158.45, 110435, 1.00280709153976, 0.469368834918846, 0.573631243673647, 0.272300913248551, 0, 0.81248508028699, 0.610502071359487, 0.201983008927503, 158.95218181818, 157.305849462368, 157.495279609279, 156.515720364742
7/25/2017, 159.42, 160.1, 158.97, 159.96, 88646, 0.995249090220998, 0.57365208522986, 0.849498170808283, 0.53735310326642, 0, 0.949047051752586, 0.678211067438107, 0.270835984314479, 159.399454545453, 157.787763440863, 157.73903052503, 156.659612426331
7/26/2017, 160.2, 160.2, 159.04, 159.2, 82429, 0.98643242618193, 0.765350161994454, 0.629783077587028, 0.490539729393326, 0, 0.984597917695652, 0.739488437489616, 0.245109480206036, 159.556363636362, 158.212817204303, 157.968459096459, 156.778634886241
7/27/2017, 159.81, 159.97, 157.62, 158.24, 82411, 1.01705030419461, 0.643233097913935, 0.520817862740508, 0.484925015907654, 0, 0.924649474571908, 0.776520644906075, 0.148128829665833, 159.27018181818, 158.447354838712, 158.137496947496, 156.868024475524
7/28/2017, 157.91, 158.3, 157.33, 157.96, 52381, 0.998614447511821, 0.505841786428917, 1.11472799334109, 0.536449786475897, 0, 0.844807822841659, 0.790178080493191, 0.0546297423484676, 158.910909090907, 158.582516129035, 158.198302808302, 156.947390804598
7/31/2017, 158.39, 158.39, 157.21, 157.95, 76311, 0.986097380326172, 0.29181367486266, 1.0657829906418, 0.613960103240692, 0, 0.771828661824088, 0.786508196759371, -0.0146795349352827, 158.571999999998, 158.674150537637, 158.247162393162, 157.02441284837
8/1/2017, 158.59, 158.59, 157.5, 158.3, 86239, 0.969149571455419, 0.337900767257391, 1.03013915671426, 0.700963609733775, 0, 0.733775716162683, 0.775961700640033, -0.0421859844773507, 158.221272727271, 158.852236559142, 158.324532356532, 157.108923679061
8/2/2017, 158.53, 158.53, 155.5, 156.06, 78635, 1.03098525120674, 0.267259265720434, 0.560328975550081, 0.460764784235161, 0, 0.516910579634128, 0.724151476438852, -0.207240896804724, 157.394363636362, 158.623913978497, 158.299365079365, 157.130933075933
8/3/2017, 156.71, 156.71, 155.37, 155.85, 89164, 1.02374578369045, -0.219917698985385, 0.474607712518351, 0.396417954956047, 0, 0.324359141275437, 0.644193009406169, -0.319833868130732, 156.633090909089, 158.341032258067, 158.255413919413, 157.146637946672
8/4/2017, 156.09, 156.31, 155.35, 156.05, 76679, 1.00207139614706, 0.060252853220598, 0.471391446945229, 0.477689602532732, 0, 0.185757767732042, 0.552505961071344, -0.366748193339302, 156.004727272725, 158.108903225809, 158.244578754578, 157.167124832215
8/7/2017, 156.39, 156.74, 155.6, 156.32, 52444, 0.98678722684437, 0.0903185756597703, 0.491709822483762, 0.315684089289686, 0, 0.0965885119047982, 0.461322471238035, -0.364733959333236, 155.622363636362, 157.986946236562, 158.247606837606, 157.194100662252
8/8/2017, 156.57, 157.75, 155.45, 155.74, 75227, 1.01478008434119, -0.256612690511629, 0.413718919349108, 0.240054273007033, 0, -0.0206419707165821, 0.364929582847111, -0.385571553563693, 155.457818181816, 157.798107526884, 158.255328449328, 157.205080167306
8/9/2017, 155.07, 155.15, 153.8, 154.46, 87260, 1.03482945628986, -0.351629132242254, 0.368262164476134, 0.0469781657794685, 0, -0.214362240910333, 0.249071218095622, -0.463433459005955, 154.929272727271, 157.327892473121, 158.206009768009, 157.182293601651
8/10/2017, 153.68, 153.77, 151.73, 151.73, 118611, 1.0907386141673, -0.458380350326213, 0.00779639742208074, -0.119264443504324, 0, -0.581472284613056, 0.0829625175538867, -0.664434802166943, 153.52418181818, 156.672580645164, 157.977902319902, 157.089188523894
8/11/2017, 151.73, 152.12, 151.18, 151.79, 119847, 1.06675592220321, -0.846165963685401, -0.317202281807199, 0.235446199327222, 0, -0.85768132415663, -0.105166250788217, -0.752515073368413, 152.438909090907, 155.977268817207, 157.751035409035, 156.999572685379
8/14/2017, 153.34, 154.36, 152.97, 154.34, 101547, 1.07993221044229, -0.119931306519418, -0.151753705657549, 0.466785488176279, 0, -0.860891468253072, -0.256311294281188, -0.604580173971885, 152.569090909089, 155.639569892476, 157.595748473748, 156.976990074442
8/15/2017, 154.64, 154.64, 152.82, 152.82, 80229, 1.09568708605994, -0.452626924856424, -0.20579737477966, 0.262818505284708, 0, -0.974849370684751, -0.400018909561901, -0.574830461122851, 152.441090909089, 155.194064516132, 157.401873015873, 156.916163645272
8/16/2017, 153.03, 154, 152.85, 153.15, 74974, 1.0771841689004, -0.59412351804596, -0.174456358426922, 0.285227569310775, 0, -1.02669844671311, -0.525354816992143, -0.501343629720969, 152.277999999998, 154.765182795702, 157.221111111111, 156.864869789567
8/17/2017, 152.64, 153.28, 150.12, 150.12, 100962, 1.1492287349703, -1.04352030297247, -0.564014171413745, 0.0511928521358835, 0, -1.29733007668739, -0.679749868931192, -0.617580207756196, 151.184909090907, 153.832709677422, 156.911037851038, 156.738581323143
8/18/2017, 149.93, 150.55, 149, 150.05, 64539, 1.14392607003702, -1.14732377711527, -0.842899286952914, -0.0614692933990977, 0, -1.50016306226053, -0.843832507597059, -0.656330554663467, 150.42018181818, 153.036279569895, 156.628102564102, 156.613175314465
8/21/2017, 150, 150.19, 149.2, 150, 173885, 1.12009200979068, -1.20939140833405, -0.922929355849366, -0.0862272392178744, 0, -1.6459705231824, -1.00426011071413, -0.641710412468272, 150.019454545453, 152.213698924734, 156.298886446886, 156.489127329193
8/22/2017, 150.78, 151.65, 150.29, 151.47, 85458, 1.1082267867906, -0.842563023737785, -0.66043298236364, -0.0883060709093563, 0, -1.62418468176011, -1.12824502492332, -0.495939656836789, 150.355272727271, 151.636537634411, 155.996595848596, 156.403818725558
8/23/2017, 150.79, 151.45, 150.45, 150.99, 64258, 1.08993943854171, -1.26765770901241, -0.820884672164002, -0.130965845941195, 0, -1.62689737373111, -1.22797549468488, -0.39892187904623, 150.50218181818, 151.096408602153, 155.710581196581, 156.308480648337
8/24/2017, 151.67, 151.97, 150.93, 151.19, 59747, 1.06846655224646, -1.2194969908008, -0.691518740558604, 0.101853837544327, 0, -1.59452814523286, -1.30128602479448, -0.29324212043838, 150.361454545453, 150.628322580648, 155.435562881563, 156.219925931468
8/25/2017, 151.73, 151.78, 150.99, 151.46, 71103, 1.03931325189777, -1.09362997123316, -0.559922501716348, 0.12628497201358, 0, -1.52945791612186, -1.34692040305995, -0.182537513061904, 150.355454545453, 150.265569892476, 155.190334554334, 156.13966518847
8/28/2017, 151.95, 151.95, 151.16, 151.83, 92320, 1.0109574252507, -1.05250029172693, -0.45823656231177, 0.309070719892858, 0, -1.43153157803067, -1.3638426380541, -0.0676889399765752, 151.005272727271, 150.007849462369, 155.007247863248, 156.069879518072
8/29/2017, 150.61, 152.03, 150.5, 151.72, 55496, 1.0115276995915, -1.3672945500858, -0.572902691746859, 0.176242804120304, 0, -1.34726984216974, -1.36052807887722, 0.0132582367074874, 151.449999999998, 149.735870967745, 154.815914529914, 155.998827645913
8/30/2017, 151.64, 152.89, 151.64, 152.67, 53872, 0.995909697078154, -1.05749426815189, -0.261307078300507, 0.254145839632391, 0, -1.19011583439067, -1.32644562997991, 0.136329795589246, 152.348909090907, 149.741225806455, 154.711054945055, 155.951708725406
8/31/2017, 153.41, 154.34, 153.06, 154.18, 75804, 0.991005686731585, -0.626601431435946, -0.0370792520412764, 0.358732788022644, 0, -0.932971060952468, -1.24775071617442, 0.314779655221956, 153.189636363634, 149.973376344089, 154.703242979243, 155.941103832065
9/1/2017, 154.27, 155.18, 154.12, 155.15, 69431, 0.969729899718092, -0.419461351825456, 0.0202869097824431, 0.325305071133305, 0, -0.643493291894629, -1.12689923131847, 0.483405939423836, 154.129999999998, 150.326279569896, 154.757853479853, 155.953381134702
9/5/2017, 155.06, 155.36, 152.99, 153.54, 100910, 1.00808202581867, -0.654982801699667, -0.311412657986234, 0.367112277075088, 0, -0.537794261528575, -1.00907823736049, 0.471283975831912, 154.225999999998, 150.505225806455, 154.744014652014, 155.927766769866
9/6/2017, 154.39, 154.39, 153.46, 153.77, 95061, 0.986485455758528, -0.672948908441112, -0.294515495742173, 0.537142601041216, 0, -0.430505343019206, -0.893363658492231, 0.462858315473025, 154.502363636361, 150.845698924734, 154.700468864469, 155.907917176662
9/7/2017, 153.99, 153.99, 152.72, 153.15, 45273, 0.982417728406069, -0.452912847365633, -0.154961797142159, 0.329110110927366, 0, -0.390999719195406, -0.792890870632866, 0.40189115143746, 154.343090909089, 151.096774193552, 154.653833943834, 155.874087915042
9/8/2017, 152.92, 154.02, 152.68, 153.6, 48073, 0.974182365560677, -0.343920580191987, -0.405343905445427, 0.355449446528941, 0, -0.319694746465132, -0.698251645799319, 0.378556899334188, 154.261454545452, 151.379978494627, 154.61431990232, 155.851168028702
9/11/2017, 154.62, 155.43, 154.61, 155.23, 68568, 0.974700063020126, -0.106516856393417, -0.0477001294800157, 0.418077628298644, 0, -0.130157292087091, -0.584632775056874, 0.454475482969782, 154.665454545452, 151.881268817208, 154.627137973138, 155.8657727422
9/12/2017, 155.53, 156.29, 155.53, 156.29, 60317, 0.953596239321028, 0.0164450288677706, 0.0677443284414842, 0.329677582083108, 0, 0.104382392022018, -0.446829741641095, 0.551212133663113, 155.303999999998, 152.534000000003, 154.6804004884, 155.904027272727
9/13/2017, 156.28, 157, 156.13, 156.74, 54346, 0.93106851110954, 0.173998161742437, -0.0140680875672581, 0.384410505200857, 0, 0.322846447753989, -0.292894503762078, 0.615740951516067, 155.832727272725, 153.277870967745, 154.757601953602, 155.951585130971
9/14/2017, 156.73, 156.89, 156.22, 156.63, 181641, 0.906524257867227, 0.361375270016562, 0.069077760506177, 0.204595336226961, 0, 0.481553654407207, -0.138004872128221, 0.619558526535429, 156.239636363634, 153.868516129036, 154.818791208791, 155.995662413508
9/15/2017, 156.31, 157.29, 156.31, 157.22, 70017, 0.88913274255347, 0.991994869510416, 0.412027299847101, 0.140097703664468, 0, 0.647474643615197, 0.0190910310204624, 0.628383612594735, 156.936363636361, 154.516344086025, 154.904554334554, 156.051944636244
9/18/2017, 157.35, 159.14, 157.35, 158.69, 59075, 0.897346885720862, 1.21104125913616, 0.371673705929807, 0.192942057577977, 0, 0.887356049477688, 0.192744034711908, 0.694612014765781, 158.169090909089, 155.355182795702, 155.066947496947, 156.139627560521
9/19/2017, 158.94, 158.94, 157.95, 158.23, 51706, 0.886241410796255, 0.74391604277137, 0.427528549447114, 0.151074192260853, 0, 1.02848984552975, 0.359893196875476, 0.668596648654272, 158.727818181816, 156.136623655917, 155.186124542124, 156.215397176182
9/20/2017, 158.3, 158.82, 158.08, 158.61, 40690, 0.863239893504677, 1.16357944761314, 0.42529258103285, 0.351654717649212, 0, 1.15765746527958, 0.519446050556297, 0.638211414723287, 159.207999999998, 156.915290322584, 155.299362637362, 156.29795701536
9/21/2017, 158.69, 159.04, 158.16, 158.61, 39708, 0.847818898766395, 1.09613832646605, 0.287871500928921, 0.260887834935104, 0, 1.24566448969577, 0.664689738384192, 0.580974751311578, 159.300181818179, 157.590107526885, 155.433135531135, 156.378856061971
9/22/2017, 158.56, 159.75, 158.56, 159.49, 67465, 0.838290348966525, 2.49644510498177, 0.377810966784481, 0.394881757930188, 0, 1.37061968558086, 0.805875727823526, 0.564743957757337, 159.488545454543, 158.167806451616, 155.600945054945, 156.477211926823
9/25/2017, 159.47, 159.92, 158.65, 159.54, 42687, 0.835928177064293, 2.53681681736276, 0.316373295564496, 0.48129467681944, 0, 1.45688806200846, 0.936078194660513, 0.520809867347947, 159.698909090906, 158.70578494624, 155.67694017094, 156.574702115158
9/26/2017, 159.63, 160.24, 159.48, 159.72, 53206, 0.817028439145978, 2.61048647778866, 0.29942490778686, 0.518387599819575, 0, 1.52223350722088, 1.05330925717259, 0.46892425004829, 159.948363636361, 159.386602150541, 155.761355311355, 156.674134263295
9/27/2017, 161.23, 163.66, 160.42, 163.17, 174864, 0.880498824449199, 2.51163893127256, 0.746476866164698, 0.761282332044819, 0, 1.83129636592321, 1.20890667892271, 0.622389687000498, 161.292545454543, 160.369118279573, 156.003023199023, 156.845218791329
9/28/2017, 163.25, 163.91, 162.58, 163.71, 75368, 0.874335370631647, 2.79149848302651, 0.601400339636177, 0.842202631937175, 0, 2.0956470801097, 1.38625475916011, 0.709392320949592, 162.450545454543, 161.37537634409, 156.283098901099, 157.024491409716
9/29/2017, 164.11, 164.66, 163.84, 164.49, 60933, 0.85555700255214, 2.91273120202371, 0.698761366780003, 0.901374031968539, 0, 2.34109966723463, 1.57722374077501, 0.763875926459618, 163.609818181815, 162.210473118283, 156.598461538461, 157.216820330969
10/2/2017, 164.9, 166.79, 164.5, 166.79, 903502, 0.870520071840706, 3.14503036046895, 0.994696482469138, 1.01521431887317, 0, 2.69020241022727, 1.79981947466546, 0.890382935561807, 165.461090909088, 163.24002150538, 157.010415140415, 157.453808966861
10/3/2017, 167.28, 167.3, 165.84, 167.14, 427135, 0.868938259203039, 3.13205359923331, 1.01582750363929, 1.12332934332149, 0, 2.96097860590265, 2.0320513009129, 0.928927304989751, 166.899454545452, 164.202645161294, 157.429753357753, 157.69367263709
10/4/2017, 167.38, 167.38, 166.04, 166.39, 329715, 0.869479076933927, 2.93697895959186, 0.762121350221398, 1.13995972277551, 0, 3.07955279219078, 2.24155159916848, 0.838001193022303, 167.668727272724, 165.057526881724, 157.805995115995, 157.913483311518
10/5/2017, 167.17, 167.17, 166.26, 166.5, 171145, 0.85278674132423, 2.75781151914146, 0.867839831372625, 1.05732913489556, 0, 3.14613310575334, 2.42246790048545, 0.723665205267886, 168.051636363634, 165.798107526885, 158.1564004884, 158.131481541451
10/6/2017, 166.24, 166.87, 166.03, 166.54, 170494, 0.83517198756431, 2.49588230949848, 0.993980311373594, 1.06483944967687, 0, 3.16563468355017, 2.57110125709839, 0.594533426451773, 168.193999999997, 166.457032258068, 158.498703296703, 158.346266225095
10/9/2017, 166.74, 167.09, 165.48, 165.83, 78870, 0.845354071449751, 2.11400572447913, 0.943410689295418, 1.44649871240085, 0, 3.08819991192604, 2.67452098806392, 0.413678923862117, 167.716545454543, 166.944838709681, 158.855675213675, 158.542563045202
10/10/2017, 166.58, 166.63, 165.72, 166.08, 65683, 0.829273918503652, 2.73648816121794, 0.973179094193179, 1.43602377384202, 0, 3.0122815021131, 2.74207309087376, 0.27020841123934, 167.018363636361, 167.396322580649, 159.245438339438, 158.740334379906
10/11/2017, 166.14, 166.31, 165.53, 165.83, 120239, 0.812515960717796, 2.60357648026349, 0.902266071210593, 1.35921910420985, 0, 2.89853025223559, 2.77336452314612, 0.125165729089464, 166.576909090906, 167.716817204305, 159.592727716727, 158.929417279602
10/12/2017, 165.75, 166.02, 165.06, 165.75, 127666, 0.801221995037952, 2.78811999720259, 1.21011363308293, 1.25734785306375, 0, 2.76999545244854, 2.77269070900661, -0.00269525655806691, 166.070727272725, 167.999462365595, 159.930144078143, 159.113431779726
10/13/2017, 166.49, 166.49, 165.26, 165.32, 59400, 0.800341267805853, 2.54467916775739, 1.18375349774268, 1.17907157468263, 0, 2.6034226554365, 2.73883709829259, -0.135414442856083, 165.460727272725, 168.243827956993, 160.249838827838, 159.28547231105
10/16/2017, 166.18, 166.24, 164.99, 165.21, 89057, 0.79866108270674, 2.22444256647234, 1.14475895966056, 1.14916732657835, 0, 2.43447333976678, 2.67796434658743, -0.243491006820644, 165.227454545452, 168.467032258068, 160.604192918192, 159.452189447236
10/17/2017, 165.27, 165.74, 164.45, 164.8, 78396, 0.799753990292971, 1.89121963433557, 1.05958562035857, 1.10290525263316, 0, 2.24165580367495, 2.59070263800493, -0.349046834329985, 165.008727272725, 168.465978494627, 160.948163614163, 159.607744776119
10/18/2017, 165.19, 166.12, 165.08, 165.75, 83351, 0.795230677045354, 1.97815192836218, 1.24563015502672, 1.18026519690945, 0.646552111500269, 2.14082547421637, 2.50072720524722, -0.359901731030848, 165.095818181816, 168.528150537638, 161.315494505494, 159.779248312891
10/19/2017, 164.89, 165.54, 164.17, 165.54, 87350, 0.804150117701185, 1.95392825663002, 1.40466284010803, 1.25331846243597, 0.543068308637735, 2.02067834459254, 2.40471743311628, -0.384039088523743, 165.16727272727, 168.445053763445, 161.686351648351, 159.943544359362
10/20/2017, 166.5, 166.79, 166.15, 166.36, 76562, 0.797746212791786, 1.98940174384374, 2.00413773846143, 1.31733172553281, 0.657245575728067, 1.96893141004855, 2.31756022850274, -0.348628818454182, 165.582363636361, 168.416064516133, 162.066979242978, 160.120935960591
10/23/2017, 166.86, 166.86, 165.34, 165.51, 112670, 0.807669669277019, 1.48797592042975, 1.86610423209916, 1.03261527930715, 0.66251417728983, 1.83814470737113, 2.22167712427642, -0.383532416905287, 165.571636363634, 168.305569892477, 162.384652014651, 160.278628407461
10/24/2017, 165.89, 166.67, 165.87, 166.01, 94675, 0.799912876416707, 1.71716562558595, 1.66123413988284, 0.95538799271989, 0.733762775177143, 1.75461501487601, 2.12826470239633, -0.373649687520325, 165.801090909088, 168.262860215058, 162.706818070817, 160.443199147525
10/25/2017, 166.18, 166.18, 163.76, 164.95, 80459, 0.838156167221829, 1.35079988288139, 1.76909542758744, 0.964125364706572, 0.637522202747285, 1.58461750634137, 2.01953526318534, -0.434917756843968, 165.618181818179, 168.052946236563, 162.993680097679, 160.584425214577
10/26/2017, 165.5, 166, 165.22, 165.52, 138972, 0.825224545638465, 1.46809173199137, 1.79720680769326, 1.00588136041337, 0.638750239202598, 1.47884034146279, 1.91139627884083, -0.432555937378046, 165.664181818179, 167.855053763445, 163.262095238094, 160.734079803047
10/27/2017, 165.74, 166.84, 164.89, 166.84, 67680, 0.836200002723417, 1.52940966457724, 2.76095148753736, 1.07746498970275, 0.752960953684523, 1.48441275825064, 1.82599957472279, -0.341586816472152, 166.092727272725, 167.806623655918, 163.57342124542, 160.906299687155
10/30/2017, 166.63, 166.63, 163.63, 164.6, 95233, 0.902709769329624, 0.954725871971006, 2.25530987141059, 0.686303167414708, 0.610697770325469, 1.29317276846047, 1.71943421347033, -0.426261445009863, 165.642545454543, 167.509913978499, 163.788842490842, 161.032952836637
10/31/2017, 164.92, 167, 164.92, 166.43, 64528, 0.920247110677602, 1.20521210401753, 2.47594248085241, 0.783014202631433, 0.779906274224759, 1.27458676200422, 1.63046472317711, -0.355877961172887, 165.775818181816, 167.376602150542, 164.104488400488, 161.191981042654
11/1/2017, 167.69, 167.8, 164.12, 165.43, 77586, 0.990744667222207, 0.491060538041635, 2.10213423517618, 0.748871819614357, 0.706698908216289, 1.16572779099712, 1.53751733674111, -0.371789545743986, 165.664727272725, 167.088838709681, 164.371096459096, 161.329426808549
11/2/2017, 164.98, 165.45, 163.8, 164.97, 76552, 0.993840975835856, 0.279723800107958, 2.11346668760066, 0.633723499810647, 0.746760714434388, 1.03045961951298, 1.43610579329548, -0.405646173782503, 165.370181818179, 166.698709677423, 164.569736263735, 161.455861015147
11/3/2017, 164.65, 164.65, 163.61, 164.01, 70181, 0.991136202027065, -0.085735932844883, 1.9148090703136, 0.634636681888014, 0.680918195024072, 0.83615595673183, 1.31611582598275, -0.479959869250924, 164.939090909089, 166.204408602155, 164.772192918192, 161.562189899522
11/6/2017, 163.72, 164.76, 163.72, 164.29, 91327, 0.971626003224396, -0.580374192306417, 1.91298974357396, 0.739046268568413, 0.703333870777131, 0.696731081826528, 1.19223887715151, -0.495507795324981, 164.562909090907, 165.719806451617, 164.954463980463, 161.671848728537
11/7/2017, 164.17, 164.7, 162.14, 162.58, 104238, 1.01148366506489, -1.00909703158843, 1.55594326768093, 0.627797631337937, 0.542834845207838, 0.443144856965404, 1.04242007311429, -0.599275216148884, 163.762545454543, 164.999591397853, 165.058456654456, 161.74800129199
11/8/2017, 162.57, 163.63, 161.78, 163.48, 102887, 1.01220126959222, -0.626311648875803, 1.69113659619976, 0.630645949476881, 0.511891096085744, 0.311210978718492, 0.896178254235128, -0.584967275516636, 163.248181818179, 164.605118279574, 165.221821733821, 161.839340331114
11/9/2017, 162.12, 163.21, 160.95, 162.37, 95491, 1.04607335329981, -0.8777595262535, 1.38482257345114, 0.691010480104915, 0.492754557354528, 0.115750407684942, 0.740092684925091, -0.624342277240149, 162.544545454543, 164.103806451617, 165.314415140414, 161.908756605927
11/10/2017, 162.04, 163.09, 162.04, 162.61, 299684, 1.02458879439472, -0.831420607978969, 1.22177808625628, 0.741705196081608, 0.525792572884848, -0.019562010163952, 0.588161745907282, -0.607723756071234, 162.359636363634, 163.693591397854, 165.366593406592, 161.981300741485
11/13/2017, 161.75, 163.44, 161.75, 163.27, 120398, 1.0211794246567, -0.53290451002376, 1.17698838442983, 0.753951003157487, 0.634740197042761, -0.0727035112118131, 0.455988694483463, -0.528692205695276, 162.185454545452, 163.532580645165, 165.481008547007, 162.064527604815
11/14/2017, 162.8, 163.27, 162.45, 163.17, 200374, 0.995842167252034, -0.609239240482706, 1.4467543629884, 0.637113910075769, 0.578734045692438, -0.121487268315292, 0.340493501923712, -0.461980770239004, 162.41527272727, 163.404924731187, 165.56637118437, 162.144495269436
11/15/2017, 161.98, 163.03, 161.3, 162.52, 142001, 1.00736517418772, -0.692406034239119, 1.30888000476631, 0.570933086586055, 0.564071506564552, -0.210175542190456, 0.230359693100879, -0.440535235291334, 162.398363636361, 163.170408602155, 165.626075702075, 162.211381924911
11/16/2017, 163.03, 165.84, 162.9, 165.34, 88027, 1.0410737795061, -0.0569088077476985, 1.7042846829057, 0.974728351064312, 0.71410596571349, -0.0523082292186814, 0.173826108636967, -0.226134337855648, 163.422363636361, 163.326000000004, 165.827897435896, 162.327553023876
11/17/2017, 165.01, 166.62, 164.72, 165.94, 46026, 1.04269363485815, 0.12791775639175, 1.71845220714649, 0.825086377010889, 0.637267877817873, 0.119836340536637, 0.163028155016901, -0.0431918144802642, 164.441454545452, 163.567870967746, 166.053076923076, 162.45246516656
11/20/2017, 166.02, 167.28, 165.92, 167.21, 71161, 1.0237028448056, 0.366412910890486, 1.67173744067868, 1.05002117828998, 0.745047058772585, 0.354652327204889, 0.201352989454498, 0.15329933775039, 165.849999999997, 163.927419354843, 166.3388009768, 162.597827380952
11/21/2017, 167.8, 169.78, 167.63, 169.78, 57266, 1.03348265429348, 0.818361484732772, 1.79099526283987, 1.23340833339517, 0.859727755075645, 0.739597589384232, 0.309001909440445, 0.430595679943787, 167.645090909088, 164.620817204305, 166.736463980463, 162.786189577188
11/22/2017, 170.04, 170.29, 169.24, 169.32, 57105, 1.01548222769696, 0.592581142838536, 1.66526750363944, 1.09705707680074, 0.851875795134199, 0.996069261013247, 0.446415379755005, 0.549653881258241, 169.068545454543, 165.215311827961, 167.092630036629, 162.963424817746
11/24/2017, 169.82, 169.85, 168.9, 169.43, 20568, 0.992116970158572, 0.645291931608105, 1.69565025109736, 1.1813363917663, 0.757570681065186, 1.19443231700734, 0.596018767205472, 0.598413549801868, 169.989454545452, 165.795913978499, 167.485474969474, 163.139728727104
11/27/2017, 169.74, 170.08, 168.45, 168.45, 59890, 0.996376725089158, 0.352491707544444, 1.47657484262142, 1.31001613449705, 0.670548134162158, 1.25805656524196, 0.72842632681277, 0.529630238429188, 170.234727272725, 166.199763440864, 167.826175824175, 163.296120432085
11/28/2017, 169.32, 171.36, 168.61, 171.29, 67174, 1.01580755662447, 0.874784223885659, 1.57485058582248, 1.36674813472647, 0.74776385208976, 1.520120502574, 0.886765161965016, 0.633355340608986, 171.274545454543, 166.936430107531, 168.273267399266, 163.499277387507
11/29/2017, 171.81, 172.61, 171.6, 172.17, 74627, 0.998418961233056, 0.924270061338642, 1.74074703995814, 1.52304254827755, 0.777078412788342, 1.77831737082474, 1.06507560373696, 0.713241767087777, 172.160909090906, 167.718193548391, 168.752642246641, 163.714422360248
11/30/2017, 173.42, 173.42, 171.5, 171.9, 85266, 1.00583422296521, 1.06136177361344, 1.65671321281681, 1.46419180842675, 0.726388586930093, 1.93880417790641, 1.23982131857085, 0.698982859335556, 172.333090909088, 168.481483870972, 169.243719169718, 163.921536423347
12/1/2017, 172.23, 172.23, 166, 170.88, 113980, 1.14353790836455, 0.811444202108675, 1.51971544781567, 1.27930066814616, 0.682833707640092, 1.96107954894867, 1.38407296464641, 0.57700658430226, 172.20527272727, 169.061677419359, 169.664573870573, 164.107924744709
12/4/2017, 173.3, 173.48, 170.38, 170.43, 77907, 1.18017584869018, 0.553922412223903, 1.3557992982561, 1.22579487234931, 0.673945638479114, 1.92028584194247, 1.49131554010563, 0.428970301836847, 171.739818181815, 169.604989247316, 170.035868131867, 164.283706393749
12/5/2017, 170.8, 170.84, 168.63, 168.65, 79270, 1.19852061309015, 0.644444877556429, 1.11023003117371, 1.01724294771868, 0.556287726701959, 1.72444705905224, 1.53794184389495, 0.186505215157289, 170.668545454542, 169.839526881725, 170.314202686201, 164.426492816876
12/6/2017, 168.45, 169.25, 167.95, 168.07, 126403, 1.18119816938045, 0.278802021425254, 1.01709076890886, 0.939882363921592, 0.550950491506735, 1.50509249058774, 1.53137197323351, -0.0262794826457653, 169.832363636361, 170.013548387101, 170.559130647129, 164.557206996033
12/7/2017, 168.09, 169.8, 167.59, 169.06, 67267, 1.180928531358, 0.597877922027687, 0.773074679945742, 1.071327540771, 0.63733598977642, 1.39505580600064, 1.50410873978693, -0.109052933786293, 169.339454545451, 170.229225806456, 170.847697191696, 164.702518772796
12/8/2017, 169.91, 169.93, 168.79, 168.87, 63248, 1.15689813842491, 0.644262302883234, 0.679954110122401, 0.902016247084274, 0.635074148340575, 1.27778996131269, 1.45884498409209, -0.181055022779394, 168.817090909088, 170.432279569897, 171.070297924297, 164.84236145091
12/11/2017, 169.36, 169.36, 167.94, 168.21, 61923, 1.14557469356176, 0.701058129388392, 0.496320851959774, 0.851241056022903, 0.562143724123122, 1.11870373016049, 1.39081673330577, -0.272113003145277, 167.90127272727, 170.617978494628, 171.249997557996, 164.968987377378
12/12/2017, 168.76, 169.03, 167.92, 168.04, 49020, 1.1224247991182, 0.62693530745153, 0.187351398039609, 0.880624751836377, 0.659062628166718, 0.967753506549371, 1.30620408795449, -0.338450581405117, 167.507818181815, 170.623935483875, 171.417655677654, 165.090792887029
12/13/2017, 167.98, 170.1, 167.98, 169.17, 281077, 1.12183986570687, 1.13345737817037, 0.286731180219916, 0.958860541057427, 0.594000999002422, 0.928601581993092, 1.23068358676221, -0.302082004769117, 167.857999999997, 170.873075268822, 171.631924297923, 165.229399031812
12/14/2017, 169.53, 169.71, 167.05, 167.42, 76067, 1.1563287992925, 0.658102678016233, 0.155411852899534, 0.675970210265857, 0.601937025228933, 0.747743503414881, 1.13409557009274, -0.386352066677862, 167.713272727269, 170.815827956994, 171.747394383393, 165.336988443469
12/15/2017, 168.05, 171.35, 168.01, 170.29, 85125, 1.19538985964339, 1.22439611323217, 0.478157961457131, 0.960520719466505, 0.714310882057517, 0.826470154062548, 1.0725704868867, -0.246100332824156, 168.60036363636, 171.079225806456, 171.951316239315, 165.490026527905
12/18/2017, 172.45, 173.3, 171.88, 172.36, 80003, 1.20929909630273, 1.44885302571004, 0.699447166839812, 1.20070213550136, 0.82720161255245, 1.0438603201932, 1.066828453548, -0.0229681333548006, 170.144727272724, 171.506946236564, 172.173457875456, 165.674587465425
12/19/2017, 172.31, 172.38, 170.37, 170.49, 91106, 1.22038273580152, 1.03415579785288, 0.558753177365049, 1.06437564735915, 0.790970568410484, 1.0531106176438, 1.06408488636716, -0.0109742687233672, 170.581818181815, 171.662193548392, 172.300078144077, 165.825896955504
12/20/2017, 171.56, 171.72, 170.39, 170.81, 94271, 1.19612376321914, 1.09414528867365, 0.565767356109285, 1.09043563750734, 0.844065970421022, 1.07388380661342, 1.06604467041642, 0.00783913619700827, 170.913090909087, 171.704043010757, 172.483653235652, 165.980098556496
12/21/2017, 171.53, 171.72, 171, 171.18, 101215, 1.16044166956238, 1.25050133963407, 0.636579310477272, 1.08978007358532, 0.888869028289216, 1.10743677453419, 1.07432309123997, 0.0331136832942223, 171.420727272724, 171.799741935488, 172.637557997557, 166.13794674303
12/22/2017, 171.4, 171.4, 170.42, 170.63, 87572, 1.13469017608805, 0.81605184742086, 0.582624688883101, 1.26096102490606, 0.840103626400093, 1.07722970638628, 1.07490441426923, 0.00232529211704446, 171.584727272724, 171.701978494628, 172.761304029303, 166.284565756824
12/26/2017, 170.59, 171.06, 170.45, 170.64, 55092, 1.09576638249302, 0.726864799533849, 0.634679091304203, 1.28074910275091, 0.815785696755573, 1.0420847987902, 1.06834049117343, -0.0262556923832262, 171.524181818178, 171.568193548392, 172.805347985346, 166.42913525068
12/27/2017, 170.9, 171.61, 170.6, 170.73, 50990, 1.07000818094757, 0.554393842008197, 0.657811471194117, 1.270374987376, 0.85400626454483, 1.00985349171305, 1.05664309128135, -0.0467895995683045, 171.328181818178, 171.438021505381, 172.836737484736, 166.572968674699
12/28/2017, 170.89, 171.61, 170.79, 171.5, 96100, 1.03759983613131, 0.296011116933178, 0.79165808464806, 1.30702154902586, 0.7912899241349, 1.03451724267296, 1.05221792155967, -0.0177006788867102, 171.477454545451, 171.350752688177, 172.885523809522, 166.726893386454
12/29/2017, 172.2, 172.2, 170.15, 170.15, 86556, 1.05378168264293, 0.150413927600128, 0.525170606203623, 1.24347967235664, 0.72269979924643, 0.934359016300562, 1.02864614050785, -0.0942871242072885, 170.683272727269, 170.995118279575, 172.892214896213, 166.857144754316
1/2/2018, 170.61, 171.71, 170.18, 170.88, 685679, 1.04246199459626, 0.247220422133608, 0.629837750838103, 1.42376479940432, 0.705882860973803, 0.90347312365779, 1.00361153713784, -0.100138413480048, 170.56636363636, 170.870881720435, 172.906463980462, 166.996962795659
1/3/2018, 170.89, 171.7, 170.42, 171.14, 209093, 1.02623063196669, 0.449500765073531, 0.566445532234987, 1.74642348655279, 0.745137103217301, 0.889719525448697, 0.98083313480001, -0.0911136093513125, 170.921090909087, 170.783892473123, 172.921951159949, 167.138790576079
1/4/2018, 171.79, 172.54, 171.07, 171.38, 268516, 1.01644097815988, 0.0323839908547048, 0.694755259059674, 1.76084931151586, 0.965534206428463, 0.887949959610239, 0.962256499762056, -0.0743065401518166, 171.051272727269, 170.778473118284, 172.939313797312, 167.282278832793
1/5/2018, 171.96, 172.63, 171.41, 172.63, 109404, 0.994831559376631, 0.0968333046016691, 0.771409858299239, 1.66074959078738, 1.024331274389, 0.976159559484813, 0.965037111706607, 0.0111224477782058, 171.628727272723, 171.07608602151, 173.004945054943, 167.443147977941
1/8/2018, 172.2, 172.7, 170.97, 172.28, 475455, 0.997218966162226, 0.0829578539850873, 0.86134953304812, 1.79545254006102, 0.971346776253287, 1.00622509147223, 0.973274707659732, 0.032950383812499, 172.059999999996, 171.280236559144, 173.037594627593, 167.59623905642
1/9/2018, 172.88, 173.56, 172.45, 173.1, 144571, 0.979843092524014, 0.407857689929894, 0.885035093614677, 1.83136054294143, 1.0002559299133, 1.08372686050541, 0.995365138228867, 0.0883617222765404, 172.604545454541, 171.576666666671, 173.112136752135, 167.759790969143
1/10/2018, 172.77, 172.77, 171.73, 172.45, 85888, 0.974081167585454, 0.372435075285463, 0.663847666089471, 2.16670504477327, 0.984923101635989, 1.08024560421512, 1.01234123142612, 0.0679043727890036, 172.791818181814, 171.70161290323, 173.176854700853, 167.910962557242
1/11/2018, 172.92, 175.46, 172.92, 175.31, 144470, 0.996128472321066, 1.13315385061724, 1.23448127749608, 2.36708068198893, 1.03019944347039, 1.2933557811476, 1.06854414137041, 0.224811639777182, 173.886363636359, 172.35296774194, 173.374759462758, 168.103862785863
1/12/2018, 175.77, 176.94, 175.37, 176.11, 154167, 0.988301166080721, 1.37425816698426, 1.12699240869465, 2.439101712707, 1.0491531230806, 1.50940101058305, 1.15671551521294, 0.352685495370107, 175.16145454545, 173.13855913979, 173.557086691085, 168.306261715296
1/16/2018, 177.28, 177.91, 174.2, 174.68, 154041, 1.05276638676753, 0.938026280070779, 1.07882175376542, 2.16458610921626, 0.927735540749871, 1.54739199078938, 1.23485081032823, 0.31254118046115, 175.421090909087, 173.699290322585, 173.665482295481, 168.484014506742
1/17/2018, 175.59, 177.01, 174.84, 176.63, 94442, 1.05504371181863, 1.24271494277862, 1.32836236862795, 2.3600650919173, 0.996217677009177, 1.71507846256597, 1.33089634077578, 0.384182121790193, 176.253272727269, 174.421505376349, 173.830019536018, 168.688850027574
1/18/2018, 176.25, 176.67, 175.36, 175.55, 83413, 1.04576902465165, 1.16972086917338, 1.32169452006737, 2.2354247789595, 1.08379565252445, 1.74075785256113, 1.41286864313285, 0.327889209428284, 176.450727272723, 174.939591397854, 173.940146520145, 168.874484099551
1/19/2018, 175.66, 178.24, 175.66, 178.09, 82054, 1.05483471651254, 1.50924260902367, 1.51916700229209, 2.37973296626821, 1.17289971571799, 1.94366041905232, 1.51902699831674, 0.424633420735579, 177.333090909087, 175.628258064521, 174.181443223441, 169.095779302459
1/22/2018, 178.33, 178.63, 177.46, 178.47, 74368, 1.03273793315701, 1.4008004161516, 1.79710982324885, 2.37535942675639, 1.27450569073535, 2.11079308033118, 1.63738021471963, 0.473412865611548, 178.230727272723, 176.265569892478, 174.446158730157, 169.319711732161
1/23/2018, 177.81, 179.44, 177.81, 179.22, 146376, 1.02247015949116, 1.87938534679834, 1.77435897815682, 2.44646307551012, 1.24112933267692, 2.27751191090204, 1.76540655395611, 0.512105356945924, 178.998909090905, 176.996946236564, 174.737409035407, 169.551768184506
1/24/2018, 179.44, 179.73, 177.29, 177.91, 116240, 1.04707294072736, 1.27523408001995, 1.76154347961331, 2.23652017111287, 1.18645438698536, 2.27767610111107, 1.8678604633871, 0.409815637723967, 179.099999999996, 177.483892473123, 174.952483516482, 169.761122197999
1/25/2018, 178.77, 178.95, 177.25, 178.88, 80441, 1.03684318839761, 1.12834481600695, 1.83282052041479, 2.18503933894929, 1.21142758556664, 2.32922723473794, 1.96013381765727, 0.369093417080672, 179.143818181814, 177.991591397854, 175.207479853478, 169.98199189924
1/26/2018, 179.45, 179.63, 178.44, 179.56, 57069, 1.01440735165703, 1.68906276440084, 1.82828615199203, 2.1530115774137, 1.17948876993152, 2.39731741367939, 2.04757053686169, 0.349746876817694, 179.643818181814, 178.505397849467, 175.508998778997, 170.209895910781
1/29/2018, 179.04, 179.72, 178.65, 178.73, 75800, 0.998095646284114, 1.44712721702339, 1.74113634112497, 2.26115008617281, 1.24945502190799, 2.35713373719557, 2.10948317692847, 0.247650560267099, 179.785272727269, 178.914903225811, 175.748725274724, 170.422469591363
1/30/2018, 177.34, 178.39, 176.64, 177.01, 108778, 1.01644061418757, 1.01364056299583, 1.60771453378082, 2.07097183414064, 1.26198310816842, 2.16158089964051, 2.11990272147088, 0.0416781781696343, 178.903636363632, 178.927827956994, 175.906693528692, 170.637546535465
1/31/2018, 177.97, 178.67, 175.98, 176.22, 94842, 1.0462725312761, 0.970914346770834, 1.25112313272128, 2.06368398837172, 1.15383302503886, 1.92071664344047, 2.0800655058648, -0.159348862424325, 178.011999999996, 178.969978494629, 176.016649572648, 170.856593412601
2/1/2018, 175.73, 177.58, 175.24, 177.22, 94744, 1.05436992545086, 1.12905646458199, 1.28719722966369, 2.09979483996067, 1.18515373464489, 1.78988890261775, 2.02203018521539, -0.232141282597639, 177.272181818178, 179.238752688177, 176.17697191697, 171.074465764658
2/2/2018, 176.22, 176.22, 173.56, 173.83, 113201, 1.12646071609608, 0.474137501550486, 0.726755811382012, 1.61594532089364, 0.997217308851845, 1.39656359111714, 1.89693686639574, -0.500373275278595, 175.778181818178, 178.921376344091, 176.177233211232, 171.233656963236
2/5/2018, 172.13, 173.73, 166.92, 166.92, 196945, 1.32142363386671, -0.456230154935981, -0.22068494680888, 0.842170713092095, 0.596629169890083, 0.521262408703649, 1.62180197485732, -1.10053956615367, 172.20545454545, 177.727032258069, 175.868976800975, 171.280438431051
2/6/2018, 163.39, 169.72, 162.59, 168.83, 226416, 1.45230960917361, -0.108716399344665, -0.00864972693158783, 0.938748562477991, 0.674005291330366, -0.0180905109502874, 1.2938234776958, -1.31191398864609, 170.072545454541, 176.82479569893, 175.7156019536, 171.363446494465
2/7/2018, 168.51, 170.04, 168.19, 168.83, 143304, 1.43448296956075, -0.185039017710369, -0.0182419968436197, 0.947328655009064, 0.595395682292024, -0.440454302577166, 0.946967921641206, -1.38742222421837, 168.244363636359, 175.901053763446, 175.570080586079, 171.448564712314
2/8/2018, 169.35, 169.35, 163.5, 163.5, 135955, 1.58608300772718, -0.678953012543511, -0.363172477028136, 0.485747927162951, 0.32757849781855, -1.19153186806741, 0.519267963699482, -1.7107998317669, 165.264181818178, 174.313311827962, 175.205157509156, 171.443011070111
2/9/2018, 165.59, 166.82, 160.85, 165.41, 187483, 1.66984065760972, -0.508500817173484, -0.438904446834922, 0.510486323790532, 0.364752276467334, -1.61403956902907, 0.0926064571537705, -1.70664602618285, 163.918727272723, 173.019978494629, 174.975560439559, 171.473399753997
2/12/2018, 166.06, 168.14, 164.16, 167.18, 106150, 1.68858670903495, -0.452735040417355, -0.35992198737672, 0.659343365828123, 0.427190968575994, -1.78547392654573, -0.28300961958613, -1.5024643069596, 163.790545454541, 172.036881720435, 174.83212210012, 171.512277436108
2/13/2018, 166.55, 168, 166.2, 167.55, 78527, 1.65433022808499, -0.387976315637534, -0.308651427291406, 0.657267251077308, 0.517197108678757, -1.8699256433859, -0.600392824346084, -1.26953281903981, 164.076181818178, 171.038602150542, 174.688161172159, 171.560839961733
2/14/2018, 166, 171, 166, 170.77, 102983, 1.6883754654205, -0.162278055695424, 0.0300917018720814, 0.853724617139914, 0.586850209094957, -1.65791572759531, -0.811897404995929, -0.84601832259938, 165.832181818178, 170.51432258065, 174.686547008545, 171.645776137761
2/15/2018, 171.9, 172.6, 170.2, 172.41, 60912, 1.65830105166965, 0.0317407999789285, 0.189080361095144, 0.895118870400902, 0.66899337848533, -1.34209125536512, -0.917936175069767, -0.424155080295352, 168.651999999996, 170.216172043016, 174.754380952379, 171.757660516605
2/16/2018, 172.83, 173.76, 172.3, 172.7, 98678, 1.61501042329153, -0.188677038865806, 0.350298152722299, 0.910003959292284, 0.715501372686498, -1.05622203916926, -0.945593347889665, -0.110628691279591, 171.15636363636, 169.962623655919, 174.814813186811, 171.86992838595
2/20/2018, 171.9, 173.1, 171.08, 171.46, 62052, 1.60426154845051, -0.362596444887454, 0.300021122764354, 0.816418404180463, 0.680141638098524, -0.919131091560843, -0.9403008966239, 0.0211698050630579, 171.911999999996, 169.62655913979, 174.821565323564, 171.978141588083
2/21/2018, 171.45, 174.86, 171.4, 172.26, 80175, 1.61740015582525, -0.173431162732399, 0.284279221064742, 0.648958882549155, 0.697709787162965, -0.737431561764367, -0.899727029651994, 0.162295467887627, 173.078363636359, 169.376215053768, 174.853789987788, 172.108191881919
2/22/2018, 173.02, 174.01, 171.94, 172.01, 77979, 1.59893426719572, -0.366833069661416, 0.279961620778175, 0.596081980063437, 0.70591822809647, -0.606613621761312, -0.841104348073858, 0.234490726312546, 173.971272727268, 169.148946236564, 174.868598290596, 172.22845237119
2/23/2018, 173.31, 174.43, 172.4, 174.43, 55020, 1.56728228593315, -0.0605541083821393, 0.508533610392883, 0.692675877444244, 0.784388227479055, -0.304159524929702, -0.733715383445027, 0.429555858515325, 174.460727272723, 169.192430107532, 174.975047619046, 172.378675413421
2/26/2018, 175.07, 175.64, 173.74, 175.52, 79175, 1.53379669939923, -0.185868663443302, 0.601083047866599, 0.612926539767616, 0.795639492124063, 0.0232237079147524, -0.582327565173071, 0.605551273087823, 175.112545454541, 169.552107526887, 175.120024420023, 172.529468088014
2/27/2018, 175.6, 176.1, 173, 173.02, 87541, 1.5677459070895, -0.424924569713307, 0.32559504292827, 0.425531692648335, 0.740875679450414, 0.080025685694153, -0.449856914999626, 0.529882600693779, 174.703272727268, 169.64655913979, 175.139057387055, 172.650292742927
2/28/2018, 173.33, 173.47, 169.9, 169.9, 59273, 1.62177061213887, -0.735423392402186, 0.223928047108447, 0.271705207716518, 0.660155859642477, -0.125272202777182, -0.384939972555137, 0.259667769777955, 172.971636363632, 169.269741935489, 175.036798534797, 172.721283039497
3/1/2018, 170.03, 170.98, 166.99, 168.92, 72690, 1.66772368962985, -0.714204429974245, -0.0631778499703824, 0.201989316079199, 0.583674562695823, -0.362867161519404, -0.380525410347991, 0.0176582488285869, 171.417272727268, 168.929419354844, 174.883995115993, 172.768793494602
3/2/2018, 167.91, 172.9, 167.02, 172.61, 145385, 1.72079422611471, -0.453902254812709, 0.0586290133482203, 0.42315600185083, 0.703146909128817, -0.250522845302982, -0.354524897338989, 0.104002052036007, 171.566545454541, 169.03503225807, 174.908234432233, 172.88725433921
3/5/2018, 171.78, 174.32, 171.26, 173.51, 54554, 1.71445436459672, -0.433792755861458, 0.259866578226038, 0.522451428717446, 0.907434187146164, -0.0878539611413487, -0.301190710099461, 0.213336748958112, 172.073818181814, 169.443139784951, 174.948346764345, 173.007534235342
3/6/2018, 174.45, 175.53, 172.69, 175.53, 70207, 1.6908860477475, -0.207533905747273, 0.378337542413108, 0.624469978993024, 0.95917252453448, 0.201733956206283, -0.200605776838312, 0.402339733044595, 172.986727272723, 170.162430107532, 175.082007326006, 173.152026786934
3/7/2018, 173.98, 177.29, 173.88, 177.2, 61747, 1.68742193320013, 0.0518326066890496, 0.466618223680042, 0.736229490360099, 0.989552948529451, 0.55953948739085, -0.0485767239924796, 0.60811621138333, 174.414545454541, 171.162580645166, 175.258136752135, 173.317295612956
3/8/2018, 177.62, 178.17, 176.23, 177.37, 46698, 1.65620233542825, 0.12553675204539, 0.518615906662239, 0.751232816543814, 0.954705174868312, 0.847056191454044, 0.130549859096825, 0.716506332357219, 175.581636363632, 172.110000000005, 175.445389499388, 173.500937542709
3/9/2018, 178.21, 180.38, 177.75, 180.19, 121249, 1.63229134704015, 0.259371529284294, 0.70216715399602, 0.932221067065291, 1.02358331233735, 1.28762276937874, 0.361964441153209, 0.925658328225534, 177.914545454541, 173.483376344091, 175.77656166056, 173.732477791445
3/12/2018, 180.67, 181.51, 180.07, 180.74, 94285, 1.58579422890343, 0.576209221162698, 0.732614223174092, 0.970226731796075, 1.03285562137921, 1.66199689431258, 0.621970931785083, 1.0400259625275, 180.341272727268, 174.963419354844, 176.072217338216, 173.974261035944
3/13/2018, 181.29, 181.67, 179.68, 180.05, 70342, 1.56754027484257, 1.31357310284866, 0.63107085970658, 0.955986310711025, 1.00550903187375, 1.88132708456769, 0.873842162341604, 1.00748492222608, 181.744909090904, 176.292967741941, 176.366554334553, 174.204244089108
3/14/2018, 180.41, 181, 179.16, 179.38, 119506, 1.54601318519977, 1.06175344277153, 0.684203813991157, 0.858940024887903, 0.982657437066773, 1.97828005887507, 1.0947297416483, 0.883550317226774, 181.909636363632, 177.41432258065, 176.599404151403, 174.429451414514
3/15/2018, 180.16, 180.16, 178, 178.5, 64634, 1.53645743923293, 0.971644838513172, 0.571331229606366, 0.820439550019696, 0.990079368359128, 1.96149643408597, 1.26808308013583, 0.69341335395014, 181.057272727268, 178.356064516134, 176.773345543344, 174.640331829985
3/16/2018, 178.8, 179.99, 178.5, 179.63, 64269, 1.49192657272128, 1.9828215493714, 0.628399566361234, 0.833944980776345, 1.02455561568345, 2.01613608493116, 1.4176936810949, 0.598442403836263, 180.810727272722, 179.493139784952, 176.965435897434, 174.864429684297
3/19/2018, 178.7, 178.92, 175.99, 178.05, 166057, 1.53212598565026, 1.53092736173323, 0.501400354701564, 0.79389554097771, 0.880183942776553, 1.90992913234624, 1.51614077134517, 0.393788361001069, 179.81545454545, 180.188193548392, 177.083240537239, 175.071709990433
3/20/2018, 178.11, 179, 177.93, 178.6, 48264, 1.48099261006594, 1.393474607154, 0.452028191885158, 0.794576344458714, 0.848312259541534, 1.84882762667607, 1.58267814241135, 0.266149484264723, 179.166545454541, 180.465139784951, 177.177006105004, 175.282221948886
3/21/2018, 178.4, 180.31, 178.4, 179.07, 74394, 1.45658131540676, 1.40220400357568, 0.508398914817657, 0.888721409533185, 0.906410939798472, 1.81737969343959, 1.629618452617, 0.187761240822595, 178.846545454541, 180.853698924736, 177.299579975578, 175.489300806341
3/22/2018, 177.34, 178.47, 175.06, 175.16, 58194, 1.52910776057544, 0.523842054455128, 0.181201607118844, 0.61441123675473, 0.761089803721715, 1.46012128770229, 1.59571901963406, -0.135597731931762, 177.107818181813, 180.680086021511, 177.215152625151, 175.635840371737
3/23/2018, 175.69, 176.02, 171.19, 171.19, 129555, 1.62741158698098, -0.100995973418903, -0.0380456929822359, 0.302165856147317, 0.603425272854835, 0.846883262834609, 1.44595186827417, -0.599068605439557, 174.682181818177, 179.606580645166, 176.953152625151, 175.730674866749
3/26/2018, 173.33, 175.24, 171.81, 175.18, 116271, 1.62642287987504, 0.26838812302519, 0.0371713391556539, 0.649655446312613, 0.651459117540049, 0.675065627820487, 1.29177462018343, -0.616708992362943, 174.235818181813, 179.117053763446, 176.873943833942, 175.86579363127
3/27/2018, 175.99, 175.99, 171.35, 172.07, 91858, 1.70785681462012, 0.0882994029993025, -0.206782218695411, 0.369200759191041, 0.524540390225, 0.284666447933944, 1.09035298573353, -0.805686537799589, 172.880363636359, 178.287892473123, 176.647843711842, 175.973261445948
3/28/2018, 172.12, 173.01, 170.97, 171.98, 96644, 1.68262225832713, 0.00468257990809217, -0.12440695631463, 0.422013475144114, 0.542752569256444, -0.0316254046601614, 0.865957307654794, -0.897582712314956, 171.795090909086, 177.440430107532, 176.396844932843, 176.064862648626
3/29/2018, 173.16, 175.28, 172.59, 173.85, 205394, 1.67620654120072, 0.200985697111893, -0.127629203590073, 0.54940466223839, 0.571800094473056, -0.129898219032611, 0.666786202317313, -0.796684421349925, 171.58345454545, 177.016322580651, 176.283323565322, 176.181260899275
4/2/2018, 173.86, 174.39, 168.79, 170.02, 706476, 1.79295425143135, -0.361913363408057, -0.294279231848253, 0.38794270952152, 0.475065439946928, -0.510939333210132, 0.431241095211824, -0.942180428421956, 170.528363636359, 176.195720430113, 176.009484737483, 176.233200765341
4/3/2018, 171.3, 172.82, 170.35, 172.35, 304258, 1.76150958942234, -0.242445111272977, -0.302824833432499, 0.495495568372846, 0.577887456845065, -0.617784202343927, 0.221436035700674, -0.839220238044601, 170.486363636359, 175.705505376349, 175.862727716726, 176.311531775318
4/4/2018, 171.07, 174.88, 170.32, 174.42, 447006, 1.78429290706394, 0.155575679324404, -0.195629897287742, 0.701622585210894, 0.658004931826093, -0.529326088960488, 0.0712836107684415, -0.60060969972893, 171.580363636359, 175.397526881726, 175.859799755798, 176.411863878639
4/5/2018, 175.85, 176.23, 174.76, 176.11, 185790, 1.73020016130594, 0.597431861950892, -0.136880819848761, 0.738067645585323, 0.680566862976201, -0.319174278315785, -0.00680796704840376, -0.312366311267381, 173.580181818177, 175.338215053769, 175.917123321122, 176.530057127238
4/6/2018, 175.03, 176.14, 171.48, 172.91, 219795, 1.80886167883413, 0.386733311296609, -0.247774049720974, 0.625722756794834, 0.63585331038288, -0.406158765379757, -0.0866781267146745, -0.319480638665083, 173.853999999995, 174.831376344092, 175.832039072038, 176.603724750581
4/9/2018, 174.14, 174.88, 172.51, 172.64, 148506, 1.78974605678202, 0.0341670778750108, -0.321285565027724, 0.598063390688533, 0.638612437012413, -0.491218876152033, -0.167586276602146, -0.323632599549886, 173.363272727268, 174.445806451619, 175.710825396824, 176.675904332377
4/10/2018, 174.87, 176.27, 173.88, 175.64, 102677, 1.7745540382641, 0.221176830827532, -0.177041846417983, 0.71103604417652, 0.709719682134088, -0.31294723785507, -0.196658468852731, -0.116288769002339, 174.627818181813, 174.525096774199, 175.780788766787, 176.784767801011
4/11/2018, 175.42, 176.45, 174.79, 175.98, 101542, 1.72973370676594, 0.0721403100951481, -0.109910726291631, 0.733903730831365, 0.678951807782142, -0.142586868957409, -0.185844148873667, 0.0432572799162577, 175.362727272722, 174.480086021511, 175.881982905981, 176.913482574826
4/12/2018, 176.52, 177.65, 176.33, 176.86, 96576, 1.68228322306252, 0.00128124711836616, 0.0402126299706215, 0.814660870432851, 0.702318023280781, 0.0627107063208996, -0.136133177834753, 0.198843884155653, 176.170363636359, 174.319634408608, 176.012852258851, 177.055793084597
4/13/2018, 177.51, 177.51, 175.57, 176, 55569, 1.66109193346191, -0.0906285697999869, 0.0360930921112371, 0.621523284118388, 0.742697268950229, 0.154237744429878, -0.0780589933818271, 0.232296737811705, 176.788727272722, 173.939827956995, 176.079829059828, 177.19142736094
4/16/2018, 177.07, 178.53, 176.51, 178.18, 126908, 1.62972595843995, -0.147961548715416, 0.1044944825122, 0.697200071160117, 0.727592714119413, 0.398092401131464, 0.0171712855208312, 0.380921115610633, 177.276909090904, 174.036946236565, 176.228346764345, 177.352442531092
4/17/2018, 178.99, 180.53, 178.93, 180.05, 180376, 1.59741928748175, -0.0285785516393667, 0.41361961388489, 0.721424264186451, 0.825956541164051, 0.733783742978773, 0.160493777012419, 0.573289965966353, 178.431999999995, 174.395397849468, 176.413372405371, 177.508111794451
4/18/2018, 180.39, 181.33, 180, 180.65, 168216, 1.54931954373393, 0.0843026380426687, 0.950974283483724, 0.61838311787361, 0.839615761278536, 1.03629082000469, 0.335653185610874, 0.70063763439382, 179.788363636358, 174.922451612909, 176.603384615383, 177.668340303403
4/19/2018, 180.15, 180.31, 178.25, 178.83, 93615, 1.55393584296124, -0.0158435977606481, 0.70271358268815, 0.549253215279027, 0.744935777461945, 1.11630302200498, 0.491783152889697, 0.624519869115288, 180.514181818177, 175.296881720436, 176.726625152624, 177.805702063687
4/20/2018, 178.52, 179.49, 177.62, 177.93, 70111, 1.53625487246063, -0.0178231931825843, 0.643559228655549, 0.49730189905641, 0.744918287869275, 1.09447437089975, 0.612321396491706, 0.48215297440804, 180.140727272722, 175.557935483877, 176.799145299144, 177.927898592319
4/23/2018, 178.44, 179.09, 176.99, 177.78, 84313, 1.51973527946942, -0.130513088246759, 1.07299605619057, 0.542712766160234, 0.816992609421435, 1.05293369700362, 0.70044385659409, 0.352489840409534, 179.387636363631, 175.984344086027, 176.843804639803, 178.04383599836
4/24/2018, 178.27, 178.93, 174.94, 176.43, 173932, 1.56787173998113, -0.111904743134074, 0.836760703733389, 0.324532907789022, 0.714448793527415, 0.900696032874151, 0.740494291850102, 0.160201741024049, 178.487818181813, 176.291677419361, 176.818664224662, 178.147160858275
4/25/2018, 176.33, 176.34, 174.54, 175.7, 125233, 1.54945151127278, -0.225563065027848, 0.656791760229837, 0.240084779206785, 0.722591702258621, 0.712923549207204, 0.734980143321523, -0.0220565941143185, 177.360727272722, 176.488193548393, 176.780578754577, 178.239520295203
4/26/2018, 176.24, 177.35, 175.67, 176.81, 118660, 1.51024658675468, -0.166825763802606, 0.706256246457879, 0.311501879865205, 0.742589464246739, 0.646230879106781, 0.717230290478574, -0.0709994113717931, 176.808363636358, 176.808946236565, 176.747340659339, 178.35743638103
4/27/2018, 177.01, 177.38, 175.35, 176.08, 83060, 1.4983266927186, 0.117210438514095, 0.427720828461148, 0.32818667195138, 0.682932383450839, 0.528380714451373, 0.679460375273134, -0.151079660821761, 175.83454545454, 176.994989247318, 176.73909157509, 178.462944649446
4/30/2018, 176.48, 176.95, 174.45, 174.45, 130260, 1.50836397736427, 0.362944814632028, 0.188500729935749, 0.266960148098412, 0.625442902371032, 0.299998041693414, 0.60356790855719, -0.303569866863776, 174.729272727267, 177.065161290328, 176.701350427349, 178.523070930709
5/1/2018, 174.77, 175.97, 173.22, 175.81, 231036, 1.50007047982843, 0.095048827871925, 0.26478060853459, 0.433580513648624, 0.648463601743042, 0.226136995610204, 0.528081725967793, -0.301944730357589, 174.671272727267, 177.23597849463, 176.679970695969, 178.601117671176
5/2/2018, 176.02, 177.15, 175.19, 176.02, 71706, 1.47904227647827, 0.49027558025206, 0.372103149477108, 0.476028615630259, 0.644299758059939, 0.182443731634919, 0.458954127101218, -0.276510395466299, 175.037090909086, 177.484559139791, 176.670984126982, 178.667214158808
5/3/2018, 175.55, 175.66, 173.25, 175.02, 125621, 1.49225214507153, 0.381190825103404, 0.240640876325157, 0.370567032064649, 0.632409981128759, 0.0663599067923428, 0.380435283039443, -0.3140753762471, 174.945999999995, 177.654236559146, 176.622691086689, 178.727002596693
5/4/2018, 174.47, 178.03, 173.94, 177.16, 49296, 1.5159475723013, 0.406285788520068, 0.409285099941223, 0.489317531521914, 0.634937360891452, 0.145367053633152, 0.333421637158185, -0.188054583525033, 175.621999999995, 177.860903225813, 176.652905982904, 178.81649965833
5/7/2018, 177.82, 179.43, 177.58, 178.83, 257811, 1.49016948114664, 1.16465296383921, 0.354070200682805, 0.608556178516055, 0.686616684952468, 0.338830008524013, 0.33450331143135, 0.00432669709266276, 176.886909090904, 178.001892473124, 176.751557997556, 178.930163454968
5/8/2018, 178.89, 180.43, 178.89, 180.43, 106435, 1.44744586763721, 1.08204991343326, 0.386947282386282, 0.696620383155226, 0.749827901995434, 0.614177565677551, 0.390438162280591, 0.22373940339696, 178.377272727267, 178.562602150544, 176.916148962147, 179.075067650676
5/9/2018, 180.86, 181.3, 179.41, 180.98, 77461, 1.42311042658245, 0.900352359864687, 0.615294753108946, 0.664336895443118, 0.76099289269223, 0.866781178083585, 0.485706765441189, 0.381074412642395, 179.693454545449, 178.951892473124, 177.114786324785, 179.210611179445
5/10/2018, 181.4, 182.71, 181.12, 182.23, 106397, 1.3901487063203, 0.843272155812748, 0.96163400686204, 0.82280067747532, 0.747756171725022, 1.154527242754, 0.619470860903752, 0.535056381850248, 181.375454545449, 179.436301075275, 177.331118437117, 179.349635369687
5/11/2018, 182.35, 182.97, 181.67, 182.63, 62975, 1.35333986100373, 1.52040923279391, 1.07147852232494, 0.695117441119565, 0.785734582083694, 1.39872114250713, 0.775320917224427, 0.623400225282701, 182.753999999995, 180.030000000006, 177.572307692306, 179.505007516741
5/14/2018, 183.27, 183.57, 181.37, 181.64, 117389, 1.3532395720896, 1.39193255014885, 0.735129182106713, 0.536476600359223, 0.789193575031175, 1.49512694838199, 0.91928212345594, 0.575844824926054, 183.107272727267, 180.186107526888, 177.76739194139, 179.644140768074
5/15/2018, 180.73, 181.7, 180.29, 181.26, 76165, 1.32716713053424, 0.950544493738788, 0.635583682211252, 0.620158765764634, 0.787418047468063, 1.5233066886158, 1.04008703648791, 0.483219652127891, 183.209090909086, 180.374365591404, 177.943506715505, 179.781374060407
5/16/2018, 181.78, 184.09, 181.78, 183.52, 80338, 1.32238556220905, 1.20080700523045, 0.645792773230429, 0.713794820732356, 0.851510059332064, 1.70831011257545, 1.17373165170542, 0.534578460870027, 183.836363636358, 180.929892473124, 178.238949938948, 179.96488806888
5/17/2018, 183.74, 184.88, 183.37, 184.67, 81661, 1.28932684495465, 1.23165036814444, 0.603935063851774, 0.750543548255743, 0.872527193661377, 1.925525785335, 1.32409047843134, 0.601435306903662, 184.251818181813, 181.685290322587, 178.568905982904, 180.161426540932
5/18/2018, 185.08, 185.42, 184.45, 185.11, 150906, 1.24814968956235, 1.46143116573295, 0.623356311913416, 0.802319684846383, 0.967297665846728, 2.10886540604022, 1.48104546395311, 0.62781994208711, 184.720909090904, 182.227956989254, 178.927240537239, 180.376567445674
5/21/2018, 186.15, 186.77, 185.82, 186.65, 103225, 1.22042721448241, 1.38432395275305, 0.527837036369643, 0.876107162977311, 1.01793967430752, 2.3513239076635, 1.65510115269519, 0.696222754968308, 185.622363636358, 182.869311827963, 179.329648351647, 180.621755090884
5/22/2018, 187.58, 187.58, 184.98, 185.19, 262944, 1.2387445467033, 0.843121385676798, 0.373623632621084, 0.797147897072642, 0.9667821536012, 2.39802132166849, 1.80368518648985, 0.594336135178643, 185.912909090904, 183.435032258071, 179.721389499388, 180.849144184775
5/23/2018, 185, 185.86, 184.38, 185.7, 112674, 1.21342459598161, 0.826937856461834, 0.465455362837956, 0.781442215154765, 0.972204411060208, 2.4479634970665, 1.93254084860518, 0.515422648461316, 186.229999999995, 184.026516129039, 180.145963369961, 181.081946972803
5/24/2018, 185.51, 186.05, 184.22, 185.76, 94040, 1.2016381357671, 1.20104213599685, 0.522623407542781, 0.858981094737552, 0.994473580014681, 2.46398128694167, 2.03882893627248, 0.425152350669195, 186.560363636358, 184.62156989248, 180.534356532355, 181.29919803198
5/25/2018, 185.27, 186.27, 185.27, 185.79, 61848, 1.16828400395657, 1.39173720524385, 0.595008737230806, 0.821548142046336, 1.04202780308875, 2.45084444098129, 2.12123203721424, 0.329612403767044, 186.78854545454, 185.105677419361, 180.959277167275, 181.522072434057
5/29/2018, 185.19, 186.22, 184.21, 185.93, 89096, 1.16308670381508, 1.44679228803965, 0.518693282599097, 0.814525728346394, 1.15305749655598, 2.42379028028887, 2.18174368582917, 0.242046594459703, 186.694727272722, 185.689720430114, 181.359606837605, 181.73968101681
5/30/2018, 187.06, 189.1, 187.05, 188.71, 125334, 1.17264625774108, 2.09896774413691, 0.84304896439782, 0.931035808737228, 1.22535668338377, 2.59673884065481, 2.2647427167943, 0.331996123860513, 187.251272727267, 186.701161290329, 181.930295482293, 181.989000956676
5/31/2018, 189.07, 189.07, 186.38, 186.85, 132691, 1.19708628061763, 1.82865460379267, 0.656246419449018, 0.772777732801979, 1.08516793783258, 2.55427131569186, 2.32264843657381, 0.231622879118055, 187.210909090904, 187.460731182802, 182.420344322342, 182.206332376657
6/1/2018, 188.17, 188.97, 187.61, 188.34, 126865, 1.1845162629114, 1.86505613362463, 0.72640504978905, 0.861910143433252, 1.18446783967672, 2.61075093213753, 2.38026893568655, 0.23048199645098, 187.733636363631, 188.248021505383, 182.986051282049, 182.444866748667
6/4/2018, 189.23, 190.58, 188.71, 190.58, 125699, 1.17083221381518, 2.30162725200551, 1.23773500212094, 0.922477271300521, 1.23326077090642, 2.80393865519736, 2.46500287958871, 0.338935775608642, 188.917999999995, 189.198172043017, 183.613880341878, 182.710441711083
6/5/2018, 191.15, 192.02, 190.4, 191.91, 134485, 1.14678934471081, 2.96187612110296, 1.76821942533454, 1.0186524877084, 1.39529791748481, 3.02943970710811, 2.57789024509259, 0.451549462015516, 190.571454545449, 190.225462365598, 184.312119658118, 182.992838868388
6/6/2018, 192.47, 193.22, 191.58, 193.22, 116340, 1.12450225642418, 2.94144839962818, 1.5984174718551, 0.93874241831966, 1.43415522982759, 3.27609221550418, 2.71753063917491, 0.558561576329267, 192.09854545454, 191.237806451619, 185.073186813185, 183.296323629903
6/7/2018, 193.51, 193.51, 190.78, 191.74, 109787, 1.14771309944177, 2.52503686935533, 1.83083060062546, 0.825706741293152, 1.39071251030956, 3.31394142048111, 2.83681279543615, 0.477128625044962, 192.778363636359, 191.905376344092, 185.741108669107, 183.568108514418
6/8/2018, 191.97, 193.08, 191.72, 192.74, 145096, 1.11995114767364, 2.95356478025357, 1.92593377579831, 0.948963399844732, 1.36796447325912, 3.38560172158287, 2.9465705806655, 0.439031140917376, 193.486181818177, 192.670344086028, 186.404989010987, 183.845073937406
6/11/2018, 192.89, 193.43, 192.47, 192.99, 143152, 1.08744709566551, 2.70728460980814, 1.78513886584247, 0.863081914138856, 1.3932783213415, 3.42310649627424, 3.04187776378725, 0.381228732486997, 193.905636363631, 193.315591397856, 187.050717948716, 184.130683613502
6/12/2018, 193.72, 194.06, 192.83, 193.76, 168596, 1.06070961108001, 2.583654380842, 2.4350127730278, 0.956854981538754, 1.40759157485386, 3.47490531979281, 3.12848327498836, 0.346422044804451, 194.226363636359, 193.840774193555, 187.740041514039, 184.424076534098
6/13/2018, 194.17, 194.31, 192.69, 192.97, 92867, 1.05377488485629, 2.15187650207349, 2.13825396786457, 0.792702633833953, 1.37425574013861, 3.41286843998782, 3.18536030798825, 0.227508131999567, 194.403090909086, 194.231806451619, 188.30738217338, 184.672572639059
6/14/2018, 193.63, 193.94, 192.52, 193.86, 175464, 1.03311458038885, 2.19776173866451, 2.03234664375712, 0.815059543737305, 1.38573660274637, 3.39636811034015, 3.22756186845863, 0.168806241881517, 194.282909090904, 194.639053763447, 188.746048840047, 184.933174251742
6/15/2018, 193.32, 194.29, 192.61, 194.29, 202416, 1.0225210403339, 2.06756819521536, 1.91071612983534, 0.797139351421473, 1.40199167652959, 3.37903744625334, 3.25785698401757, 0.121180462235763, 194.226909090904, 194.9190967742, 189.226219780218, 185.200985103184
6/18/2018, 193.3, 194.91, 192.69, 194.9, 163979, 1.02530698963648, 2.09765021141633, 2.51868575215431, 0.895562245184356, 1.38577397079522, 3.37561271004566, 3.28140812922319, 0.0942045808224687, 194.505090909086, 195.294881720437, 189.714402930401, 185.482152521525
6/19/2018, 193.92, 194.52, 191.91, 194.52, 116505, 1.05280030673526, 2.26041749176499, 2.50884591133167, 0.827770270844797, 1.32342440428163, 3.30414760093657, 3.28595602356587, 0.0181915773707075, 194.682363636359, 195.61933333334, 190.04843223443, 185.75746207462
6/20/2018, 195.48, 196.17, 194.77, 196.06, 234659, 1.03438324942791, 2.58938628215278, 2.41648789803972, 0.864225811125004, 1.33158596262196, 3.33335131772077, 3.29543508239685, 0.0379162353239222, 195.511272727268, 196.144623655921, 190.469496947495, 186.053638376383
6/21/2018, 196.42, 196.42, 193.59, 194.13, 141601, 1.06532282948897, 1.79928860308412, 2.09103335229669, 0.813236319013519, 1.33499980110672, 3.16428469904494, 3.26920500572647, -0.104920306681525, 195.222545454541, 196.36086021506, 190.823076923075, 186.318635506355
6/22/2018, 195.16, 195.17, 192.58, 193.28, 91829, 1.08350871711641, 1.44476751939042, 1.88137031755741, 0.864366320756857, 1.30149921833603, 2.92795860522148, 3.20095572562547, -0.272997120403991, 194.709818181814, 196.46774193549, 191.127980463978, 186.567791444581
6/25/2018, 192.75, 192.75, 188.92, 189.98, 277278, 1.16196197811373, 0.722623221150418, 1.52638249399921, 0.739157104234546, 1.21876455265401, 2.44618792082733, 3.05000216466584, -0.603814243838513, 193.077636363632, 196.111290322587, 191.341340659338, 186.758118354516
6/26/2018, 190.17, 191.89, 189.59, 191.32, 109743, 1.15624116543981, 0.692605720821033, 1.44635401619893, 0.751216975818377, 1.23997838213279, 2.14775005788803, 2.86955174331028, -0.721801685422246, 192.226545454541, 195.811440860222, 191.635645909644, 186.965356020226
6/27/2018, 191.86, 191.86, 188.01, 188.12, 144064, 1.21944214747686, 0.415191007366485, 0.86368275544978, 0.775943385533556, 1.08423705157518, 1.63418477999667, 2.62247835064756, -0.988293570650884, 190.245090909087, 195.017784946243, 191.782664224662, 187.141029383627
6/28/2018, 188.01, 189.64, 187.2, 189.34, 106379, 1.21543986449868, 0.504503334050295, 0.919687086971567, 1.28862850551209, 1.08250621946197, 1.3105175704807, 2.36008619461419, -1.04956862413349, 189.127636363632, 194.48533333334, 191.944158730156, 187.341987426541
6/29/2018, 189.94, 190.49, 188.93, 188.96, 85804, 1.19826849463892, 0.445346645509557, 1.0958971452042, 1.16188347038493, 1.05596288148259, 1.01168408643849, 2.09040577297905, -1.07872168654055, 188.211454545451, 193.943784946243, 192.093721611719, 187.526595052617
7/2/2018, 187.57, 191.17, 187.57, 191.17, 857470, 1.21935227289649, 0.70763815023678, 1.40272664961664, 1.27053249397183, 1.11925331556074, 0.942322421317783, 1.86078910264679, -0.918466681329011, 188.471454545451, 193.684301075276, 192.322097680095, 187.741545442121
7/3/2018, 192.02, 192.23, 191.2, 191.23, 141178, 1.18573652308289, 0.696953367820338, 1.42595469118522, 1.67326053151989, 1.1008986284669, 0.882026844128433, 1.66503665094312, -0.783009806814689, 188.879636363633, 193.496000000007, 192.592837606835, 187.957432827661
7/5/2018, 192.48, 193.72, 191.28, 193.72, 266170, 1.17623877526163, 0.660078454190039, 1.8074178876136, 1.6845403750492, 1.11824118728797, 1.02336761021513, 1.53670284279752, -0.513335232582392, 190.635454545451, 193.496752688179, 192.984334554332, 188.222679240125
7/6/2018, 194, 195.63, 193.39, 195.28, 167133, 1.16585378311399, 1.12541671815284, 2.04002053724136, 1.66079959699357, 1.17592517091971, 1.24688681315806, 1.47873963686963, -0.231852823711574, 192.671818181815, 193.674408602157, 193.375133089131, 188.512366817001
7/9/2018, 196.33, 196.63, 195.49, 196.61, 184360, 1.13440074476463, 1.10081150398945, 2.04779362331605, 1.7060463406812, 1.19851355983782, 1.51389602557023, 1.48577091460975, 0.0281251109604816, 194.934909090906, 193.963010752695, 193.738427350425, 188.814213475468
7/10/2018, 197.07, 197.07, 194.6, 195.54, 205403, 1.14673623763305, 0.678827791398724, 2.01617844338833, 1.47168698868115, 1.16794947628658, 1.62048277574422, 1.51271328683665, 0.107769488907576, 195.986727272724, 194.047849462373, 194.013604395602, 189.10336968703
