Date,INR_Open,INR_High,INR_Low,INR_Close,INR_Volume,INR_ATRPercentOfClose20,INR_SQN25,INR_SQN50,INR_SQN100,INR_SQN200,INR_MACD,INR_MACD_Avg,INR_MACD_Diff,INR_LinReg10,INR_LinReg30,INR_LinReg90,INR_LinReg270
1/17/2017, 37.97, 37.97, 37.97, 37.97, 460, 0, 0, 0, 0, 0, 0, 0, 0, 37.97, 37.97, 37.97, 37.97
1/26/2017, 38.25, 38.25, 38.25, 38.25, 102, 0, 0, 0, 0, 0, 0.0223361823361827, 0.00446723646723655, 0.0178689458689462, 38.25, 38.25, 38.25, 38.25
1/30/2017, 38.4, 38.7, 38.3, 38.3, 3600, 0, 0, 0, 0, 0, 0.0435701008920404, 0.0122878093521973, 0.0312822915398431, 38.3383333333333, 38.3383333333333, 38.3383333333333, 38.3383333333333
1/31/2017, 38.3, 38.54, 38.17, 38.42, 1900, 0, 0, 0, 0, 0, 0.0692824860752097, 0.0236867446967998, 0.0455957413784099, 38.445, 38.445, 38.445, 38.445
2/1/2017, 38.46, 38.51, 38.46, 38.51, 404, 0, 0, 0, 0, 0, 0.0958174603802533, 0.0381128878334905, 0.0577045725467628, 38.54, 38.54, 38.54, 38.54
2/2/2017, 38.44, 38.55, 38.44, 38.55, 400, 0, 0, 0, 0, 0, 0.118705916483854, 0.0542314935635633, 0.0644744229202911, 38.6047619047619, 38.6047619047619, 38.6047619047619, 38.6047619047619
2/6/2017, 38.61, 38.65, 38.61, 38.65, 600, 0, 0, 0, 0, 0, 0.143262901562366, 0.0720377751633239, 0.0712251263990422, 38.6839285714286, 38.6839285714286, 38.6839285714286, 38.6839285714286
2/7/2017, 39.37, 39.37, 39.37, 39.37, 402, 0, 0, 0, 0, 0, 0.218305976463625, 0.101291415423384, 0.117014561040241, 39.0291666666667, 39.0291666666667, 39.0291666666667, 39.0291666666667
2/14/2017, 39.34, 39.34, 39.34, 39.34, 299, 0, 0, 0, 0, 0, 0.272219428577557, 0.135477018054219, 0.136742410523338, 39.2402222222222, 39.2402222222222, 39.2402222222222, 39.2402222222222
3/8/2017, 39.07, 39.07, 39.07, 39.07, 200, 0, 0, 0, 0, 0, 0.289818635463661, 0.166345341536107, 0.123473293927554, 39.2869090909091, 39.2869090909091, 39.2869090909091, 39.2869090909091
3/13/2017, 40, 40, 40, 40, 120, 0, 0, 0, 0, 0, 0.374492445582817, 0.207974762345449, 0.166517683237368, 39.6210909090909, 39.6113636363636, 39.6113636363636, 39.6113636363636
3/14/2017, 40.14, 40.14, 40.14, 40.14, 102, 0, 0, 0, 0, 0, 0.447732696296306, 0.255926349135621, 0.191806347160686, 39.9489090909091, 39.8864102564103, 39.8864102564103, 39.8864102564103
3/17/2017, 39.96, 40.68, 39.96, 40.28, 5301, 0, 0, 0, 0, 0, 0.51118038336476, 0.306977155981448, 0.204203227383311, 40.232, 40.1271428571429, 40.1271428571429, 40.1271428571429
3/20/2017, 39.98, 40.67, 39.94, 40.28, 8614, 0, 0, 0, 0, 0, 0.555064692226196, 0.356594663230398, 0.198470028995798, 40.431090909091, 40.3074285714286, 40.3074285714286, 40.3074285714286
3/24/2017, 40, 40, 40, 40, 102, 0, 0, 0, 0, 0, 0.560785279599386, 0.397432786504196, 0.163352493095191, 40.45, 40.37625, 40.37625, 40.37625
3/27/2017, 39.99, 40.6, 39.99, 40.49, 5201, 0, 0, 0, 0, 0, 0.597964824924823, 0.437539194188321, 0.160425630736502, 40.5649090909091, 40.5383088235294, 40.5383088235294, 40.5383088235294
3/29/2017, 40.43, 40.43, 40.43, 40.43, 201, 0, 0, 0, 0, 0, 0.615493359582359, 0.473130027267129, 0.14236333231523, 40.5732727272727, 40.6521568627451, 40.6521568627451, 40.6521568627451
3/30/2017, 40.53, 40.53, 40.53, 40.53, 127, 0, 0, 0, 0, 0, 0.630189580643602, 0.504541937942424, 0.125647642701179, 40.6630909090909, 40.7618713450292, 40.7618713450292, 40.7618713450292
4/3/2017, 40.7, 40.7, 40.7, 40.7, 102, 0, 0, 0, 0, 0, 0.648083319872285, 0.533250214328396, 0.114833105543889, 40.7423636363637, 40.8821052631579, 40.8821052631579, 40.8821052631579
4/4/2017, 40.2, 40.56, 40.2, 40.43, 1502, 0, 0, 0, 0, 0, 0.633178604796491, 0.553235892422015, 0.0799427123744763, 40.6001818181818, 40.929, 40.929, 40.929
4/5/2017, 39.86, 40.8, 39.86, 40.6, 6755, 0, 0, 0, 0, 0, 0.627846664440284, 0.568158046825669, 0.0596886176146153, 40.6285454545455, 40.9955844155844, 40.9955844155844, 40.9955844155844
4/10/2017, 40.6, 40.93, 40.6, 40.76, 1901, 0.887346663395486, 0, 0, 0, 0, 0.629277803312888, 0.580381998123113, 0.0488958051897757, 40.7074545454546, 41.0764822134387, 41.0764822134387, 41.0764822134387
4/11/2017, 41.05, 41.05, 40.46, 40.46, 400, 0.922141312407315, 0, 0, 0, 0, 0.599296185012918, 0.584164835501074, 0.015131349511844, 40.6769090909091, 41.0941304347826, 41.0941304347826, 41.0941304347826
4/13/2017, 40.48, 40.48, 40.48, 40.48, 142, 0.878071779273714, 0, 0, 0, 0, 0.570572168566933, 0.581446302114246, -0.0108741335473124, 40.6434545454545, 41.1100333333333, 41.1100333333333, 41.1100333333333
4/17/2017, 40.68, 41.08, 40.68, 41.01, 2049, 0.896540559467202, 0, 0, 0, 0, 0.583844552621308, 0.581925952215658, 0.00191860040564984, 40.7261818181818, 41.2015076923077, 41.2015076923077, 41.2015076923077
4/19/2017, 40.6, 40.6, 40.6, 40.6, 103, 0.91080719030942, 1.74603249148617, 0, 0, 0, 0.554883092235173, 0.576517380219561, -0.0216342879843884, 40.7101818181818, 41.2195726495727, 41.2195726495727, 41.2195726495727
4/25/2017, 40.8, 41.95, 40.8, 41.39, 4453, 1.0118345815471, 1.90378546448101, 0, 0, 0, 0.588888978345921, 0.578991699844833, 0.00989727850108757, 40.9490909090909, 41.3442328042328, 41.3442328042328, 41.3442328042328
4/27/2017, 40.98, 41.3, 40.98, 41.26, 656, 1.01395641453521, 1.77979803430838, 0, 0, 0, 0.598450410730742, 0.582883442022015, 0.0155669687087269, 41.1107272727272, 41.4345073891626, 41.4345073891626, 41.4345073891626
5/1/2017, 41.38, 41.38, 41.38, 41.38, 298, 0.974964948780486, 1.77449721577212, 0, 0, 0, 0.608694263331607, 0.588045606283933, 0.0206486570476738, 41.308, 41.528275862069, 41.528275862069, 41.528275862069
5/2/2017, 41.45, 41.45, 41.45, 41.45, 614, 0.933096431882019, 1.75851916522793, 0, 0, 0, 0.615367432596308, 0.593509971546408, 0.0218574610498999, 41.4383636363636, 41.6187096774194, 41.6187096774194, 41.6187096774194
5/8/2017, 41.2, 41.2, 41.2, 41.2, 670, 0.922160309379471, 1.55940358070265, 0, 0, 0, 0.593639944896616, 0.59353596621645, 0.000103978680165984, 41.4607272727272, 41.6414408602151, 41.666935483871, 41.666935483871
5/10/2017, 40.84, 40.84, 40.84, 40.84, 302, 0.927849033034097, 1.25616821553009, 0, 0, 0, 0.541133908153022, 0.583055554603764, -0.0419216464507425, 41.3579999999999, 41.6163225806452, 41.6655681818182, 41.6655681818182
5/17/2017, 42.42, 42.42, 41.45, 41.5, 616, 1.0577996815339, 1.2241560938861, 0, 0, 0, 0.546479504343623, 0.575740344551736, -0.0292608402081131, 41.418909090909, 41.6615698924731, 41.7393582887701, 41.7393582887701
5/25/2017, 41.3, 41.3, 41.3, 41.3, 850, 1.03398916330446, 1.12025169376807, 0, 0, 0, 0.528485546893599, 0.566289385020108, -0.0378038381265097, 41.3579999999999, 41.6687956989248, 41.7819159663866, 41.7819159663866
6/2/2017, 41.52, 41.52, 41.52, 41.52, 361, 1.00357815082491, 1.42204704377677, 0, 0, 0, 0.525914947217444, 0.558214497459576, -0.0322995502421313, 41.4343636363635, 41.6913548387097, 41.8431428571429, 41.8431428571429
6/9/2017, 41.59, 41.59, 41.59, 41.59, 199, 0.960210064465926, 1.05515482568691, 0, 0, 0, 0.523491657474381, 0.551269929462537, -0.027778271988156, 41.4250909090908, 41.7060430107527, 41.9048198198199, 41.9048198198199
6/14/2017, 41.49, 41.5, 41.05, 41.06, 1400, 0.989731606236751, 0.585357060312412, 0, 0, 0, 0.473348149470851, 0.5356855734642, -0.0623374239933483, 41.3367272727272, 41.6405376344086, 41.9046088193457, 41.9046088193457
6/15/2017, 41.34, 41.34, 40.96, 40.96, 243, 0.988927264757738, 0.437169272357726, 0, 0, 0, 0.420690436368702, 0.5126865460451, -0.0919961096763984, 41.2058181818181, 41.5947956989248, 41.8931578947369, 41.8931578947369
6/16/2017, 41.25, 41.25, 41.19, 41.19, 625, 0.969437672402357, 0.573083612413378, 0, 0, 0, 0.392987778680478, 0.488746792572176, -0.0957590138916976, 41.1947272727272, 41.5659784946237, 41.9043461538462, 41.9043461538462
6/19/2017, 41.5, 41.5, 41.5, 41.5, 124, 0.951435682890131, 0.939011989290635, 0, 0, 0, 0.391534268768844, 0.469304287811509, -0.0777700190426656, 41.3150909090908, 41.546559139785, 41.9434512195122, 41.9434512195122
6/21/2017, 40.94, 41.24, 40.77, 41.07, 1200, 1.00219994638284, 0.374373973816504, 0, 0, 0, 0.351631555661228, 0.445769741381453, -0.0941381857202247, 41.2341818181817, 41.5189032258065, 41.9379094076655, 41.9379094076655
6/22/2017, 41.37, 41.41, 41.37, 41.41, 400, 0.985325626854534, 0.607978255713827, 0, 0, 0, 0.343484056153422, 0.425312604335847, -0.0818285481824252, 41.2058181818181, 41.5368172043011, 41.9631672203765, 41.9631672203765
6/23/2017, 40.99, 41.11, 40.98, 41.11, 800, 0.99518894423848, 0.362959599594349, 0, 0, 0, 0.309254715443281, 0.402101026557334, -0.0928463111140528, 41.1747272727272, 41.5178064516129, 41.9586152219874, 41.9586152219874
6/28/2017, 41.1, 41.1, 40.74, 41.04, 2521, 0.992120044414272, 0.221530400900986, 0, 0, 0, 0.273328540067034, 0.376346529259274, -0.10301798919224, 41.1007272727272, 41.4845591397849, 41.9474545454546, 41.9474545454546
6/29/2017, 41.27, 41.55, 41.2, 41.2, 3001, 1.00074699736951, 0.481607464177661, 0, 0, 0, 0.254829929272915, 0.352043209262002, -0.0972132799890866, 41.1401818181817, 41.4480430107527, 41.9501352657005, 41.9501352657005
6/30/2017, 40.67, 40.98, 40.62, 40.98, 3762, 1.02657973345638, 0.246733822887148, 0, 0, 0, 0.219882813359874, 0.325611130081576, -0.105728316721703, 41.1350909090908, 41.4085376344086, 41.9333765032378, 41.9333765032378
7/3/2017, 41.35, 42.04, 41.08, 41.64, 3941, 1.08707434205548, 0.508922677141914, 0, 0, 0, 0.242646379942428, 0.309018180053747, -0.0663718001113185, 41.2852727272726, 41.4456129032258, 41.9715691489362, 41.9715691489362
7/5/2017, 40.59, 40.94, 40.59, 40.94, 2820, 1.17861472454887, 0.276657307772483, 0, 0, 0, 0.201875426353915, 0.287589629313781, -0.0857142029598654, 41.1419999999999, 41.3927311827957, 41.9498469387756, 41.9498469387756
7/6/2017, 41.13, 41.66, 41.13, 41.14, 2202, 1.20174677884976, 0.369430846451148, 0, 0, 0, 0.18358621284321, 0.266788946019666, -0.0832027331764567, 41.114909090909, 41.3739139784946, 41.9448571428572, 41.9448571428572
7/7/2017, 41.42, 41.42, 40.69, 41.05, 1630, 1.23307842528101, 0.0441194512125246, 0, 0, 0, 0.159985419205562, 0.245428240656845, -0.0854428214512838, 41.1214545454544, 41.3228387096774, 41.9326352941177, 41.9326352941177
7/10/2017, 41.68, 41.68, 41.01, 41.1, 3900, 1.25150792919455, 0.30095167556845, 1.37081099703449, 0, 0, 0.143660177247796, 0.225074627975036, -0.0814144507272398, 41.083818181818, 41.2854408602151, 41.9244871794872, 41.9244871794872
7/11/2017, 41.25, 41.26, 41.2, 41.21, 1700, 1.20517173247758, -0.0906030216173267, 1.29735805330927, 0, 0, 0.138007521272364, 0.207661206634501, -0.0696536853621373, 41.1505454545453, 41.269440860215, 41.9245718432511, 41.9245718432511
7/12/2017, 41.14, 41.41, 40.97, 41.41, 1600, 1.19251076408189, 0.11133016277345, 1.35553179125838, 0, 0, 0.147960482872548, 0.195721061882111, -0.0477605790095622, 41.2372727272726, 41.2559139784946, 41.9388259958072, 41.9388259958072
7/18/2017, 41.45, 41.83, 41.4, 41.83, 700, 1.17290885019363, 0.285679145736132, 1.4599231225618, 0, 0, 0.187576501415457, 0.19409214978878, -0.00651564837332322, 41.4387272727271, 41.2908817204301, 41.9819595959596, 41.9819595959596
7/20/2017, 41.25, 41.5, 41.25, 41.35, 1760, 1.19733103611656, -0.0357800573466295, 1.19919697947906, 0, 0, 0.178186470343206, 0.190911013899665, -0.0127245435564589, 41.4632727272726, 41.2915698924731, 41.9879675324676, 41.9879675324676
7/24/2017, 41.07, 41.25, 41.07, 41.19, 1075, 1.17587172678438, 0.0153096831448703, 1.11446973891316, 0, 0, 0.156035460581826, 0.183935903236097, -0.0279004426542712, 41.3803636363635, 41.2424301075269, 41.982030075188, 41.982030075188
7/25/2017, 41.78, 41.81, 41.2, 41.78, 5639, 1.17550140270312, 0.546446367138515, 1.27860780971469, 0, 0, 0.183968026032808, 0.18394232779544, 2.56982373685044E-05, 41.621818181818, 41.3170107526882, 42.0163520871144, 42.0163520871144
7/26/2017, 41.09, 41.32, 41.09, 41.28, 2600, 1.21382815345662, -0.104619099261165, 0.801761065208805, 0, 0, 0.163869973026792, 0.17992785684171, -0.0160578838149183, 41.542909090909, 41.3169677419355, 42.0146230274694, 42.0146230274694
7/27/2017, 41.6, 41.84, 41.16, 41.65, 3957, 1.2245254469617, 0.21821830479456, 0.952614952619891, 0, 0, 0.175771840637161, 0.1790966536008, -0.00332481296363923, 41.6132727272726, 41.3717419354839, 42.0370508474577, 42.0370508474577
7/28/2017, 41.5, 41.5, 41.38, 41.38, 800, 1.20351403148036, -0.0568091891265123, 0.959508729664991, 0, 0, 0.16155510625056, 0.175588344130752, -0.0140332378801919, 41.5445454545454, 41.3951827956989, 42.0402513661203, 42.0402513661203
7/31/2017, 41.61, 41.94, 41.32, 41.56, 6406, 1.21297738430039, 0.00498529173475867, 0.69286961409687, 0, 0, 0.162934529665606, 0.173057581237723, -0.0101230515721173, 41.5299999999999, 41.4252473118279, 42.0544156530936, 42.0544156530936
8/1/2017, 41.7, 42.1, 41.18, 41.54, 4208, 1.26361995876139, 0.302180222278266, 0.624351768145463, 0, 0, 0.16056302915414, 0.170558670821006, -0.00999564166686612, 41.5054545454545, 41.4264516129032, 42.0661751152074, 42.0661751152074
8/2/2017, 41.78, 42.3, 41.68, 42.1, 4400, 1.27473240932543, 0.659282137860119, 0.780083739514636, 0, 0, 0.201547602495246, 0.176756457155854, 0.0247911453393919, 41.6963636363636, 41.5381935483871, 42.1116666666667, 42.1116666666667
8/3/2017, 41.8, 42.54, 41.8, 41.85, 601, 1.30664092499333, 0.388454186244997, 0.674848732145868, 0, 0, 0.211418164486204, 0.183688798621924, 0.02772936586428, 41.8472727272727, 41.6010107526882, 42.1391105769231, 42.1391105769231
8/4/2017, 42.35, 42.8, 41.23, 41.63, 5603, 1.43643470034644, 0.0940614564631525, 0.705791982154395, 0, 0, 0.199192329413741, 0.186789504780288, 0.0124028246334532, 41.8250909090908, 41.6470322580645, 42.1515384615385, 42.1515384615385
8/7/2017, 42.4, 42.9, 41.75, 42.24, 4524, 1.49523763604761, 0.660832386028273, 0.740074164303895, 0, 0, 0.236004654306676, 0.196632534685565, 0.0393721196211106, 41.9663636363636, 41.7744086021505, 42.1991361374944, 42.1991361374944
8/8/2017, 42.4, 42.85, 41.88, 42.13, 2725, 1.53930443530307, 0.417931434744044, 0.72057764594694, 0, 0, 0.253381778888816, 0.207982383526215, 0.0453993953626003, 42.1303636363636, 41.8483010752688, 42.2375504828798, 42.2375504828798
8/9/2017, 42.4, 42.86, 41.85, 41.91, 3879, 1.59051183646749, 0.467916962250638, 0.588822776030805, 0, 0, 0.246558935995743, 0.215697694020121, 0.0308612419756224, 42.0992727272726, 41.8807096774194, 42.2610485933504, 42.2610485933504
8/10/2017, 41.25, 42, 41.25, 41.82, 2876, 1.60390802278897, 0.457325000080014, 0.483317716159581, 0, 0, 0.231224128190682, 0.218802980854233, 0.0124211473364489, 42.0767272727272, 41.9109032258064, 42.2779627329193, 42.2779627329193
8/11/2017, 41.83, 41.9, 41.83, 41.89, 1042, 1.53071525035529, 0.406843724108485, 0.626624934498047, 0, 0, 0.222158690415306, 0.219474122766448, 0.00268456764885791, 42.0150909090908, 41.9665806451613, 42.297661971831, 42.297661971831
8/14/2017, 41.81, 42.16, 41.8, 42, 1800, 1.49322806536938, 0.597283699223796, 0.600787039453131, 0, 0, 0.221299345258927, 0.219839167264944, 0.00146017799398368, 41.9996363636363, 42.0050322580645, 42.3221830985916, 42.3221830985916
8/15/2017, 42.08, 42.08, 41.94, 41.94, 1600, 1.43728659533234, 0.199984921031937, 0.510819277981846, 0, 0, 0.213317814492434, 0.218534896710442, -0.00521708221800749, 41.9354545454545, 42.0525376344086, 42.3419824961949, 42.3419824961949
8/16/2017, 41.72, 42.23, 41.72, 42.23, 1800, 1.41642931133854, 0.87329465660895, 0.754432077981223, 0, 0, 0.227767409310793, 0.220381399230512, 0.00738601008028117, 42.0616363636363, 42.1134193548387, 42.3761384672344, 42.3761384672344
8/17/2017, 41.9, 41.9, 41.6, 41.66, 738, 1.4396308047752, 0.34281643364018, 0.503212627078323, 0, 0, 0.191022591469782, 0.214509637678366, -0.0234870462085843, 41.9338181818181, 42.0900860215053, 42.3782378378379, 42.3782378378379
8/18/2017, 41.85, 41.89, 41.7, 41.7, 1487, 1.39391530840739, 0.424921506790481, 0.310332492520077, 0, 0, 0.163247904084727, 0.204257290959638, -0.0410093868749111, 41.7861818181817, 42.0784946236559, 42.3820666666667, 42.3820666666667
8/21/2017, 41.75, 41.78, 41.73, 41.78, 662, 1.33125789714119, 0.442813084131974, 0.518707344976808, 0, 0, 0.146008500531359, 0.192607532873982, -0.0465990323426237, 41.7843636363636, 42.0591612903225, 42.3895933014354, 42.3895933014354
8/22/2017, 41.92, 41.92, 41.62, 41.75, 1356, 1.3015319088726, 0.355537141344715, 0.184077897994854, 0, 0, 0.128444768396598, 0.179774979978506, -0.0513302115819076, 41.7752727272727, 42.0748602150537, 42.395004995005, 42.395004995005
8/23/2017, 41.88, 41.88, 41.8, 41.8, 698, 1.25052653913061, 0.262794629485689, 0.262882889866532, 0, 0, 0.117208855545755, 0.167261755091955, -0.0500528995462006, 41.7601818181818, 42.0495268817204, 42.4024505030834, 42.4024505030834
8/24/2017, 41.78, 41.84, 41.73, 41.78, 2200, 1.20173309882423, -0.0135923295514834, 0.201826083588736, 0, 0, 0.105474634872927, 0.15490433104815, -0.049429696175223, 41.7261818181818, 42.029440860215, 42.4083417721519, 42.4083417721519
8/25/2017, 41.8, 41.99, 41.8, 41.99, 361, 1.16094280603555, 0.449486963854603, 0.261332506782575, 0, 0, 0.111831303748936, 0.146289725588307, -0.0344584218393711, 41.780909090909, 42.0258709677419, 42.4240555555556, 42.4240555555556
8/29/2017, 42.2, 43.1, 42.2, 42.41, 1400, 1.22283869380243, 0.820200671687679, 0.546360909695476, 0, 0, 0.149041442569185, 0.146840068984483, 0.00220137358470268, 41.9972727272727, 42.0728602150537, 42.4592381812707, 42.4592381812707
8/30/2017, 41.95, 41.95, 41.69, 41.69, 900, 1.26811128697417, -0.0377105396401065, 0.385432816578295, 0, 0, 0.119060309820725, 0.141284117151731, -0.0222238073310062, 41.9305454545454, 42.027376344086, 42.4582339112548, 42.4582339112548
8/31/2017, 42.08, 42.08, 42.08, 42.08, 470, 1.23988074088059, 0.536702885311944, 0.274680717204722, 0, 0, 0.125325116814714, 0.138092317084328, -0.0127672002696133, 42.0701818181818, 42.0416129032258, 42.4755163511188, 42.4755163511188
9/5/2017, 42.76, 42.76, 42.76, 42.76, 100, 1.23866867393458, 0.6900800403758, 0.626243312617811, 0, 0, 0.18305024916824, 0.14708390350111, 0.0359663456671294, 42.3389090909091, 42.1658064516129, 42.5236890756303, 42.5236890756303
9/6/2017, 41.65, 41.75, 41.62, 41.62, 2000, 1.34592020356969, 0.146055280814248, 0.0696797818607832, 0, 0, 0.135250278799433, 0.144717178560775, -0.00946689976134207, 42.1618181818182, 42.1073548387096, 42.5169876880985, 42.5169876880985
9/8/2017, 41.86, 42.07, 41.86, 41.98, 775, 1.32125628701624, 0.2342234644941, 0.176991696079871, 0, 0, 0.124976794564049, 0.140769101761429, -0.0157923071973809, 42.1294545454545, 42.0821720430107, 42.5268083400161, 42.5268083400161
9/12/2017, 42.27, 42.27, 42.27, 42.27, 402, 1.28088530831547, 0.38541142526746, 0.489253508814171, 0, 0, 0.138637434612519, 0.140342768331647, -0.00170533371912798, 42.1803636363637, 42.1280215053763, 42.5491483803553, 42.5491483803553
9/14/2017, 41.65, 41.65, 41.57, 41.57, 610, 1.32152684347775, -0.232199903800589, 0.258004824712987, 0, 0, 0.0919198456520576, 0.130658183795729, -0.0387383381436719, 41.9710909090909, 42.0485591397849, 42.5391368743616, 42.5391368743616
9/15/2017, 41.97, 42.13, 41.71, 41.71, 1315, 1.31836675471593, -0.0435585817997644, 0.224283450374975, 0, 0, 0.0654383175986837, 0.11761421055632, -0.0521758929576366, 41.8187272727273, 42.0096559139784, 42.5355131086142, 42.5355131086142
9/18/2017, 41.85, 41.93, 41.85, 41.93, 641, 1.27211122042074, 0.171034303370264, 0.190548715465442, 0, 0, 0.0614948033962008, 0.106390329124296, -0.0448955257280956, 41.7881818181819, 41.9802795698924, 42.5414627594628, 42.5414627594628
9/20/2017, 41.59, 41.66, 41.51, 41.66, 900, 1.26674609454223, -0.268858222865233, 0.252597802153426, 0, 0, 0.0361658984979911, 0.0923454429990354, -0.0561795445010443, 41.7516363636364, 41.9250967741935, 42.4994334554335, 42.5353344481606
9/22/2017, 41.71, 41.78, 41.49, 41.49, 1018, 1.24328778461552, -0.299561369710382, 0.0622714905493706, 0, 0, 0.00234791433560133, 0.0743459372663486, -0.0719980229307472, 41.5532727272728, 41.8463655913978, 42.4534920634921, 42.5219915848528
9/25/2017, 41.5, 41.5, 41.49, 41.49, 510, 1.18232850504973, -0.190167592515881, 0.175829257043296, 0, 0, -0.0241744141601146, 0.0546418669810559, -0.0788162811411705, 41.4438181818183, 41.8052903225806, 42.4062881562882, 42.5089773507207
9/27/2017, 41.6, 41.6, 41.49, 41.49, 1907, 1.13646828611201, -0.144665175785683, 0.202514119923928, 0, 0, -0.0446785243586447, 0.0347777887131158, -0.0794563130717605, 41.5025454545455, 41.7514838709677, 42.359413919414, 42.4962799552072
9/29/2017, 41.5, 41.5, 41.5, 41.5, 180, 1.08058953569272, -0.175261237992059, 0.145605341130584, 0, 0, -0.059436120390437, 0.0159350068924052, -0.0753711272828422, 41.4060000000001, 41.6866021505375, 42.3127277167278, 42.484302631579
10/4/2017, 41.49, 41.49, 41.49, 41.49, 189, 1.0280125920628, -0.23672956167024, 0.226262107156901, 0, 0, -0.0711187255960866, -0.00147573960529311, -0.0696429859907935, 41.3845454545455, 41.6619569892472, 42.2643028083029, 42.4721950171822
10/11/2017, 40.49, 40.58, 40.49, 40.58, 394, 1.12172573490516, -0.614638819266188, -0.361862128729982, 0, 0, -0.152053886647849, -0.0315913690138043, -0.120462517634045, 41.1334545454546, 41.5193548387096, 42.1761684981686, 42.4234209972649
10/13/2017, 41.29, 41.29, 41.29, 41.29, 100, 1.13329253587621, -0.388786047084697, 0.162753736441077, 0, 0, -0.157093640900399, -0.0566918233911232, -0.100401817509276, 41.0798181818182, 41.4621720430107, 42.1336556776558, 42.4047680890539
10/16/2017, 41.24, 41.24, 40.99, 41.2, 540, 1.11538753315564, -0.184778686151782, 0.0551100211527901, 0, 0, -0.16643141256948, -0.0786397412267946, -0.0877916713426855, 41.0383636363637, 41.3915698924731, 42.0851355311357, 42.3830505050506
10/17/2017, 41.29, 41.29, 41.27, 41.27, 580, 1.06872469221497, -0.170641973108234, 0.114544597618288, 0, 0, -0.166266630685485, -0.0961651191185326, -0.0701015115669519, 41.0929090909092, 41.3385161290322, 42.0323125763127, 42.3647128712872
10/18/2017, 39.6, 41.1, 39.6, 40.99, 1979, 1.22593204794648, -0.334171307406375, -0.00775240415544516, 0.906670746949745, 0, -0.186578933987938, -0.114247882092414, -0.0723310518955247, 41.0327272727274, 41.2612688172043, 41.9863052503054, 42.3359522422831
10/23/2017, 41.3, 43.07, 41.1, 41.1, 720, 1.41455977890657, -0.269329163130775, -0.00764315285589485, 0.856008460798524, 0, -0.191591947299116, -0.129716695133754, -0.061875252165362, 41.013090909091, 41.2004946236559, 41.9474920634922, 42.3122977346279
10/24/2017, 41.2, 41.6, 41.1, 41.3, 796, 1.39785681761276, -0.199190838823474, -0.00744552830576263, 0.895254850259815, 0, -0.177381721861437, -0.139249700479291, -0.0381320213821461, 41.0838181818183, 41.1898494623656, 41.9198290598292, 42.2969772218073
10/25/2017, 41.42, 42.15, 41.32, 42.15, 1090, 1.40201452524404, 0.183156542267119, 0.146000600500447, 1.06638093482596, 0, -0.0964206424232472, -0.130683888868082, 0.0342632464448349, 41.4585454545455, 41.2550537634408, 41.928573870574, 42.3142802197802
10/27/2017, 40.03, 41.22, 40.03, 41.22, 800, 1.61912097591181, -0.273015789870856, -0.00905100583546937, 0.773425360124082, 0, -0.106078820727532, -0.125762875239972, 0.0196840545124398, 41.4780000000001, 41.2017634408602, 41.8890744810746, 42.2959766397125
10/31/2017, 41.35, 42.35, 41.32, 42.35, 600, 1.63053502469257, 0.011725322739638, 0.405224926260954, 1.01508410259349, 0, -0.0222944439490931, -0.105069188981796, 0.0827747450327032, 41.901090909091, 41.3002795698924, 41.9089645909647, 42.3202080761771
11/2/2017, 41.38, 41.38, 41.38, 41.38, 100, 1.70252538378308, -0.0758678199081101, -0.0846194551601405, 0.731694611909532, 0, -0.0337762633511787, -0.0908106038556728, 0.0570343405044941, 41.7601818181819, 41.2700430107527, 41.8837582417584, 42.3077933541018
11/3/2017, 41.46, 41.98, 41.46, 41.98, 200, 1.66574500623861, -9.65893659437863E-05, 0.254237285064408, 0.695022164985865, 0, 0.00547617174235171, -0.0715532487360679, 0.0770294204784196, 41.9249090909092, 41.3216559139785, 41.8863052503054, 42.317590893646
11/6/2017, 41.62, 41.67, 41.2, 41.2, 300, 1.70707710179131, -0.503078246140926, -0.0958600219669609, 0.506680076743186, 0, -0.026055124657212, -0.0624536239202967, 0.0363984992630847, 41.7645454545455, 41.2718064516129, 41.8574725274727, 42.2987439532945
11/8/2017, 41.5, 41.5, 41.5, 41.5, 202, 1.64614452443643, -0.0124739788970917, 0.0762933813862382, 0.646601686264473, 0, -0.0265305833787295, -0.0552690158119833, 0.0287384324332538, 41.7218181818183, 41.2777634408602, 41.8353870573872, 42.2911547911548
11/10/2017, 41.1, 41.1, 41.1, 41.1, 102, 1.62771892642107, -0.295864989023498, -0.0980176598361192, 0.32344024958647, 0, -0.0585095828513786, -0.0559171292198624, -0.00259245363151628, 41.4723636363637, 41.2641290322581, 41.7988107448109, 42.2694868082368
11/14/2017, 41.02, 41.1, 39.75, 39.75, 1486, 1.76866126999021, -0.826329683777936, -0.46416658748047, -0.0412045525972779, 0, -0.190589886337349, -0.0828516806433598, -0.10773820569399, 40.7725454545456, 41.0396559139785, 41.7064126984129, 42.2008233249052
11/17/2017, 41.68, 43.22, 41.68, 43.22, 852, 1.9467624064786, 0.402961168459093, 0.274333776109223, 0.585519342765312, 0, -0.0150905242669594, -0.0692994493680797, 0.0542089251011203, 41.385090909091, 41.2939784946236, 41.7597680097682, 42.2553935724266
11/20/2017, 43.4, 43.4, 42.14, 42.14, 591, 2.04632457635513, 0.145164902638177, 0.116289621178909, 0.394518962197148, 0, 0.0364271015633122, -0.0481541391818013, 0.0845812407451135, 41.6898181818183, 41.4492473118279, 41.7643369963372, 42.270820747521
11/21/2017, 41.5, 41.5, 41.5, 41.5, 392, 2.05109666904156, -0.0329486349107444, 0.0364784293786309, 0.333259839092605, 0, 0.0253206591048283, -0.0334591795244754, 0.0587798386293037, 41.5880000000001, 41.4513118279569, 41.7514920634923, 42.2637256371814
11/27/2017, 41.7, 41.83, 41.7, 41.83, 500, 1.972615017379, 0.0914414997837917, -0.0169429886478646, 0.302963439705295, 0, 0.0426552622031124, -0.0182362911789578, 0.0608915533820703, 41.8109090909092, 41.5200215053763, 41.7436019536022, 42.2679929266136
11/28/2017, 41.78, 41.78, 41.78, 41.78, 500, 1.88221067180745, 0.116454923314881, -0.00567551294142285, 0.305039095279117, 0, 0.0517618001040105, -0.00423667292236417, 0.0559984730263747, 41.8509090909092, 41.602688172043, 41.7501807081809, 42.2703650586702
12/1/2017, 41.59, 44, 40.21, 44, 852, 2.12856417669794, 0.52612488560627, 0.425495296157235, 0.627239410049831, 0, 0.235400691050828, 0.0436907998722742, 0.191709891178553, 42.7560000000001, 41.9235268817204, 41.8506251526253, 42.3468936048996
12/4/2017, 41.7, 42, 40.2, 40.21, 1431, 2.68525199169296, -0.127141246020531, -0.163917254128323, 0.0151664485793389, 0, 0.0742585037179779, 0.0498043406414149, 0.024454163076563, 42.0856363636365, 41.7571397849462, 41.7860610500613, 42.2953109243698
12/5/2017, 42.48, 42.87, 42.48, 42.87, 402, 2.70294573027001, 0.277593744112093, 0.219525723812467, 0.410574588450678, 0, 0.159354983685489, 0.0717144692502298, 0.0876405144352593, 42.448181818182, 41.9526021505376, 41.8401831501834, 42.3327066115703
12/6/2017, 42.52, 44.58, 42.52, 42.56, 502, 2.82851314106771, 0.2354322180074, 0.162629772346777, 0.348032540046125, 0, 0.199480659059631, 0.0972677072121101, 0.102212951847521, 42.5489090909092, 42.0846666666666, 41.8741587301589, 42.3588321365669
12/7/2017, 42.5, 42.5, 42, 42, 500, 2.78958198380118, 0.289642303989035, 0.0948953468784584, 0.254316793466321, 0, 0.183972505474586, 0.114608666864605, 0.0693638386099804, 42.1065454545456, 42.1285376344086, 41.8746593406595, 42.3660015993603
12/11/2017, 41.72, 41.85, 40.91, 40.94, 1400, 2.85183979368996, 0.0323949702953162, -0.0885928206331687, 0.155914515303103, 0, 0.0851672853669285, 0.10872039056507, -0.0235531051981413, 41.8692727272729, 42.034623655914, 41.8426422466424, 42.3388381851561
12/12/2017, 41.78, 42, 41, 42, 1498, 2.76706202609485, 0.197759269497484, 0.134043535216607, 0.289860937844666, 0, 0.0913436253353836, 0.105245037519133, -0.013901412183749, 41.9065454545456, 42.078752688172, 41.8529255189257, 42.3461432258065
12/14/2017, 42.35, 43.64, 42.25, 42.3, 695, 2.80391902697836, 0.229767122567878, 0.168766496879908, 0.258561991185612, 0, 0.119073309067531, 0.108010691828812, 0.0110626172387186, 41.927090909091, 42.1583225806451, 41.8806984126986, 42.3626590476191
12/15/2017, 42.32, 43.67, 42.31, 43.63, 800, 2.73952523720205, 0.449364890147604, 0.330172752292145, 0.474245830188017, 0, 0.245538750064888, 0.135516303476027, 0.110022446588861, 42.4294545454547, 42.4008172043011, 41.9675921855924, 42.4203724534434
12/18/2017, 42.36, 44, 42.09, 43.04, 1490, 2.86011179819166, 0.353408038326866, 0.258278478697942, 0.300809204756064, 0, 0.294757671073477, 0.167364576995517, 0.127393094077959, 42.6198181818183, 42.4939784946236, 42.0154236874239, 42.4580733267717
12/19/2017, 42.1, 42.11, 42.1, 42.11, 300, 2.88872598443269, 0.198132136297681, 0.131127709256246, 0.201815597006309, 0, 0.255772407805857, 0.185046143157585, 0.0707262646482718, 42.864181818182, 42.5006021505376, 42.0189304029306, 42.4659556686047
12/21/2017, 41.62, 41.7, 40.87, 40.89, 2003, 2.97779502676052, -0.0858968242643635, -0.0249879760140235, 0.033938505012096, 0, 0.12499167552717, 0.173035249631502, -0.0480435741043323, 42.032181818182, 42.3411397849462, 41.9733772893775, 42.436161001789
12/22/2017, 40.89, 41.82, 40.87, 41.71, 1201, 2.88717182239333, 0.154531253766011, 0.0561699282656822, 0.128618243644265, 0, 0.0865168376959815, 0.155731567244398, -0.0692147295484165, 41.9783636363638, 42.2923870967742, 41.9707765567768, 42.4320328831474
12/26/2017, 42.16, 42.16, 42.16, 42.16, 102, 2.76690559479185, 0.0601715868837177, 0.0603957759514517, 0.215313002967124, 0, 0.0912842230111934, 0.142842098397757, -0.0515578753865637, 42.0812727272729, 42.2792258064516, 41.978136752137, 42.4415301873699
12/27/2017, 43.75, 43.89, 42.49, 43.89, 300, 2.72203469771254, 0.422500005098362, 0.366229057995718, 0.4627939069051, 0, 0.231984775916153, 0.160670633901436, 0.0713141420147169, 42.6916363636365, 42.4853548387096, 42.0678754578757, 42.5025438596492
12/28/2017, 42.63, 43.89, 42.63, 43.42, 1211, 2.7590188332214, 0.279154598490455, 0.259800156678652, 0.327315555571598, 0, 0.302083673195909, 0.188953241760331, 0.113130431435578, 42.8245454545456, 42.6271827956989, 42.1285860805863, 42.5479216698463
12/29/2017, 42.61, 43.8, 42.45, 43.68, 850, 2.75999926400067, 0.421602011203334, 0.206636187331841, 0.382069235581956, 0, 0.37430265342141, 0.226023124092547, 0.148279529328863, 43.1240000000002, 42.8449892473118, 42.1974139194141, 42.5997313432836
1/2/2018, 42.69, 44.15, 42.42, 43.59, 646, 2.82585293551209, 0.368163815268526, 0.340682982470123, 0.344709466552578, 0, 0.419439431051977, 0.264706385484433, 0.154733045567544, 43.3607272727275, 42.979505376344, 42.2639291819294, 42.6475032679739
1/3/2018, 42.7, 43.96, 42.6, 43.21, 600, 2.86553999041942, 0.373562412919331, 0.247484782191785, 0.291679806516521, 0, 0.419709676420055, 0.295707043671557, 0.124002632748498, 43.6618181818184, 43.1258494623656, 42.3071941391944, 42.6829325890941
1/5/2018, 42.32, 42.32, 41.54, 41.56, 1000, 3.03125562648513, 0.340767261834187, 0.00587595703940288, 0.16024224247725, 0, 0.283514459242113, 0.293268526785668, -0.00975406754355534, 43.2978181818184, 42.992623655914, 42.2913675213678, 42.6697429387496
1/8/2018, 42.42, 42.51, 41.62, 41.69, 1400, 2.9846494277977, -0.157938214556132, 0.109593424002561, 0.187933524674488, 0, 0.183948241119879, 0.27140446965251, -0.0874562285326317, 42.8734545454548, 42.9147311827956, 42.2657264957267, 42.6605432175999
1/9/2018, 42.47, 42.55, 41.39, 42.55, 500, 2.91441910487994, 0.140354017093252, 0.199416491939665, 0.261430215183371, 0, 0.172448232720761, 0.251613222266161, -0.0791649895453995, 42.5250909090911, 42.8958279569892, 42.2815726495729, 42.6759886947585
1/12/2018, 43.38, 43.88, 43.36, 43.62, 1009, 2.85323489837253, 0.402378436444069, 0.301183109737147, 0.346377371766749, 0, 0.246829157961095, 0.250656409405147, -0.0038272514440526, 42.6198181818184, 43.0239784946236, 42.3411575091577, 42.7212310030395
1/16/2018, 43.31, 43.36, 43.04, 43.26, 849, 2.80016645755107, 0.296317344842695, 0.291633580211766, 0.356934588189392, 0, 0.273573995024478, 0.255239926529014, 0.0183340684954643, 42.5760000000002, 43.0661075268817, 42.3842344322346, 42.7551882928778
1/17/2018, 43.27, 44.53, 43.22, 43.33, 900, 2.8070260998379, 0.314683626373677, 0.321363249128127, 0.324366835345748, 0, 0.296994320415735, 0.263590805306358, 0.0334035151093768, 42.8423636363639, 43.0131827956989, 42.4312332112334, 42.7901999409041
1/18/2018, 43.21, 43.21, 43.09, 43.09, 200, 2.70937616293055, -0.0713254494967964, 0.292400072352621, 0.332867627425809, 0, 0.292813728395608, 0.269435389924208, 0.0233783384713999, 42.9623636363639, 43.1380430107527, 42.4706324786327, 42.8176515151515
1/22/2018, 41.93, 41.93, 41.92, 41.92, 400, 2.78529742169951, 0.409280615808653, 0.149773326435781, 0.20555635632344, 0, 0.192868093868199, 0.254121930713006, -0.0612538368448068, 42.7481818181821, 43.0432903225806, 42.4669914529917, 42.8122107279693
1/23/2018, 42.03, 42.15, 42.03, 42.15, 424, 2.6588774501011, -0.120673541624053, 0.176684996210515, 0.213276244940317, 0, 0.130712760903791, 0.229440096751163, -0.0987273358473724, 42.6914545454548, 42.9364731182795, 42.4626715506718, 42.8131138403401
1/25/2018, 42.22, 42.57, 41.63, 42.57, 1287, 2.61141884650395, 0.0521568087831426, 0.228880687597383, 0.287806701662714, 0, 0.114030232103708, 0.206358123821672, -0.0923278917179637, 42.7823636363639, 42.900752688172, 42.4725689865692, 42.825320100643
1/30/2018, 43.29, 44.91, 43.29, 43.79, 712, 2.67891516969375, 0.458909965417861, 0.487317867654608, 0.34681014871718, 0, 0.196982322279105, 0.204482963513159, -0.00750064123405367, 42.9996363636367, 43.0117204301075, 42.5478949938952, 42.8700349328921
1/31/2018, 43.88, 44.99, 43.55, 43.93, 1220, 2.70075598718063, 0.764903121590771, 0.415443681488253, 0.445401045157913, 0, 0.270896554498812, 0.217765681710289, 0.0531308727885225, 43.1696363636367, 43.2754838709677, 42.6167570207572, 42.9173825503356
2/1/2018, 43.72, 45.16, 43.72, 45.16, 702, 2.6552701503765, 0.782232440349771, 0.565534203302889, 0.553208907702463, 0, 0.423839083394604, 0.258980362047152, 0.164858721347452, 43.814363636364, 43.4430967741935, 42.7456654456657, 42.9962523489933
2/5/2018, 44, 44, 44, 44, 100, 2.72082727253301, 0.434443787851101, 0.421922798327476, 0.436278488659862, 0, 0.446300163487948, 0.296444322335311, 0.149855841152636, 44.1300000000004, 43.6089247311827, 42.8152967032969, 43.0426048565122
2/7/2018, 42.19, 42.58, 41.23, 42.58, 1200, 2.9962559885364, -0.183386687685411, 0.289492143877771, 0.272622637500779, 0, 0.345535480786296, 0.306262554025508, 0.0392729267607878, 43.862363636364, 43.5666236559139, 42.824937728938, 43.0505803415824
2/8/2018, 41.92, 43.7, 41.22, 43.53, 2493, 3.06918334464245, 0.160370271705593, 0.385070206144999, 0.363554864288195, 0, 0.338434541566635, 0.312696951533734, 0.025737590032901, 43.9740000000004, 43.6073978494623, 42.8749133089135, 43.0830624355005
2/12/2018, 45.09, 45.11, 43, 43, 1807, 3.19701101029469, 0.254039185653151, 0.300103481338654, 0.283011230857154, 0, 0.286735121476397, 0.307504585522266, -0.0207694640458692, 43.8436363636367, 43.5003870967741, 42.9127081807084, 43.1010202869026
2/13/2018, 43.3, 45.16, 43, 44.55, 1915, 3.17391469743071, 0.87625744560608, 0.372709683897832, 0.399560740628662, 0, 0.366608964750704, 0.319325461367954, 0.0472835033827498, 44.0196363636368, 43.6474193548387, 43.0120415140417, 43.1583778801843
2/16/2018, 42.12, 42.55, 41.13, 41.4, 1466, 3.65768127492781, 0.00427665969202724, 0.128019906562302, 0.118808755796784, 0, 0.173728255467026, 0.290206020187768, -0.116477764720742, 43.0100000000004, 43.3983225806451, 42.9668156288159, 43.1338759305211
2/20/2018, 42.25, 43.2, 41, 43.2, 1402, 3.58464362367849, 0.251054028237135, 0.2001660770307, 0.321864726261781, 0, 0.164220825054258, 0.265008981161066, -0.100788156106808, 42.7470909090913, 43.4720860215053, 43.0139951159953, 43.1555675322554
2/22/2018, 43.09, 44.41, 42.5, 42.5, 1904, 3.68620645448859, -0.189138432047656, 0.231558768671616, 0.189452706607394, 0, 0.0990600653285512, 0.231819197994563, -0.132759132666012, 42.4520000000004, 43.4204731182795, 43.0274285714288, 43.1590502297831
2/23/2018, 42.74, 42.98, 41.02, 42.48, 1713, 3.73424165724992, -0.108826914338447, 0.163037289285378, 0.239560392731457, 0, 0.0452838568217544, 0.194512129760001, -0.149228272938247, 42.2483636363641, 43.3078064516128, 43.0348278388281, 43.1618915691426
2/26/2018, 42.58, 44.27, 42.53, 42.98, 1471, 3.71449642438292, -0.0629277694453184, 0.303739234825073, 0.25159761659756, 0, 0.0425214842671764, 0.164114000661436, -0.12159251639426, 42.5425454545459, 43.1748602150537, 43.0616654456657, 43.1770691823899
2/28/2018, 41.01, 41.99, 40.98, 41.93, 812, 3.85563089682755, -0.235053748193297, 0.156205593584237, 0.172918525917769, 0, -0.043888026814237, 0.122513595166302, -0.166401621980539, 42.3609090909096, 42.9498709677419, 43.0433113553116, 43.1658501552795
3/1/2018, 41.91, 41.91, 41.91, 41.91, 100, 3.66698337696922, -0.171554760831437, 0.198488950807639, 0.152139782775084, 0, -0.112683079350226, 0.0754742602629961, -0.188157339613223, 42.0012727272732, 42.7509247311827, 43.0264981684984, 43.154320220842
3/2/2018, 42, 42, 42, 42, 406, 3.48688356338907, 0.147839108984348, 0.363806634425525, 0.163465125644219, 0, -0.158118712199219, 0.0287556657705532, -0.186874377969772, 41.8992727272732, 42.6803440860214, 43.0123516483519, 43.1451798833599
3/5/2018, 41.06, 42.15, 41.03, 42.15, 4013, 3.43360982631611, 0.151426836577165, -0.028180371036307, 0.120940725415102, 0, -0.179948695631339, -0.0129852065098252, -0.166963489121514, 41.826545454546, 42.6096559139784, 43.0111623931627, 43.1398234325902
3/7/2018, 44.32, 45.42, 42.5, 42.5, 314, 3.61977226988854, 0.0519861578504829, 0.142116176362122, 0.182371400647661, 0, -0.167081033697741, -0.0438043719474084, -0.123276661750333, 42.2310909090914, 42.6089032258064, 43.0126642246645, 43.1429822616408
3/8/2018, 42.51, 44.45, 42.49, 42.6, 1800, 3.66075834264671, -0.138148276493903, 0.232716473488374, 0.21526793454427, 0, -0.147118266841545, -0.0644671509262358, -0.0826511159153094, 42.1520000000005, 42.6224516129031, 43.018810744811, 43.1484205914567
3/9/2018, 43.09, 43.67, 43, 43.05, 1400, 3.56564204708275, 0.0197214410084843, 0.245994740452282, 0.197798796055079, 0, -0.09390392509561, -0.0703545057601106, -0.0235494193354994, 42.5229090909096, 42.6741505376343, 43.0457460317463, 43.1644354664166
3/12/2018, 41.94, 44.55, 41.94, 43.67, 832, 3.63810042639264, 0.125936124290771, 0.325360303797608, 0.27081172211836, 0, -0.00168295734485469, -0.0566201960770594, 0.0549372387322047, 42.9761818181823, 42.6955483870967, 43.0981855921859, 43.1947797262618
3/14/2018, 44.4, 44.42, 43.36, 44.42, 302, 3.51715563573927, 0.312559463712647, 0.145892678189582, 0.366609395849628, 0, 0.130418176446703, -0.0192125215723069, 0.14963069801901, 43.6207272727278, 42.8071612903225, 43.1831135531138, 43.2421400394478
3/15/2018, 43.34, 44.41, 42, 42, 800, 3.82191549220384, 0.0808354087355121, 0.335551470044458, 0.137583807716419, 0, 0.0393815356686105, -0.00749371012412343, 0.0468752457927339, 43.4234545454551, 42.6514408602149, 43.1598949938953, 43.2316985729203
3/20/2018, 41.73, 41.85, 41.16, 41.85, 900, 3.74419183127678, 0.0112635598593152, -0.0643003681482377, 0.115603476890059, 0, -0.0443580721850907, -0.0148665825363169, -0.0294914896487738, 43.0178181818187, 42.551569892473, 43.1346251526254, 43.2179174406605
3/21/2018, 41.78, 41.91, 41.17, 41.91, 600, 3.64017434340221, -0.0544467292588713, -0.0114045889603513, 0.110615084207942, 0, -0.104674197173772, -0.0328281054638079, -0.0718460917099638, 42.6332727272732, 42.4467311827956, 43.1214139194142, 43.2057541139671
3/22/2018, 41.95, 42, 40.51, 41.26, 1300, 3.6932070139454, -0.403105612306434, -0.0257432353810033, 0.0515393874229932, 0, -0.202589403963493, -0.066780365163745, -0.135809038799748, 42.0421818181823, 42.2727956989246, 43.0641562881565, 43.1787988977013
3/23/2018, 41.88, 42.3, 41.24, 41.98, 1242, 3.57462208970028, -0.287905292671011, 0.236410017655143, 0.0953545563592668, 0, -0.21955898872509, -0.0973360898760141, -0.122222898849076, 41.7701818181823, 42.187569892473, 43.0473528693531, 43.1688379509667
3/28/2018, 44.25, 44.26, 42.97, 44.22, 1082, 3.48167126999858, -0.0851788972459033, 0.389898397210279, 0.365965141830834, 0, -0.051662692014375, -0.0882014103036863, 0.0365387182893112, 42.3512727272732, 42.3157204301074, 43.1436483516486, 43.210078817734
3/29/2018, 43.08, 44.56, 42.5, 42.5, 2864, 3.68380066779695, -0.178066461916069, 0.114615718134472, 0.200800240791766, 0, -0.0567392379872942, -0.0819089758404078, 0.0251697378531137, 42.2643636363641, 42.2261290322579, 43.1383565323568, 43.2114714285715
4/2/2018, 44.5, 44.55, 42.24, 42.24, 709, 3.79458929834995, 0.0097508689064121, -0.103368639622074, 0.168386379349649, 0, -0.0808107285588093, -0.0816893263840882, 0.000878597825278826, 42.1830909090914, 42.1292903225805, 43.1290549450552, 43.2069279661017
4/3/2018, 44.53, 45.3, 43.59, 45.3, 772, 3.69910108971714, 0.338496588608678, 0.369514689680341, 0.444751077138718, 0, 0.145353325592382, -0.0362807959887942, 0.181634121581176, 43.3270909090914, 42.5041720430106, 43.2597655677658, 43.2709947311623
4/4/2018, 41.5, 41.5, 41.5, 41.5, 100, 4.29375458785487, -0.116758156919865, 0.0298288448021125, 0.109948358237512, 0, 0.0177570338237416, -0.025473230026287, 0.0432302638500287, 43.219454545455, 42.3964946236558, 43.2065958485961, 43.2490835477999
4/5/2018, 42, 42, 42, 42, 100, 4.09003034824234, -0.260429185020087, 0.234960348974699, 0.15585081477422, 0, -0.0425278903120727, -0.0288841620834442, -0.0136437282286285, 42.9598181818186, 42.4499354838708, 43.1784444444447, 43.2386294227188
4/6/2018, 42, 42, 42, 42, 112, 3.88552883083022, 0.171053199583907, 0.135439878449634, 0.137411688398146, 0, -0.0892750201585173, -0.0409623336984588, -0.0483126864600585, 42.6701818181823, 42.4464301075268, 43.1549694749697, 43.2283296500921
4/9/2018, 42.11, 42.43, 41.43, 42.43, 1800, 3.7716851366987, -0.045568895582093, 0.132695191542194, 0.138273168894076, 0, -0.0905808908911041, -0.0508860451369879, -0.0396948457541162, 42.5329090909096, 42.4157204301074, 43.1442393162396, 43.2276054884342
4/10/2018, 41.43, 42.66, 41.43, 41.46, 2284, 3.8152670123642, -0.089774391119816, -0.190786854590976, 0.116474771817178, 0, -0.167950665500499, -0.07429896920969, -0.0936516962908085, 41.9021818181823, 42.3262365591397, 43.0867667887671, 43.2057052783282
4/11/2018, 42.55, 42.8, 42.55, 42.8, 564, 3.66756826672871, 0.126346683383556, 0.0280609266553237, 0.199435411322737, 0, -0.119759455687344, -0.0833910665052208, -0.0363683891821232, 41.867454545455, 42.3847956989246, 43.0878901098904, 43.2132270135424
4/12/2018, 44.89, 44.89, 42.42, 43.25, 2643, 3.73348730000437, 0.118209728135083, 0.0507886120003178, 0.179034381423938, 0, -0.0447405938030983, -0.0756609719647963, 0.0309203781616981, 42.391454545455, 42.605075268817, 43.1077240537243, 43.2302655699177
4/13/2018, 44.48, 44.48, 44.48, 44.48, 125, 3.58699773918457, 0.463388804311268, 0.202154223086159, 0.379979756956395, 0, 0.112664390223621, -0.0379958995271128, 0.150660289750734, 43.0492727272732, 42.7798064516128, 43.1802564102567, 43.2733199651264
4/16/2018, 43.6, 43.89, 42.73, 42.73, 800, 3.75198166316366, 0.202349754631582, 0.0487708084614348, 0.202856646333268, 0, 0.0951023191308948, -0.0113762557955113, 0.106478574926406, 42.9425454545459, 42.8326236559138, 43.1738876678879, 43.2781927433731
4/17/2018, 41.3, 43.03, 41.19, 42.53, 2373, 3.79746220652796, 0.159198257642744, 0.216406359522632, 0.161034279319984, 0, 0.0643046586550469, 0.00375992709460034, 0.0605447315604465, 43.3520000000005, 42.8164301075268, 43.1376459096462, 43.2786869951075
4/18/2018, 41.44, 43.48, 41.44, 42.5, 1452, 3.85013562968123, 0.132264111293866, 0.197334723407952, 0.218693005841446, 0, 0.037049458468509, 0.0104178333693821, 0.026631625099127, 43.1421818181823, 42.7949032258063, 43.1144420024423, 43.2784954407295
4/19/2018, 43, 43.07, 42.83, 43.03, 927, 3.67881073781965, 0.158271889625542, 0.157235738612496, 0.251403689349991, 0, 0.0575526553768384, 0.0198447977708733, 0.0377078576059651, 43.1609090909096, 42.8738279569891, 43.1115189255192, 43.2893929267614
4/20/2018, 43.75, 44.5, 42.11, 42.11, 3152, 3.85500509964286, 0.00887990016504645, -0.075233569859192, 0.154602706173332, 0, -0.000429770468500124, 0.0157898841229987, -0.0162196545914988, 42.8056363636369, 42.765698924731, 43.0685958485961, 43.280832185175
4/23/2018, 42.41, 43.95, 41.62, 41.62, 2506, 3.98528475513366, -0.129463307823484, -0.0920848384942101, 0.135789415212449, 0, -0.0849410184046633, -0.00435629638253374, -0.0805847220221295, 42.3610909090914, 42.5929032258063, 42.9974163614166, 43.2622038612566
4/24/2018, 42.05, 42.05, 42, 42, 402, 3.80295652221975, -0.162738525355221, -0.054473189693742, 0.183298716499372, 0, -0.119872155466858, -0.0274594681993986, -0.0924126872674594, 41.8980000000005, 42.476193548387, 42.9448302808305, 43.2517271157168
4/25/2018, 41.53, 41.53, 40.63, 40.63, 1225, 3.90322336294777, -0.468697036129363, -0.187368013680143, 0.0654148005872106, 0, -0.255161540282337, -0.0729998826159863, -0.182161657666351, 41.2001818181824, 42.1956559139784, 42.8361440781443, 43.2132247209017
4/26/2018, 43.47, 43.47, 43.47, 43.47, 214, 3.79246760926477, 0.288862839213705, 0.277766375967429, 0.306022844325794, 0, -0.131696966673012, -0.0847392994273914, -0.0469576672456203, 41.6918181818187, 42.3086021505375, 42.8709792429795, 43.233479777954
4/27/2018, 41.5, 41.5, 41.5, 41.5, 100, 4.01122020785549, 0.0389750718470021, 0.0379675955855386, 0.146096429375429, 0, -0.190615640150924, -0.105914567572098, -0.0847010725788257, 41.7369090909096, 42.1719999999999, 42.7980683760686, 43.2132339089482
4/30/2018, 41.1, 41.1, 41.1, 41.1, 200, 3.89640770546722, -0.0245234417663146, -0.0521651686849811, 0.113829606550193, 0, -0.266513567916789, -0.138034367641036, -0.128479200275753, 41.4563636363642, 42.0217419354838, 42.732578754579, 43.1852082254222
5/2/2018, 41.35, 41.35, 40.75, 40.75, 309, 3.80699972662497, 0.0155901516650803, -0.224990887880932, 0.160169690769174, 0, -0.350860792600407, -0.18059965263291, -0.170261139967497, 41.1038181818187, 41.8809892473117, 42.6311501831504, 43.1505876019074
5/3/2018, 40.52, 40.71, 40.5, 40.71, 792, 3.65090830058878, -0.0907795910155631, -0.244414461445952, 0.0969042396335792, 0, -0.416137270143402, -0.227707176135009, -0.188430094008393, 40.828545454546, 41.8039999999999, 42.5417680097683, 43.1157372722197
5/4/2018, 40.56, 40.56, 40.5, 40.5, 759, 3.51227291533631, -0.452205847795764, -0.401886951494637, 0.0866490713968286, 0, -0.479289641208219, -0.278023669149651, -0.201265972058568, 40.6843636363642, 41.5629677419353, 42.4268034188037, 43.0772718592965
5/7/2018, 40.9, 41.08, 40.41, 40.41, 1750, 3.42699085418373, -0.234733086581475, -0.293942800741763, 0.0731650128898728, 0, -0.530485491572868, -0.328516033634294, -0.201969457938574, 40.4630909090915, 41.3101935483869, 42.3150842490845, 43.0376552238806
5/8/2018, 40.42, 40.42, 40.42, 40.42, 191, 3.25607286978442, -0.195031137591997, -0.14228995876881, 0.0973711346137434, 0.25307269622311, -0.56375306104291, -0.375563439116017, -0.188189621926892, 40.2400000000006, 41.0719784946235, 42.1957118437121, 42.99888921728
5/9/2018, 40.5, 41.31, 40.5, 40.87, 3693, 3.16809254041723, -0.651545355085227, -0.196405129081698, 0.126347734858949, 0.261722070101547, -0.547495423892173, -0.409949836071248, -0.137545587820924, 40.3138181818188, 40.8571397849461, 42.0665079365082, 42.9696044481296
5/10/2018, 40.87, 40.95, 40.21, 40.21, 600, 3.15110532256925, -0.211622875413182, -0.215155541553099, 0.0540412331738538, 0.220808681649752, -0.581168267447666, -0.444193522346532, -0.136974745101134, 39.9472727272734, 40.6090752688171, 41.984744810745, 42.9278817733991
5/14/2018, 40.6, 41.1, 40.6, 40.79, 2904, 3.06007962170836, -0.190853961944414, -0.322712127412974, 0.032952957569604, 0.246771424739431, -0.554659318467522, -0.46628668157073, -0.0883726368967919, 40.3720000000006, 40.5953548387095, 41.9065396825399, 42.8981305595409
5/15/2018, 40.23, 40.52, 39.52, 39.52, 350, 3.16117447826442, -0.442367662350902, -0.137631861987861, 0.00177750264640299, 0.168237955997585, -0.628879836292569, -0.498805312515098, -0.130074523777471, 40.1101818181825, 40.3279569892471, 41.7595873015875, 42.8442557423633
5/17/2018, 39.61, 39.61, 39.61, 39.61, 100, 3.00765298187224, -0.510537146236031, -0.356247149204653, -0.0847277329834735, 0.17109228554779, -0.672683605684931, -0.533580971149064, -0.139102634535867, 39.9074545454552, 40.0738709677418, 41.6253528693531, 42.7929984522303
5/21/2018, 40.38, 40.38, 39.21, 39.21, 674, 3.03561535020049, -0.409749827566396, -0.325031068069455, -0.0407543049302848, 0.141735921624866, -0.731245720101342, -0.57311392093952, -0.158131799161822, 39.5778181818188, 39.9899999999998, 41.4741489621492, 42.7349029171312
5/23/2018, 40.26, 40.5, 40.26, 40.5, 1157, 2.95123837005662, -0.404305147786781, -0.148264650460808, 0.0226136483786744, 0.173967481081512, -0.665888451110192, -0.591668826973654, -0.0742196241365376, 39.7698181818188, 39.85576344086, 41.4305494505497, 42.7023840633052
5/24/2018, 40.5, 40.53, 39.35, 39.35, 900, 3.03555009626248, -0.718837111179757, -0.352312858721542, -0.0110454884217292, 0.11002867628294, -0.698832032942086, -0.61310146816734, -0.0857305647747454, 39.5340000000007, 39.6153978494622, 41.2550231990234, 42.6485304169515
5/25/2018, 40.1, 40.96, 40.1, 40.93, 3938, 2.96912903673423, -0.604266188364409, -0.0220630159165562, 0.100568568486251, 0.215818420434719, -0.590638747677133, -0.608608924069299, 0.0179701763921661, 39.8887272727279, 39.5926021505375, 41.208302808303, 42.6254276686979
5/30/2018, 40.5, 40.5, 40.5, 40.5, 399, 2.90370688641619, -0.389587311911876, -0.072472788869105, 0.0976165267052778, 0.13829025068806, -0.533442997139886, -0.593575738683417, 0.0601327415435303, 40.0685454545461, 39.5508172043009, 41.1373186813189, 42.5945900026827
6/7/2018, 40.35, 40.35, 40.35, 40.35, 350, 2.78736362961246, -0.381465545634151, -0.101894616062435, 0.197718730965197, 0.12190808074396, -0.494518201167523, -0.573764231180238, 0.0792460300127149, 40.2821818181825, 39.4377849462364, 41.0488424908427, 42.5614270528834
