Date,IXG_Open,IXG_High,IXG_Low,IXG_Close,IXG_Volume,IXG_ATRPercentOfClose20,IXG_SQN25,IXG_SQN50,IXG_SQN100,IXG_SQN200,IXG_MACD,IXG_MACD_Avg,IXG_MACD_Diff,IXG_LinReg10,IXG_LinReg30,IXG_LinReg90,IXG_LinReg270
1/3/2017, 58.43, 58.76, 58.23, 58.56, 157301, 0, 0, 0, 0, 0, 0, 0, 0, 58.56, 58.56, 58.56, 58.56
1/4/2017, 58.82, 59.32, 58.82, 59.32, 94741, 0, 0, 0, 0, 0, 0.0606267806267837, 0.0121253561253567, 0.048501424501427, 59.32, 59.32, 59.32, 59.32
1/5/2017, 59.21, 59.32, 58.91, 59.15, 47266, 0, 0, 0, 0, 0, 0.0938742380337843, 0.0284751325070422, 0.065399105526742, 59.305, 59.305, 59.305, 59.305
1/6/2017, 59.18, 59.32, 59.11, 59.21, 14085, 0, 0, 0, 0, 0, 0.123639348674217, 0.0475079757404773, 0.0761313729337401, 59.327, 59.327, 59.327, 59.327
1/9/2017, 58.95, 59, 58.66, 58.77, 68358, 0, 0, 0, 0, 0, 0.110450881527271, 0.060096556897836, 0.0503543246294349, 59.064, 59.064, 59.064, 59.064
1/10/2017, 58.76, 59.11, 58.76, 58.81, 61724, 0, 0, 0, 0, 0, 0.102050220582775, 0.0684872896348239, 0.0335629309479515, 58.9457142857143, 58.9457142857143, 58.9457142857143, 58.9457142857143
1/11/2017, 58.82, 59.21, 58.61, 59.21, 22946, 0, 0, 0, 0, 0, 0.126214372599669, 0.080032706227793, 0.0461816663718764, 59.0632142857143, 59.0632142857143, 59.0632142857143, 59.0632142857143
1/12/2017, 59.21, 59.21, 58.63, 59.03, 20502, 0, 0, 0, 0, 0, 0.12934908574568, 0.0898959821313704, 0.0394531036143098, 59.0608333333333, 59.0608333333333, 59.0608333333333, 59.0608333333333
1/13/2017, 59.21, 59.62, 59.14, 59.25, 27424, 0, 0, 0, 0, 0, 0.147880851478355, 0.101492956000767, 0.0463878954775878, 59.1417777777778, 59.1417777777778, 59.1417777777778, 59.1417777777778
1/17/2017, 59.06, 59.06, 58.4, 58.44, 78700, 0, 0, 0, 0, 0, 0.0960994046708663, 0.100414245734787, -0.00431484106392087, 58.9169090909091, 58.9169090909091, 58.9169090909091, 58.9169090909091
1/18/2017, 58.36, 58.5, 58.12, 58.43, 942687, 0, 0, 0, 0, 0, 0.0536370243553606, 0.0910588014589019, -0.0374217771035413, 58.6456363636364, 58.7531818181818, 58.7531818181818, 58.7531818181818
1/19/2017, 58.63, 58.63, 58.16, 58.32, 48547, 0, 0, 0, 0, 0, 0.0109826007536924, 0.07504356131786, -0.0640609605641676, 58.4954545454545, 58.6011538461538, 58.6011538461538, 58.6011538461538
1/20/2017, 58.48, 58.69, 58.39, 58.56, 41368, 0, 0, 0, 0, 0, -0.00341596589439064, 0.0593516558754099, -0.0627676217698005, 58.4487272727273, 58.5537362637363, 58.5537362637363, 58.5537362637363
1/23/2017, 58.5, 58.61, 58.22, 58.53, 30498, 0, 0, 0, 0, 0, -0.0170511281868215, 0.0440710990629636, -0.0611222272497851, 58.4358181818182, 58.5108571428572, 58.5108571428572, 58.5108571428572
1/24/2017, 58.54, 59.15, 58.54, 58.95, 66458, 0, 0, 0, 0, 0, 0.00596464070870439, 0.0364498073921117, -0.0304851666834074, 58.5170909090909, 58.58, 58.58, 58.58
1/25/2017, 59.46, 60, 59.46, 59.96, 26032, 0, 0, 0, 0, 0, 0.104498765732728, 0.0500595990602351, 0.0544391666724933, 58.9454545454546, 58.8663235294118, 58.8663235294118, 58.8663235294118
1/26/2017, 60, 60.18, 59.89, 60.04, 54863, 0, 0, 0, 0, 0, 0.186888763791636, 0.0774254320065152, 0.109463331785121, 59.4187272727273, 59.1152941176471, 59.1152941176471, 59.1152941176471
1/27/2017, 60.03, 60.03, 59.74, 59.83, 30614, 0, 0, 0, 0, 0, 0.232557408837316, 0.108451827372675, 0.124105581464641, 59.7381818181819, 59.2757309941521, 59.2757309941521, 59.2757309941521
1/30/2017, 59.43, 59.43, 58.95, 59.33, 115669, 0, 0, 0, 0, 0, 0.225801419527379, 0.131921745803616, 0.0938796737237627, 59.8852727272727, 59.3104736842105, 59.3104736842105, 59.3104736842105
1/31/2017, 59.29, 59.49, 58.91, 59.12, 22125, 0, 0, 0, 0, 0, 0.201182893207317, 0.145773975284356, 0.0554089179229609, 59.7934545454545, 59.2998571428572, 59.2998571428572, 59.2998571428572
2/1/2017, 59.52, 59.7, 59.19, 59.29, 21428, 0, 0, 0, 0, 0, 0.193163445028269, 0.155251869233139, 0.0379115757951299, 59.7212727272727, 59.3205194805195, 59.3205194805195, 59.3205194805195
2/2/2017, 59.2, 59.34, 59, 59.18, 72846, 0.895733355863468, 0, 0, 0, 0, 0.175904179987384, 0.159382331383988, 0.0165218486033963, 59.5421818181819, 59.3188537549407, 59.3188537549407, 59.3188537549407
2/3/2017, 59.74, 60.08, 59.56, 59.96, 31062, 0.914927034689794, 0, 0, 0, 0, 0.222599579969739, 0.172025781101138, 0.0505737988686006, 59.6336363636364, 59.4441304347826, 59.4441304347826, 59.4441304347826
2/6/2017, 59.69, 59.84, 59.49, 59.62, 19838, 0.913553736162362, 0, 0, 0, 0, 0.229525040583034, 0.183525632997517, 0.0459994075855172, 59.5252727272728, 59.4982333333333, 59.4982333333333, 59.4982333333333
2/7/2017, 59.64, 59.64, 59.32, 59.41, 87337, 0.897875274574988, 0, 0, 0, 0, 0.215583164532681, 0.18993713930455, 0.0256460252281312, 59.3689090909091, 59.5128923076923, 59.5128923076923, 59.5128923076923
2/8/2017, 59.26, 59.26, 58.89, 59.15, 104441, 0.900686924080727, 0.307117003626001, 0, 0, 0, 0.181462513330466, 0.188242214109733, -0.00677970077926737, 59.2996363636364, 59.4873504273504, 59.4873504273504, 59.4873504273504
2/9/2017, 59.46, 59.87, 59.36, 59.83, 39550, 0.906098111004618, 0.268237334994807, 0, 0, 0, 0.206906874772258, 0.191975146242238, 0.0149317285300199, 59.5254545454546, 59.5598412698413, 59.5598412698413, 59.5598412698413
2/10/2017, 59.84, 60.07, 59.76, 59.89, 26315, 0.885811612662147, 0.383518268657621, 0, 0, 0, 0.229270327471411, 0.199434182488073, 0.0298361449833385, 59.7414545454546, 59.6313054187192, 59.6313054187192, 59.6313054187192
2/13/2017, 60.15, 60.58, 60.15, 60.43, 59189, 0.891092083538295, 0.601545788210488, 0, 0, 0, 0.287255706908397, 0.216998487372138, 0.070257219536259, 60.0407272727274, 59.7647586206897, 59.7647586206897, 59.7647586206897
2/14/2017, 60.41, 60.91, 60.3, 60.88, 73372, 0.890378775916692, 1.0419387030252, 0, 0, 0, 0.365309714080873, 0.246660732713885, 0.118648981366988, 60.3934545454547, 59.9398064516129, 59.9398064516129, 59.9398064516129
2/15/2017, 61.04, 61.5, 60.99, 61.45, 71711, 0.888461299982389, 1.26284315331258, 0, 0, 0, 0.4677701503091, 0.290882616232928, 0.176887534076172, 60.8810909090911, 60.1667526881721, 60.1653225806452, 60.1653225806452
2/16/2017, 61.48, 61.55, 61.23, 61.36, 44639, 0.871351850386602, 1.03588920224876, 0, 0, 0, 0.53553521971515, 0.339813136929372, 0.195722082785778, 61.1978181818183, 60.4143010752688, 60.355625, 60.355625
2/17/2017, 60.99, 61.24, 60.8, 61.24, 22594, 0.87512805458419, 1.0705887279651, 0, 0, 0, 0.572951895520852, 0.386440888647668, 0.186511006873184, 61.510181818182, 60.6221290322581, 60.5117647058824, 60.5117647058824
2/21/2017, 61.34, 61.41, 61.16, 61.39, 342353, 0.849701905189754, 1.03576587240088, 0, 0, 0, 0.607703400547891, 0.430693391027713, 0.177010009520178, 61.7365454545457, 60.8395053763441, 60.6684369747899, 60.6684369747899
2/22/2017, 61.12, 61.44, 60.97, 61.42, 19391, 0.845083685470841, 1.60586311412436, 0, 0, 0, 0.63039813069102, 0.470634338960374, 0.159763791730646, 61.8347272727275, 61.0172903225807, 60.812380952381, 60.812380952381
2/23/2017, 61.54, 61.54, 61.21, 61.41, 20625, 0.829828822073573, 1.60615795221063, 0, 0, 0, 0.640197157091585, 0.504546902586616, 0.135650254504968, 61.7678181818184, 61.179376344086, 60.9408258258258, 60.9408258258258
2/24/2017, 60.76, 60.78, 60.56, 60.73, 27015, 0.867146362018132, 1.2209206407069, 0, 0, 0, 0.586333748635141, 0.520904271796321, 0.0654294768388198, 61.4787272727276, 61.2650752688172, 60.9859886201992, 60.9859886201992
2/27/2017, 60.73, 60.85, 60.52, 60.78, 59778, 0.85025845075836, 1.1260281770292, 0, 0, 0, 0.541439810401343, 0.525011379517326, 0.0164284308840172, 61.1698181818185, 61.335311827957, 61.0312955465587, 61.0312955465587
2/28/2017, 60.59, 60.75, 60.53, 60.69, 105465, 0.829539845200832, 1.09483749204962, 0, 0, 0, 0.492916755541231, 0.518592454722107, -0.0256756991808761, 60.889272727273, 61.3975053763441, 61.0629230769231, 61.0629230769231
3/1/2017, 61.51, 62.17, 61.51, 62.03, 70905, 0.890335878526141, 1.3291971507444, 0, 0, 0, 0.556177419049227, 0.526109447587531, 0.0300679714616964, 61.1474545454548, 61.5664301075269, 61.2201463414634, 61.2201463414634
3/2/2017, 61.94, 61.94, 61.26, 61.31, 476115, 0.918547672773246, 0.605510553953733, 0, 0, 0, 0.541966515312765, 0.529280861132578, 0.0126856541801875, 61.2081818181821, 61.6201720430108, 61.2957839721255, 61.2957839721255
3/3/2017, 61.49, 61.87, 61.49, 61.83, 31548, 0.910566875737366, 0.779023924803797, 0, 0, 0, 0.56613784127066, 0.536652257160194, 0.0294855841104655, 61.4381818181821, 61.7139784946237, 61.4122812846069, 61.4122812846069
3/6/2017, 61.48, 61.55, 61.23, 61.47, 113858, 0.918908938189349, 0.712525739852648, 0, 0, 0, 0.54990582780438, 0.539302971289031, 0.010602856515349, 61.4941818181821, 61.7554623655915, 61.4864059196617, 61.4864059196617
3/7/2017, 61.42, 61.47, 61.18, 61.29, 82786, 0.899185279963686, 0.873209759857186, 0, 0, 0, 0.516562730897135, 0.534754923210652, -0.0181921923135171, 61.5054545454549, 61.7533333333334, 61.5381818181818, 61.5381818181818
3/8/2017, 61.69, 61.9, 61.21, 61.29, 175363, 0.910515785911659, 0.973749773879762, 0, 0, 0, 0.484552467156163, 0.524714431999755, -0.0401619648435911, 61.5281818181822, 61.7613978494624, 61.5852657004831, 61.5852657004831
3/9/2017, 61.57, 61.77, 61.3, 61.53, 26255, 0.900621434952045, 0.999902532213767, 0, 0, 0, 0.473096534400064, 0.514390852479816, -0.0412943180797527, 61.6389090909095, 61.8521505376345, 61.648316373728, 61.648316373728
3/10/2017, 61.99, 61.99, 61.48, 61.82, 34968, 0.892825542671779, 1.17470654445312, 0, 0, 0, 0.481863578144988, 0.507885397612851, -0.0260218194678624, 61.7072727272731, 61.9749032258065, 61.7299734042553, 61.7299734042553
3/13/2017, 61.85, 62.04, 61.77, 61.86, 108936, 0.869459283795197, 0.885995915242775, 0, 0, 0, 0.486431904974843, 0.503594699085249, -0.0171627941104062, 61.7400000000004, 62.077247311828, 61.8083418367346, 61.8083418367346
3/14/2017, 61.61, 61.62, 61.33, 61.62, 26505, 0.872208921304647, 0.943783051986707, 0, 0, 0, 0.465322395739264, 0.495940238416052, -0.0306178426767883, 61.6129090909095, 62.1027096774194, 61.8615428571429, 61.8615428571429
3/15/2017, 61.87, 62.08, 61.67, 62.03, 17180, 0.860200516592822, 1.22903178069028, 0, 0, 0, 0.476187339834013, 0.491989658699645, -0.0158023188656317, 61.8447272727277, 62.1514193548388, 61.9422588235294, 61.9422588235294
3/16/2017, 62.32, 62.45, 62.11, 62.32, 26399, 0.847084822561619, 1.50207397667444, 1.27733389589512, 0, 0, 0.502407027203581, 0.494073132400432, 0.0083338948031495, 62.0327272727277, 62.2294838709678, 62.0389819004525, 62.0389819004525
3/17/2017, 62.46, 62.46, 61.81, 61.85, 17412, 0.863392236619856, 0.964875873332643, 0.876688940613113, 0, 0, 0.479731203607614, 0.491204746641868, -0.0114735430342547, 62.1072727272732, 62.2210322580646, 62.0935486211901, 62.0935486211901
3/20/2017, 61.9, 61.9, 61.6, 61.71, 20939, 0.846390687784657, 0.86733247382454, 0.889738759997421, 0, 0, 0.445330131518389, 0.482029823617173, -0.0366996920987833, 62.0603636363641, 62.2295913978495, 62.1336687631027, 62.1336687631027
3/21/2017, 62.07, 62.14, 60.41, 60.54, 49391, 0.96249142510789, 0.0657950539512849, 0.447389527675939, 0, 0, 0.319969404023773, 0.449617739698493, -0.12964833567472, 61.5601818181823, 62.0557419354839, 62.0863097643098, 62.0863097643098
3/22/2017, 60.17, 60.51, 59.86, 60.28, 122172, 0.974714156141839, -0.234724743127001, 0.510500138694714, 0, 0, 0.197365194117467, 0.399167230582287, -0.201802036464821, 61.0110909090914, 61.8289677419356, 62.0228961038961, 62.0228961038961
3/23/2017, 60.27, 60.75, 60.23, 60.39, 21258, 0.967345270170865, -0.441829038822724, 0.532183230222772, 0, 0, 0.107833517477275, 0.340900487961285, -0.23306697048401, 60.6030909090914, 61.5932043010753, 61.9704511278195, 61.9704511278195
3/24/2017, 60.6, 60.76, 60.21, 60.49, 12061, 0.962920843483842, -0.358633172132884, 0.437053673260095, 0, 0, 0.0444359529588638, 0.281607580960801, -0.237171628001937, 60.3498181818188, 61.4074623655915, 61.9274712643678, 61.9274712643678
3/27/2017, 59.86, 60.38, 59.56, 60.36, 29234, 0.993782765593451, -0.363674597272108, 0.454631333643391, 0, 0, -0.0161112665693395, 0.222063811454773, -0.238175078024112, 60.1321818181824, 61.2049677419356, 61.8778024547048, 61.8778024547048
3/28/2017, 60.41, 61.24, 60.41, 61.07, 33092, 1.00516606099001, -0.112112517417382, 0.596582320003869, 0, 0, -0.00672676601086408, 0.176305695961645, -0.183032461972509, 60.193636363637, 61.1255268817205, 61.8774915254237, 61.8774915254237
3/29/2017, 60.86, 61.03, 60.67, 60.9, 41236, 0.990414068594856, -0.19434111908813, 0.83097599080406, 0, 0, -0.0128588323424239, 0.138472790300831, -0.151331622643255, 60.3083636363642, 61.0503870967743, 61.8657049180328, 61.8657049180328
3/30/2017, 60.82, 61.29, 60.82, 61.23, 16874, 0.97420228545738, -0.0531982996546874, 0.936701095670488, 0, 0, 0.00880816790883898, 0.112539865822433, -0.103731697913594, 60.6567272727279, 61.054989247312, 61.8752776308831, 61.8752776308831
3/31/2017, 61.02, 61.1, 60.9, 60.9, 14731, 0.957600749452013, 0.091280868137648, 0.863261134480845, 0, 0, -0.00064142640039222, 0.0899036073778679, -0.0905450337782602, 60.8565454545461, 61.0131397849464, 61.863133640553, 61.863133640553
4/3/2017, 60.71, 60.82, 60.08, 60.57, 13868, 0.982367366015292, -0.0685278639714971, 0.675413397732228, 0, 0, -0.0343624313275583, 0.0650503996367827, -0.099412830964341, 60.9661818181825, 60.9243870967743, 61.8308035714286, 61.8308035714286
4/4/2017, 60.37, 60.56, 60.21, 60.54, 91585, 0.963443868377419, -0.0434588755646361, 0.675745593039966, 0, 0, -0.0627835898166182, 0.0394836017461025, -0.102267191562721, 60.893636363637, 60.8461505376346, 61.7980096153846, 61.7980096153846
4/5/2017, 60.86, 61.01, 59.99, 60.03, 78792, 1.00800511747444, -0.978969499114142, 0.37310472006715, 0, 0, -0.125019157409859, 0.00658304991491013, -0.131602207324769, 60.5929090909098, 60.7106881720432, 61.7359300699301, 61.7359300699301
4/6/2017, 60.03, 60.42, 60.03, 60.24, 20988, 0.986637115569239, -0.54364907111528, 0.118639675884084, 0, 0, -0.155602360995339, -0.0258540322671396, -0.129748328728199, 60.4003636363643, 60.6101720430109, 61.6891994572592, 61.6891994572592
4/7/2017, 60.07, 60.2, 59.96, 60.04, 15797, 0.963745317285083, -0.959698362530138, 0.0248239109119457, 0, 0, -0.193744730060928, -0.0594321718258973, -0.134312558235031, 60.1669090909098, 60.4464946236561, 61.6328841088674, 61.6328841088674
4/10/2017, 60.11, 60.18, 59.83, 59.95, 26329, 0.946123526393771, -0.826423153555131, 0.0651427241818389, 0, 0, -0.228599922576016, -0.0932657219759211, -0.135334200600095, 59.9009090909098, 60.2791827956991, 61.5739514066496, 61.5739514066496
4/11/2017, 59.94, 59.94, 59.49, 59.92, 41034, 0.93765187144428, -0.746399543230608, 0.226762211887599, 0, 0, -0.255696156910332, -0.125751808962803, -0.129944347947529, 59.7889090909099, 60.1074193548389, 61.5159875776397, 61.5159875776397
4/12/2017, 59.79, 59.79, 59.38, 59.51, 15931, 0.94227684641395, -0.959227373701152, 0.158055318899182, 0, 0, -0.306718036723133, -0.161945054514869, -0.144772982208264, 59.5640000000008, 59.9779354838712, 61.4376901408451, 61.4376901408451
4/13/2017, 59.26, 59.53, 58.84, 58.84, 33948, 0.96398963925203, -1.41040925936151, -0.125785987179838, 0, 0, -0.396644375189311, -0.208884918649758, -0.187759456539553, 59.2494545454553, 59.7316989247314, 61.3259976525822, 61.3259976525822
4/17/2017, 59.1, 59.61, 59.1, 59.61, 8892, 0.968547103756249, -1.05258892044288, 0.164994639573159, 0, 0, -0.401154818429887, -0.247338898605784, -0.153815919824104, 59.2652727272736, 59.6337634408604, 61.2613356164384, 61.2613356164384
4/18/2017, 59.21, 59.36, 58.87, 59.21, 25039, 0.988825168251385, -1.25735764615304, -0.222234850253444, 0, 0, -0.432025908508066, -0.28427630058624, -0.147749607921826, 59.1472727272736, 59.4753978494626, 61.178059977786, 61.178059977786
4/19/2017, 59.41, 59.49, 58.97, 59.03, 86400, 0.986293770990281, -1.23443350255696, -0.171210122251626, 0, 0, -0.465648262176053, -0.320550692904203, -0.14509756927185, 59.0352727272736, 59.2967741935486, 61.0889513513514, 61.0889513513514
4/20/2017, 59.55, 59.96, 59.42, 59.87, 37390, 1.0015011731498, -0.943160059080875, 0.173228234979107, 0, 0, -0.419675482147547, -0.340375650752872, -0.079299831394675, 59.193818181819, 59.2393118279572, 61.0476947368422, 61.0476947368422
4/21/2017, 59.87, 60, 59.59, 59.71, 10263, 0.988308180784702, -1.15868451604582, 0.206186797569716, 0, 0, -0.391637828482509, -0.350628086298799, -0.0410097421837096, 59.347818181819, 59.1867096774195, 60.9999077238551, 60.9999077238551
4/24/2017, 61.04, 61.47, 61.04, 61.34, 26877, 1.05740605479168, -0.159021160860493, 0.460134984512119, 0, 0, -0.235179406625484, -0.327538350364136, 0.092358943738652, 60.0538181818191, 59.3720000000002, 61.0371728271729, 61.0371728271729
4/25/2017, 61.72, 62.03, 61.72, 61.81, 40556, 1.05271352581905, 0.0580333894982292, 0.57112418307743, 0, 0, -0.0724250372887809, -0.276515687749065, 0.204090650460284, 60.8332727272736, 59.6226881720432, 61.0963063940279, 61.0963063940279
4/26/2017, 61.73, 62.05, 61.56, 61.56, 85141, 1.04393781480396, 0.417425831438027, 0.349431192230606, 0, 0, 0.035971406348672, -0.214018268929518, 0.24998967527819, 61.41890909091, 59.8259784946239, 61.1403069620253, 61.1403069620253
4/27/2017, 61.72, 61.72, 61.17, 61.44, 23123, 1.03843703263941, 0.47550633470416, 0.188120747465714, 0, 0, 0.110914814824191, -0.149031652178776, 0.259946467002967, 61.7916363636373, 60.0417634408604, 61.1763888888889, 61.1763888888889
4/28/2017, 61.47, 61.47, 61.14, 61.17, 30909, 1.01784359524435, 0.324950729986991, -0.0521386406655103, 0, 0, 0.146828712463723, -0.089859579250276, 0.236688291713999, 61.8318181818192, 60.2464301075271, 61.1977115326709, 61.1977115326709
5/1/2017, 61.48, 61.72, 61.18, 61.5, 11609, 1.00647834284621, 0.411007551914907, 0.0683294124989625, 0, 0, 0.199617906198803, -0.0319640821604602, 0.231581988359263, 62.0129090909101, 60.4690537634411, 61.2338113429327, 61.2338113429327
5/2/2017, 61.55, 61.59, 61.3, 61.51, 24261, 0.979572381414242, 0.466466772098497, 0.105533404970993, 0, 0, 0.239499833983281, 0.022328701068288, 0.217171132914993, 62.0143636363647, 60.6858709677421, 61.268752151463, 61.268752151463
5/3/2017, 61.4, 61.72, 61.4, 61.72, 21435, 0.953350977345278, 0.278663765000285, 0.122354850304273, 0, 0, 0.284769152515473, 0.074816791357725, 0.209952361157748, 61.9269090909101, 60.8526236559142, 61.3119495798319, 61.3119495798319
5/4/2017, 62.03, 62.17, 61.79, 61.98, 22899, 0.938186208545709, 0.449125731342482, 0.187161844697884, 0, 0, 0.337732075553333, 0.127399848196847, 0.210332227356487, 61.9505454545465, 61.0274193548389, 61.3652831737346, 61.3652831737346
5/5/2017, 62.07, 62.31, 61.92, 62.31, 9117, 0.917851743626703, 0.446939706752005, 0.282009368159807, 0, 0, 0.401703230918578, 0.182260524741193, 0.219442706177385, 61.941090909092, 61.2404516129034, 61.4314274258219, 61.4314274258219
5/8/2017, 62.1, 62.14, 61.93, 61.94, 8740, 0.907842670941409, 0.43265993568238, 0.376694555855445, 0, 0, 0.41772959787518, 0.22935433936799, 0.18837525850719, 61.9880000000011, 61.4008172043013, 61.4780903866248, 61.4780903866248
5/9/2017, 62.02, 62.16, 61.51, 61.7, 6648, 0.918479518414998, 0.472575886796189, 0.292896018474562, 0, 0, 0.406380117879635, 0.264759495070319, 0.141620622809316, 62.0132727272738, 61.5127096774195, 61.5120607763023, 61.5120607763023
5/10/2017, 61.68, 61.97, 61.61, 61.97, 8247, 0.89780017705172, 0.589894686208395, 0.395298680916549, 0, 0, 0.414395424232076, 0.294686680902671, 0.119708743329405, 62.0878181818193, 61.6975483870969, 61.5565093632959, 61.5565093632959
5/11/2017, 61.73, 61.77, 61.32, 61.71, 15507, 0.909169391076006, 0.706204481968529, -0.0719323234409275, 0, 0, 0.395212026938616, 0.31479175010986, 0.080420276828756, 62.0261818181829, 61.8322580645163, 61.5877509157509, 61.5877509157509
5/12/2017, 61.57, 61.63, 61.33, 61.62, 16401, 0.895806572008038, 0.583003423096908, 0.123711169453555, 0, 0, 0.36849897177207, 0.325533194442302, 0.042965777329768, 61.8647272727284, 61.9723225806453, 61.5974212454212, 61.613779264214
5/15/2017, 61.85, 62.24, 61.85, 62.2, 13518, 0.892919950462678, 0.886557848934319, 0.141385168806456, 0, 0, 0.389638327732499, 0.338354221100341, 0.0512841066321575, 61.9450909090921, 62.1614623655916, 61.6470915750916, 61.6635063113604
5/16/2017, 62.24, 62.34, 62.08, 62.33, 22794, 0.867361461139735, 0.977044583154743, 0.296688427708376, 0, 0, 0.412130548752977, 0.353109486630868, 0.0590210621221085, 62.034181818183, 62.3367096774195, 61.6965567765567, 61.7167536032944
5/17/2017, 61.48, 61.52, 60.62, 60.75, 17863, 0.986164738752225, 0.30779519447399, -0.126353873356955, 0, 0, 0.29901612876899, 0.342290815058493, -0.0432746862895025, 61.5747272727285, 62.2981290322582, 61.6759609279609, 61.7017357222844
5/18/2017, 60.45, 60.98, 60.11, 60.69, 214397, 1.00945843607246, 0.433466727552981, -0.143628486360918, 0, 0, 0.202199803952261, 0.314272612837246, -0.112072808884985, 61.1994545454558, 62.2165806451615, 61.6418363858364, 61.6846447368421
5/19/2017, 61.05, 61.61, 61.05, 61.4, 20712, 1.02281483486931, 0.922007810997257, -0.00726204444593694, 0, 0, 0.180680463381286, 0.287554182946054, -0.106873719564768, 61.2058181818195, 62.2348602150539, 61.6382295482295, 61.6971670962199
5/22/2017, 61.62, 61.62, 61.36, 61.58, 37568, 0.989944613801999, 0.729577866356669, -0.0379518029295513, 0, 0, 0.176120518906806, 0.265267450138205, -0.0891469312313983, 61.2500000000013, 62.2551612903227, 61.6494822954823, 61.7164275194614
5/23/2017, 61.7, 61.93, 61.46, 61.84, 22651, 0.974494661255349, 0.981311416902843, 0.023544064534626, 0, 0, 0.191281582137272, 0.250470276538018, -0.0591886944007464, 61.3556363636377, 62.2925161290324, 61.6663638583639, 61.7453370439085
5/24/2017, 61.88, 61.97, 61.63, 61.89, 29518, 0.952490101137974, 1.07210666960154, 0.10429151231496, 0, 0, 0.204968664928806, 0.241369954216176, -0.0364012892873695, 61.5249090909104, 62.3220215053765, 61.6882612942613, 61.7751050505051
5/25/2017, 61.99, 62.13, 61.72, 61.86, 26472, 0.938443772089521, 0.775905971559052, -0.018695891392538, 0, 0, 0.210963175207887, 0.235288598414518, -0.0243254232066312, 61.6361818181832, 62.307677419355, 61.6889133089133, 61.8025405940594
5/26/2017, 61.68, 61.81, 61.59, 61.69, 19034, 0.915861973648644, 0.774035124518505, -0.147643178034283, 0.719702322769909, 0, 0.199694336535281, 0.228169746038671, -0.02847540950339, 61.6625454545469, 62.2119354838711, 61.6794065934066, 61.8222830518346
5/30/2017, 61.59, 61.59, 61.35, 61.46, 18324, 0.900985175669795, 0.0739389880127634, -0.0819449664215738, 0.50715180237083, 0, 0.17024217704494, 0.216584232239925, -0.0463420551949841, 61.7216363636378, 62.1199569892475, 61.6550134310134, 61.8323491338283
5/31/2017, 61.59, 61.59, 60.88, 61.18, 25940, 0.917878742265974, -0.284308441895161, -0.121723416773467, 0.484182630898324, 0, 0.122890859187322, 0.197845557629404, -0.074954698442082, 61.7503636363651, 61.9538494623657, 61.6214139194139, 61.8312434652726
6/1/2017, 61.27, 61.58, 61.09, 61.58, 158560, 0.906106371861654, 0.0267825229735892, 0.339939823944123, 0.555439830603384, 0, 0.11630061460729, 0.181536569024981, -0.0652359544176911, 61.6640000000015, 61.8137849462367, 61.6027130647131, 61.8452252747253
6/2/2017, 61.58, 61.85, 61.44, 61.68, 54597, 0.892641518487008, 0.130701366854466, 0.450186281845327, 0.678444166213271, 0, 0.117789162419427, 0.168787087703871, -0.0509979252844432, 61.5549090909107, 61.7259569892475, 61.5954822954823, 61.8623899371069
6/5/2017, 61.63, 61.77, 61.49, 61.6, 88725, 0.871838026254298, 0.222573332576181, 0.392589473466168, 0.652045169486825, 0, 0.11123131056376, 0.157275932275848, -0.0460446217120887, 61.5061818181834, 61.6056344086023, 61.605199023199, 61.875907247399
6/6/2017, 61.26, 61.47, 61.1, 61.37, 74967, 0.872086708430854, -0.0452790174958884, 0.292557165658705, 0.513469518880637, 0, 0.0864782208128645, 0.143116389983252, -0.0566381691703871, 61.4030909090925, 61.5526021505378, 61.6054383394384, 61.8803997923157
6/7/2017, 61.57, 61.78, 61.56, 61.74, 16342, 0.856721140777153, 0.12572335472537, 0.440941397592413, 0.632824179806667, 0, 0.095614937152618, 0.133616099417125, -0.0380011622645068, 61.4912727272744, 61.5776559139787, 61.61621001221, 61.8981566428814
6/8/2017, 61.76, 62.39, 61.67, 62.22, 17033, 0.865465526679562, 0.247512956797235, 0.372645051491997, 0.683931149758606, 0, 0.139974302522475, 0.134887740038195, 0.00508656248428019, 61.760727272729, 61.6473978494625, 61.635452991453, 61.9326188490409
6/9/2017, 62.25, 62.8, 62.25, 62.69, 22848, 0.862287475139611, 0.337702498053991, 0.560445914297525, 0.977675726952973, 0, 0.210626519806304, 0.150035495991817, 0.0605910238144874, 62.1685454545472, 61.7645161290324, 61.6684566544566, 61.9827518427519
6/12/2017, 62.69, 62.79, 62.34, 62.6, 340465, 0.856293318301551, 0.149249384328553, 0.435762682423343, 0.960409742448965, 0, 0.256401031697543, 0.171308603132962, 0.0850924285645807, 62.4660000000018, 61.8441505376346, 61.6986886446886, 62.0280164092664
6/13/2017, 63.07, 63.21, 62.96, 63.17, 59072, 0.854420826965225, 0.567818760897062, 0.69916805935833, 1.10136206767276, 0, 0.334812389655667, 0.204009360437503, 0.130803029218164, 62.8647272727291, 62.0088817204302, 61.748967032967, 62.091863147914
6/14/2017, 63.04, 63.19, 62.7, 63.17, 48347, 0.850484018638967, 0.681977988919201, 0.803818606720224, 1.04753471730253, 0, 0.392430263957259, 0.241693541141454, 0.150736722815805, 63.1141818181837, 62.1635053763442, 61.8136556776557, 62.1536469492315
6/15/2017, 62.46, 62.8, 62.39, 62.74, 39461, 0.875658617860255, 0.360480527205506, 0.680707615705181, 0.958941111536492, 0, 0.398798339105724, 0.273114500734308, 0.125683838371416, 63.1865454545474, 62.2668602150539, 61.849641025641, 62.1985553012967
6/16/2017, 62.83, 62.93, 62.67, 62.88, 8203, 0.850697846697277, 0.542984719001937, 0.888298055339154, 0.89650891940238, 0, 0.410410952522838, 0.300573791092014, 0.109837161430824, 63.264000000002, 62.3987311827958, 61.8847936507936, 62.2468095952024
6/19/2017, 63.29, 63.56, 63.29, 63.42, 39608, 0.854892566545388, 0.807455192756166, 0.974208683073757, 0.79770486985278, 0, 0.457909029102936, 0.332040838694199, 0.125868190408737, 63.4465454545474, 62.6153118279571, 61.9352307692307, 62.3118965517241
6/20/2017, 62.34, 62.4, 61.89, 61.89, 22299, 0.955831672997142, -0.0940511245070118, 0.538662569846668, 0.429309958161322, 0, 0.367853003299842, 0.339203271615327, 0.028649731684515, 62.9552727272748, 62.605935483871, 61.9307716727717, 62.323304360423
6/21/2017, 61.9, 61.9, 61.47, 61.58, 109780, 0.947525188855204, -0.257497085086946, 0.478018447936422, 0.409401330424187, 0, 0.268374886180041, 0.32503759452827, -0.0566627083482291, 62.4025454545476, 62.5415483870969, 61.912586080586, 62.3238926078906
6/22/2017, 61.5, 61.59, 61.4, 61.45, 11351, 0.91751295481234, 0.343391992134005, 0.450748416223835, 0.492500197396808, 0, 0.177007416799235, 0.295431558982463, -0.118424142183228, 61.9096363636385, 62.4794408602152, 61.8994798534798, 62.3200420168067
6/23/2017, 61.45, 61.56, 61.18, 61.34, 10235, 0.9041752937652, 0.320201117149582, 0.538768653264807, 0.515570053472481, 0, 0.0946311098279509, 0.255271469151561, -0.16064035932361, 61.5147272727295, 62.3893978494625, 61.8908180708181, 62.3125771349862
6/26/2017, 61.61, 61.91, 61.45, 61.69, 68519, 0.900291893233579, 0.156540812177253, 0.838287138750512, 0.551170721965241, 0, 0.0569330788979912, 0.215603791100847, -0.158670712202856, 61.2963636363659, 62.3401505376345, 61.9097851037851, 62.316652215147
6/27/2017, 61.99, 62.29, 61.79, 61.96, 29584, 0.899968633778252, 0.198473699758345, 0.703570693930904, 0.63110991773561, 0, 0.0482872361021762, 0.182140480101113, -0.133853243998936, 61.3349090909113, 62.3633763440861, 61.9383785103785, 62.3292562974809
6/28/2017, 62.32, 63.06, 62.32, 63, 17572, 0.928157995578659, 0.5154353192641, 1.08297927834409, 0.671806763244115, 0, 0.123926108713981, 0.170497605823686, -0.0465714971097054, 61.7987272727295, 62.5287741935485, 62.009326007326, 62.3748190401258
6/29/2017, 63.84, 63.84, 62.98, 63.2, 41892, 0.946997722078841, 0.577499391929267, 1.19114860061338, 0.787009532056139, 0, 0.197729486301988, 0.175943981919347, 0.0217855043826412, 62.2549090909114, 62.6098924731184, 62.0910598290598, 62.425384516129
6/30/2017, 63.48, 63.55, 63.02, 63.16, 55277, 0.942174528714591, 0.5734628659247, 0.961572327981812, 0.825124772039822, 0, 0.250108434710803, 0.190776872477638, 0.0593315622331654, 62.7001818181841, 62.6661290322582, 62.1703858363858, 62.4731847619047
7/3/2017, 63.6, 64.1, 63.45, 63.88, 21701, 0.95855285021811, 0.921572398475555, 1.19105061884859, 1.02031863508131, 0, 0.345731731216738, 0.221767844225458, 0.12396388699128, 63.4869090909114, 62.84511827957, 62.2796874236874, 62.5421584801899
7/5/2017, 63.93, 64.08, 63.63, 64.07, 65522, 0.943042582618015, 1.10440892882083, 0.864630947592199, 0.919969449084628, 0, 0.431867000773039, 0.263787675534974, 0.168079325238065, 64.0081818181842, 63.0442150537635, 62.3803736263736, 62.6150639763779
7/6/2017, 63.83, 64.18, 63.7, 63.72, 24443, 0.938476166900807, 1.07633760476981, 0.61299170644785, 0.834198064894208, 0, 0.466510109390967, 0.304332162306173, 0.162177947084794, 64.2276363636388, 63.2001720430108, 62.4644249084249, 62.6750835755814
7/7/2017, 63.92, 64.06, 63.65, 63.92, 35483, 0.920834109624116, 0.995516766320341, 0.75382231085823, 0.762853524070218, 0, 0.504290207488879, 0.344323771342714, 0.159966436146165, 64.373454545457, 63.3727096774194, 62.5530647130647, 62.7395181872391
7/10/2017, 63.95, 64.19, 63.9, 64.08, 33428, 0.895236118489619, 1.01819541668383, 0.840696155839863, 0.701665127294609, 0, 0.540906635258025, 0.383640344125776, 0.157266291132249, 64.4178181818206, 63.5504516129033, 62.6761098901098, 62.8069982384028
7/11/2017, 64.11, 64.11, 63.73, 63.96, 20975, 0.881776015465511, 1.00190808300579, 0.892916643292901, 0.559727286550682, 0, 0.553857891940311, 0.417683853688683, 0.136174038251628, 64.3412727272752, 63.687311827957, 62.7764078144077, 62.8689659958362
7/12/2017, 64.11, 64.33, 63.99, 64.17, 29951, 0.863775506493928, 1.19611031698884, 0.854234612757124, 0.621315203469738, 0, 0.574445253820279, 0.449036133715002, 0.125409120105277, 64.2674545454571, 63.8208387096775, 62.8954993894993, 62.9354932786511
7/13/2017, 64.31, 64.65, 64.21, 64.54, 60619, 0.853068647956765, 1.19006550244957, 0.959276873495319, 0.720502508113611, 0, 0.613544238155633, 0.481937754603129, 0.131606483552504, 64.4089090909116, 63.9651612903226, 63.02105006105, 63.0111839299741
7/14/2017, 64.21, 64.65, 64.21, 64.55, 74526, 0.844371774007331, 1.00142434869373, 0.896958271350726, 0.690898070485643, 0, 0.637983109208626, 0.513146825524228, 0.124836283684398, 64.5098181818208, 64.1157419354839, 63.1407887667887, 63.0851044776119
7/17/2017, 64.52, 64.57, 64.36, 64.37, 27236, 0.820708219847204, 0.731097908456956, 0.760707307051494, 0.647713885793911, 0, 0.635500935712145, 0.537617647561812, 0.0978832881503331, 64.4669090909117, 64.2309892473119, 63.250271062271, 63.1517440087145
7/18/2017, 64.18, 64.37, 64.04, 64.36, 38653, 0.805430992945716, 0.766929305851597, 0.656850432377587, 0.647811295759717, 0, 0.625516316183997, 0.555197381286249, 0.0703189348977487, 64.4985454545481, 64.3222795698925, 63.3623931623931, 63.2162848862171
7/19/2017, 64.49, 64.61, 64.45, 64.58, 21877, 0.781908667864462, 0.627273558970765, 0.845301251278343, 0.845084043388553, 0, 0.628115075058716, 0.569780920040742, 0.0583341550179737, 64.6180000000027, 64.4083440860215, 63.488503052503, 63.2854363694064
7/20/2017, 64.68, 64.79, 64.57, 64.75, 18727, 0.757851408218574, 0.69937425119056, 0.976834905874352, 0.868537080018918, 0, 0.636554386712021, 0.583135613374998, 0.0534187733370229, 64.6983636363664, 64.519935483871, 63.6209108669108, 63.3576144301948
7/21/2017, 64.47, 64.58, 64.32, 64.46, 13088, 0.756551888737901, 0.772753511283708, 0.799715560547151, 0.82765393856367, 0, 0.612778298842528, 0.589064150468504, 0.0237141483740241, 64.6623636363664, 64.607311827957, 63.7331916971916, 63.4196248715312
7/24/2017, 64.46, 64.79, 64.46, 64.63, 43736, 0.742363732177671, 0.783747368650219, 0.938048588043311, 0.597062180877161, 0, 0.600728334855418, 0.591396987345887, 0.00933134750953135, 64.6876363636391, 64.7331397849463, 63.859934065934, 63.4847933130698
7/25/2017, 65.33, 65.56, 65.25, 65.35, 29732, 0.768630751493661, 0.840544399087221, 1.16529627492383, 0.910484758335705, 0, 0.641877470365742, 0.601493083949858, 0.040384386415884, 64.9076363636392, 64.9318064516129, 64.0226886446885, 63.5684566976324
7/26/2017, 65.46, 65.52, 65.24, 65.31, 31986, 0.752082661607797, 2.09384434984106, 0.98335115413983, 0.790467575661258, 0, 0.663611095391033, 0.613916686238093, 0.0496944091529402, 65.0800000000028, 65.1456559139785, 64.1710305250304, 63.6488486161724
7/27/2017, 65.42, 65.42, 64.79, 64.94, 43161, 0.767055631323144, 2.05344910451372, 0.824544183440813, 0.792780233584178, 0, 0.643560675164217, 0.619845484023318, 0.023715191140899, 65.1363636363665, 65.2987526881721, 64.297553113553, 63.7169347319346
7/28/2017, 64.85, 65.09, 64.78, 65.09, 7966, 0.750836734724516, 2.25453556860918, 1.58959903887612, 0.865698714936601, 0, 0.632483443645611, 0.622373075947777, 0.0101103676978349, 65.2247272727301, 65.4307956989248, 64.4022661782661, 63.7873898467432
7/31/2017, 65.21, 65.53, 65.14, 65.4, 18068, 0.743552980276113, 2.53381358908426, 1.71794984792014, 0.929891282620263, 0, 0.641326257200603, 0.626163712198342, 0.0151625450022613, 65.3547272727302, 65.5963440860215, 64.5114188034187, 63.8645082664146
8/1/2017, 65.9, 66, 65.67, 66, 91599, 0.745408282796286, 2.60412226307606, 1.68033645221332, 0.996477473473232, 0, 0.688809074006357, 0.638692784559945, 0.0501162894464124, 65.6338181818211, 65.8577634408603, 64.6454920634919, 63.9559491193736
8/2/2017, 65.88, 66, 65.72, 65.87, 151545, 0.730789423581708, 2.33099239557677, 1.5641342032611, 0.905805152846, 0, 0.707790664677461, 0.652512360583448, 0.0552783040940126, 65.8225454545484, 65.9840430107527, 64.771995115995, 64.0416133480418
8/3/2017, 65.85, 65.89, 65.72, 65.8, 22373, 0.707906449312474, 1.97052181145178, 1.44425428843656, 0.882147952697005, 0, 0.709012245235414, 0.663812337513841, 0.0451999077215725, 65.9507272727303, 66.0550967741936, 64.8886080586079, 64.1232786141845
8/4/2017, 66.06, 66.07, 65.84, 66.01, 29237, 0.690823089630703, 1.97118543849803, 1.49749004565448, 0.980288127941244, 0, 0.718641549145673, 0.674778179840208, 0.0438633693054652, 66.0361818181848, 66.1169032258065, 65.0261929181928, 64.2085046979864
8/7/2017, 65.94, 66.07, 65.85, 66.05, 40008, 0.672538539579055, 2.03612858461723, 1.52354232192953, 0.900397830447682, 0, 0.721187111478244, 0.684059966167815, 0.037127145310429, 66.0849090909122, 66.1470322580645, 65.1581294261293, 64.2926958057394
8/8/2017, 65.97, 66.34, 65.9, 66.03, 228855, 0.672423322917412, 1.67494207208681, 1.5854007531496, 0.833146741007309, 0, 0.713367399784644, 0.689921452891181, 0.0234459468934635, 66.1932727272758, 66.1675698924732, 65.292752136752, 64.3743072499128
8/9/2017, 65.27, 65.5, 65.04, 65.39, 15409, 0.720754035963066, 0.916214659259153, 1.41302094820071, 0.800513763653887, 0, 0.64805717096732, 0.681548596506409, -0.0334914255390888, 66.0354545454577, 66.0969032258065, 65.3885494505493, 64.4372574819401
8/10/2017, 65.08, 65.08, 64.27, 64.28, 25634, 0.783659008883691, 0.327315888717852, 1.05860816183066, 0.582487096331841, 0, 0.500955912823059, 0.645430059769739, -0.14447414694668, 65.4158181818214, 65.9326021505377, 65.4252039072037, 64.4699219081571
8/11/2017, 64.34, 64.5, 64.1, 64.2, 19322, 0.776556402437562, 0.171040731729999, 0.901056374703235, 0.848026003985626, 0, 0.373614973675018, 0.591067042550795, -0.217452068875777, 64.8345454545487, 65.7632258064517, 65.4549768009766, 64.4996723921239
8/14/2017, 64.65, 65.06, 64.65, 64.89, 30198, 0.796150022879749, 0.438924112360666, 1.07063585104405, 1.04838665966445, 0, 0.32463144615248, 0.537779923271132, -0.213148477118651, 64.6021818181852, 65.6722795698926, 65.500896214896, 64.5462729528535
8/15/2017, 65.33, 65.33, 64.84, 64.99, 34677, 0.79287684621378, 0.555777737858501, 1.1304258920148, 1.04454312696303, 0, 0.290531742866705, 0.488330287190246, -0.197798544323542, 64.5521818181852, 65.6308602150539, 65.5522930402929, 64.5942577168054
8/16/2017, 65.22, 65.33, 65.07, 65.07, 13166, 0.778432655965297, 0.488190747892183, 1.23917463486643, 1.03876666868432, 0, 0.26688631444776, 0.444041492641749, -0.177155178193989, 64.5589090909125, 65.6050967741937, 65.5992625152623, 64.6430823187937
8/17/2017, 64.83, 64.85, 63.9, 63.9, 385039, 0.844600661619386, -0.275349034227992, 0.693207476657527, 0.796301828144924, 0, 0.151985921077383, 0.385630378328876, -0.233644457251493, 64.1910909090943, 65.4010967741937, 65.5894041514039, 64.661375686649
8/18/2017, 63.91, 64.39, 63.81, 64.15, 80508, 0.844450244171548, -0.163827749244961, 0.622980420977859, 0.698935876418717, 0, 0.0801752320142413, 0.324539349065949, -0.244364117051708, 64.0552727272762, 65.2409892473119, 65.5869133089131, 64.6853836477986
8/21/2017, 64.01, 64.08, 63.82, 64.04, 36933, 0.82937084643074, -0.132792857463367, 0.445573209135879, 0.71369080221835, 0, 0.0142246895059088, 0.262476417153941, -0.248251727648032, 63.9909090909126, 65.0761075268819, 65.567404151404, 64.7060310559005
8/22/2017, 64.16, 64.51, 64, 64.49, 25885, 0.821945473021451, 0.075254079148729, 0.607896977905588, 0.734110543310964, 0, -0.00171063228273738, 0.209639007266605, -0.211349639549343, 64.1876363636399, 64.9605806451614, 65.5493577533576, 64.7371957671957
8/23/2017, 64.07, 64.48, 64.07, 64.37, 42647, 0.814927767242438, -0.0759080531678869, 0.398546811998214, 0.783594191327329, 0, -0.0237487261937019, 0.162961460574544, -0.186710186768246, 64.2989090909127, 64.8404086021507, 65.5390378510377, 64.7646436415965
8/24/2017, 64.56, 64.56, 64.28, 64.29, 14158, 0.796921066394866, -0.187585124479695, 0.373718302216291, 0.842339704410033, 0, -0.047126164714328, 0.12094393551677, -0.168070100231097, 64.2161818181855, 64.7334623655915, 65.5128449328447, 64.7894493490946
8/25/2017, 64.67, 64.92, 64.66, 64.84, 16706, 0.799234308923498, 0.183322102622238, 0.676782890054155, 0.959267458593195, 0, -0.0210301274901497, 0.0925491229153857, -0.113579250405535, 64.3069090909128, 64.6985806451614, 65.5029719169717, 64.8269113082039
8/28/2017, 64.84, 64.84, 64.35, 64.46, 145094, 0.801756670199654, -0.0552730290017094, 0.512825413350444, 0.99733838323012, 0, -0.0306582450211863, 0.0679076493280713, -0.0985658943492576, 64.3694545454583, 64.601612903226, 65.4908986568985, 64.854345381526
8/29/2017, 63.9, 64.22, 63.72, 64.22, 13540, 0.822129760401996, -0.492736661911773, 0.273828726494565, 0.899022003818277, 0, -0.0569975593828644, 0.0429266075858842, -0.0999241669687486, 64.3925454545492, 64.4729462365593, 65.4614163614162, 64.875364692302
8/30/2017, 64.15, 64.44, 64.12, 64.22, 20950, 0.805937629280058, -0.474748608107187, 0.861734549912451, 0.945067069024977, 0, -0.0769842295023153, 0.0189444401682443, -0.0959286696705596, 64.4736363636402, 64.3598494623657, 65.464852258852, 64.8958383233532
8/31/2017, 64.44, 64.57, 64.29, 64.48, 82471, 0.789693685247318, -0.191294830661994, 1.07415090015721, 1.01931883579956, 0, -0.0710252476357596, 0.000950502607443492, -0.0719757502432031, 64.4569090909129, 64.2933978494625, 65.4879877899876, 64.921916737109
9/1/2017, 64.6, 64.92, 64.6, 64.64, 39285, 0.782386701477563, -0.186190945880864, 1.18138526476919, 1.05938277958845, 0, -0.052783592354146, -0.0097963163848744, -0.0429872759692716, 64.513818181822, 64.2296559139786, 65.5106056166054, 64.9511061608074
9/5/2017, 64.14, 64.2, 63.27, 63.36, 83427, 0.866395242492648, -0.799156811770694, 0.696140701980955, 0.856860648728138, 0, -0.139998436878756, -0.0358367404836507, -0.104161696395105, 64.079818181822, 64.0136774193549, 65.472349206349, 64.9497399380804
9/6/2017, 63.55, 63.79, 63.41, 63.68, 11386, 0.852701985491795, -0.927558116063402, 0.6834610812616, 1.08133600286419, 0, -0.181206666214237, -0.0649107256297679, -0.116295940584469, 63.8834545454584, 63.894494623656, 65.4406739926738, 64.9557173942608
9/7/2017, 63.79, 63.79, 63, 63.08, 111317, 0.880390921279512, -1.10124646083247, 0.390008408670969, 0.787844674183503, 0, -0.259290530608538, -0.103786686625522, -0.155503843983016, 63.5000000000039, 63.7072903225807, 65.388266178266, 64.947638795537
9/8/2017, 63.3, 63.6, 63.07, 63.46, 25394, 0.873121751474882, -0.900437969245854, 0.179740576829271, 0.958754522528508, 0, -0.287199079286609, -0.140469165157739, -0.146729914128869, 63.3021818181858, 63.5580215053765, 65.3515335775334, 64.948331672314
9/11/2017, 64, 64.47, 64, 64.44, 54664, 0.895218669012511, -0.545287574624415, 0.422352687888221, 1.18363410215716, 0, -0.22761518917072, -0.157898369960336, -0.0697168192103846, 63.5981818181858, 63.5526451612904, 65.3608766788765, 64.9712466338259
9/12/2017, 64.67, 65.06, 64.47, 64.99, 137806, 0.890960093546821, -0.350426703737742, 0.602114000602325, 1.12077282252261, 0, -0.134464105015297, -0.153211516971328, 0.0187474119560306, 64.030000000004, 63.6419139784948, 65.3980463980462, 65.006072077922
9/13/2017, 64.92, 65, 64.8, 64.9, 14436, 0.862994170348652, -0.375284565817173, 0.352241651581258, 1.13849257239502, 0, -0.0671296190813848, -0.135995137393339, 0.0688655183119544, 64.3538181818223, 63.7624086021506, 65.4364102564101, 65.0380835901386
9/14/2017, 64.89, 64.91, 64.72, 64.87, 13676, 0.83486828384224, -0.166666548824822, 0.28149120272268, 0.824354366490665, 0, -0.0160028324484784, -0.111996676404367, 0.0959938439558887, 64.6301818181859, 63.8775268817205, 65.4633431013429, 65.0686967561734
9/15/2017, 64.69, 65.02, 64.69, 65.02, 12233, 0.816671951618023, 0.313559738940031, 0.445552949742759, 0.752513360929019, 0, 0.0362019471921116, -0.0823569516850714, 0.118558898877183, 64.9749090909132, 64.0134623655914, 65.4893528693527, 65.1019578180905
9/18/2017, 65.21, 65.48, 65.21, 65.35, 137861, 0.807115681400056, 0.473297729205825, 0.484469311123667, 0.881740342469834, 0, 0.103015356344216, -0.045282490079214, 0.14829784642343, 65.436181818186, 64.2103010752688, 65.5333553113551, 65.1417895716945
9/19/2017, 65.53, 65.98, 65.53, 65.84, 170722, 0.808896708543728, 0.397479299795149, 0.582751316770596, 1.01149395288909, 0, 0.193276399339808, 0.00242928780459047, 0.190847111535218, 65.7720000000042, 64.4762365591398, 65.5905225885224, 65.191554941682
9/20/2017, 65.83, 66.04, 65.7, 65.88, 78072, 0.793789789404874, 0.373309628922315, 0.634668412219318, 1.08489294271894, 0, 0.264982043859547, 0.0549398390155818, 0.210042204843965, 66.0503636363679, 64.7472688172043, 65.6444126984125, 65.2411456499301
9/21/2017, 66.01, 66.33, 65.88, 66.23, 146065, 0.784087690769945, 0.47608673401835, 0.674403944660791, 1.08381341261711, 0, 0.346062169407958, 0.113164305094057, 0.232897864313901, 66.2096363636407, 65.0210107526882, 65.7233699633698, 65.2973230048639
9/22/2017, 66.13, 66.36, 66.11, 66.34, 15877, 0.762490524143937, 1.1308049107958, 0.593184590561713, 1.10495695223134, 0, 0.414417684644931, 0.173414981004232, 0.241002703640699, 66.3110909090952, 65.2292903225807, 65.8070720390718, 65.354722618199
9/25/2017, 65.92, 66.06, 65.47, 65.75, 49266, 0.797025708032294, 0.720466616053537, 0.398681375726071, 0.923077467152276, 0, 0.416184339777658, 0.221968852758917, 0.194215487018741, 66.2476363636408, 65.3440860215054, 65.8269352869351, 65.3982203290246
9/26/2017, 65.79, 65.79, 65.55, 65.64, 26728, 0.776724836806326, 0.721722819003635, 0.421836297499082, 0.841168916266346, 0, 0.404050701038017, 0.258385222414737, 0.14566547862328, 66.1847272727317, 65.4809247311828, 65.8369938949937, 65.4384463818656
9/27/2017, 66.25, 66.49, 66.1, 66.36, 16450, 0.793927175611345, 0.81377374478891, 0.633859759553929, 0.912783976097271, 0, 0.447375619962386, 0.296183301924267, 0.15119231803812, 66.3170909090954, 65.7109462365591, 65.8906764346762, 65.4931855557471
9/28/2017, 66.32, 66.45, 66.16, 66.37, 33406, 0.775964396638397, 0.872548941855877, 0.569761565621445, 1.00176230978463, 0, 0.477019067895014, 0.332350455118416, 0.144668612776598, 66.3672727272772, 65.9387311827957, 65.9451623931621, 65.5470246899532
9/29/2017, 66.38, 66.74, 66.38, 66.72, 79841, 0.76102696574709, 1.05105720488651, 0.620177675390774, 1.12975015767871, 0, 0.522728104675323, 0.370425985029798, 0.152302119645526, 66.48654545455, 66.1245376344086, 66.0172161172159, 65.6071614319486
10/2/2017, 66.55, 66.99, 66.55, 66.97, 26361, 0.753127268880298, 0.933892720191103, 0.786139564838618, 1.1214066431549, 0, 0.572526032583824, 0.410845994540603, 0.161680038043221, 66.6654545454591, 66.3405376344086, 66.0977338217335, 65.6713467000835
10/3/2017, 67, 67.3, 66.96, 67.19, 28792, 0.738429625495876, 1.21816214544054, 0.798594037879515, 1.22834241366406, 0, 0.62256684752542, 0.453190165137566, 0.169376682387853, 66.9300000000046, 66.5589247311828, 66.1834798534796, 65.7388580876274
10/4/2017, 67.09, 67.19, 66.96, 67.03, 28020, 0.720339134868186, 1.26375598998792, 0.540346352421528, 1.21479842503654, 0, 0.641914302564842, 0.490934992623022, 0.150979309941821, 67.073636363641, 66.766688172043, 66.2545494505491, 65.8017212041884
10/5/2017, 67.02, 67.58, 67.02, 67.4, 132311, 0.722108540054953, 1.41826316650021, 0.661775695369241, 1.16619545000755, 0, 0.6792729718685, 0.528602588472117, 0.150670383396382, 67.3523636363683, 66.9970107526882, 66.332769230769, 65.870999568221
10/6/2017, 67.47, 67.54, 67.19, 67.48, 96409, 0.711123441311776, 1.33769412040627, 0.807010658286594, 1.15365300423525, 0, 0.707183348424152, 0.564318740462524, 0.142864607961628, 67.6169090909138, 67.2126021505376, 66.4039120879119, 65.940580097217
10/9/2017, 67.53, 67.56, 67.22, 67.22, 32537, 0.703470385729437, 1.13943576596434, 0.678781950623537, 1.56330612641349, 0, 0.700250642324733, 0.591505120834966, 0.108745521489767, 67.6114545454593, 67.4112903225806, 66.4679633699631, 66.0034988104678
10/10/2017, 67.45, 67.77, 67.39, 67.77, 25057, 0.70345160634936, 2.43687813122053, 0.742204354359274, 1.69297562350566, 0, 0.730713614556535, 0.61934681957928, 0.111366794977255, 67.6938181818229, 67.6390752688172, 66.5541465201463, 66.0763961276818
10/11/2017, 67.64, 67.77, 67.44, 67.71, 29656, 0.693239840410298, 2.21477439587365, 0.547469257856252, 1.52273033210515, 0, 0.741467070127811, 0.643770869688986, 0.0976962004388251, 67.7832727272775, 67.8218924731182, 66.6314676434674, 66.1466896301667
10/12/2017, 67.75, 67.83, 67.33, 67.33, 23629, 0.69942530988374, 2.47627742460634, 0.469967713763498, 1.38638771187438, 0, 0.711128984662253, 0.657242492683639, 0.0538864919786132, 67.669818181823, 67.9339784946236, 66.6825909645907, 66.2079895400707
10/13/2017, 67.38, 67.7, 67.33, 67.54, 34273, 0.689779253905073, 2.38653618323948, 0.55437884196515, 1.37063025285761, 0, 0.696007932121859, 0.664995580571283, 0.0310123515505754, 67.6465454545503, 68.0699784946236, 66.7467496947495, 66.2723278006192
10/16/2017, 67.55, 67.71, 67.47, 67.63, 19656, 0.672161855216785, 2.1381990660014, 0.51735270557551, 1.37854876472233, 0, 0.68340872648912, 0.668678209754851, 0.014730516734269, 67.6596363636413, 68.2083225806452, 66.8212600732599, 66.3372417085426
10/17/2017, 67.76, 67.76, 67.35, 67.44, 26121, 0.670750162439141, 1.68210847408971, 0.446979588288974, 1.34147603594848, 0, 0.650592725192936, 0.665061112842468, -0.0144683876495314, 67.6150909090959, 68.2179354838709, 66.8939462759461, 66.3971597014925
10/18/2017, 67.63, 67.9, 67.57, 67.75, 16390, 0.668245334422892, 1.95213149977337, 0.54447552136989, 1.45269176007474, 1.05626157453418, 0.642197365485742, 0.660488363371123, -0.0182909978853804, 67.632000000005, 68.2618924731183, 66.9747032967031, 66.4620688636027
10/19/2017, 67.42, 67.77, 67.38, 67.77, 18981, 0.663419512126212, 1.99194039280642, 0.763034502437711, 1.51739715810678, 0.974690423483444, 0.629896757561482, 0.654370042209195, -0.0244732846477123, 67.6905454545505, 68.242129032258, 67.0652283272281, 66.5261581232014
10/20/2017, 68.14, 68.32, 67.99, 68.2, 63843, 0.666597409383485, 2.13109943174846, 1.33077567874997, 1.68355003299657, 1.03865408029288, 0.647383212805295, 0.652972676328415, -0.00558946352311995, 67.8934545454596, 68.272, 67.1711794871792, 66.5974645030425
10/23/2017, 68.06, 68.14, 67.81, 67.81, 15223, 0.665666511634803, 1.58551476100013, 1.21968134627649, 1.49472514773915, 0.989202025785659, 0.622594729445822, 0.646897086951896, -0.024302357506074, 67.8703636363687, 68.2871397849462, 67.2468424908422, 66.6598684839789
10/24/2017, 68.06, 68.39, 67.96, 68.29, 14131, 0.67040421505723, 1.57462429176658, 1.1554485668677, 1.57085491227435, 1.09263066512953, 0.634369054683319, 0.644391480498181, -0.010022425814862, 68.0909090909143, 68.3781075268817, 67.3428840048837, 66.7304158181387
10/25/2017, 68.48, 68.48, 67.7, 68.11, 38454, 0.695827465187862, 1.4157959931387, 1.05948302536245, 1.54922667511383, 1.06867527004256, 0.622005702038251, 0.639914324806195, -0.0179086227679437, 68.2089090909143, 68.4189462365591, 67.4390940170938, 66.7962065569156
10/26/2017, 68.21, 68.45, 68.12, 68.18, 54704, 0.685291408349194, 1.25358230253396, 1.05501008853452, 1.62527896492674, 1.02992674749875, 0.610814976153506, 0.634094455075657, -0.0232794789221511, 68.253272727278, 68.4459569892473, 67.5009279609277, 66.8621390746933
10/27/2017, 68.1, 68.25, 67.83, 68.23, 52378, 0.681328005425555, 1.21399831040909, 1.62034815912102, 1.54958309796685, 1.05726911823081, 0.599075062982791, 0.627090576657084, -0.0280155136742926, 68.3105454545507, 68.4679569892473, 67.5534505494503, 66.9278280272358
10/30/2017, 68.01, 68.13, 67.75, 67.98, 15584, 0.684946444831956, 1.55382954929484, 1.42835455324872, 1.38008520688047, 1.00462960148015, 0.563107039125583, 0.614293869150784, -0.0511868300252006, 68.2618181818235, 68.4595268817205, 67.5872844932843, 66.9875775803144
10/31/2017, 67.95, 68.05, 67.71, 67.73, 100610, 0.678200595802341, 1.43686213020942, 1.37462686317205, 1.21270293181212, 1.08525901813073, 0.508566769275916, 0.59314844917581, -0.0845816798998944, 68.0696363636417, 68.4350752688172, 67.6029621489619, 67.0415138794854
11/1/2017, 68.04, 68.2, 67.77, 67.81, 44461, 0.678186108774634, 1.11074097819417, 1.24635208089106, 1.25332678926344, 1.09492013196243, 0.46642192230793, 0.567803143802234, -0.101381221494304, 67.9512727272782, 68.411247311828, 67.6252332112331, 67.095971563981
11/2/2017, 67.87, 68.28, 67.68, 68.2, 145596, 0.684580792290433, 1.35766156082659, 1.42666640249903, 1.20841137856238, 1.14822403041734, 0.459198216879358, 0.546082158417659, -0.0868839415383013, 67.9683636363691, 68.4477849462366, 67.6660683760682, 67.1567472761094
11/3/2017, 68, 68, 67.69, 67.86, 22740, 0.69118758521216, 0.834134730652708, 1.32328665050781, 1.12763934968888, 1.08231097474092, 0.421183083374018, 0.521102343408931, -0.0999192600349129, 67.930545454551, 68.4358064516129, 67.710581196581, 67.2100952130226
11/6/2017, 67.53, 67.87, 67.48, 67.83, 32077, 0.685666962345162, 0.637152636267577, 1.12460067016966, 1.2329848989182, 1.08281905596538, 0.384206177255891, 0.493723110178323, -0.109516932922432, 67.8229090909146, 68.3708817204301, 67.7546666666665, 67.2619243642685
11/7/2017, 67.83, 67.9, 67.06, 67.2, 28657, 0.71999033561129, 0.0178184757386093, 1.02307231749579, 1.04370724760935, 0.96306445228168, 0.30060083853364, 0.455098655849386, -0.154497817315746, 67.592545454551, 68.2052688172043, 67.7669328449327, 67.3011808785529
11/8/2017, 67.22, 67.4, 67.01, 67.23, 14040, 0.71269051056708, 0.14557877336801, 1.13034945142694, 0.926686380560788, 0.856677293703121, 0.234065592087049, 0.410892043096919, -0.17682645100987, 67.3960000000056, 68.0813978494624, 67.7935506715505, 67.3402628434885
11/9/2017, 66.96, 67.24, 66.6, 67.12, 17340, 0.72584138668286, -0.182762091492362, 1.08891852428319, 1.37355051615612, 0.835163006978418, 0.170494494818783, 0.362812533441292, -0.192318038622509, 67.2234545454602, 67.938623655914, 67.817128205128, 67.3766110007186
11/10/2017, 67.17, 67.17, 66.96, 66.96, 25435, 0.706877989552657, -0.34777132029724, 0.933404245321983, 1.42164978706134, 0.843499271882687, 0.105981589610678, 0.311446344675169, -0.205464755064491, 67.0634545454602, 67.7940430107527, 67.8236996336995, 67.4093703657156
11/13/2017, 66.57, 67.01, 66.45, 66.97, 21507, 0.713243581774281, -0.164561038565285, 0.877706796274682, 1.46087095791668, 0.908341322232316, 0.0550272440532069, 0.260162524550777, -0.20513528049757, 66.9261818181875, 67.6658494623656, 67.8327789987788, 67.4416982150269
11/14/2017, 66.74, 66.82, 66.52, 66.77, 10931, 0.7133087694751, -0.746462830297904, 1.47527226237727, 1.43942998745043, 0.912533844891299, -0.00147575880865247, 0.207834867878891, -0.209310626687543, 66.7249090909148, 67.5269462365591, 67.8344371184369, 67.4698111888111
11/15/2017, 66.31, 66.91, 66.08, 66.88, 22755, 0.738580221455739, -0.613887207486438, 1.38921443002394, 1.37639648422402, 0.903865586942361, -0.0369527467054667, 0.158877344962019, -0.195830091667486, 66.6300000000057, 67.3940430107527, 67.836266178266, 67.4993677387794
11/16/2017, 67.19, 67.25, 67.07, 67.14, 12728, 0.726488426428535, -0.135205315034283, 1.83730452492373, 1.36886188196438, 0.945079386305539, -0.043586252929984, 0.118384625383619, -0.161970878313603, 66.7536363636421, 67.3197634408602, 67.8519877899876, 67.5330234719023
11/17/2017, 66.94, 67.14, 66.84, 66.96, 47060, 0.714420718382486, -0.435670932490461, 1.58931838011814, 1.08209314295541, 0.837116761777512, -0.0626457093403019, 0.0821785584388346, -0.144824267779136, 66.8049090909149, 67.2296559139785, 67.8658876678875, 67.5628567424727
11/20/2017, 67.01, 67.15, 66.91, 67.12, 31587, 0.694960231492055, -0.378765383157194, 1.33159802635121, 1.06907534362216, 0.897403727104011, -0.0641008879029101, 0.0529226691704856, -0.117023557073396, 66.9545454545513, 67.1458709677419, 67.8852307692305, 67.5949749999999
11/21/2017, 67.48, 67.67, 67.43, 67.43, 22978, 0.697960020775017, 0.00248242072275757, 1.23469428027484, 1.15736836552245, 0.956754656439933, -0.0397811458889663, 0.0343819061585952, -0.0741630520475615, 67.1240000000059, 67.1387311827957, 67.9122417582415, 67.6319819075712
11/22/2017, 67.72, 67.82, 67.41, 67.64, 19086, 0.691310940136256, -0.0731647139999556, 1.38301865421303, 1.03149253203607, 1.01235376973708, -0.00352173381662624, 0.0268011781635509, -0.0303229119801772, 67.3594545454605, 67.1564301075269, 67.945968253968, 67.6720225332345
11/24/2017, 67.79, 67.86, 67.59, 67.59, 29107, 0.677204592266246, -0.125929997802261, 1.37326439298384, 0.966998058879133, 0.928874610978691, 0.02093816719524, 0.0256285759698888, -0.00469040877464876, 67.5332727272787, 67.1429032258064, 67.9799951159949, 67.7104857407836
11/27/2017, 67.51, 67.75, 67.41, 67.49, 97174, 0.669486523510325, -0.556652506724918, 1.24599608308527, 1.04204483841629, 0.910456858900406, 0.0318860877350602, 0.026880078322923, 0.00500600941213714, 67.6149090909151, 67.1290107526882, 68.0112234432232, 67.7465310656553
11/28/2017, 67.49, 68.41, 67.43, 68.32, 12545, 0.700006779832057, 0.359294542530952, 1.40030464370555, 1.17996329622954, 0.931230802175744, 0.106310970349057, 0.0427662567281498, 0.063544713620907, 67.9563636363697, 67.226752688172, 68.0702808302806, 67.7963444085817
11/29/2017, 68.72, 69.24, 68.7, 69.03, 33290, 0.724804288544399, 0.485166929537017, 1.45798099486674, 1.2989074472027, 0.950284824897075, 0.220047719173706, 0.0782225492172611, 0.141825169956445, 68.4294545454607, 67.3974623655914, 68.1613235653233, 67.8575844155843
11/30/2017, 69.25, 69.64, 69.04, 69.07, 31355, 0.732323411557968, 0.632543496908263, 1.45711218201969, 1.34208922787591, 0.889882368324095, 0.3098409244446, 0.124546224262729, 0.185294700181871, 68.815090909097, 67.5836559139784, 68.2668913308911, 67.9185027616061
12/1/2017, 69.02, 69.3, 68.23, 69.14, 43646, 0.772382110710058, 0.631917591048723, 1.33823888934223, 1.30452348950707, 0.908219259213693, 0.382244821173146, 0.176085943644812, 0.206158877528333, 69.1574545454608, 67.7715483870967, 68.3719047619045, 67.9796192837057
12/4/2017, 69.81, 69.99, 69.59, 69.59, 155983, 0.790090159186215, 0.859958385596416, 1.46611817594676, 1.31568189158784, 0.968738495923132, 0.470512890448518, 0.234971333005553, 0.235541557442964, 69.510181818188, 68.0363655913978, 68.4855604395602, 68.0474116870253
12/5/2017, 69.68, 69.71, 69.22, 69.23, 45053, 0.789878022084071, 0.783867034747388, 1.62403411069456, 1.21860278052518, 0.911539568921786, 0.505588866200469, 0.289094839644537, 0.216494026555933, 69.6270909090972, 68.2205376344086, 68.5834065934064, 68.10799418076
12/6/2017, 68.91, 69.06, 68.75, 68.81, 28936, 0.78984293991333, 0.666940338688794, 1.4571551372395, 1.15733189090413, 0.861664571025492, 0.493804073798714, 0.330036686475372, 0.163767387323342, 69.5458181818245, 68.374258064516, 68.6667496947494, 68.1604890010818
12/7/2017, 68.72, 69.22, 68.67, 69.04, 44678, 0.787683054181118, 0.752016124186909, 1.28288895946981, 1.21536739533578, 0.886856303697445, 0.497291155833835, 0.363487580347065, 0.133803575486771, 69.5107272727337, 68.5418064516128, 68.7709816849814, 68.2159965672602
12/8/2017, 69.53, 69.63, 69.24, 69.61, 11435, 0.784550440419927, 0.833365575549546, 1.50141766518312, 1.28804012171213, 1.03188770774438, 0.539826149954393, 0.39875529426853, 0.141070855685863, 69.5861818181883, 68.7803440860215, 68.8950134310131, 68.2801620394992
12/11/2017, 69.78, 69.85, 69.58, 69.66, 135397, 0.764167791411851, 1.09340257255033, 1.37218356206972, 1.25656370714002, 1.03112091872394, 0.570988026829994, 0.433201840780823, 0.137786186049171, 69.5487272727338, 69.0193333333333, 69.016935286935, 68.3441376885481
12/12/2017, 69.73, 70.15, 69.67, 69.94, 67124, 0.758083098831315, 1.27141552279996, 1.37963421188446, 1.40256692908877, 1.070970419657, 0.611231799005125, 0.468807832425684, 0.142423966579442, 69.6556363636429, 69.2679569892473, 69.152935286935, 68.4117520920501
12/13/2017, 70.22, 70.3, 69.81, 69.88, 66502, 0.755857403200472, 1.79129306658352, 1.25141629958048, 1.34388291268707, 0.926211513768582, 0.631009890606677, 0.501248244061882, 0.129761646544795, 69.7954545454611, 69.4796559139785, 69.2843223443221, 68.477305670816
12/14/2017, 69.9, 69.9, 69.28, 69.35, 100648, 0.768253057950491, 1.32077286094727, 1.05698465053106, 1.0348457826692, 0.960787047944086, 0.59703534823629, 0.520405664896764, 0.0766296833395258, 69.7138181818248, 69.615569892473, 69.3892918192915, 68.533083913446
12/15/2017, 69.49, 69.72, 69.38, 69.5, 34977, 0.754883914970119, 1.49161351370282, 0.964028325813473, 1.08165801027476, 0.91632764085889, 0.575579107367915, 0.531440353390994, 0.0441387539769208, 69.6827272727339, 69.7865806451612, 69.4841636141633, 68.5904377104376
12/18/2017, 70.14, 70.5, 70.14, 70.33, 198385, 0.779769806425453, 1.95003101028074, 1.22497132452818, 1.3630118679578, 1.04536939778318, 0.618420182387069, 0.548836319190209, 0.0695838631968603, 70.0087272727339, 70.0318494623656, 69.5876385836383, 68.6604624569924
12/19/2017, 70.45, 70.6, 70.1, 70.21, 244433, 0.77765489191863, 1.86234154986157, 1.29628700408469, 1.2951795460598, 1.05499037521457, 0.635364954183999, 0.566142046188967, 0.0692229079950315, 70.1809090909158, 70.2439569892473, 69.6796581196579, 68.7274469722314
12/20/2017, 70.5, 70.63, 70, 70, 32931, 0.785988463764666, 1.86209672310298, 0.985491164541406, 1.16605057909499, 1.03174396138822, 0.624648009532763, 0.577843238857726, 0.0468047706750365, 70.1430909090977, 70.3720645161289, 69.7734285714284, 68.7899860627177
12/21/2017, 69.61, 70.08, 69.61, 69.82, 18242, 0.782272025785596, 1.67264349174877, 0.931726742289507, 0.978382686016408, 0.983017690674927, 0.594774072731568, 0.581229405632494, 0.0135446670990731, 70.0241818181886, 70.4612688172042, 69.8578095238093, 68.8486452058852
12/22/2017, 69.98, 69.98, 69.61, 69.8, 38272, 0.769875661867232, 1.51314313614856, 1.10969105043623, 1.00758250597044, 0.946303605704251, 0.562995072984421, 0.57758253910288, -0.0145874661184587, 69.969818181825, 70.5238924731181, 69.9395555555553, 68.9060699360062
12/26/2017, 69.79, 69.93, 69.6, 69.61, 43492, 0.757081671288841, 1.51116285409138, 0.930143495479757, 0.978444078694057, 0.920393711748853, 0.516524402835117, 0.565370911849327, -0.0488465090142105, 69.8494545454614, 70.534451612903, 69.9835311355309, 68.9595569374271
12/27/2017, 69.7, 69.8, 69.65, 69.79, 42141, 0.730984845701324, 1.5183298825837, 0.966587387103818, 0.968623955123879, 0.969874335891466, 0.488588414509195, 0.550014412381301, -0.0614259978721059, 69.8500000000069, 70.5514193548385, 70.036747252747, 69.0150849799196
12/28/2017, 69.92, 70.01, 69.77, 70.01, 39734, 0.709393811775756, 1.46930299860732, 1.14999959636508, 1.01060219813299, 0.945141763927002, 0.478683142578518, 0.535748158420744, -0.0570650158422262, 69.9227272727342, 70.5647741935482, 70.0930036630034, 69.0732535458167
12/29/2017, 70.22, 70.22, 69.77, 69.93, 34105, 0.706870123327608, 1.30060254043007, 0.981428374002081, 0.996144956340326, 0.902003376207667, 0.459085756962423, 0.52041567812908, -0.0613299211666568, 69.8547272727343, 70.5544086021503, 70.1513894993893, 69.1292629482071
1/2/2018, 70.2, 70.2, 70.02, 70.17, 32092, 0.688468809150415, 1.46257600780064, 1.07327734924919, 1.23462224957124, 0.988039986942098, 0.457645232539988, 0.507861589011262, -0.0502163564712734, 69.8680000000071, 70.5721505376342, 70.2136141636139, 69.1882006399397
1/3/2018, 70.14, 70.52, 70.14, 70.52, 141378, 0.67774196711827, 1.71081741051637, 1.03855876414119, 1.68506751737278, 1.04229260805483, 0.47922151417437, 0.502133574043883, -0.0229120598695138, 70.1316363636435, 70.6027526881718, 70.2851111111109, 69.2517434875976
1/4/2018, 70.94, 71.53, 70.94, 71.29, 69070, 0.707738046642185, 1.69225077898833, 1.50632214882126, 1.8747819489616, 1.28940815029356, 0.552089295920126, 0.512124718419132, 0.0399645775009942, 70.6269090909162, 70.7187526881718, 70.397924297924, 69.3263853635942
1/5/2018, 71.47, 71.47, 71.1, 71.28, 392617, 0.69839945395434, 1.36008170409703, 1.31295493471467, 1.70793577234541, 1.32333388788326, 0.602090101607885, 0.530117795056883, 0.0719723065510025, 71.0178181818254, 70.8272473118276, 70.4971306471303, 69.3997674632352
1/8/2018, 71.34, 71.5, 71.12, 71.4, 286458, 0.688975033949189, 1.40696792264392, 1.45155470208618, 1.71043108151772, 1.32226586906081, 0.643975745931812, 0.552889385231869, 0.091086360699943, 71.3443636363709, 70.9401290322577, 70.5912527472525, 69.4739308730544
1/9/2018, 71.48, 71.88, 71.48, 71.63, 30255, 0.685930148719439, 1.49547160066337, 1.5147339314299, 1.74461609127877, 1.33392633019152, 0.687800957343086, 0.579871699654112, 0.107929257688974, 71.6601818181892, 71.0546021505373, 70.6901684981682, 69.5505637498868
1/10/2018, 72.09, 72.51, 71.83, 72.28, 366504, 0.706648003944864, 1.55925682284601, 1.71809182686571, 2.3433305583265, 1.41547618244798, 0.766150613493295, 0.617127482421949, 0.149023131071346, 72.0627272727347, 71.2188172043007, 70.8178461538458, 69.6360967944689
1/11/2018, 72.67, 72.82, 72.51, 72.82, 45183, 0.703415158457539, 2.10281993349475, 2.03410485766627, 2.39689953944907, 1.38867650444524, 0.861881533685136, 0.666078292674586, 0.195803241010549, 72.5421818181893, 71.4759784946232, 70.9669694749692, 69.7286866646866
1/12/2018, 73.08, 73.55, 73, 73.55, 38960, 0.71123803190937, 2.79685856563251, 2.38976334533996, 2.58659456981179, 1.4813081408097, 0.985295997839032, 0.729921833707475, 0.255374164131556, 73.152545454553, 71.8440645161286, 71.1135653235651, 69.8311175950486
1/16/2018, 73.95, 74.1, 73.18, 73.34, 89589, 0.740332415933833, 2.47699223623631, 2.25526535425859, 2.41002245446395, 1.41829385670625, 1.05400766066229, 0.794738999098439, 0.259268661563854, 73.4812727272803, 72.1590107526877, 71.2506275946273, 69.9288964932292
1/17/2018, 73.65, 74.25, 73.35, 73.98, 133368, 0.758734528458475, 2.48444781936999, 2.30888435566679, 2.58664062464184, 1.52483439708544, 1.14688423226842, 0.865168045732435, 0.281716186535985, 73.8930909090985, 72.5322795698919, 71.3952551892549, 70.0350053696339
1/18/2018, 74.06, 74.18, 73.85, 74.07, 24863, 0.742198209728502, 2.50772380980606, 2.52836025819535, 2.63498476681862, 1.57953720780366, 1.21376035837271, 0.93488650826049, 0.27887385011222, 74.1981818181894, 72.9157419354833, 71.5442759462757, 70.1409842723816
1/19/2018, 74.27, 74.51, 74.08, 74.49, 81424, 0.730646936835289, 2.5584992039359, 2.69285800945778, 2.59638489392446, 1.62509012943181, 1.28582843029632, 1.00507489266766, 0.280753537628664, 74.6087272727349, 73.2995913978489, 71.7256605616603, 70.2518064608347
1/22/2018, 74.52, 75.02, 74.52, 75.02, 74398, 0.724534734852275, 2.86414390099003, 3.30241912006937, 2.84717009004006, 1.74998986064559, 1.3699179062445, 1.07804349538302, 0.291874410861471, 75.0258181818258, 73.6887526881715, 71.9350720390717, 70.3690404312668
1/23/2018, 74.98, 75.19, 74.67, 75.17, 83295, 0.721522761981998, 3.58796239550186, 3.35339221037175, 2.96770816181953, 1.73894803667636, 1.43215418618971, 1.14886563354436, 0.283288552645345, 75.3147272727349, 74.0722150537629, 72.141692307692, 70.4868953282081
1/24/2018, 75.55, 75.68, 75.03, 75.56, 587711, 0.724920893558463, 3.71372837811753, 3.56885770140047, 3.05914357501779, 1.8048792492046, 1.49570507006484, 1.21823352084846, 0.277471549216386, 75.578727272735, 74.5036129032253, 72.3571697191694, 70.6089353792833
1/25/2018, 75.68, 75.68, 75.12, 75.31, 44617, 0.728140639774447, 3.16068005914845, 3.5259140621363, 2.91288718505568, 1.78956477765707, 1.50850755663295, 1.27628832800536, 0.232219228627593, 75.6720000000077, 74.8682365591392, 72.5572210012207, 70.7255909116129
1/26/2018, 75.58, 76.01, 75.47, 75.99, 80253, 0.731602289805802, 3.59780308812805, 3.72837404482714, 3.00642504642908, 1.85648580288634, 1.55559203976598, 1.33214907035748, 0.223442969408502, 75.9429090909168, 75.3013548387091, 72.7867912087909, 70.8507030152829
1/29/2018, 75.67, 75.79, 75.44, 75.47, 76986, 0.73624930571387, 3.22536392917157, 3.52939454004037, 3.48256505045945, 1.85648062437761, 1.53327256598401, 1.37237376948279, 0.16089879650122, 76.0072727272804, 75.6254623655908, 72.9967252747249, 70.966451277846
1/30/2018, 74.98, 75.14, 74.69, 74.82, 212910, 0.757638309905299, 2.72425923261294, 3.08727551753382, 3.15480723675009, 1.88333323341569, 1.4464607552889, 1.38719116664401, 0.059269588644888, 75.7003636363714, 75.7956989247306, 73.1720805860803, 71.0765882192155
1/31/2018, 75.08, 75.19, 74.71, 74.89, 98964, 0.751130637331537, 2.78508524196656, 3.00781321044925, 3.43588156565206, 1.80497804542955, 1.36754596622249, 1.38326212655971, -0.0157161603372118, 75.4649090909169, 75.9495268817198, 73.3517240537237, 71.1920527538608
2/1/2018, 74.8, 75.4, 74.75, 75.21, 104770, 0.753750362428811, 3.13567036331206, 3.2226944289405, 3.40918513317238, 1.89630993928118, 1.31566063614228, 1.36974182847622, -0.0540811923339379, 75.3083636363715, 76.1645161290316, 73.5414554334551, 71.3096957769577
2/2/2018, 74.89, 74.93, 73.63, 73.75, 79839, 0.837357105360777, 1.68001720446675, 2.25516441713838, 2.5922227565632, 1.72675470170562, 1.1435492164368, 1.32450330606834, -0.18095408963154, 74.6692727272806, 76.1547741935477, 73.6477582417579, 71.4049564028973
2/5/2018, 72.88, 73.35, 70.22, 70.64, 72106, 1.08036993480095, 0.191657796541712, 0.798515821117098, 1.26553522276993, 1.18719812182085, 0.747581019044333, 1.20911884866354, -0.461537829619203, 73.1021818181897, 75.7135913978488, 73.6098119658116, 71.4499464261308
2/6/2018, 69.65, 71.94, 69.01, 71.76, 191547, 1.21448530636319, 0.484580517127693, 0.980616262227489, 1.48535007803033, 1.30283722654352, 0.518174812893037, 1.07093004150944, -0.552755228616399, 72.190909090917, 75.3983870967735, 73.6331599511597, 71.5107601476014
2/7/2018, 71.19, 72, 70.83, 71.19, 257945, 1.24517337133574, 0.28090928542147, 0.856384239372408, 1.36641730616569, 1.09288167868668, 0.287065394251499, 0.914157112057848, -0.627091717806349, 71.3467272727352, 74.9970107526875, 73.627858363858, 71.5650772174388
2/8/2018, 71.45, 71.47, 68.77, 68.86, 44177, 1.41899067223529, -0.32860413340887, 0.318110359948402, 0.780032276036547, 0.766080962169754, -0.0831435849605526, 0.714696972654168, -0.797840557614721, 69.886000000008, 74.2783655913971, 73.5249548229545, 71.5827511275112
2/9/2018, 69.41, 69.89, 67.78, 69.57, 132863, 1.48592946393008, -0.338397768713266, 0.29147535507299, 0.842431764555179, 0.860066379635915, -0.315607673118592, 0.508636043499616, -0.824243716618208, 69.1583636363716, 73.6666451612896, 73.4570744810742, 71.6117088970889
2/12/2018, 69.97, 70.81, 69.65, 70.35, 36816, 1.4841123975172, -0.162872475604183, 0.302508940160028, 0.88538668071988, 0.944105528687859, -0.431918765856437, 0.320525081628405, -0.752443847484843, 68.9463636363717, 73.1699784946229, 73.4262735042732, 71.6453120131201
2/13/2018, 70.06, 70.6, 70.02, 70.53, 47030, 1.44742580188669, -0.14968200051392, 0.330198262817216, 0.910029588985133, 0.991642776428975, -0.503764564829339, 0.155667152336857, -0.659431717166196, 68.9458181818263, 72.6886236559132, 73.3974700854698, 71.6805163318299
2/14/2018, 70.24, 72.09, 70.24, 72.04, 88764, 1.47463346358571, 0.117013181450293, 0.592266466754918, 1.08037452133107, 1.07950256921297, -0.433857261291521, 0.0377622696111809, -0.471619530902702, 69.7149090909172, 72.410989247311, 73.4403296703293, 71.736160174935
2/15/2018, 72.68, 72.77, 71.97, 72.59, 133419, 1.44539144483922, 0.0966860874238514, 0.606695355542327, 1.15026948822799, 1.1264381290526, -0.33026769571299, -0.0358437234536533, -0.294423972259337, 70.8934545454627, 72.2144086021497, 73.5056092796089, 71.8005597922645
2/16/2018, 72.33, 73.12, 72.33, 72.63, 341178, 1.42675088437058, -0.00235900187774035, 0.686186236864619, 1.27602928166698, 1.10794739494989, -0.242153162046463, -0.0771056111722154, -0.165047550874248, 71.9367272727355, 72.0608817204292, 73.5631159951157, 71.8641760284269
2/20/2018, 72.21, 72.61, 71.95, 72.18, 96147, 1.41096800907791, -0.237579327396896, 0.684325428275007, 1.21574280056025, 1.03789577221669, -0.206255414449643, -0.102935571827701, -0.103319842621942, 72.2636363636446, 71.8409462365583, 73.609211233211, 71.9231173978406
2/21/2018, 72.33, 73.23, 72.14, 72.14, 83480, 1.41671038744776, -0.204321982672474, 0.63182204512407, 1.08145736986603, 1.00015964060511, -0.178970792663549, -0.11814261599487, -0.0608281766686782, 72.7167272727356, 71.6181290322572, 73.6489938949936, 71.9878660653272
2/22/2018, 72.39, 72.69, 71.84, 71.99, 25343, 1.40771514075507, -0.364509719757121, 0.494134761414815, 1.05301159102613, 1.02711872786686, -0.167520211005908, -0.128018134997078, -0.0395020760088296, 72.9832727272811, 71.3868387096765, 73.6705299145296, 72.0499986333195
2/23/2018, 72.23, 72.8, 72.17, 72.73, 69299, 1.37940797929065, -0.228883059386526, 0.618930988568519, 1.10940721510139, 1.11690626100592, -0.097608556305417, -0.121936219258746, 0.0243276629533287, 72.9958181818266, 71.2904516129024, 73.7256654456651, 72.1204980183134
2/26/2018, 72.96, 73.29, 72.52, 73.25, 286379, 1.35369454221323, -0.20703887082275, 0.659372782077825, 1.14883199923185, 1.1337622947925, -0.000240638163376161, -0.0975971030396718, 0.0973564648762957, 73.1189090909176, 71.2931397849453, 73.8017289377286, 72.1938969523028
2/27/2018, 73.14, 73.5, 72.53, 72.55, 485153, 1.36526835225724, -0.447132538984408, 0.537352440402925, 0.982497596371966, 1.09478514995552, 0.0202070542631674, -0.074036271579104, 0.0942433258422714, 72.9554545454631, 71.2529032258056, 73.8388547008543, 72.2542859095257
2/28/2018, 72.77, 72.89, 71.6, 71.65, 90409, 1.40331762747313, -0.647692992025524, 0.468892047408206, 0.84925237629352, 1.01606643132669, -0.0357978255082116, -0.0663885823649255, 0.0305907568567139, 72.3970909090995, 71.0909247311819, 73.8397851037847, 72.3015733223998
3/1/2018, 71.53, 71.9, 70.3, 70.77, 346976, 1.46277126759965, -0.892436155056576, 0.274496081566782, 0.627135046659676, 0.872118192211465, -0.149467770337537, -0.0830044199594479, -0.0664633503780895, 71.775636363645, 70.8708602150528, 73.799836385836, 72.3340675140084
3/2/2018, 70.26, 70.92, 69.72, 70.85, 69583, 1.4727495621401, -0.828457395513064, 0.135400492311528, 0.626460741107556, 0.865991813232755, -0.230440316624481, -0.112491599292455, -0.117948717332027, 71.3610909090996, 70.6876559139776, 73.7707423687419, 72.3725677190105
3/5/2018, 70.05, 71.37, 70.01, 71.21, 143635, 1.48753112138386, -0.891133726500727, 0.224343145972675, 0.73351433112777, 1.09289243277334, -0.262536296574382, -0.14250053874884, -0.120035757825542, 71.1738181818269, 70.5989032258055, 73.7467765567762, 72.4129602296023
3/6/2018, 71.63, 71.73, 71.19, 71.52, 28924, 1.44478099267418, -0.729536159982835, 0.320718760924116, 0.689776723265396, 1.1278959185266, -0.259961508255074, -0.165992732650087, -0.0939687756049873, 71.0810909090997, 70.6059784946228, 73.7445372405368, 72.4554139674729
3/7/2018, 70.96, 71.53, 70.73, 71.46, 37850, 1.42966974204107, -0.621567750347275, 0.343698361228029, 0.690341562125955, 1.05006477926041, -0.259768024435047, -0.184747791007079, -0.0750202334279682, 70.9956363636452, 70.6380215053754, 73.7333089133085, 72.4940647806477
3/8/2018, 71.66, 71.66, 71.11, 71.48, 115775, 1.39627853634502, -0.631151514458262, 0.351158975254183, 0.763319343451633, 1.03258079058861, -0.255060673585334, -0.19881036752273, -0.0562503060626037, 70.9241818181906, 70.7225376344077, 73.7220561660558, 72.5370378570452
3/9/2018, 71.88, 72.62, 71.78, 72.61, 42720, 1.384322962251, -0.453760039266272, 0.583907272819435, 0.901859740844217, 1.09947413739993, -0.158323453704952, -0.190712984759174, 0.0323895310542223, 71.4189090909179, 70.9600860215044, 73.758891330891, 72.5961481481481
3/12/2018, 72.7, 72.91, 72.49, 72.65, 20792, 1.34328844837705, -0.18159527177959, 0.55777798851791, 0.892601588792468, 1.09776782347224, -0.0775370454943527, -0.16807779690621, 0.0905407514118573, 72.0380000000089, 71.2654623655904, 73.7887106227103, 72.6588047013803
3/13/2018, 72.88, 72.88, 71.82, 71.93, 23105, 1.36258043216826, 0.352323836644933, 0.385741855980391, 0.802665192051806, 1.03040092968651, -0.0707951354091705, -0.148621264606802, 0.0778261291976316, 72.3010909090999, 71.4663655913968, 73.7780805860802, 72.7131849118491
3/14/2018, 72.28, 72.28, 71.42, 71.57, 13477, 1.36104359314754, -0.0220775776885005, 0.33556313536041, 0.688744840038263, 1.01464032758697, -0.0934241786711141, -0.137581847419664, 0.0441576687485504, 72.2936363636454, 71.6010967741925, 73.7504151404148, 72.7655774224409
3/15/2018, 71.62, 71.84, 71.37, 71.57, 44214, 1.32582640021645, 0.1266942778548, 0.291958806486432, 0.685257599563062, 1.04002006659044, -0.110088823065269, -0.132083242548785, 0.0219944194835167, 72.1145454545545, 71.7614623655903, 73.7286617826614, 72.8164734180675
3/16/2018, 71.52, 71.93, 71.49, 71.57, 23603, 1.29027421671534, 0.954970558146772, 0.228640958488084, 0.611980535510893, 1.07127637810292, -0.121890594906091, -0.130044713020246, 0.00815411811415534, 71.9078181818272, 71.9645806451602, 73.6968840048836, 72.865643296433
3/19/2018, 71.49, 71.57, 70.61, 71.07, 27222, 1.3019231659744, 0.538948863608729, -0.00043788346109652, 0.59630154216093, 0.981088834935766, -0.169633970622925, -0.137962564540782, -0.0316714060821431, 71.5610909091, 72.0304086021494, 73.6398656898652, 72.9077108104415
3/20/2018, 71.29, 71.46, 71.19, 71.29, 17968, 1.26036324078427, 0.352818858602245, 0.0411477831707577, 0.550767091644504, 0.990562678720028, -0.187556741106206, -0.147881399853867, -0.0396753412523394, 71.3600000000092, 71.9341075268805, 73.5760903540899, 72.9524479978133
3/21/2018, 71.22, 71.83, 70.98, 71.31, 31375, 1.25660819890247, 0.296073274376115, 0.0231225426866264, 0.58561788426177, 1.00110663216407, -0.197865957398164, -0.157878311362727, -0.0399876460354379, 71.1663636363729, 71.9108172042998, 73.5108595848591, 72.9965964192975
3/22/2018, 70.32, 70.4, 69.03, 69.13, 55081, 1.3963300178005, -0.897935932171559, -0.383605696601277, 0.199171255922158, 0.792478091108095, -0.377591229907281, -0.201820895071638, -0.175770334835644, 70.2318181818275, 71.575827956988, 73.344903540903, 73.0027784611179
3/23/2018, 69.22, 69.38, 67.65, 67.65, 106315, 1.48339806983032, -1.45114868010017, -0.732529373460863, -0.0454382468532649, 0.608207830925776, -0.632161272700358, -0.287888970597382, -0.344272302102977, 69.1401818181912, 70.9110107526869, 73.1092258852254, 72.9868375017083
3/26/2018, 68.85, 69.49, 68.16, 69.41, 367636, 1.50604070671114, -0.790202556855233, -0.493183897424087, 0.265189362094694, 0.705403896268002, -0.684007758960462, -0.367112728269998, -0.316895030690464, 68.9350909091003, 70.5246451612891, 72.9501978021974, 72.9955962826295
3/27/2018, 69.56, 69.56, 67.84, 68.21, 48423, 1.58199048790762, -0.957240140966778, -0.793068015926968, 0.121596231881943, 0.549231683476767, -0.812559760913985, -0.456202134798795, -0.356357626115189, 68.3481818181913, 70.0390537634396, 72.7324835164831, 72.9958865655323
3/28/2018, 68.38, 68.81, 67.85, 68.39, 19476, 1.56912110865872, -0.898756898204818, -0.731281699990598, 0.136501123441265, 0.5736995600798, -0.889658226707624, -0.542893353180561, -0.346764873527063, 67.9543636363732, 69.6021075268805, 72.5240268620263, 72.9929886565532
3/29/2018, 68.73, 69.46, 68.5, 69.19, 29298, 1.55075275314513, -0.641685616227564, -0.695304552343396, 0.196387551009558, 0.58818810666842, -0.876106788492308, -0.60953604024291, -0.266570748249398, 68.0103636363732, 69.381139784945, 72.3552112332107, 73.0051482848161
4/2/2018, 68.85, 68.92, 67.18, 67.97, 384798, 1.64751734354283, -1.1003543291548, -0.890250567019254, 0.0664816757461989, 0.47683226297247, -0.952827379195469, -0.678194308033422, -0.274633071162047, 67.7747272727369, 69.0604301075256, 72.1275653235648, 72.9960636873035
4/3/2018, 68.24, 68.63, 67.77, 68.48, 38318, 1.6162772510014, -1.09336645074281, -0.868707766469046, 0.145879039440331, 0.561742646407884, -0.961393911749866, -0.734834228776711, -0.226559682973155, 67.811636363646, 68.8369032258052, 71.9250280830276, 72.9926264862649
4/4/2018, 67.35, 69, 67.34, 68.92, 61355, 1.64609014569279, -0.823694480606021, -0.876817993718481, 0.304052557991867, 0.585949836688875, -0.92204981148052, -0.772277345317473, -0.149772466163047, 68.1858181818279, 68.6659784946224, 71.747616605616, 72.995082137488
4/5/2018, 69.29, 69.65, 69.2, 69.38, 13800, 1.60602632169342, -0.509420354474896, -0.823198251433902, 0.36585321258398, 0.575167228130239, -0.844021814842364, -0.786626239222451, -0.0573955756199129, 68.8521818181916, 68.5717849462353, 71.5938876678872, 73.0054669946699
4/6/2018, 68.9, 69.18, 67.8, 68.21, 36188, 1.66771442441189, -0.576465537302679, -1.05149895311271, 0.210203558423353, 0.624958984222957, -0.866603620156155, -0.802621715409192, -0.0639819047469634, 68.7836363636461, 68.3369462365578, 71.3866300366295, 73.000118901189
4/9/2018, 68.73, 69.61, 68.56, 68.65, 28004, 1.6761407260696, -0.485208061352581, -0.943000402442844, 0.297021272914467, 0.693550819812833, -0.83932037793582, -0.809961447914518, -0.0293589300213026, 68.6212727272825, 68.2316559139772, 71.1959291819287, 73.0010255569222
4/10/2018, 69.55, 69.78, 69.4, 69.54, 19098, 1.65320258559742, -0.348871864877698, -0.895761281448571, 0.420190855190452, 0.779849048592175, -0.737382562772467, -0.795445670886108, 0.0580631081136406, 69.063818181828, 68.3002795698911, 71.0617264957259, 73.0127098537652
4/11/2018, 69.34, 69.53, 69.01, 69.11, 79870, 1.61865898440634, -0.517996053873844, -0.88906363284479, 0.388302970062966, 0.752566832659938, -0.68341552738498, -0.773039642185882, 0.0896241148009019, 69.1107272727371, 68.2916129032244, 70.9236117216112, 73.0204466311329
4/12/2018, 69.51, 70.09, 69.51, 69.9, 19798, 1.5904470141875, -0.31499411262317, -0.671293739405367, 0.481189019852555, 0.784135158056975, -0.570325507894665, -0.732496815327639, 0.162171307432973, 69.4174545454644, 68.3453763440846, 70.820859584859, 73.0413899138991
4/13/2018, 70.46, 70.46, 69.04, 69.29, 14167, 1.62669409694214, -0.453355517872727, -0.771389781863376, 0.357389436516498, 0.70455092380234, -0.523883748944769, -0.690774202051065, 0.166890453106296, 69.5910909091008, 68.2743655913964, 70.6923907203902, 73.0492431324312
4/16/2018, 69.54, 69.76, 69.29, 69.54, 74729, 1.57359724300064, -0.66622551195875, -0.77871540102948, 0.418284492989492, 0.632201754661973, -0.461584550349315, -0.644936271710715, 0.1833517213614, 69.6016363636463, 68.2499569892459, 70.5847399267393, 73.0591324313242
4/17/2018, 69.82, 69.85, 69.47, 69.63, 36868, 1.52027221979537, -0.653892676682441, -0.570545414715846, 0.407736213635166, 0.621113320358744, -0.400334926944339, -0.59601600275744, 0.195681075813101, 69.6596363636464, 68.2694193548372, 70.4730598290592, 73.0610389503894
4/18/2018, 69.77, 69.89, 69.43, 69.56, 65482, 1.47877698290877, -0.514924327760433, -0.143169630002228, 0.353525037039107, 0.618866559520319, -0.353369154453901, -0.547486633096732, 0.194117478642831, 69.7187272727373, 68.3108602150523, 70.3486935286929, 73.0592428590951
4/19/2018, 69.7, 70.16, 69.7, 70.09, 35691, 1.43701727185871, -0.306777505224843, -0.245621131529065, 0.396359730999887, 0.597737088014036, -0.270266407865051, -0.492042588050396, 0.221776180185345, 70.01800000001, 68.4281935483856, 70.2520561660555, 73.0653090064232
4/20/2018, 70, 70.07, 69.77, 69.88, 15640, 1.39216533422078, -0.355049420708454, -0.186040321182555, 0.374348801423556, 0.56186441516859, -0.218829596060516, -0.43739998965242, 0.218570393591904, 69.9720000000101, 68.5290537634394, 70.1581367521361, 73.0682265955991
4/23/2018, 70.02, 70.21, 69.85, 70.02, 89838, 1.34561964977979, -0.322351849362212, 0.260561176202436, 0.408042823240331, 0.607286834102039, -0.164868223893876, -0.382893636500711, 0.218025412606835, 69.9712727272828, 68.7333333333318, 70.0712503052496, 73.0714738280714
4/24/2018, 70.34, 70.54, 69.36, 69.65, 118188, 1.3698388152721, -0.295570256590763, 0.0527575983220372, 0.239290331685511, 0.556273247853537, -0.15022762491553, -0.336360434183675, 0.186132809268145, 69.9460000000101, 68.9100430107512, 69.9741489621483, 73.0737370507037
4/25/2018, 69.5, 69.8, 69.13, 69.5, 14798, 1.3523569756765, -0.381234198777441, -0.128188198815913, 0.117897478612366, 0.528336735936828, -0.149010886400688, -0.298890524627078, 0.149879638226389, 69.7769090909193, 69.0390752688157, 69.8693699633693, 73.0718275249418
4/26/2018, 69.56, 69.87, 69.35, 69.68, 11565, 1.31873377323538, -0.343295049723659, -0.127761119356551, 0.137492413376483, 0.555075553874392, -0.13200049712097, -0.265512519125856, 0.133512022004886, 69.8067272727374, 69.1826236559125, 69.7609597069591, 73.0743091430913
4/27/2018, 69.48, 69.8, 69.42, 69.74, 18514, 1.27896330446069, 0.190291640892137, -0.42589837606512, 0.136006282373107, 0.54072243859967, -0.112382665097002, -0.234886548320085, 0.122503883223084, 69.747272727283, 69.3459784946222, 69.658263736263, 73.0745373787069
4/30/2018, 69.82, 69.96, 69.3, 69.3, 25062, 1.27034856869314, 0.51155825146597, -0.626633800148023, 0.0108688826584913, 0.468112917512355, -0.130831569749503, -0.214075552605969, 0.0832439828564656, 69.561272727283, 69.4653118279555, 69.5546031746025, 73.0651138444716
5/1/2018, 69.18, 69.21, 68.59, 69.21, 100480, 1.2596936572737, -0.0466473628974474, -0.653166930271107, 0.0487547819454998, 0.45936504362974, -0.150974368896044, -0.201455315863984, 0.0504809469679398, 69.375272727283, 69.5545376344071, 69.4450964590958, 73.0534262675958
5/2/2018, 69.22, 69.36, 68.72, 68.78, 40890, 1.25071573304619, 0.231796434102363, -0.653400224847381, 0.0473211861987306, 0.438343169662286, -0.199337252912329, -0.201031703273653, 0.00169445036132382, 69.0496363636466, 69.6158709677404, 69.3128595848589, 73.030914855815
5/3/2018, 68.51, 68.63, 67.6, 68.4, 22053, 1.28103825603759, 0.0235269136863267, -0.722850096995726, -0.0393135938137529, 0.405744169870391, -0.265270142065688, -0.21387939103206, -0.0513907510336282, 68.7412727272831, 69.6465161290307, 69.1609059829053, 73.0036430230967
5/4/2018, 67.76, 69, 67.76, 68.77, 14913, 1.30059423989127, -0.140315276095232, -0.613731707179899, -0.067237954697186, 0.417392353063263, -0.284388272974269, -0.227981167420502, -0.056407105553767, 68.6109090909195, 69.5975483870952, 69.0257216117209, 72.9796717233837
5/7/2018, 68.75, 69.08, 68.64, 68.82, 17378, 1.26663430083488, 0.384821474505019, -0.758782510868492, -0.0671520743094872, 0.406095271438648, -0.292137369578143, -0.24081240785203, -0.0513249617261126, 68.586363636374, 69.4585806451597, 68.8892551892545, 72.9550545305451
5/8/2018, 68.74, 69.27, 68.74, 69.01, 51971, 1.23838985588007, 0.249388148339178, -0.826403940998605, -0.0794996026427455, 0.44958995467565, -0.279722703161497, -0.248594466913923, -0.0311282362475733, 68.6189090909195, 69.4535053763424, 68.7656727716721, 72.9322870028698
5/9/2018, 69.25, 69.86, 69.22, 69.81, 16658, 1.22386792374401, 0.389954450571638, -0.51636250365843, 0.0420888794406727, 0.500931379356542, -0.202990725733514, -0.239473718677841, 0.0364829929443275, 68.9327272727377, 69.4725161290306, 68.6825201465195, 72.9175233018995
5/10/2018, 69.93, 70.4, 69.77, 70.4, 10176, 1.19767484046507, 0.43700982499099, -0.218910615972266, 0.197948541083652, 0.485808104851696, -0.093494267911197, -0.210277828524513, 0.116783560613316, 69.469454545465, 69.5680645161273, 68.6235262515256, 72.9056443897771
5/11/2018, 70.48, 70.6, 70.29, 70.4, 18062, 1.15980814389636, 1.07238990276887, -0.0424764231443572, 0.176955529531376, 0.489470028659699, -0.00664098308845951, -0.169550459437302, 0.162909476348842, 69.9789090909196, 69.7039784946219, 68.5695213675207, 72.898521251879
5/14/2018, 70.59, 70.68, 70.3, 70.41, 11080, 1.12864605402342, 0.874729431823463, -0.0569576752341488, 0.0626423444624958, 0.524760073844656, 0.0622798638021607, -0.123184394789409, 0.18546425859157, 70.3678181818286, 69.7520215053745, 68.5235628815622, 72.88769769031
5/15/2018, 69.98, 70.35, 69.86, 70.04, 43811, 1.11714120831809, 0.275142465115076, -0.208374663172781, 0.0278770646023323, 0.4791416355845, 0.0860522667643124, -0.0813370624786651, 0.167389329242978, 70.5503636363741, 69.7713763440842, 68.4786227106221, 72.8691712450456
5/16/2018, 69.85, 70.2, 69.77, 70.06, 94346, 1.09166916527361, 0.526763624565369, -0.268580820168303, 0.0599335441351665, 0.452766540322054, 0.105292157782912, -0.0440112184263496, 0.149303376209262, 70.608545454556, 69.8125376344068, 68.4352503052497, 72.8562588492549
5/17/2018, 69.83, 70.05, 69.61, 69.8, 25785, 1.0731837339988, -0.0463197564103041, -0.310389337468049, 0.0487707487822513, 0.376744505195743, 0.0984254951019778, -0.0155238757206841, 0.113949370822662, 70.4310909091015, 69.8440215053745, 68.3840732600726, 72.8374951482846
5/18/2018, 69.65, 69.65, 69.26, 69.34, 13140, 1.06522661380819, 0.042203982808687, -0.409531956532885, -0.0128310446107533, 0.348600822929962, 0.0552288164191594, -0.00137333729271538, 0.0566021537118748, 70.0923636363742, 69.736430107525, 68.3190720390714, 72.8232010386768
5/21/2018, 69.71, 69.89, 69.68, 69.78, 25526, 1.0449938769187, 0.153731976599479, -0.561222885402848, 0.0755174848479015, 0.392329987642242, 0.0558555916230006, 0.0100724484904278, 0.0457831431325728, 69.8845454545561, 69.7067096774175, 68.2894261294255, 72.8182148421482
5/22/2018, 69.95, 70.34, 69.9, 70.1, 63315, 1.02815533658798, 0.284713383936144, -0.499356228663512, 0.09493682217239, 0.400499999048642, 0.0812371893852912, 0.0243053966694005, 0.0569317927158907, 69.7729090909197, 69.7696344086003, 68.2875995115988, 72.8154377477106
5/23/2018, 69.42, 69.42, 68.85, 69.32, 93252, 1.07789966301323, -0.113971377105049, -0.516134833473013, -0.0438300178273169, 0.329067268431971, 0.0379750544197321, 0.0270393282194668, 0.0109357262002653, 69.4923636363743, 69.7013118279551, 68.2698925518919, 72.7995798824653
5/24/2018, 69.14, 69.14, 68.34, 68.84, 333466, 1.10232429413238, -0.660634315093524, -0.543490796665397, -0.0995964755733698, 0.28927287897853, -0.0346431431107703, 0.0147028339534194, -0.0493459770641897, 69.1907272727379, 69.6233978494604, 68.2296361416354, 72.7740041000407
5/25/2018, 68.48, 68.64, 68.23, 68.45, 97918, 1.097732712749, -0.750658396222549, -0.626022395538797, -0.187336518180424, 0.313819154171653, -0.122254059773013, -0.0126885447918671, -0.109565514981146, 68.8394545454652, 69.4621720430088, 68.1898510378503, 72.7444980183133
5/29/2018, 67.26, 67.28, 65.8, 66.15, 218461, 1.27940761871936, -1.33720599090986, -1.0131065117387, -0.533777359315211, 0.209014079765519, -0.372977666163408, -0.0847463690661752, -0.288231297097232, 67.8020000000107, 69.0312043010733, 68.0555799755793, 72.6806106327728
5/30/2018, 66.65, 67.34, 66.54, 67.26, 81093, 1.28384141063591, -0.741896241352875, -0.678207579699215, -0.476437766734102, 0.310118874422971, -0.476616073834919, -0.163120310019924, -0.313495763814995, 67.3063636363743, 68.7689462365572, 67.9849645909639, 72.6342517425172
5/31/2018, 66.98, 66.99, 66.49, 66.78, 88351, 1.28606790379459, -0.844700084571254, -0.81017300887569, -0.539403929630188, 0.208338091372982, -0.590673332565203, -0.24863091452898, -0.342042418036223, 66.8005454545562, 68.4564086021485, 67.9104420024413, 72.5822927429272
6/1/2018, 67.44, 67.64, 67.35, 67.4, 23312, 1.27432394487586, -0.683308754628496, -0.686967339221089, -0.468282845146577, 0.25198815749904, -0.623844423222081, -0.3236736162676, -0.300170806954481, 66.6358181818289, 68.2758064516109, 67.8723907203901, 72.5415189285224
6/4/2018, 67.8, 68.09, 67.71, 67.79, 49769, 1.2545355095206, -0.572838598405301, -0.23588616383056, -0.444501163890244, 0.277720769495783, -0.611612720195737, -0.381261437053227, -0.230351283142509, 66.644727272738, 68.1480430107506, 67.8657460317454, 72.503332786661
6/5/2018, 67.61, 67.61, 67.14, 67.38, 54146, 1.24729465836867, -0.567676644008475, -0.0233373935204465, -0.583297332276812, 0.349111918259963, -0.627766084261182, -0.430562366494818, -0.197203717766364, 66.6845454545562, 67.9910752688152, 67.8413162393156, 72.4568487084869
6/6/2018, 67.6, 68.3, 67.6, 68.23, 84984, 1.23758725453374, -0.264201156659363, -0.230590839384178, -0.534057454891011, 0.397403132599871, -0.565461556571591, -0.457542204510173, -0.107919352061418, 67.2129090909199, 67.9343225806431, 67.8749621489614, 72.4244217575507
6/7/2018, 68.45, 68.54, 67.9, 68.21, 42939, 1.22296656587004, -0.145184805477893, 0.0315946285788658, -0.630491460050926, 0.405602402031109, -0.511798903178644, -0.468393544243867, -0.0434053589347764, 67.6803636363744, 67.874193548385, 67.9018632478626, 72.3892608992755
6/8/2018, 68.03, 68.33, 67.83, 68.29, 50067, 1.19706577808018, -0.00848275827551869, 0.00825471032056971, -0.593856799468324, 0.372585187241292, -0.45754128125337, -0.466223091645768, 0.0086818103923979, 68.1400000000108, 67.8445376344065, 67.9231355311348, 72.3540789941231
6/11/2018, 68.44, 68.74, 68.38, 68.49, 25059, 1.16674318711988, -0.0596855931740862, -0.133698941565997, -0.648670135442561, 0.400054331109116, -0.39386318679621, -0.451751110675856, 0.0578879238796461, 68.6207272727381, 67.8532258064495, 67.9594896214889, 72.3255930025965
6/12/2018, 68.52, 68.52, 67.96, 68.11, 81296, 1.15570002703786, -0.188031189377313, 0.0645265368198741, -0.709879226348698, 0.374943283512595, -0.369797862799331, -0.435360461100551, 0.0655625983012204, 68.5080000000108, 67.7924301075247, 67.9910329670323, 72.291955719557
6/13/2018, 68.18, 68.26, 67.88, 67.95, 60123, 1.12846199263387, -0.293247116911204, -0.102058555053921, -0.784355953798888, 0.313047449334505, -0.359492576331121, -0.420186884146665, 0.0606943078155442, 68.4550909091018, 67.713010752686, 67.9883394383388, 72.243783517835
6/14/2018, 67.97, 67.97, 67.32, 67.32, 57019, 1.1303482290478, -0.735776750223605, -0.366323776445863, -0.933954816340782, 0.292933108020893, -0.397578262701259, -0.415665159857584, 0.0180868971563248, 68.0509090909199, 67.5331182795677, 67.8932454212447, 72.1852947929477
6/15/2018, 66.82, 67.12, 66.45, 66.96, 89740, 1.14456825926707, -1.04533306605749, -0.57150934401522, -1.00071751468566, 0.283471498794165, -0.451604617974724, -0.422853051481012, -0.0287515664937116, 67.6169090909199, 67.2916344085999, 67.8097362637357, 72.126217848845
6/18/2018, 66.56, 66.82, 66.34, 66.82, 18030, 1.13601131560157, -1.0909827294869, -0.334190710466347, -1.0689531851105, 0.271437636185691, -0.499954558796091, -0.438273352944028, -0.0616812058520632, 67.2365454545563, 67.0663440860193, 67.7109572649566, 72.065955719557
6/19/2018, 65.01, 65.65, 64.91, 65.49, 177434, 1.24695163083023, -1.42548547836192, -0.76158509947324, -1.20360681111744, 0.132469668768848, -0.638234944809454, -0.478265671317113, -0.159969273492341, 66.3676363636472, 66.6882150537612, 67.5054652014646, 71.987595189285
6/20/2018, 65.85, 65.94, 65.49, 65.53, 174191, 1.21821637704743, -1.30660527050633, -0.996746816442568, -1.28501733230181, 0.121903143824281, -0.736110062685341, -0.529834549590759, -0.206275513094583, 65.7856363636472, 66.3493118279547, 67.3199682539676, 71.9098950389502
6/21/2018, 65.24, 65.33, 64.81, 65.09, 27873, 1.22043682944419, -1.44496585995173, -1.00508078283581, -1.28392557521683, 0.198230395309397, -0.83950384378258, -0.591768408429123, -0.247735435353457, 65.1949090909199, 66.0303655913955, 67.1355311355305, 71.8251917452506
6/22/2018, 65.61, 65.65, 65.18, 65.18, 33750, 1.20077203999841, -1.33861863172698, -1.20665975882323, -1.19557376840096, 0.177360290256554, -0.903763884884029, -0.654167503720104, -0.249596381163924, 64.8214545454654, 65.7926236559117, 66.9628815628809, 71.7402902829026
6/25/2018, 64.9, 64.9, 64.07, 64.45, 86837, 1.23976734660576, -1.41476771326956, -1.24217601111336, -1.30085023625625, 0.166970987085155, -1.00204438563435, -0.723742880102953, -0.278301505531396, 64.4054545454653, 65.4959354838687, 66.7957973137967, 71.6426439797729
6/26/2018, 64.65, 64.65, 64.1, 64.38, 217382, 1.22177470043965, -1.58748236875214, -1.32987332271711, -1.35112404423561, 0.126418457112617, -1.07320951430614, -0.793636206943591, -0.279573307362552, 64.1096363636472, 65.2294193548364, 66.6434358974352, 71.5416471231377
6/27/2018, 64.23, 64.48, 63.43, 63.45, 49839, 1.26044070060818, -1.94861946601486, -1.57012658648207, -1.31445203653017, -0.0448542411747763, -1.19092339558112, -0.873093644671098, -0.317829750910026, 63.6640000000108, 64.859139784944, 66.4573260073253, 71.4296493098262
6/28/2018, 63.62, 64.01, 63.41, 63.89, 20516, 1.23612794382391, -1.57381504481106, -1.41773270772191, -0.931602074444031, -0.0540761108081008, -1.23447787925149, -0.945370491587175, -0.289107387664311, 63.489818181829, 64.5885376344063, 66.2871746031739, 71.3247213338797
6/29/2018, 64.59, 64.87, 64.11, 64.11, 28229, 1.24672287653041, -1.36334591530539, -1.50210771264689, -1.0667573459649, -0.02635798554961, -1.23698378093907, -1.00369314945755, -0.233290631481516, 63.5067272727381, 64.3683225806428, 66.1318241758235, 71.2222607626073
7/2/2018, 63.51, 64.08, 63.51, 64.02, 37624, 1.23291211236561, -1.28179695045579, -1.47506468168773, -1.00424565887895, -0.0317581211395463, -1.23202990014229, -1.0493604995945, -0.182669400547792, 63.6200000000108, 64.1427311827934, 65.9750891330884, 71.1165647123135
7/3/2018, 64.39, 64.4, 63.8, 63.92, 11496, 1.22003256824099, -0.833548924028411, -1.53956234418581, -0.732101130561832, -0.0539897172363048, -1.22208563569876, -1.08390552681535, -0.138180108883407, 63.5854545454654, 63.9681075268794, 65.8362661782654, 71.0119188191879
7/5/2018, 64.49, 64.51, 64.16, 64.33, 50676, 1.19750128515258, -1.19769630799601, -1.32776664355995, -0.775965299636176, -0.0462843763547395, -1.16766109078489, -1.10065663960926, -0.0670044511756285, 63.7861818181926, 63.9046451612879, 65.7333748473741, 70.9166901735681
7/6/2018, 64.21, 64.82, 64.09, 64.71, 128502, 1.18735117895491, -0.834153721537645, -1.18069067590983, -0.836377482465645, -0.0554472135199706, -1.08140070840753, -1.09680545336891, 0.0154047449613861, 64.0956363636471, 63.8746236559115, 65.6380732600725, 70.8303684570176
7/9/2018, 65.07, 65.73, 65.05, 65.63, 171358, 1.18987993372945, -0.669921181643605, -0.953095267466753, -0.704681276886663, 0.0225022563184735, -0.928103819554522, -1.06306512660604, 0.134961307051514, 64.7616363636472, 63.9590752688147, 65.5687301587294, 70.7567686210192
7/10/2018, 65.63, 65.63, 65.2, 65.47, 84631, 1.1659879188656, -0.897399994897766, -1.00768630895456, -0.980700664641502, -0.0216966983490598, -0.810186270515217, -1.01248935538787, 0.202303084872655, 65.201818181829, 64.0179354838685, 65.4772478632471, 70.6847852945193
