Date,IXN_Open,IXN_High,IXN_Low,IXN_Close,IXN_Volume,IXN_ATRPercentOfClose20,IXN_SQN25,IXN_SQN50,IXN_SQN100,IXN_SQN200,IXN_MACD,IXN_MACD_Avg,IXN_MACD_Diff,IXN_LinReg10,IXN_LinReg30,IXN_LinReg90,IXN_LinReg270
1/3/2017, 110.6, 111.25, 110.18, 110.76, 80558, 0, 0, 0, 0, 0, 0, 0, 0, 110.76, 110.76, 110.76, 110.76
1/4/2017, 110.88, 111.36, 110.88, 111.21, 20009, 0, 0, 0, 0, 0, 0.0358974358974393, 0.00717948717948786, 0.0287179487179515, 111.21, 111.21, 111.21, 111.21
1/5/2017, 111.4, 111.8, 111.39, 111.77, 41994, 0, 0, 0, 0, 0, 0.108285484695742, 0.0274006866827386, 0.0808847980130031, 111.751666666667, 111.751666666667, 111.751666666667, 111.751666666667
1/6/2017, 111.83, 112.78, 111.49, 112.58, 38068, 0, 0, 0, 0, 0, 0.228381129940061, 0.0675967753342031, 0.160784354605858, 112.483, 112.483, 112.483, 112.483
1/9/2017, 112.59, 113.12, 112.59, 112.93, 33283, 0, 0, 0, 0, 0, 0.347790753650671, 0.123635570997497, 0.224155182653174, 112.992, 112.992, 112.992, 112.992
1/10/2017, 112.98, 113.28, 112.76, 112.9, 12106, 0, 0, 0, 0, 0, 0.434988712356684, 0.185906199269334, 0.24908251308735, 113.215714285714, 113.215714285714, 113.215714285714, 113.215714285714
1/11/2017, 112.97, 113.66, 112.91, 113.65, 19769, 0, 0, 0, 0, 0, 0.558178124877287, 0.260360584390925, 0.297817540486362, 113.6725, 113.6725, 113.6725, 113.6725
1/12/2017, 113.42, 113.54, 112.54, 113.5, 21430, 0, 0, 0, 0, 0, 0.636367230129878, 0.335561913538715, 0.300805316591162, 113.875833333333, 113.875833333333, 113.875833333333, 113.875833333333
1/13/2017, 113.5, 113.76, 113.42, 113.67, 10627, 0, 0, 0, 0, 0, 0.70393570598155, 0.409236672027282, 0.294699033954268, 114.058222222222, 114.058222222222, 114.058222222222, 114.058222222222
1/17/2017, 113.26, 113.46, 112.96, 113.19, 25896, 0, 0, 0, 0, 0, 0.71056131291968, 0.469501600205762, 0.241059712713918, 114.004727272727, 114.004727272727, 114.004727272727, 114.004727272727
1/18/2017, 113.34, 113.59, 113.13, 113.4, 13058, 0, 0, 0, 0, 0, 0.724406887439073, 0.520482657652424, 0.203924229786649, 113.904363636364, 114.022727272727, 114.022727272727, 114.022727272727
1/19/2017, 113.4, 113.79, 113.02, 113.15, 1474038, 0, 0, 0, 0, 0, 0.707056190695695, 0.557797364261079, 0.149258826434617, 113.663636363636, 113.953717948718, 113.953717948718, 113.953717948718
1/20/2017, 113.52, 113.98, 113.44, 113.74, 17003, 0, 0, 0, 0, 0, 0.732470246629575, 0.592731940734778, 0.139738305894797, 113.632909090909, 114.056923076923, 114.056923076923, 114.056923076923
1/23/2017, 113.67, 114.16, 113.45, 114.02, 24553, 0, 0, 0, 0, 0, 0.766370487072024, 0.627459650002227, 0.138910837069797, 113.753454545455, 114.202571428571, 114.202571428571, 114.202571428571
1/24/2017, 114.18, 115.27, 114.18, 115.12, 21016, 0, 0, 0, 0, 0, 0.871946225457734, 0.676356965093328, 0.195589260364405, 114.245454545455, 114.577333333333, 114.577333333333, 114.577333333333
1/25/2017, 116.16, 116.7, 116.02, 116.6, 286885, 0, 0, 0, 0, 0, 1.06278822874617, 0.753643217823897, 0.309145010922275, 115.123272727273, 115.208014705882, 115.208014705882, 115.208014705882
1/26/2017, 116.8, 116.89, 116.24, 116.51, 25672, 0, 0, 0, 0, 0, 1.19301728284685, 0.841518030828488, 0.351499252018365, 115.918181818182, 115.692352941177, 115.692352941177, 115.692352941177
1/27/2017, 116.51, 116.88, 116.41, 116.58, 26787, 0, 0, 0, 0, 0, 1.28703700007277, 0.930621824677345, 0.356415175395427, 116.551272727273, 116.096666666667, 116.096666666667, 116.096666666667
1/30/2017, 116.06, 116.06, 115.25, 115.85, 28840, 0, 0, 0, 0, 0, 1.287798465135, 1.00205715276888, 0.285741312366122, 116.798181818182, 116.282631578947, 116.282631578947, 116.282631578947
1/31/2017, 115.49, 115.5, 114.88, 115.31, 23870, 0, 0, 0, 0, 0, 1.23064236550982, 1.04777419531706, 0.182868170192758, 116.643636363637, 116.331714285714, 116.331714285714, 116.331714285714
2/1/2017, 116.22, 116.36, 115.58, 116.05, 30298, 0, 0, 0, 0, 0, 1.23086887018516, 1.08439313029068, 0.146475739894478, 116.671090909091, 116.499004329004, 116.499004329004, 116.499004329004
2/2/2017, 116.03, 116.45, 115.78, 116.27, 12163, 0.714022318740862, 0, 0, 0, 0, 1.23456919299134, 1.11442834283082, 0.120140850160528, 116.58, 116.67347826087, 116.67347826087, 116.67347826087
2/3/2017, 116.78, 117.15, 116.78, 117.05, 24265, 0.711391766339172, 0, 0, 0, 0, 1.28562136393077, 1.14866694705081, 0.136954416879965, 116.706181818182, 116.945217391304, 116.945217391304, 116.945217391304
2/6/2017, 116.65, 117.11, 116.65, 117.11, 11627, 0.695115583105628, 0, 0, 0, 0, 1.31575487262769, 1.18208453216618, 0.133670340461508, 116.728545454546, 117.184133333333, 117.184133333333, 117.184133333333
2/7/2017, 117.18, 117.54, 117.02, 117.37, 27280, 0.68104913215153, 0, 0, 0, 0, 1.34511013018079, 1.21468965176911, 0.13042047841168, 116.892181818182, 117.426, 117.426, 117.426
2/8/2017, 117.34, 117.64, 117.17, 117.57, 10561, 0.665884152492931, 2.72130074126465, 0, 0, 0, 1.36873478917333, 1.24549867924995, 0.123236109923381, 117.298181818182, 117.661623931624, 117.661623931624, 117.661623931624
2/9/2017, 117.54, 118.04, 117.49, 117.8, 38860, 0.654699489118542, 2.63318824024217, 0, 0, 0, 1.38999359847891, 1.27439766309574, 0.115595935383167, 117.712727272728, 117.896216931217, 117.896216931217, 117.896216931217
2/10/2017, 117.97, 118.18, 117.83, 117.94, 10039, 0.637336101638596, 2.47544387337669, 0, 0, 0, 1.40197706903481, 1.29991354428356, 0.102063524751257, 118.119272727273, 118.11775862069, 118.11775862069, 118.11775862069
2/13/2017, 118.33, 118.86, 118.33, 118.68, 21185, 0.640453731343893, 2.45413533923847, 0, 0, 0, 1.45442022039302, 1.33081487950545, 0.123605340887569, 118.561272727273, 118.406827586207, 118.406827586207, 118.406827586207
2/14/2017, 118.51, 118.97, 118.29, 118.97, 15789, 0.635526573036047, 2.42566409949822, 0, 0, 0, 1.50206747321903, 1.36506539824817, 0.137002074970864, 118.841090909092, 118.696602150538, 118.696602150538, 118.696602150538
2/15/2017, 118.92, 119.58, 118.9, 119.58, 18824, 0.629103249493173, 2.66835492421405, 0, 0, 0, 1.57094133257596, 1.40624058511372, 0.164700747462232, 119.280000000001, 118.986989247312, 119.026310483871, 119.026310483871
2/16/2017, 119.73, 120, 119.57, 119.92, 19973, 0.613882240207421, 2.54514222959517, 0, 0, 0, 1.63412237529062, 1.4518169431491, 0.182305432141514, 119.687818181819, 119.293612903226, 119.358295454545, 119.358295454545
2/17/2017, 119.51, 119.95, 119.51, 119.95, 14212, 0.601383245797334, 2.64443745253307, 0, 0, 0, 1.6673938774142, 1.49493233000212, 0.172461547412077, 120.06290909091, 119.585182795699, 119.656292335116, 119.656292335116
2/21/2017, 120.23, 120.8, 120.12, 120.7, 39823, 0.602975346451704, 2.82376723571797, 0, 0, 0, 1.7342887138083, 1.54280360676336, 0.19148510704494, 120.55090909091, 119.973139784946, 120.005680672269, 120.005680672269
2/22/2017, 120.51, 120.87, 120.35, 120.76, 123798, 0.594072276423358, 3.19252775428202, 0, 0, 0, 1.77172154900244, 1.58858719521117, 0.183134353791263, 120.915818181819, 120.339655913979, 120.324476190476, 120.324476190476
2/23/2017, 121.08, 121.18, 120.39, 120.73, 12481, 0.597226536037774, 3.062108076292, 0, 0, 0, 1.77846554752773, 1.62656286567448, 0.151902681853246, 121.125454545456, 120.649849462366, 120.606741741742, 120.606741741742
2/24/2017, 119.96, 120.67, 119.93, 120.67, 27800, 0.600795572313321, 3.1960396172963, 0, 0, 0, 1.75869556862273, 1.65298940626413, 0.105706162358594, 121.188000000001, 120.951913978495, 120.853641536273, 120.853641536273
2/27/2017, 120.66, 120.68, 120.3, 120.56, 6850, 0.587036343940744, 2.87971354841573, 0, 0, 0, 1.71438922539377, 1.66526937009006, 0.0491198553037124, 121.084000000001, 121.184731182796, 121.064170040486, 121.064170040486
2/28/2017, 120.55, 120.56, 119.96, 120.17, 12243, 0.584459070851472, 2.51036850188046, 0, 0, 0, 1.62902796815861, 1.65802108970377, -0.0289931215451609, 120.850363636365, 121.333849462366, 121.214769230769, 121.214769230769
3/1/2017, 120.91, 122.03, 120.71, 121.91, 118922, 0.623597114404153, 2.48563199563949, 0, 0, 0, 1.68238848778168, 1.66289456931935, 0.0194939184623268, 121.194545454546, 121.629806451613, 121.517219512195, 121.517219512195
3/2/2017, 121.81, 121.94, 121, 121.08, 50806, 0.635295573225634, 1.70857290780172, 0, 0, 0, 1.63881181810994, 1.65807801907747, -0.019266200967528, 121.213636363637, 121.778193548387, 121.713588850174, 121.713588850174
3/3/2017, 121.15, 121.32, 120.78, 121.29, 15852, 0.624746546342252, 1.8314649318275, 0, 0, 0, 1.60274677129465, 1.64701176952091, -0.0442649982262588, 121.291454545456, 121.887010752688, 121.910509413068, 121.910509413068
3/6/2017, 120.91, 121.37, 120.78, 121.17, 28587, 0.618442957626138, 1.7494097646989, 0, 0, 0, 1.5466531104417, 1.62694003770506, -0.0802869272633684, 121.259090909092, 121.967419354839, 122.078298097251, 122.078298097251
3/7/2017, 121.2, 121.74, 121.2, 121.42, 32572, 0.609783367787689, 2.27537100995432, 0, 0, 0, 1.50502242902763, 1.60255651596958, -0.097534086941945, 121.396545454546, 122.050279569892, 122.252393939394, 122.252393939394
3/8/2017, 121.49, 121.74, 121.31, 121.33, 15047, 0.59744417449058, 2.57617306617232, 0, 0, 0, 1.4480750583582, 1.5716602244473, -0.123585166089103, 121.475636363637, 122.147311827957, 122.402975845411, 122.402975845411
3/9/2017, 121.28, 121.43, 120.77, 121.24, 13942, 0.59521203073569, 2.25415776029343, 0, 0, 0, 1.37977640545925, 1.53328346064969, -0.153507055190439, 121.486545454547, 122.29152688172, 122.53231267345, 122.53231267345
3/10/2017, 121.99, 122.22, 121.68, 122.03, 11428, 0.601944860084203, 2.42270123002366, 0, 0, 0, 1.37356206024829, 1.50133918056941, -0.127777120321123, 121.730545454547, 122.500043010753, 122.714973404255, 122.714973404255
3/13/2017, 122.21, 122.45, 122.2, 122.27, 42624, 0.587900259362653, 2.25339610071331, 0, 0, 0, 1.37218544151894, 1.47550843275932, -0.10332299124038, 121.961272727274, 122.708064516129, 122.901683673469, 122.901683673469
3/14/2017, 122.18, 122.26, 121.75, 122.07, 9366, 0.580719558258851, 2.11591275648212, 0, 0, 0, 1.339515037198, 1.44830975364705, -0.108794716449055, 121.951636363638, 122.805333333333, 123.057257142857, 123.057257142857
3/15/2017, 122.41, 123.38, 122.06, 123, 24789, 0.601170850835975, 2.29179664630564, 0, 0, 0, 1.37284147213516, 1.43321609734468, -0.0603746252095116, 122.507636363638, 122.944473118279, 123.272188235294, 123.272188235294
3/16/2017, 123.68, 123.83, 123.35, 123.65, 124224, 0.601672575173342, 2.43445740359691, 3.64654329377534, 0, 0, 1.4351588616485, 1.43360465020544, 0.00155421144306178, 123.062727272729, 123.165806451613, 123.520052790347, 123.520052790347
3/17/2017, 123.79, 123.99, 123.62, 123.71, 258118, 0.586266051444301, 2.35759513356613, 3.5299843318836, 0, 0, 1.47241426526554, 1.44136657321746, 0.0310476920480802, 123.540363636365, 123.360387096774, 123.753969521045, 123.753969521045
3/20/2017, 123.93, 124.25, 123.8, 123.98, 23590, 0.577517539627083, 2.40687768997506, 3.45198544408206, 0, 0, 1.50636178359494, 1.45436561529296, 0.0519961683019827, 123.955272727274, 123.593225806452, 123.990503144654, 123.990503144654
3/21/2017, 124.51, 124.74, 122.39, 122.42, 27611, 0.651614060895421, 1.26361230223351, 2.55379211335414, 0, 0, 1.3913478816183, 1.44176206855803, -0.0504141869397245, 123.728000000001, 123.587419354839, 124.097582491582, 124.097582491582
3/22/2017, 122.43, 123.45, 122.42, 123.36, 39960, 0.656064069942255, 1.43025415843763, 2.65175657215946, 0, 0, 1.36036721332758, 1.42548309751194, -0.0651158841843587, 123.752909090911, 123.683956989247, 124.262525974026, 124.262525974026
3/23/2017, 123.02, 123.33, 122.69, 122.83, 23820, 0.653223646378513, 1.04897664750732, 2.49596464454654, 0, 0, 1.27831264742085, 1.39604900749372, -0.117736360072872, 123.466000000002, 123.687935483871, 124.378571428571, 124.378571428571
3/24/2017, 123.19, 123.79, 122.82, 123.13, 13654, 0.658439758470228, 1.03446423984407, 2.39776602799478, 0, 0, 1.22338884054325, 1.36151697410363, -0.138128133560375, 123.354000000002, 123.711376344086, 124.506255293406, 124.506255293406
3/27/2017, 122.28, 123.65, 122.22, 123.45, 166592, 0.681814524806944, 1.12403450265111, 2.52299201593125, 0, 0, 1.19194268027684, 1.32760211533827, -0.13565943506143, 123.340545454547, 123.750365591398, 124.646060783168, 124.646060783168
3/28/2017, 123.35, 124.51, 123.33, 124.27, 17461, 0.690927037362569, 1.13560769663116, 2.64831168981534, 0, 0, 1.21913508827009, 1.30590870992463, -0.0867736216545403, 123.506000000002, 123.907182795699, 124.830152542373, 124.830152542373
3/29/2017, 124.06, 124.53, 123.98, 124.34, 54155, 0.678127937802751, 1.13822813581364, 2.83309192673458, 0, 0, 1.23213044965205, 1.29115305787012, -0.0590226082180692, 123.761636363638, 124.056150537634, 125.006519125683, 125.006519125683
3/30/2017, 124.3, 124.68, 124.3, 124.5, 33281, 0.65865466985602, 1.19922079469107, 2.81561352665634, 0, 0, 1.24103416071026, 1.28112927843814, -0.0400951177278877, 124.129454545456, 124.231440860215, 125.181485986251, 125.181485986251
3/31/2017, 124.1, 124.55, 124.04, 124.25, 18125, 0.647504073056102, 1.13469284839832, 2.82348479956572, 0, 0, 1.21392414332611, 1.26768825141574, -0.053764108089627, 124.376545454547, 124.365935483871, 125.329339477727, 125.329339477727
4/3/2017, 124.41, 124.61, 123.57, 124.24, 28750, 0.65703285595106, 1.16898529713504, 2.67418985431869, 0, 0, 1.17805248704707, 1.249761098542, -0.0717086114949352, 124.644727272729, 124.473225806452, 125.466870039683, 125.466870039683
4/4/2017, 123.76, 124.25, 123.56, 124.22, 14184, 0.652055014669068, 1.3048402286427, 2.59162501907096, 0, 0, 1.13492737187634, 1.22679435320887, -0.0918669813325277, 124.57981818182, 124.600301075269, 125.594192307692, 125.594192307692
4/5/2017, 124.6, 125.05, 123.74, 123.94, 15992, 0.673699856592562, 0.758793559324457, 2.28609873430112, 0, 0, 1.06587006088074, 1.19460949474325, -0.128739433862505, 124.508000000002, 124.673139784946, 125.696377622378, 125.696377622378
4/6/2017, 123.98, 123.98, 123.54, 123.75, 23432, 0.658775290624469, 1.05559223610249, 1.96268577341881, 0, 0, 0.984461967526556, 1.15257998929991, -0.168118021773352, 124.232909090911, 124.69935483871, 125.780456806875, 125.780456806875
4/7/2017, 123.52, 123.78, 123.18, 123.61, 17628, 0.650815226147068, 0.915200027696122, 1.94932198269927, 0, 0, 0.89829366683567, 1.10172272480706, -0.20342905797139, 123.919272727275, 124.684322580645, 125.8505618964, 125.8505618964
4/10/2017, 123.59, 123.74, 123.26, 123.33, 14398, 0.639138138318634, 0.848481505062079, 1.84443959818533, 0, 0, 0.798209742740681, 1.04102012839378, -0.242810385653103, 123.546727272729, 124.607462365591, 125.899565217391, 125.899565217391
4/11/2017, 123.12, 123.12, 121.87, 122.83, 17397, 0.669084598786088, 0.54666675790847, 1.94495621571625, 0, 0, 0.670813964686317, 0.966978895652291, -0.296164930965974, 123.172000000002, 124.423290322581, 125.916360248447, 125.916360248447
4/12/2017, 122.81, 122.97, 122.28, 122.47, 53372, 0.665668965505433, 0.440385299049329, 2.02106494910328, 0, 0, 0.534639905359555, 0.880511097593744, -0.345871192234189, 122.765454545457, 124.292279569892, 125.910837022133, 125.910837022133
4/13/2017, 122.41, 123.19, 122.3, 122.34, 23598, 0.669431537478976, 0.425339330544028, 1.79518612675732, 0, 0, 0.411487694714836, 0.786706417017962, -0.375218722303126, 122.448000000002, 124.085827956989, 125.897100938967, 125.897100938967
4/17/2017, 122.37, 123.22, 122.37, 123.22, 13866, 0.667126615650211, 0.452249948278312, 1.93427286624188, 0, 0, 0.380511031734329, 0.705467339961236, -0.324956308226907, 122.502363636366, 123.996903225806, 125.930643074582, 125.930643074582
4/18/2017, 122.63, 123.1, 122.62, 122.92, 49190, 0.65972318989097, 0.250929010686094, 1.64970469465067, 0, 0, 0.327973634450615, 0.629968598859112, -0.301994964408497, 122.507272727275, 123.849462365591, 125.945275823769, 125.945275823769
4/19/2017, 123.1, 123.35, 122.63, 122.63, 39434, 0.657575762670864, 0.217490652674612, 1.54452421152767, 0, 0, 0.259940361542292, 0.555962951395748, -0.296022589853456, 122.480000000002, 123.670602150537, 125.942681081081, 125.942681081081
4/20/2017, 123.23, 124.21, 123.23, 124.07, 13219, 0.681120254594275, 0.374954268986269, 1.75421925495282, 0, 0, 0.318547451297405, 0.508479851376079, -0.189932400078674, 122.980909090911, 123.66064516129, 126.014343859649, 126.014343859649
4/21/2017, 124.14, 124.29, 123.85, 124.1, 16881, 0.664635459211412, 0.167393701373013, 1.70813312492564, 0, 0, 0.36322767886854, 0.479429416874571, -0.116201738006031, 123.447090909093, 123.630817204301, 126.083192071087, 126.083192071087
4/24/2017, 125.61, 125.82, 125.35, 125.76, 66786, 0.691453542173421, 0.629367378591502, 1.93070635841327, 0, 0, 0.526515860824645, 0.488846705664586, 0.0376691551600591, 124.439636363639, 123.845827956989, 126.232447552448, 126.232447552448
4/25/2017, 126.49, 126.97, 126.33, 126.78, 36343, 0.699316434694296, 0.822211781108039, 2.09314025905782, 0, 0, 0.729815537732392, 0.537040472078147, 0.192775065654245, 125.611272727275, 124.182193548387, 126.42535540409, 126.42535540409
4/26/2017, 126.63, 126.86, 126.3, 126.31, 14964, 0.688990346853105, 1.2900664846081, 1.80556433095903, 0, 0, 0.843286047700232, 0.598289587202564, 0.244996460497668, 126.332363636366, 124.416494623656, 126.585439873418, 126.585439873418
4/27/2017, 126.9, 127.24, 126.79, 127.11, 17766, 0.687003793371607, 1.25145069907745, 1.89845196865807, 0, 0, 0.986395010806646, 0.675910671923381, 0.310484338883265, 127.068000000003, 124.786946236559, 126.776842592593, 126.776842592593
4/28/2017, 127.75, 127.83, 127.37, 127.72, 20021, 0.677723140985685, 1.65735748220387, 1.89094505949817, 0, 0, 1.13593741767571, 0.767916021073846, 0.36802139660186, 127.735272727275, 125.251612903226, 126.988638964168, 126.988638964168
5/1/2017, 128.26, 129.04, 128.06, 128.8, 21436, 0.689680586866126, 1.83841720772749, 2.01196801913442, 0, 0, 1.32630896245715, 0.879594609350506, 0.446714353106642, 128.658181818184, 125.831053763441, 127.242236262122, 127.242236262122
5/2/2017, 129.28, 129.44, 128.99, 129.33, 83696, 0.677254439101052, 1.89274362863094, 2.11531631028664, 0, 0, 1.5026250278847, 1.00420069305735, 0.498424334827358, 129.399818181821, 126.462903225806, 127.509363166954, 127.509363166954
5/3/2017, 129.01, 129.22, 128.76, 129.15, 23648, 0.666355793871407, 1.58741817045889, 1.91374930048295, 0, 0, 1.60928148908424, 1.12521685226272, 0.484064636821514, 129.671636363639, 126.933397849462, 127.756084033614, 127.756084033614
5/4/2017, 129.16, 129.35, 129, 129.26, 13265, 0.646037894472904, 1.59986168964352, 1.92405112913596, 0, 0, 1.68327978217123, 1.23682943824442, 0.446450343926801, 129.913818181821, 127.437096774193, 127.996864569083, 127.996864569083
5/5/2017, 129.4, 129.88, 129.23, 129.88, 13391, 0.635829344992218, 1.72914181960909, 2.05842955344343, 0, 0, 1.7715316667018, 1.3437698839359, 0.427761782765903, 130.093090909094, 127.946064516129, 128.255316760225, 128.255316760225
5/8/2017, 130, 130.44, 129.85, 130.21, 19050, 0.625162733747099, 1.93587606670318, 2.1456755986008, 0, 0, 1.84681127234028, 1.44437816161678, 0.4024331107235, 130.403090909094, 128.471419354838, 128.517426854755, 128.517426854755
5/9/2017, 130.7, 131.14, 130.6, 130.85, 22189, 0.626536626542982, 2.1331087787677, 2.30422438233706, 0, 0, 1.93579886909589, 1.5426623031126, 0.393136565983292, 130.895454545457, 129.053634408602, 128.796856486211, 128.796856486211
5/10/2017, 130.73, 131.48, 130.52, 131.03, 12245, 0.631024969121512, 2.20448201353793, 2.45608282583254, 0, 0, 1.99781708457, 1.63369325940408, 0.364123825165922, 131.134000000003, 129.665612903226, 129.072404494382, 129.072404494382
5/11/2017, 130.65, 131.03, 130.24, 130.99, 18159, 0.629811753712436, 2.31089087178163, 2.18526173807575, 0, 0, 2.02044882507457, 1.71104437253818, 0.30940445253639, 131.261272727276, 130.233569892473, 129.334637362637, 129.334637362637
5/12/2017, 131.18, 131.48, 131.07, 131.41, 115636, 0.615052808293527, 2.53858313938469, 2.56698341550167, 0, 0, 2.04865946136647, 1.77856739030384, 0.270092071062634, 131.444000000003, 130.822580645161, 129.563704517705, 129.604087434305
5/15/2017, 131.76, 132.28, 131.76, 132.28, 28473, 0.613342040073781, 2.8575581641286, 2.68772364187925, 0, 0, 2.11681697457104, 1.84621730715728, 0.270599667413761, 131.942000000003, 131.460731182795, 129.825672771673, 129.899649368864
5/16/2017, 132.53, 132.89, 132.12, 132.89, 19495, 0.608971636751537, 3.21216273644336, 2.85995471571444, 0, 0, 2.1947544339242, 1.91592473251066, 0.278829701413541, 132.566909090912, 132.123806451613, 130.111313797314, 130.209064287348
5/17/2017, 131.99, 132.1, 129.62, 129.67, 37673, 0.718978397219989, 1.56994910185611, 1.60565200488123, 0, 0, 1.97393900254653, 1.92752758651784, 0.0464114160286944, 131.849272727276, 132.321182795699, 130.25873015873, 130.371263157895
5/18/2017, 129.38, 130.59, 129.38, 130.19, 72651, 0.726771889769877, 1.78687633332193, 1.7189204876274, 0, 0, 1.81992190955779, 1.90600645112583, -0.0860845415680349, 131.304909090912, 132.530709677419, 130.424134310134, 130.548138157895
5/19/2017, 130.96, 131.44, 130.9, 131.05, 25473, 0.733594129818262, 2.00665978127458, 1.88436931943826, 0, 0, 1.74711738474258, 1.87422863784918, -0.127111253106597, 131.130909090912, 132.796365591398, 130.613819291819, 130.752959621993
5/22/2017, 131.35, 132.31, 131.35, 132.31, 18399, 0.737893093319092, 2.0535974412613, 1.93645066128498, 0, 0, 1.77067945350854, 1.85351880098105, -0.0828393474725142, 131.394363636367, 133.165462365591, 130.861951159951, 131.000690090469
5/23/2017, 132.54, 132.73, 132, 132.29, 21744, 0.728695316487993, 2.13565858304663, 1.88475923154525, 0, 0, 1.76736563896895, 1.83628816857863, -0.0689225296096763, 131.664363636367, 133.457225806451, 131.092205128205, 131.237928262214
5/24/2017, 132.81, 132.97, 132.48, 132.93, 20058, 0.71450498944773, 2.36947812711275, 2.03822764762606, 0, 0, 1.79568255761777, 1.82816704638646, -0.032484488768691, 132.112909090912, 133.739053763441, 131.340446886447, 131.491408080808
5/25/2017, 133.39, 134.14, 133.32, 133.83, 16482, 0.719421585854609, 2.28422437217221, 2.0234377291244, 0, 0, 1.86919943054642, 1.83637352321845, 0.0328259073279671, 132.76072727273, 134.045913978494, 131.603252747253, 131.770649504951
5/26/2017, 133.98, 134.03, 133.72, 134.01, 392502, 0.694098808246968, 2.32244465778909, 1.93711923342821, 3.69940541338438, 0, 1.91985567650991, 1.85306995387674, 0.0667857226331694, 133.399818181821, 134.293655913978, 131.863472527473, 132.046418171229
5/30/2017, 133.59, 134.19, 133.59, 134.06, 31400, 0.681525975149316, 2.03083586560357, 1.93430399022548, 3.62991090060756, 0, 1.94165352532451, 1.8707866681663, 0.0708668571582156, 134.088363636367, 134.53111827957, 132.105223443224, 132.313835903293
5/31/2017, 134.4, 134.6, 133.49, 133.75, 24299, 0.69044563452031, 1.71202909412772, 1.81975363116486, 3.48371978328733, 0, 1.91187516157157, 1.87900436684735, 0.0328707947242211, 134.69472727273, 134.639311827957, 132.331216117216, 132.559479088872
6/1/2017, 134.1, 134.21, 133.41, 134.18, 137431, 0.683632049755827, 1.96623042379683, 2.32978336443273, 3.4237656201036, 0, 1.90105877787258, 1.8834152490524, 0.0176435288201811, 134.75872727273, 134.712860215054, 132.567567765568, 132.81232967033
6/2/2017, 134.91, 135.67, 134.63, 135.65, 45701, 0.697333291665499, 2.05573046608137, 2.37587972543441, 3.52194432120051, 0, 1.98818487294747, 1.90436917383141, 0.0838156991160592, 135.188545454548, 134.99440860215, 132.877851037851, 133.111137466307
6/5/2017, 135.66, 136.02, 135.66, 135.69, 23864, 0.675905357533376, 1.9147373871772, 2.51795077768744, 3.53394453752184, 0, 2.03697956426885, 1.9308912519189, 0.106088312349948, 135.506363636367, 135.208322580645, 133.207731379732, 133.400763533768
6/6/2017, 135.59, 136.1, 135.34, 135.49, 18361, 0.671104273861676, 1.62347295632823, 2.41100364875128, 3.38694818133581, 0, 2.03604116499906, 1.95192123453493, 0.0841199304641305, 135.754000000003, 135.432752688172, 133.512884004884, 133.672736240914
6/7/2017, 135.78, 136.05, 135.26, 135.85, 23544, 0.664935753862662, 1.58040912489713, 2.41239462613069, 3.46858138911685, 0, 2.04082115229483, 1.96970121808691, 0.0711199342079143, 135.948545454549, 135.708086021505, 133.821423687424, 133.948233095481
6/8/2017, 136.17, 136.37, 135.56, 136.37, 37864, 0.658978852050528, 1.75439428027198, 2.35592602410214, 3.51065313439194, 0, 2.06279041695907, 1.98831905786134, 0.0744713590977313, 136.256545454549, 135.959548387097, 134.122354090354, 134.232897414512
6/9/2017, 136.57, 136.78, 131.54, 133.24, 65752, 0.837373902367338, 0.781348285171604, 1.50225525059672, 2.86601832228086, 0, 1.80680861101843, 1.95201696849276, -0.145208357474335, 135.475636363639, 135.802301075269, 134.259433455434, 134.39542014742
6/12/2017, 131.71, 131.92, 129.83, 131.74, 50990, 0.933984467996454, 0.363661240245135, 1.19205021207998, 2.57474380715271, 0, 1.46600453387384, 1.85481448156898, -0.388809947695134, 134.24472727273, 135.455849462365, 134.334253968254, 134.498648648649
6/13/2017, 132.78, 133.28, 132.09, 133.03, 33914, 0.936562866444863, 0.526499112601639, 1.41712704838482, 2.75725163508371, 0, 1.28519217105259, 1.7408900194657, -0.455697848413113, 133.593272727276, 135.319139784946, 134.458857142857, 134.643263274336
6/14/2017, 133.67, 133.84, 131.67, 132.49, 33261, 0.975254058547832, 0.3145901355639, 1.32855356941949, 2.59420917001515, 0, 1.0858070757248, 1.60987343071752, -0.524066354992718, 132.749454545458, 135.121956989247, 134.564910866911, 134.763712156497
6/15/2017, 131.07, 131.88, 130.37, 131.73, 21126, 1.01230425648032, 0.145783630551794, 1.20403452482765, 2.43889980769998, 0, 0.856593031513853, 1.45921735087679, -0.602624319362933, 131.797818181821, 134.795956989247, 134.627765567766, 134.853324180015
6/16/2017, 131.87, 132.05, 131.38, 131.74, 37853, 0.98704491969671, 0.154675048062214, 1.25352767945443, 2.30051851570187, 0, 0.668045355490875, 1.3009829517996, -0.632937596308729, 131.277272727276, 134.461913978494, 134.686124542125, 134.939734632684
6/19/2017, 133.05, 134, 132.9, 133.95, 20396, 1.00658180541099, 0.441076048847423, 1.55218627938692, 2.33197116105879, 0, 0.689006061108302, 1.17858757366134, -0.489581512553042, 131.741454545458, 134.433612903226, 134.835003663004, 135.097961980548
6/20/2017, 133.47, 133.64, 132.5, 132.5, 31446, 1.02143434862688, 0.0590653807658152, 1.33021067345707, 2.1236889053063, 0, 0.581906829770276, 1.05925142488313, -0.477344595112854, 131.75963636364, 134.217075268817, 134.913611721612, 135.201739823265
6/21/2017, 132.82, 133.28, 132.65, 133.24, 48122, 0.994243835435373, 0.0796982699632749, 1.47677072925717, 2.1996412737543, 0, 0.550397097755933, 0.957480559457691, -0.407083461701757, 132.268545454549, 134.122322580645, 135.016908424909, 135.326427859279
6/22/2017, 133.7, 133.87, 133.13, 133.53, 11965, 0.970189442085963, 0.758337520109866, 1.60263828564312, 2.35462039587998, 0, 0.542571557314432, 0.874498759029039, -0.331927201714607, 133.124000000003, 134.060946236559, 135.138117216117, 135.45631092437
6/23/2017, 133.42, 134.54, 133.3, 134.31, 15199, 0.962489214441602, 0.80099369743311, 1.76985504346075, 2.53277095104401, 0, 0.592479506457835, 0.818094908514798, -0.225615402056963, 133.777818181821, 134.079741935484, 135.288986568987, 135.607330578512
6/26/2017, 135.15, 135.5, 133.8, 133.92, 24245, 0.9804982830949, 0.565352797836641, 1.73073281488032, 2.38151691236559, 0, 0.593718161696017, 0.773219559151042, -0.179501397455025, 133.938545454549, 134.055634408602, 135.425125763126, 135.740509416068
6/27/2017, 133.5, 133.56, 132.11, 132.11, 23398, 1.01273872960764, -0.0161712724759578, 1.29608381263673, 2.06801045664825, 0, 0.443535134755024, 0.707282674271838, -0.263747539516815, 133.613090909094, 133.843677419354, 135.479196581197, 135.810511795282
6/28/2017, 132.21, 133.4, 131.37, 133.26, 20070, 1.02996599047007, 0.195113649662487, 1.49001377789528, 2.09304388827637, 0, 0.412553730345365, 0.648336885486544, -0.235783155141178, 133.627090909094, 133.819397849462, 135.575272283272, 135.914725937582
6/29/2017, 132.73, 132.73, 130, 131.08, 115009, 1.11909219175725, -0.290619314450115, 1.179447508705, 1.75783620572055, 0, 0.209675949336742, 0.560604698256583, -0.350928748919842, 132.694000000003, 133.301462365591, 135.582971916972, 135.945797419355
6/30/2017, 131.43, 131.71, 130.83, 130.93, 44612, 1.09796130963693, -0.474070399414868, 0.972397608980273, 1.70556678066589, 0, 0.0363708394372111, 0.455757926492709, -0.419387087055498, 131.746545454549, 132.790064516129, 135.577843711844, 135.970525714286
7/3/2017, 131.12, 131.49, 129.78, 129.85, 31838, 1.11758390879649, -0.683360680896103, 0.813000872178902, 1.5379283704355, 0, -0.185977845976225, 0.327410771998922, -0.513388617975147, 130.912181818185, 132.194193548387, 135.51738949939, 135.959967504062
7/5/2017, 129.9, 131.05, 129.75, 130.85, 41476, 1.10326600710251, -0.509760713309656, 0.726838258619168, 1.61686587128267, 0, -0.278291171061085, 0.206270383386921, -0.484561554448005, 130.356909090912, 131.816946236559, 135.492632478633, 135.980113188976
7/6/2017, 129.9, 130.29, 129.32, 129.67, 17670, 1.1166363783288, -0.647595582155169, 0.423039401633863, 1.44666294236244, 0, -0.441576070531426, 0.0767010926032515, -0.518277163134677, 129.632000000003, 131.298064516129, 135.406393162393, 135.962569040698
7/7/2017, 129.95, 131.5, 129.95, 131.18, 45413, 1.11834522960055, -0.450141844219001, 0.680963683037984, 1.51237814833978, 0, -0.444017788685898, -0.0274426836545783, -0.416575105031319, 129.681454545458, 131.030344086021, 135.370818070818, 135.991093619559
7/10/2017, 131.29, 132.52, 131.17, 132.29, 21059, 1.10453776444214, -0.508403873241334, 0.714647866670308, 1.59203228060062, 0, -0.352323775403107, -0.0924189020042841, -0.259904873398823, 130.398545454549, 130.974752688172, 135.414363858364, 136.051948326482
7/11/2017, 132.28, 133.06, 132.2, 132.92, 12759, 1.0766877506406, -0.41079347901774, 0.714048407225167, 1.58715775755519, 0, -0.226212240490327, -0.119177569701493, -0.107034670788834, 131.365454545458, 131.021032258064, 135.459399267399, 136.129548924358
7/12/2017, 133.83, 134.91, 133.83, 134.78, 14423, 1.08256172298851, -0.0810834695130398, 0.795734602389483, 1.7209614918016, 0, 0.0235470787774261, -0.0906326400057089, 0.114179718783135, 132.667454545458, 131.313677419354, 135.581731379731, 136.260186830713
7/13/2017, 134.8, 135.48, 134.8, 135.21, 21420, 1.05104863229917, -0.070280173609778, 0.780696822272535, 1.76282367310969, 0, 0.253261108644978, -0.0218538902755716, 0.275114998920549, 134.202363636367, 131.635569892473, 135.71031013431, 136.399561216474
7/14/2017, 135.47, 136.51, 135.47, 136.37, 12531, 1.03766716502539, 0.0251788849982435, 0.942171695164479, 1.79102731057964, 0, 0.522885934226167, 0.0870940746247762, 0.435791859601391, 135.595636363639, 132.123892473118, 135.884864468865, 136.568932006633
7/17/2017, 136.23, 136.61, 135.93, 136.16, 41772, 1.01227480706365, 0.510081710685419, 0.901213930645638, 1.76043622848162, 0, 0.711419504875494, 0.21195916067492, 0.499460344200574, 136.597818181821, 132.669440860215, 136.037286935287, 136.727164488017
7/18/2017, 136.17, 136.95, 135.89, 136.95, 20199, 0.99481395285358, 0.926174344551298, 0.916960763814302, 1.84386684014998, 0, 0.914043590086521, 0.35237604655724, 0.561667543529281, 137.371636363639, 133.314602150537, 136.211377289377, 136.903714040361
7/19/2017, 137.36, 138.01, 137.36, 137.94, 18956, 0.976712935342416, 0.874970074757558, 0.990516179151425, 1.94835026174314, 0, 1.14135256180359, 0.510171349606509, 0.631181212197077, 138.300181818185, 134.063913978494, 136.434788766789, 137.103760710885
7/20/2017, 138.25, 138.34, 137.56, 138.23, 24962, 0.954144492411751, 1.02913327089072, 0.94543505388568, 1.992392696441, 0, 1.32957067284343, 0.674051214253894, 0.655519458589537, 138.706181818185, 134.858215053763, 136.664554334554, 137.3064737775
7/21/2017, 137.53, 138.03, 137.45, 137.89, 15242, 0.936955714894282, 1.11921072711685, 0.879954897981288, 2.00482900323967, 0, 1.43476069519267, 0.826193110441648, 0.608567584751017, 138.829818181821, 135.628688172043, 136.863321123321, 137.493831449126
7/24/2017, 137.9, 138.44, 137.75, 138.36, 10413, 0.912019242197411, 1.19966666694104, 0.94132374990582, 1.87905126706954, 0, 1.53831685862644, 0.968617860078608, 0.569698998547837, 138.971818181821, 136.240322580645, 137.091709401709, 137.689218844985
7/25/2017, 137.91, 138.15, 137.56, 138.02, 22019, 0.897533931552762, 0.787763402078299, 0.846173979323516, 1.95316265699535, 0, 1.57479742133239, 1.08985377232936, 0.484943649003027, 138.791272727276, 136.675784946236, 137.308427350427, 137.869645390071
7/26/2017, 138.31, 138.4, 137.83, 138.21, 12410, 0.872105864780164, 1.15995463133483, 0.762387986660689, 1.94795662529743, 0, 1.60058934457689, 1.19200088677887, 0.40858845779802, 138.770181818185, 137.180838709677, 137.524256410257, 138.050353590072
7/27/2017, 139.15, 139.32, 136.14, 137.59, 17988, 0.947794636185066, 0.88149487971396, 0.609370183958751, 1.89101583351381, 0, 1.55309766797839, 1.26422024301877, 0.288877424959618, 138.433818181821, 137.537806451612, 137.708361416362, 138.208913170163
7/28/2017, 136.63, 137.31, 136.52, 137.06, 14315, 0.942920697454166, 0.713421511669055, 1.04113344046674, 1.79975586829442, 0, 1.4559107684442, 1.30255834810386, 0.153352420340339, 138.016545454548, 137.743956989247, 137.824661782662, 138.348484674329
7/31/2017, 137.62, 137.73, 136.5, 136.85, 26510, 0.94208896787296, 0.520587150882943, 0.940094084557783, 1.78752916627703, 0, 1.34642347372716, 1.31133137322852, 0.035092100498638, 137.447090909094, 137.889741935484, 137.941946275947, 138.478390174776
8/1/2017, 137.2, 137.39, 137.02, 137.33, 13666, 0.911517013695069, 0.694204469959821, 0.887182655862743, 1.84915498495773, 0, 1.28358957075821, 1.30578301273446, -0.0221934419762475, 137.163818181821, 138.210795698924, 138.058551892552, 138.617637685211
8/2/2017, 138.72, 138.79, 137.18, 138.08, 28523, 0.919537224190372, 1.30487245428536, 0.818535141544484, 1.83574356461888, 0, 1.2795619878537, 1.30053880775831, -0.0209768199046083, 137.316909090912, 138.508537634408, 138.203985347986, 138.773217503217
8/3/2017, 137.82, 137.96, 137.33, 137.48, 37340, 0.904649512077366, 0.931699380823488, 0.737524085917828, 1.73816496180071, 0, 1.2139613233233, 1.2832233108713, -0.0692619875480014, 137.313090909094, 138.743483870967, 138.319350427351, 138.908518955197
8/4/2017, 137.8, 138.04, 137.39, 137.6, 300066, 0.882286730918434, 1.69021367877166, 0.666248298193062, 1.77608905089696, 0, 1.15830312378159, 1.25823927345336, -0.0999361496717697, 137.323636363639, 138.985634408602, 138.447904761905, 139.04328590604
8/7/2017, 138, 138.57, 137.87, 138.57, 12448, 0.867305487953075, 1.95706030119214, 0.671013541147319, 1.76911799454454, 0, 1.17887515406903, 1.2423664495765, -0.0634912955074642, 137.779090909094, 139.376602150537, 138.61064957265, 139.199977041942
8/8/2017, 138.62, 139.51, 138.4, 138.5, 18126, 0.864428847598373, 2.37353830598187, 0.636681533994408, 1.68739567830248, 0, 1.17597432134193, 1.22908802392958, -0.0531137025876571, 138.130909090912, 139.705204301075, 138.763465201465, 139.350667479958
8/9/2017, 137.56, 138.27, 137.39, 138.27, 20274, 0.86271227036057, 2.04706642095758, 0.598530680219524, 1.65483153384958, 0, 1.14195259403328, 1.21166093795032, -0.0697083439170385, 138.415090909094, 139.85440860215, 138.890415140415, 139.491364809081
8/10/2017, 137.35, 137.35, 135.21, 135.21, 18076, 0.951282185797043, 1.22751468603009, 0.214740983668301, 1.23304519283645, 0, 0.858181125697087, 1.14096497549968, -0.282783849802589, 137.514909090912, 139.652279569892, 138.873113553114, 139.549095153213
8/11/2017, 135.17, 136.41, 135.1, 135.99, 25017, 0.946699912674, 1.09673865886165, 0.25752535081037, 1.50953425438007, 0, 0.688295432548244, 1.05043106690939, -0.362135634361145, 136.908000000003, 139.391204301075, 138.881426129426, 139.625040636782
8/14/2017, 137.3, 138.39, 137.3, 138.27, 18686, 0.971321581458815, 1.24730119851966, 0.348564888787991, 1.60538096248776, 0, 0.729230625294349, 0.986190978586382, -0.256960353292033, 137.105090909094, 139.377741935483, 138.974556776557, 139.757017369727
8/15/2017, 138.4, 138.72, 138.13, 138.44, 17486, 0.942931257692104, 1.15316455453188, 0.364086687557638, 1.68612519927824, 0, 0.766553290547876, 0.94226344097868, -0.175710150430805, 137.379454545457, 139.266494623655, 139.060398046398, 139.889838314552
8/16/2017, 138.95, 139.64, 138.74, 139.12, 18241, 0.934534453343517, 0.955416860627245, 0.469338460806304, 1.71819122643866, 0, 0.841304059159086, 0.922071564614762, -0.0807675054556759, 137.978181818185, 139.252774193548, 139.162090354091, 140.036350882851
8/17/2017, 138.76, 138.89, 136.69, 136.7, 21396, 0.992405351073099, 0.305122530864647, 0.130902688450128, 1.39839940412534, 0, 0.697233532468061, 0.877103958185422, -0.17987042571736, 137.564181818185, 138.799978494623, 139.140415140415, 140.118428469071
8/18/2017, 136.77, 137.68, 136.42, 136.7, 14619, 0.988871403929101, 0.0833689098632396, 0.0700215896565329, 1.31337395859372, 0, 0.576412082411338, 0.816965583030605, -0.240553500619267, 137.21672727273, 138.402494623655, 139.097833943834, 140.198191823899
8/21/2017, 136.64, 136.87, 135.84, 136.61, 20025, 0.977745295887949, 0.106995480458073, 0.458685732588182, 1.29674201791132, 0, 0.468003116328049, 0.747173089690094, -0.279169973362045, 137.081272727276, 138.031978494623, 139.033157509158, 140.273479037267
8/22/2017, 137.31, 138.61, 137.31, 138.57, 22262, 0.987885513658729, 0.317061710130701, 0.893803361406105, 1.44863954790018, 0, 0.534087224196384, 0.704555916591352, -0.170468692394968, 137.715818181821, 137.924279569892, 139.040908424909, 140.394876926616
8/23/2017, 137.99, 138.64, 137.73, 138.41, 21426, 0.972449467858576, 0.106793857935233, 0.714445381657978, 1.46045626316991, 0, 0.567012525526849, 0.677047238378451, -0.110034712851602, 138.245272727275, 137.883827956989, 139.049330891331, 140.509252442627
8/24/2017, 138.66, 138.78, 137.85, 138.37, 1081525, 0.957699604711933, 0.045535328903839, 0.782287177733361, 1.45764156565464, 0, 0.583156137389466, 0.658269018180654, -0.0751128807911883, 138.141272727275, 137.843548387096, 139.03821001221, 140.619717192877
8/25/2017, 138.65, 139.05, 138.19, 138.19, 13901, 0.942116286191409, 0.0753980757386135, 0.864371246552023, 1.44210541273955, 0, 0.574799637995341, 0.641575142143591, -0.0667755041482508, 137.95872727273, 137.837376344086, 139.001457875458, 140.72299556541
8/28/2017, 138.38, 138.53, 138, 138.23, 19324, 0.91392242718188, -0.0048133116122692, 0.868142557911726, 1.47695696378203, 0, 0.564892983051266, 0.626238710325126, -0.0613457272738607, 138.126000000003, 137.810537634408, 138.987054945055, 140.824568820737
8/29/2017, 137.01, 138.83, 137.01, 138.69, 21185, 0.93096057577247, 0.144299155429735, 0.658786701757064, 1.54133844463003, 0, 0.587388988630096, 0.61846876598612, -0.0310797773560245, 138.488363636366, 137.881376344086, 138.983052503053, 140.934514104321
8/30/2017, 138.88, 139.75, 138.77, 139.55, 18419, 0.916941427023932, 0.265702823154898, 0.985577643586485, 1.63522209820386, 0, 0.666924161221715, 0.628159845033239, 0.0387643161884756, 139.270181818184, 138.116107526881, 139.042842490843, 141.062104362703
8/31/2017, 140.09, 140.88, 139.97, 140.59, 112955, 0.911951186671386, 0.566415300263771, 1.01657255880871, 1.75924862184639, 0, 0.804600730503239, 0.663448022127239, 0.141152708376, 139.90381818182, 138.491741935483, 139.160656898657, 141.211119329389
9/1/2017, 141.01, 141.2, 140.46, 140.67, 21140, 0.892163620298738, 0.683508410450823, 0.987123811574847, 1.82447544212013, 0, 0.909679515775025, 0.712694320856796, 0.196985194918229, 140.352909090911, 138.839634408602, 139.261406593407, 141.358471980508
9/5/2017, 139.99, 140.5, 138.42, 139.34, 83088, 0.936383117870334, 0.466154859675554, 0.695632117462671, 1.72395730220821, 0, 0.875542615167177, 0.745263979718872, 0.130278635448305, 140.108000000002, 139.03217204301, 139.311277167277, 141.471320949432
9/6/2017, 139.88, 140, 139.12, 139.81, 15998, 0.918044792660394, 0.462934032271465, 0.810633701219673, 1.7820900954889, 0, 0.876312364090751, 0.771473656593248, 0.104838707497503, 140.268545454548, 139.255354838709, 139.386288156288, 141.592306541548
9/7/2017, 140.25, 140.76, 140.01, 140.53, 19109, 0.901474776480162, 0.455630157463101, 1.18933843226739, 1.75836894271223, 0, 0.924364875479966, 0.802051900370592, 0.122312975109375, 140.578181818184, 139.571010752688, 139.507914529915, 141.726982121253
9/8/2017, 140.62, 140.86, 139.68, 139.68, 19157, 0.903851931714056, 0.4109654722202, 0.912888795044503, 1.70525660644428, 0, 0.883672514027325, 0.818376023101938, 0.065296490925386, 140.470545454548, 139.722516129032, 139.59557020757, 141.839007374925
9/11/2017, 140.94, 141.95, 140.94, 141.85, 12443, 0.925537792955434, 0.726322314095651, 1.54332196714002, 1.90858136513528, 0, 1.01482610532193, 0.857666039545937, 0.157160065775993, 141.005090909093, 140.100537634408, 139.766498168498, 141.997795073892
9/12/2017, 142.1, 142.24, 141.44, 141.96, 21581, 0.906756545042208, 0.586589854802049, 1.58221087176008, 1.78347569599013, 0, 1.11479172693086, 0.909091177022922, 0.205700549907939, 141.386000000002, 140.447612903225, 139.935374847375, 142.155467532468
9/13/2017, 141.72, 141.72, 141.26, 141.6, 17160, 0.888326279501994, 0.5376502717022, 1.71796598371533, 1.74548274978645, 0, 1.15169024269935, 0.957610990158206, 0.194079252541139, 141.531090909093, 140.748043010752, 140.092989010989, 142.301461864407
9/14/2017, 141.43, 141.91, 141.22, 141.29, 23100, 0.870179426134958, 0.524902627368803, 1.53124402334547, 1.56190030824476, 0, 1.14274531639032, 0.994637855404629, 0.148107460985689, 141.582363636366, 141.031591397849, 140.2357997558, 142.437193550435
9/15/2017, 141.57, 142.09, 141.25, 142.01, 13419, 0.852054563500302, 1.37952357060775, 1.84490281187672, 1.52675224689312, 0, 1.18015034202978, 1.03174035272966, 0.148409989300118, 141.995454545457, 141.345784946236, 140.416188034188, 142.585872826565
9/18/2017, 142.42, 142.96, 142.07, 142.46, 30253, 0.840237646599354, 1.31411089259699, 1.70840025881648, 1.61973289222743, 0, 1.23190470294927, 1.07177322277358, 0.160131480175685, 142.502545454547, 141.695849462365, 140.612070818071, 142.741193668529
9/19/2017, 142.63, 142.99, 142.37, 142.77, 24714, 0.81820580218405, 1.00132202061031, 1.59574159681907, 1.56854611674882, 0, 1.28314353611469, 1.1140472854418, 0.169096250672891, 142.753090909093, 142.118559139784, 140.812241758242, 142.899906077348
9/20/2017, 142.75, 142.76, 141.57, 142.22, 14859, 0.822489665721601, 0.83510431685771, 1.41311482093528, 1.45318245535504, 0, 1.26479055883846, 1.14419594012113, 0.120594618717323, 142.720545454547, 142.439720430107, 140.989074481075, 143.043077530205
9/21/2017, 142.06, 142.56, 141.2, 141.62, 54183, 0.832691401256742, 0.555114485498367, 1.07012990970291, 1.28953700759172, 0, 1.18813463010247, 1.1529836781174, 0.0351509519850677, 142.493272727275, 142.645419354838, 141.151094017094, 143.17
9/22/2017, 141.12, 141.62, 141.02, 141.5, 17842, 0.81292910553838, 1.26867100126467, 0.985175243791245, 1.22483989588917, 0, 1.10496392092065, 1.14337972667805, -0.0384158057573976, 141.995090909093, 142.610279569892, 141.314581196581, 143.291477191732
9/25/2017, 140.98, 141.18, 139.13, 139.77, 33306, 0.866623703312562, 0.741936850827401, 0.532973464578594, 1.06659163100082, 0, 0.889203804941559, 1.09254454233075, -0.203340737389194, 141.234000000002, 142.36705376344, 141.324583638584, 143.372925969448
9/26/2017, 139.97, 140.23, 139.48, 139.73, 20340, 0.850365671376204, 0.754526184399717, 0.559297097370248, 1.05168726247663, 0, 0.706836719146594, 1.01540297769392, -0.308566258547327, 140.594545454547, 142.246365591397, 141.336993894994, 143.451560592851
9/27/2017, 140.33, 141.45, 140.3, 141.18, 24155, 0.860465473142988, 0.657643564587387, 0.644474676512081, 1.11715554141529, 0, 0.671570920086225, 0.946636566172382, -0.275065646086157, 140.505636363638, 142.311569892472, 141.424908424908, 143.559236386637
9/28/2017, 140.84, 141.34, 140.53, 141.14, 60538, 0.846368780809202, 0.688733455227308, 0.495968098664551, 1.08080910051905, 0, 0.633096907488067, 0.883928634435519, -0.250831726947452, 140.36381818182, 142.399354838709, 141.531653235653, 143.663643190352
9/29/2017, 141.61, 142.52, 141.58, 142.37, 33950, 0.845569047111332, 0.966476874271028, 0.623500399022676, 1.12565906197624, 0, 0.693858328871414, 0.845914573322698, -0.152056244451284, 140.799090909092, 142.468838709676, 141.68525030525, 143.791666666667
10/2/2017, 142.71, 143.1, 142.21, 142.73, 26076, 0.832442247427859, 1.09717591416193, 0.725628988749463, 1.14026841825435, 0, 0.762274162389758, 0.82918649113611, -0.0669123287463519, 141.429090909092, 142.547419354838, 141.861421245421, 143.924481759956
10/3/2017, 142.85, 143.36, 142.85, 143.14, 18617, 0.810561393576984, 1.18285820635426, 0.715127367754828, 1.18093173062065, 0, 0.839895978822767, 0.831328388673442, 0.00856759014932551, 142.248000000001, 142.633118279569, 142.068334554335, 144.06302066685
10/4/2017, 142.84, 143.2, 142.49, 142.86, 26154, 0.796392062038211, 1.00249185892702, 0.725751842171035, 1.11424668779942, 0, 0.868803145785108, 0.838823340095775, 0.0299798056893332, 142.840000000001, 142.771827956988, 142.260188034188, 144.1928125
10/5/2017, 143.39, 144.34, 143.39, 144.3, 20559, 0.800304514786139, 1.09970970777891, 0.887135768382741, 1.15382866582774, 0, 0.996422115390544, 0.870343095154729, 0.126079020235815, 143.774545454547, 143.054903225805, 142.509614163614, 144.349616256477
10/6/2017, 143.78, 144.63, 143.63, 144.43, 20780, 0.794223806753845, 0.906152907657708, 1.00068736663085, 1.10755971996006, 0, 1.09542362017666, 0.915359200159115, 0.180064420017545, 144.583818181819, 143.313806451612, 142.750332112332, 144.505866139629
10/9/2017, 144.66, 145.1, 144.62, 144.9, 14903, 0.775184659689337, 0.992680029055002, 1.14804832490045, 1.54236053407494, 0, 1.19799831913815, 0.971887023954922, 0.226111295183228, 145.049636363637, 143.581247311827, 143.013326007326, 144.668531324346
10/10/2017, 145.5, 145.5, 144.75, 145.08, 12552, 0.761359555621282, 1.44120632108523, 1.20582698388735, 1.5060096122672, 0, 1.27906968363345, 1.03332355589063, 0.245746127742823, 145.289818181819, 143.830903225805, 143.309001221001, 144.831561486133
10/11/2017, 145.51, 146.26, 145.4, 146.24, 21588, 0.757898947709647, 1.5690532912933, 1.28594049745308, 1.52245072352594, 0, 1.42054645429349, 1.1107681355712, 0.309778318722286, 145.92890909091, 144.214215053762, 143.649362637363, 145.014795918367
10/12/2017, 146.09, 146.68, 145.93, 146.03, 74657, 0.746719064626487, 1.34337317126994, 1.15022468378782, 1.38133107006449, 0, 1.49844937769618, 1.1883043839962, 0.31014499369998, 146.211454545455, 144.579505376343, 143.968371184371, 145.190169204738
10/13/2017, 146.85, 147.39, 146.74, 146.95, 80394, 0.751216167111504, 1.81600935202399, 1.36570795273834, 1.46564761149122, 0, 1.61579839884988, 1.27380318696693, 0.341995211882944, 146.791090909092, 145.08905376344, 144.327873015873, 145.380514694686
10/16/2017, 147.33, 147.4, 146.95, 147.37, 24945, 0.726889156335644, 1.56333812664588, 1.40509010697114, 1.44021130749541, 0, 1.7228291316757, 1.36360837590868, 0.359220755767011, 147.338000000001, 145.616193548386, 144.709157509157, 145.575520603015
10/17/2017, 147.32, 147.32, 146.84, 147.11, 170162, 0.709778888047887, 1.44825518973463, 1.23375116982893, 1.32724573602686, 0, 1.76631099777373, 1.44414890028169, 0.322162097492036, 147.624000000001, 145.978451612902, 145.001462759463, 145.76158358209
10/18/2017, 147.79, 147.89, 147.13, 147.47, 147261, 0.699089941070647, 1.67039094633026, 1.29383245538531, 1.34201995359651, 2.27959483020051, 1.80896703534029, 1.51711252729341, 0.291854508046876, 147.761818181819, 146.367591397848, 145.26600976801, 145.951148711886
10/19/2017, 146.57, 147.14, 145.79, 147.14, 28919, 0.72271342890583, 1.66789567474189, 1.28119646512554, 1.30522665263067, 2.22925251013053, 1.79544721251818, 1.57277946433837, 0.222667748179817, 147.822181818182, 146.713440860214, 145.533274725275, 146.130575525533
10/20/2017, 147.84, 148.16, 147.55, 147.95, 30864, 0.717289971157443, 1.68040214522634, 2.08551469662752, 1.41046269497834, 2.23243829907508, 1.82900920646077, 1.62402541276285, 0.20498379369792, 148.033454545455, 147.062752688171, 145.813609279609, 146.322384815996
10/23/2017, 148.37, 148.37, 147.41, 147.55, 22761, 0.715804125185405, 1.42363758356212, 1.88980073178336, 1.32883754846146, 2.15671788501222, 1.80255197429088, 1.65973072506845, 0.142821249222425, 148.008545454546, 147.452623655913, 146.048244200244, 146.502752749881
10/24/2017, 147.75, 148.34, 147.75, 148.11, 14950, 0.704112171612661, 1.48274616537442, 1.69716550953227, 1.24211458835035, 2.1617263725357, 1.80595383541942, 1.68897534713865, 0.11697848828077, 148.068545454546, 147.88410752688, 146.29599023199, 146.690523798248
10/25/2017, 147.97, 148.37, 146.65, 147.72, 28295, 0.728890814044636, 1.5459218446463, 1.59551662561751, 1.20060198095839, 2.1413843984214, 1.75692732963213, 1.70256574363734, 0.0543615859947906, 148.060545454546, 148.202430107526, 146.563807081807, 146.867223863796
10/26/2017, 147.96, 148.49, 147.6, 147.6, 23546, 0.723158289282791, 1.72335638514218, 1.46055917019526, 1.20996787461864, 2.08592279976125, 1.68892163615627, 1.69983692214113, -0.0109152859848622, 147.888363636364, 148.445376344085, 146.784068376068, 147.038271553326
10/27/2017, 150.14, 151.69, 149.79, 151.45, 24550, 0.804564247759875, 2.02699682394201, 2.3590811289724, 1.4481541483423, 2.22016621435413, 1.92351635908935, 1.74457280953077, 0.178943549558576, 149.144545454545, 149.18410752688, 147.178002442002, 147.279586400442
10/30/2017, 151.68, 152.39, 151.45, 152.04, 81775, 0.792282902901022, 2.8048681064617, 2.44865214827706, 1.44898907056798, 2.23757962060594, 2.13246075615558, 1.82215039885573, 0.310310357299847, 150.443090909091, 149.966795698923, 147.59083028083, 147.527717019822
10/31/2017, 152.85, 153.18, 152.47, 152.99, 68643, 0.785252355900502, 3.0328931589758, 2.600702469856, 1.92020706675249, 2.31825719330039, 2.3476455600547, 1.92724943109553, 0.420396128959174, 151.763090909091, 150.828881720429, 148.048957264957, 147.789325208757
11/1/2017, 154.02, 154.68, 153, 153.54, 114110, 0.798352025744151, 2.88347565309846, 2.45053818240105, 2.15424042812152, 2.33088718372076, 2.53335849120009, 2.04847124311644, 0.48488724808365, 153.024363636364, 151.658150537633, 148.508774114774, 148.056594384333
11/2/2017, 153.45, 153.69, 152.5, 153.58, 1294631, 0.796978913472582, 2.90830950667174, 2.48901807624184, 2.03557338928359, 2.35124036915668, 2.65318077638582, 2.16941314977032, 0.483767626615507, 153.902363636364, 152.37946236559, 148.915743589743, 148.319848525113
11/3/2017, 154.34, 154.84, 153.33, 154.47, 45446, 0.801644464650502, 2.84674169985575, 2.62793165229784, 2.17532843034558, 2.35502201215518, 2.78782010778335, 2.29309454137292, 0.494725566410424, 154.898545454545, 153.128537634407, 149.371443223443, 148.59502084156
11/6/2017, 154.8, 155.32, 154.61, 155.29, 24816, 0.784909005292259, 2.93744258098689, 2.78722704883828, 2.33834854215677, 2.37479575706702, 2.92694983913145, 2.41986560092463, 0.507084238206824, 155.742363636363, 153.782645161289, 149.799003663003, 148.880561182352
11/7/2017, 155.55, 155.99, 154.92, 155.44, 25463, 0.779362412894, 2.86208947912943, 2.80509330701478, 2.35126645269209, 2.31773662829696, 3.0145648726477, 2.53880545526924, 0.475759417378454, 156.327818181818, 154.35298924731, 150.212051282051, 149.163873385013
11/8/2017, 155.44, 156.23, 155.19, 156.22, 22938, 0.769983925151908, 3.15345857397634, 2.84033105881315, 2.23502042734309, 2.27350709520759, 3.11107733625562, 2.65325983146652, 0.457817504789101, 156.704909090909, 155.017612903225, 150.617238095238, 149.456587728281
11/9/2017, 154.89, 154.96, 153.09, 154.71, 60308, 0.8397811670084, 2.2997816639888, 2.38227689604795, 2.25791427644068, 2.19022403987043, 3.03078280106229, 2.72876442538567, 0.302018375676615, 156.072727272727, 155.390946236558, 150.959323565323, 149.716586902296
11/10/2017, 154.5, 154.7, 153.94, 154.47, 16068, 0.823955571505639, 2.20167158665134, 2.18627141315519, 2.15713478437316, 2.17283129328661, 2.91418984270786, 2.76584950885011, 0.148340333857747, 155.739818181818, 155.728279569891, 151.247216117216, 149.967683800427
11/13/2017, 154.03, 154.77, 153.81, 154.68, 20657, 0.812726896004346, 2.13854882555276, 2.20529890931722, 2.14551200700135, 2.23843755475002, 2.80638407940785, 2.77395642296166, 0.0324276564461918, 155.432727272727, 156.038193548386, 151.559675213675, 150.218222083852
11/14/2017, 154.21, 154.54, 153.78, 154.34, 16841, 0.802947819491089, 2.00484498769261, 2.44646345206616, 2.03141994202473, 2.2603947349132, 2.66281678247015, 2.75172849486335, -0.0889117123932097, 155.054181818181, 156.255204301074, 151.864722832723, 150.45827972028
11/15/2017, 153.52, 153.73, 152.75, 153.18, 51607, 0.820476681924807, 1.46186697875589, 2.1364204556067, 1.95300726657792, 2.14706137927308, 2.42745417908625, 2.68687363170793, -0.25941945262168, 154.311272727272, 156.23410752688, 152.116910866911, 150.673326403326
11/16/2017, 154.73, 155.98, 154.21, 155.67, 31619, 0.856919041757434, 1.85485102924434, 2.27787463756266, 2.37979803691556, 2.22824753070132, 2.41402246214349, 2.63230339779505, -0.218280935651554, 154.456181818181, 156.558365591396, 152.504432234432, 150.929188785198
11/17/2017, 155.64, 155.64, 154.74, 154.86, 20167, 0.848358245310995, 1.4991507208943, 2.30377056466904, 2.18218172160214, 2.13670609592231, 2.31137342508413, 2.56811740325286, -0.256743978168736, 154.385272727272, 156.715161290321, 152.850798534798, 151.166250400384
11/20/2017, 155.21, 155.74, 155.21, 155.38, 16446, 0.83156081847997, 1.51267207478741, 2.13176091998539, 2.54851844048882, 2.15772124962751, 2.24609143393982, 2.50371220939026, -0.257620775450431, 154.636727272726, 156.901978494622, 153.231277167277, 151.408477380952
11/21/2017, 156.42, 157.59, 156.42, 157.51, 33161, 0.849454155143463, 1.86991315279533, 2.34689630774379, 2.72858441193534, 2.22532105843828, 2.33926262111802, 2.47082229173581, -0.131559670617786, 155.64909090909, 157.303440860214, 153.686268620268, 151.684198230088
11/22/2017, 157.53, 157.53, 156.8, 157.19, 27335, 0.8318445688518, 1.73469377934376, 2.36077330286625, 2.84569084083854, 2.19600890726363, 2.36007466097425, 2.4486727655835, -0.088598104609249, 156.593999999999, 157.661440860214, 154.129186813186, 151.949672137538
11/24/2017, 157.42, 158.01, 157.42, 157.98, 28270, 0.812253230718595, 1.94338013966265, 2.52913745069563, 2.81359329838088, 2.21733437690319, 2.41250489549435, 2.44143919156567, -0.0289342960713177, 157.456909090908, 158.035032258063, 154.613809523809, 152.224530489219
11/27/2017, 157.21, 157.48, 156.9, 157.05, 97113, 0.810593932629592, 1.59797366071588, 2.25143007317659, 2.87816083550889, 2.15828409306424, 2.35190174709282, 2.4235317026711, -0.0716299555782749, 157.772181818181, 158.274860215052, 155.049543345543, 152.478609898108
11/28/2017, 157.55, 157.9, 157, 157.61, 45147, 0.795879628599096, 1.78018971749815, 2.25962797691881, 2.78672484131333, 2.14041777383262, 2.32229071347803, 2.40328350483249, -0.0809927913544595, 158.18218181818, 158.54858064516, 155.488412698412, 152.738171634707
11/29/2017, 156.96, 157.26, 152.62, 153.51, 72062, 0.938809581462631, 0.788916424016499, 1.39428341639749, 2.10583564374491, 1.85430243760283, 1.945560807216, 2.31173896530919, -0.36617815809319, 156.947999999998, 158.218688172041, 155.744061050061, 152.922590626764
11/30/2017, 153.76, 154.49, 153.11, 154.16, 61195, 0.932867319069875, 0.938011283707702, 1.55278623303731, 2.09913463312074, 1.84850084382914, 1.68008226746974, 2.1854076257413, -0.505325358271556, 155.751636363635, 157.953978494622, 156.009467643467, 153.115041424093
12/1/2017, 153.13, 153.6, 151.48, 153.17, 58304, 0.979436473280808, 0.807033314568269, 1.50290553263334, 1.83250919181766, 1.77727187779696, 1.3739656649054, 2.02311923357412, -0.649153568668721, 154.657818181816, 157.498494623654, 156.223997557997, 153.287275048098
12/4/2017, 154.03, 154.03, 150.42, 150.6, 39578, 1.06619701448739, -0.107271439213746, 1.13908334341407, 1.50547334525212, 1.6297344360477, 0.913458746487066, 1.80118713615671, -0.887728389669642, 152.650545454544, 156.732021505375, 156.30145054945, 153.412729173545
12/5/2017, 150.18, 152.04, 149.58, 150.5, 43410, 1.0952877532406, -0.212907254314617, 1.38549383590346, 1.38651003751797, 1.58308218868007, 0.534275733521298, 1.54780485562963, -1.01352912210833, 150.945090909089, 155.909096774192, 156.353223443223, 153.534251682124
12/6/2017, 149.62, 151.41, 149.24, 151.04, 35882, 1.10863854952049, -0.276348730024788, 1.45639040174153, 1.45670913340292, 1.6043043087698, 0.274183336086367, 1.29308055172097, -1.01889721563461, 150.118363636362, 155.17298924731, 156.414087912087, 153.662742517129
12/7/2017, 151.54, 152.46, 151.35, 152.26, 100750, 1.09139845129119, -0.169662637930976, 1.42265973510119, 1.48414431060965, 1.65891662071684, 0.164604582129215, 1.06738535780262, -0.902780775673408, 150.001999999998, 154.546774193547, 156.528551892551, 153.809522634628
12/8/2017, 153.44, 153.99, 152.95, 153.21, 16960, 1.08685798436079, -0.0324396768392852, 1.53836827571832, 1.47217020438958, 1.7041395113593, 0.152659922110018, 0.884440270664102, -0.731780348554084, 150.640727272725, 154.003806451611, 156.690271062271, 153.969718824238
12/11/2017, 153.28, 154.44, 153.28, 154.42, 22802, 1.06425097911359, 0.0150772062904778, 1.5261400943178, 1.54487086076053, 1.76225239769544, 0.238086072555262, 0.755169431042334, -0.517083358487072, 151.771636363634, 153.834838709676, 156.880463980464, 154.147421328364
12/12/2017, 153.97, 154.35, 153.83, 153.83, 19654, 1.03409318328664, -0.190995562601543, 1.40233334940134, 1.52470883770157, 1.75768993329763, 0.255236634043087, 0.655182871642485, -0.399946237599398, 152.95418181818, 153.611182795697, 157.035123321123, 154.312365062761
12/13/2017, 154.28, 154.6, 153.99, 154.11, 24925, 1.0055857936911, -0.171578584834435, 1.38343201389687, 1.50377975034222, 1.68386645406694, 0.288101186387763, 0.58176653459154, -0.293665348203777, 153.619636363634, 153.474838709676, 157.211687423687, 154.479197786999
12/14/2017, 154.16, 154.6, 153.76, 153.92, 21621, 0.983772643791894, -0.314952852351768, 1.39776392514874, 1.52145175575353, 1.72803767695955, 0.295409867724601, 0.524495201218153, -0.229085333493552, 154.316727272725, 153.343827956988, 157.367006105006, 154.640132025651
12/15/2017, 154.18, 155.34, 153.52, 155.13, 30829, 0.985954818963616, 0.0839973069537144, 1.3646686136946, 1.60303747048815, 1.76739919819403, 0.394293764866319, 0.498454913947786, -0.104161149081467, 155.246909090906, 153.366559139783, 157.558808302808, 154.81827466585
12/18/2017, 156.27, 156.75, 156.15, 156.51, 25071, 0.980152146907767, 0.317289661741796, 1.49873601559548, 1.78022135445102, 1.83214132441739, 0.577358997500198, 0.514235730658268, 0.0631232668419299, 156.032909090906, 153.613720430106, 157.730581196581, 155.016089860352
12/19/2017, 156.22, 156.37, 155.47, 155.67, 172177, 0.969573019123195, 0.164767877230738, 1.33095087261801, 1.75685868382547, 1.77620562748021, 0.647198037341582, 0.540828191994931, 0.106369845346651, 156.186363636361, 153.795806451611, 157.867365079365, 155.197045834727
12/20/2017, 156.45, 156.45, 155.06, 155.77, 61939, 0.965120114865265, 0.228444720013162, 1.31991828095728, 1.78745795553423, 1.78621073987448, 0.702516965566701, 0.573165946709285, 0.129351018857416, 156.200363636361, 153.998129032256, 158.044769230769, 155.376703832753
12/21/2017, 155.06, 155.62, 154.45, 154.63, 34328, 0.966306164896426, 0.23303106802256, 1.03671046904301, 1.63102040690971, 1.73426297868027, 0.64691194391321, 0.58791514615007, 0.0589967977631399, 155.806545454542, 154.105677419353, 158.163299145299, 155.535047233468
12/22/2017, 154.61, 154.75, 154.04, 154.71, 32061, 0.940462324116331, -0.127153881705007, 1.07313673793436, 1.5671651227508, 1.69467577034923, 0.602356306504788, 0.590803378221014, 0.0115529282837744, 155.501090909088, 154.132967741934, 158.288576312576, 155.69210003918
12/26/2017, 153.51, 154.4, 152.96, 153.54, 58673, 0.957235768241733, -0.182166168842877, 0.816078884992532, 1.51764875346215, 1.62209298271918, 0.467250250911206, 0.566092752759052, -0.0988425018478458, 154.951636363633, 153.995806451611, 158.297511599511, 155.827845899728
12/27/2017, 153.51, 153.95, 153.51, 153.82, 35395, 0.922021069191548, -0.219175270685732, 0.797883658893543, 1.53032552762847, 1.6467693295791, 0.378409321304758, 0.528556066468194, -0.150146745163435, 154.428909090906, 153.914172043009, 158.306349206349, 155.965821686747
12/28/2017, 154.42, 154.52, 154.01, 154.22, 36549, 0.896342995849383, -0.512852368876989, 0.87694654848184, 1.47511781436326, 1.61492519038575, 0.336401079347496, 0.490125069044054, -0.153723989696558, 154.100909090906, 153.866172043009, 158.318129426129, 156.107896414343
12/29/2017, 154.41, 154.41, 153.45, 153.66, 43364, 0.885866952875812, -0.552126747076092, 0.765385186780448, 1.43059604891825, 1.55230669529947, 0.254982643861382, 0.44309658400752, -0.188113940146138, 153.535454545451, 153.670559139783, 158.336085470085, 156.238789603491
1/2/2018, 154.53, 155.81, 154.03, 155.81, 41500, 0.89895513882262, -0.308720935630154, 1.03055099150368, 1.61774978158005, 1.63348877735782, 0.359797457724255, 0.426436758750867, -0.0666393010266115, 153.968909090905, 153.910645161289, 158.433411477411, 156.401461195809
1/3/2018, 156.26, 157.63, 155.94, 157.47, 44271, 0.902793485558867, 0.0838228385418541, 1.1087122161089, 2.14045405282481, 1.68499287571258, 0.570238722628488, 0.455197151526391, 0.115041571102097, 155.214727272724, 154.306451612902, 158.589663003663, 156.587647754505
1/4/2018, 158.04, 158.83, 158, 158.5, 29179, 0.894982622475755, 0.151947659465262, 1.26677876492543, 2.14965383224097, 1.83109252665187, 0.810781152708728, 0.526313951762859, 0.284467200945869, 156.595999999996, 154.850774193547, 158.772945054945, 156.787071792497
1/5/2018, 159.19, 160.2, 158.89, 160.2, 44063, 0.894269715226509, 1.23173277834853, 1.37038761355604, 2.0959844486101, 1.8479810439322, 1.12561318593157, 0.646173798596601, 0.479439387334969, 158.430181818178, 155.732666666665, 159.016547008547, 157.009948835784
1/8/2018, 160.01, 160.77, 159.97, 160.61, 35329, 0.872292559369419, 1.18683265110281, 1.46282032297737, 2.114367353539, 1.89825871086496, 1.39215551183631, 0.795370141244542, 0.596785370591765, 159.93636363636, 156.627892473117, 159.272197802198, 157.235829584144
1/9/2018, 160.74, 160.74, 159.74, 160.01, 34537, 0.863033326431512, 1.28256998879189, 1.40800398324602, 1.99048549339916, 1.8531851359011, 1.53725670151283, 0.9437474532982, 0.593509248214631, 160.925090909087, 157.477591397848, 159.504673992674, 157.449032666727
1/10/2018, 159.05, 159.29, 158.43, 159.12, 41644, 0.874115538173648, 1.85248017063675, 0.949618776743037, 2.22320470405834, 1.79269355906929, 1.5624242238917, 1.0674828074169, 0.494941416474797, 161.083272727269, 158.139268817203, 159.706368742368, 157.645307533447
1/11/2018, 159.41, 159.84, 159.04, 159.71, 31756, 0.852387459848985, 2.0059940413974, 0.94628571691498, 2.27608630363624, 1.7743362844532, 1.6114024910103, 1.17626674413558, 0.435135746874717, 161.196909090905, 158.899784946235, 159.922056166056, 157.847671814672
1/12/2018, 159.57, 161.03, 159.41, 160.77, 34089, 0.854811601367527, 2.08920617659241, 0.952842817133265, 2.37618896185094, 1.8139550081932, 1.71597062062159, 1.28420751943278, 0.431763101188809, 161.43545454545, 159.507913978493, 160.140573870574, 158.063209549072
1/16/2018, 162.18, 162.85, 160.5, 160.59, 89444, 0.886148938877044, 1.80506928376875, 0.865250089031212, 2.18947847110886, 1.79681198720658, 1.76398302278864, 1.38016262010395, 0.383820402684684, 161.142545454541, 160.08969892473, 160.345968253968, 158.272799274663
1/17/2018, 161.57, 163.41, 161.14, 163.25, 112879, 0.914495100701692, 1.95567605876679, 1.12376730168217, 2.39353096660862, 1.90523117529665, 1.99369093875666, 1.50286828383449, 0.490822654922164, 161.820545454541, 160.901505376342, 160.668412698412, 158.51965373117
1/18/2018, 163.23, 163.92, 162.83, 163.51, 38133, 0.900720194055859, 1.78766483632849, 1.05193276147529, 2.42135562807072, 1.91686839950066, 2.17168214427284, 1.63663105592216, 0.535051088350674, 162.514545454541, 161.509935483869, 160.966688644688, 158.766843242309
1/19/2018, 164.05, 164.37, 163.35, 163.94, 47532, 0.884548743342503, 2.02555382009739, 1.00619847200137, 2.4795852838493, 1.9360482189992, 2.32068742330378, 1.77344232939849, 0.547245093905295, 163.233636363632, 162.082967741934, 161.314525030525, 159.016922527159
1/22/2018, 163.78, 165.41, 163.62, 165.11, 50938, 0.888572920685551, 2.17259682261144, 1.1111257388525, 2.57048203114228, 1.99853344102922, 2.50431620404535, 1.91961710432786, 0.584699099717493, 164.400181818177, 162.753741935482, 161.699765567765, 159.280948787062
1/23/2018, 165.81, 166.66, 165.81, 166.52, 42815, 0.883537480108526, 2.46205078775063, 1.16703840419771, 2.63335909516614, 2.06347219422514, 2.73212432338366, 2.08211854813902, 0.650005775244639, 165.867999999995, 163.593978494622, 162.12168009768, 159.562275069697
1/24/2018, 166.58, 166.62, 164.31, 165.06, 409853, 0.916759530645148, 1.85072011641585, 1.18662190340488, 2.39882613327854, 2.00222394595361, 2.76300391177256, 2.21829562086573, 0.544708290906831, 166.389090909086, 164.220301075267, 162.45463003663, 159.817854547487
1/25/2018, 165.74, 166.11, 164.24, 164.39, 49154, 0.931348085174729, 1.47111660730215, 1.13804053226233, 2.23716322608841, 1.98851696381411, 2.70226280396591, 2.31508905748576, 0.387173746480145, 166.225272727267, 164.765827956987, 162.756879120879, 160.059841868723
1/26/2018, 165.65, 166.92, 165.21, 166.87, 32743, 0.94743870159873, 1.99026515198232, 1.34336790046324, 2.39925292773105, 2.10361363309979, 2.82171335706366, 2.41641391740134, 0.405299439662316, 166.748727272722, 165.522365591396, 163.161137973138, 160.335042544403
1/29/2018, 166.53, 166.53, 165.38, 165.5, 48665, 0.952532576005989, 1.66491684179847, 1.22458313843548, 2.4225616860599, 2.06101666389909, 2.77385594587739, 2.48790232309655, 0.285953622780835, 166.620363636358, 166.039612903224, 163.494517704517, 160.586183408501
1/30/2018, 163.99, 164.35, 163.1, 163.64, 34020, 0.988523186644718, 1.50856842540979, 1.14749586865288, 2.18592601062835, 1.97880192975055, 2.55637386080693, 2.50159663063863, 0.0547772301683018, 165.555454545449, 166.234709677417, 163.717719169719, 160.792368183682
1/31/2018, 164.83, 164.98, 163.68, 164.59, 204469, 0.974383848043104, 1.6429542014984, 1.00044300259692, 2.19383503962949, 1.97076885633722, 2.43263292394764, 2.48780388930043, -0.0551709653527923, 165.184363636358, 166.568301075267, 163.953421245421, 161.011546262129
2/1/2018, 164.07, 165.67, 164.07, 164.41, 33333, 0.975336936147094, 1.87124353272496, 1.07792452266557, 2.27234318688296, 1.98048565942288, 2.29360360961118, 2.44896383336258, -0.155360223751398, 164.729999999994, 166.910021505374, 164.16176068376, 161.227843378434
2/2/2018, 162.42, 162.78, 159.45, 159.45, 82734, 1.11092749067637, 0.757525523070843, 0.431024422160599, 1.53476014548652, 1.72100318932022, 1.76287006009278, 2.31174507870862, -0.54887501861584, 162.599090909085, 166.515440860213, 164.098061050061, 161.372749214159
2/5/2018, 157.99, 160.5, 153.18, 153.23, 101107, 1.33707837217862, -0.070139040184049, -0.331932938095878, 0.913821621397441, 1.31713638826151, 0.830781153090101, 2.01555229358492, -1.18477114049482, 158.798363636357, 165.313935483869, 163.747167277167, 161.424766160995
2/6/2018, 151.29, 157.53, 150.48, 157.35, 118405, 1.46098819841425, 0.382159795577024, 0.0528055679268971, 1.19841395939994, 1.44365023396801, 0.419705443579829, 1.6963829235839, -1.27667748000407, 157.350909090903, 164.575569892471, 163.598698412698, 161.533955446221
2/7/2018, 156.58, 157.86, 154.97, 155.08, 65810, 1.5014326049101, -0.0338908218228234, -0.189920104260063, 1.05054464577903, 1.27551615266612, -0.0882280090972074, 1.33946073704768, -1.42768874614489, 155.327454545448, 163.536967741933, 163.338268620268, 161.611611862785
2/8/2018, 155.43, 155.68, 148.76, 148.86, 157315, 1.71839352378736, -0.680569310037195, -0.553594597334904, 0.516189933954748, 0.940263965802927, -0.981358457672115, 0.875296898103719, -1.85665535577583, 151.56563636363, 161.628774193546, 162.823072039072, 161.593121771218
2/9/2018, 151.22, 152.97, 146.24, 152.15, 66692, 1.8183375415934, -0.462384360647213, -0.335788809016018, 0.687979961388788, 1.06996604094583, -1.40747082099807, 0.418743354283361, -1.82621417528143, 150.283454545448, 160.186881720428, 162.454932844932, 161.621462347957
2/12/2018, 153.75, 155.85, 153.24, 155.04, 36011, 1.81454498262232, -0.353383853548995, 0.155253457867464, 0.837657015958895, 1.12955869743592, -1.49473867464661, 0.0360469484973663, -1.53078562314398, 150.528545454539, 159.149118279568, 162.21533089133, 161.685669810032
2/13/2018, 154.36, 155.96, 154.23, 155.84, 26434, 1.77047421329875, -0.321365098685102, 0.165396277409109, 0.923602954954884, 1.13143087350118, -1.48225920186817, -0.267614281575742, -1.21464492029243, 151.248545454539, 158.170236559137, 161.995758241758, 161.75978734454
2/14/2018, 154.99, 159.32, 154.46, 159.24, 69354, 1.7986383215929, -0.0128511661060284, 0.465889329229049, 1.15066108691837, 1.1910370312701, -1.18436492317434, -0.450964409895462, -0.733400513278881, 153.758545454539, 157.752021505374, 161.947296703296, 161.878664479978
2/15/2018, 160.88, 162.25, 159.01, 162.25, 48715, 1.77685305401498, 0.266654382591225, 0.851072040406734, 1.31788322905981, 1.25958552491014, -0.69736097350625, -0.50024372261762, -0.19711725088863, 157.564181818175, 157.804258064514, 162.022351648351, 162.042478338117
2/16/2018, 161.64, 163.55, 161.32, 161.93, 47942, 1.76020309771651, 0.201825543833941, 0.836593461537373, 1.42318198968799, 1.25636439199064, -0.33338510441007, -0.46687199897611, 0.13348689456604, 160.385090909084, 157.853720430105, 162.080808302808, 162.199673910073
2/20/2018, 160.61, 162.65, 160.61, 161.55, 70886, 1.73926464396516, 0.0994662924466472, 0.77214208270773, 1.40331906940015, 1.23884054108639, -0.0747329550679581, -0.388444190194479, 0.313711235126521, 161.695454545447, 157.946172043008, 162.114178266178, 162.355490501572
2/21/2018, 162.28, 163.56, 160.54, 160.84, 30720, 1.7534773257333, 0.0619275394449127, 0.638242156823047, 1.26858662061917, 1.18915998087496, 0.0721282212550136, -0.296329707904581, 0.368457929159594, 163.13072727272, 157.96716129032, 162.130224664224, 162.508002460025
2/22/2018, 161.32, 162.23, 160.49, 160.67, 155415, 1.72171424919024, -0.141929572972754, 0.560265890949681, 1.26121289058889, 1.16986462724046, 0.172807168844145, -0.202502332554836, 0.37530950139898, 163.862909090902, 157.925096774191, 162.123477411477, 162.653715457155
2/23/2018, 162.01, 164.06, 161.91, 164.06, 30803, 1.70514712298261, 0.0825623888752065, 0.688817455328047, 1.35698835287108, 1.24272871574187, 0.520144724147968, -0.0579729212142749, 0.578117645362243, 164.217272727265, 158.249569892471, 162.274632478632, 162.846270056034
2/26/2018, 164.48, 166.36, 164.13, 166.36, 39358, 1.66662127402441, 0.208885906446935, 0.87132887072585, 1.45299003689551, 1.30354829819306, 0.969823495691998, 0.14758636216698, 0.822237133525018, 165.195090909083, 158.873333333331, 162.523123321123, 163.06340932076
2/27/2018, 166.13, 166.8, 164.21, 164.21, 87319, 1.68288264654628, -0.0151113053000831, 0.708323196775639, 1.29787267134043, 1.2305165762208, 1.13957383242089, 0.345983856217762, 0.793589976203131, 165.233090909083, 159.252064516127, 162.657943833943, 163.240731173979
2/28/2018, 164.95, 165.73, 163.17, 163.25, 201473, 1.68654732875894, -0.175068082379132, 0.658809832686291, 1.26057784167027, 1.18173837786848, 1.18300131752281, 0.513387348478772, 0.669613969044037, 164.599272727265, 159.474795698922, 162.746273504273, 163.405381167145
3/1/2018, 163.38, 163.7, 159.28, 160.26, 46267, 1.77001378290841, -0.277071906934215, 0.380923397828539, 0.992068322730978, 1.0417632576113, 0.965025685422887, 0.603715015867595, 0.361310669555292, 163.208363636355, 159.478322580643, 162.685010989011, 163.523739237393
3/2/2018, 158.77, 162.1, 158.02, 161.78, 100600, 1.79181164795684, -0.128015699820077, 0.386721782121443, 1.06565794126863, 1.06530151893559, 0.904503173829823, 0.663872647460041, 0.240630526369783, 162.888909090901, 159.711333333331, 162.698578754578, 163.666661746618
3/5/2018, 160.98, 163.75, 160.38, 163.35, 74484, 1.78901330876115, -0.188195097590467, 0.539100822575767, 1.12000995631689, 1.25986356848469, 0.972019688406988, 0.72550205564943, 0.246517632757558, 163.073454545446, 160.183376344083, 162.761753357753, 163.82949132158
3/6/2018, 164.67, 165.25, 163.67, 164.11, 28960, 1.74957990242415, -0.0470232745734171, 0.579476146902381, 1.14973393947575, 1.26309381756232, 1.07446687574344, 0.795295019668232, 0.279171856075207, 163.367090909082, 160.833655913976, 162.859018315018, 164.001652043187
3/7/2018, 163.08, 165.37, 163.08, 165.19, 35350, 1.72054833765655, 0.149918126053515, 0.722321906229749, 1.13795535265259, 1.26297312898933, 1.22864097549999, 0.881964210834583, 0.346676764665402, 163.752181818173, 161.721419354836, 162.983103785103, 164.187372967063
3/8/2018, 165.83, 166.09, 165.07, 165.85, 20958, 1.65876702383245, 0.130014391993197, 0.757503146845576, 1.18613875536673, 1.23564562139586, 1.38808061518958, 0.983187491705582, 0.404893123483997, 164.093999999991, 162.604172043008, 163.120573870573, 164.380616372831
3/9/2018, 167.13, 169.24, 167.07, 169.24, 41110, 1.64441730889554, 0.3602906360481, 1.02860450843492, 1.29443345567451, 1.33042018630327, 1.76760647973055, 1.14007128931057, 0.627535190419971, 166.002363636355, 163.867290322578, 163.478412698412, 164.620900915676
3/12/2018, 169.74, 170.32, 169.22, 169.83, 66640, 1.58915460218811, 0.773064574746439, 1.04519362817843, 1.29982505985991, 1.32366831684161, 2.09187766727996, 1.33043256490445, 0.761445102375508, 168.291999999991, 165.339311827954, 163.862119658119, 164.871152658194
3/13/2018, 170.76, 171.45, 167.69, 167.95, 47031, 1.63853420532972, 1.23349903694736, 0.900319849497596, 1.21161512752926, 1.22684794679222, 2.17212571829694, 1.49877119558295, 0.67335452271399, 169.3129090909, 166.462365591395, 164.171726495726, 165.091660516606
3/14/2018, 169.09, 169.21, 167.53, 168.39, 102580, 1.6024243054568, 0.964349992757711, 0.963968047472573, 1.21309994863061, 1.23339212442041, 2.24534426860035, 1.64808581018643, 0.597258458413919, 170.089818181809, 167.501440860212, 164.501829059828, 165.31915293153
3/15/2018, 168.63, 169.46, 167.96, 168.61, 24890, 1.56479815761863, 1.21434193809975, 0.843738244691899, 1.24457428220215, 1.23825442603524, 2.29467111834117, 1.77740287181738, 0.517268246523793, 170.064363636354, 168.601118279567, 164.831557997557, 165.548402624027
3/16/2018, 168.57, 168.86, 167.97, 168.09, 16914, 1.51763095061142, 2.19982497860661, 0.707959637420326, 1.1696489695164, 1.23405345615304, 2.26568593089206, 1.87505948363231, 0.390626447259747, 169.707818181809, 169.596881720427, 165.147323565323, 165.766220855542
3/19/2018, 166.59, 166.59, 163.42, 164.69, 42958, 1.61329562914481, 1.38732042168662, 0.429060624402212, 1.00030983100164, 1.09922831172084, 1.94593188453288, 1.88923396381243, 0.0566979207204541, 168.146545454536, 169.806838709675, 165.322713064712, 165.935555555556
3/20/2018, 164.6, 165.5, 164.3, 165, 25929, 1.56611499579192, 1.13822512418042, 0.343471065007449, 0.984160249599049, 1.05544658607242, 1.69796581533942, 1.85098033411783, -0.15301451877841, 166.771272727263, 169.607655913976, 165.508100122099, 166.10629465628
3/21/2018, 164.7, 165.95, 164, 164.39, 25649, 1.55264021893292, 0.975986076034489, 0.281259703253271, 0.974720817170055, 1.03435060932416, 1.43567939856004, 1.76792014700627, -0.332240748446228, 165.352727272717, 169.52980645161, 165.677152625152, 166.264196801968
3/22/2018, 161.86, 162.56, 159.41, 159.41, 45150, 1.67728874795097, 0.0481328876850236, 0.0174729217959951, 0.697766987565262, 0.864590457666159, 0.816558366626765, 1.57764779093037, -0.761089424303603, 162.389454545444, 168.623333333331, 165.588979242978, 166.344704933716
3/23/2018, 159.41, 160.18, 155.38, 155.52, 60692, 1.78760139753936, -0.644760588664865, -0.157318358267321, 0.280396954909676, 0.71782259094956, 0.0118731323015311, 1.2644928592046, -1.25261972690307, 159.111636363626, 166.78068817204, 165.321990231989, 166.363910892443
3/26/2018, 158.78, 161.56, 156.85, 161.43, 59276, 1.82312693351951, -0.00523403311991668, 0.151083881157488, 0.537653146034538, 0.858102759751991, -0.147260577010854, 0.98214217196151, -1.12940274897236, 158.741818181808, 165.86427956989, 165.317235653235, 166.464432144322
3/27/2018, 162.09, 162.09, 155.33, 156.25, 116862, 2.00570887573857, -0.376250812405404, -0.180552744667701, 0.227232722327027, 0.805037386289529, -0.683479174597323, 0.649017902649743, -1.33249707724707, 156.664727272717, 164.423419354836, 165.073553113552, 166.498142954763
3/28/2018, 155.88, 157.16, 154.13, 155.12, 50805, 2.01697016014985, -0.410855901849483, -0.231681447274473, 0.144034444217139, 0.825526157028885, -1.18594697413548, 0.282024927292699, -1.46797190142818, 154.923454545444, 162.884709677417, 164.753299145298, 166.506241629083
3/29/2018, 156.32, 159.6, 155.23, 158.33, 54312, 2.01875065167891, -0.13496644251784, -0.195850262521549, 0.296886937889067, 0.870985804539457, -1.31003488574927, -0.0363870353156954, -1.27364785043358, 155.058909090898, 161.984602150535, 164.627272283271, 166.560396883969
4/2/2018, 157.24, 157.28, 152.87, 154.32, 54358, 2.14455256056445, -0.690342962098409, -0.412479391598712, 0.0603806465071364, 0.760159785276896, -1.71221162691967, -0.37155195363649, -1.34065967328318, 154.265818181807, 160.782236559137, 164.306012210011, 166.551547355474
4/3/2018, 155.58, 156.06, 153.89, 155.95, 39331, 2.08560425513941, -0.737124817053112, -0.3460853026675, 0.0992126159934113, 0.834661898539442, -1.87776649106263, -0.672794861121718, -1.20497162994091, 154.106909090898, 159.816516129029, 164.067953601953, 166.565845838459
4/4/2018, 152.31, 157.29, 152.15, 157.29, 80074, 2.12783701703567, -0.477759058581058, -0.333921174656853, 0.155478391376231, 0.87293838942031, -1.87918108272947, -0.914072105443269, -0.965108977286205, 154.949636363625, 159.034064516126, 163.935384615384, 166.596388137215
4/5/2018, 158.66, 159.13, 157.28, 158.46, 1946075, 2.06489404385374, -0.316112821958996, -0.343124507100949, 0.173258426011023, 0.833559181982461, -1.76554087867666, -1.08436586008995, -0.681175018586712, 156.495090909079, 158.380215053761, 163.847008547008, 166.640552412191
4/6/2018, 156.5, 157.46, 153.71, 154.19, 91746, 2.17000424592782, -0.409094483249876, -0.481761965665463, 0.0446618742570066, 0.748635927272992, -1.9970131874253, -1.26689532555702, -0.730117861868278, 155.892909090898, 157.188602150535, 163.588608058607, 166.624607352741
4/9/2018, 155.76, 158.43, 155.54, 155.72, 32626, 2.17739087429765, -0.403692335373281, -0.368597437927364, 0.127775423909365, 0.767514224927368, -2.03355686878189, -1.42022763420199, -0.613329234579895, 155.325999999988, 156.45892473118, 163.379196581196, 166.630344130108
4/10/2018, 158.06, 159.31, 157.46, 159.02, 39675, 2.13847403847534, -0.262462214119083, -0.317594887731838, 0.268557753004454, 0.847156051739801, -1.77576565766489, -1.49133523889457, -0.28443041877032, 157.07018181817, 156.355096774191, 163.327452991452, 166.680474784748
4/11/2018, 158.29, 159.61, 157.96, 158.48, 34428, 2.09052962215063, -0.354937520723244, -0.27992683399592, 0.25991792177752, 0.805408350036689, -1.59663276396739, -1.51239474390914, -0.0842380200582564, 157.723272727261, 156.086774193546, 163.15996092796, 166.72650867842
4/12/2018, 159.04, 160.6, 158.7, 160.19, 120812, 2.03097432918728, -0.30517461558176, -0.105311215371928, 0.39073451795817, 0.865976765679586, -1.30168097814777, -1.47025199075686, 0.168571012609091, 158.619454545442, 156.008387096772, 163.078019536018, 166.799641109745
4/13/2018, 160.88, 161.34, 158.86, 159.39, 24936, 2.01690626076218, -0.407741922877334, -0.190967271059669, 0.239908684534889, 0.907760642620622, -1.11957708922191, -1.40011701044987, 0.280539921227966, 159.604727272715, 155.648903225804, 162.93469108669, 166.858435424355
4/16/2018, 160.16, 160.94, 159.4, 160.51, 42077, 1.95097473339817, -0.576042479487242, -0.126385242429563, 0.327892088056575, 0.900571921909172, -0.8747996595595, -1.2950535402718, 0.420253880712298, 160.117090909079, 155.538473118277, 162.778652014651, 166.932804701381
4/17/2018, 161.46, 163.53, 161.37, 163.2, 39112, 1.9154007765616, -0.412019999473978, 0.250028077725715, 0.421602474562902, 1.05221985102961, -0.458466349601082, -1.12773610213765, 0.669269752536573, 161.547090909078, 155.882215053761, 162.730715506714, 167.032254202542
4/18/2018, 162.79, 163.39, 162, 163.01, 42459, 1.86438707072027, -0.300466462732244, 0.587107223894689, 0.316606310911483, 1.05212748539663, -0.142211290806301, -0.930631139871384, 0.788419849065082, 162.783999999987, 156.253483870965, 162.677169719169, 167.132523438568
4/19/2018, 162.02, 162.1, 160.72, 161.12, 75205, 1.86300924514775, -0.461576537138308, 0.263684173295433, 0.247023142581582, 1.03533232849878, -0.0435817001174428, -0.753221251920596, 0.709639551803153, 163.289999999987, 156.46404301075, 162.55935042735, 167.197770397704
4/20/2018, 160.51, 160.51, 158.44, 159.03, 109453, 1.87737940702569, -0.620634181125678, 0.276772923108941, 0.117715191036263, 0.938514235276604, -0.132534793451072, -0.629083960226691, 0.496549166775619, 162.074909090896, 156.479677419352, 162.364793650793, 167.231308186416
4/23/2018, 159.51, 159.76, 157.75, 158.15, 34488, 1.85698175620822, -0.648072792214015, 0.617821901132544, 0.120247285898763, 0.955417074706117, -0.270916450126123, -0.557450458206577, 0.286534008080455, 160.597818181805, 156.653655913976, 162.154395604395, 167.251307639743
4/24/2018, 158.73, 159.01, 154.5, 155.39, 48644, 1.94058550426098, -0.620227644475177, 0.250708293256438, -0.0294367543290301, 0.819796711819456, -0.596418700226224, -0.565244106610507, -0.031174593615717, 158.694727272714, 156.588322580642, 161.807509157508, 167.233873172065
4/25/2018, 155.7, 155.7, 153.74, 155.2, 33353, 1.90895748989535, -0.656422513635706, 0.0624953218345168, 0.148621508155718, 0.7769605667264, -0.859801731498635, -0.624155631588132, -0.235646099910503, 156.815999999987, 156.466709677417, 161.457396825396, 167.211606122728
4/26/2018, 157.52, 159.04, 156.97, 158.7, 34389, 1.89449711600611, -0.342947437815595, 0.223048121752198, 0.277136073004222, 0.84945247703499, -0.777155368746264, -0.654755579019759, -0.122399789726506, 156.667272727259, 156.900774193546, 161.255255189254, 167.239558562253
4/27/2018, 160.1, 160.1, 157.74, 158.51, 39254, 1.87637283259518, -0.0232412617978056, 0.00906519796747334, 0.314662281026127, 0.784119042700598, -0.718704168655449, -0.667545296946897, -0.0511588717085525, 156.374181818168, 157.387913978492, 161.068195360194, 167.260055487222
4/30/2018, 158.62, 159.63, 157.47, 157.51, 89622, 1.86243835191371, 0.195655364611287, -0.233892214496556, 0.391754607648512, 0.740800667358097, -0.744490787744894, -0.682934395106496, -0.0615563926383977, 156.007636363623, 157.778666666664, 160.865614163613, 167.262936176029
5/1/2018, 157.2, 159.11, 156.59, 159.1, 95405, 1.83082986530127, -0.160102504666612, -0.116959298648997, 0.467821015122141, 0.747208579134264, -0.629372147000225, -0.672221945485242, 0.0428497984850168, 156.891999999986, 158.212752688169, 160.713135531134, 167.286365723658
5/2/2018, 160.03, 160.59, 158.73, 159.12, 55816, 1.79751621412117, 0.307850174864053, -0.093255825800927, 0.443151237958549, 0.754751853172132, -0.530411705995164, -0.643859897587227, 0.113448191592063, 157.968909090895, 158.706107526879, 160.561240537239, 167.30515566489
5/3/2018, 158.47, 159.85, 157.22, 159.39, 24186, 1.78724977094807, 0.445950611690096, -0.0348180080174639, 0.398061928857703, 0.736705598234268, -0.425295557561043, -0.60014702958199, 0.174851472020947, 158.973272727259, 159.230989247309, 160.393360195359, 167.323631269646
5/4/2018, 158.91, 162.49, 158.38, 162.12, 37067, 1.79605387331509, 0.397626277871098, 0.13799485374692, 0.473152735423356, 0.777596945082896, -0.120315150012232, -0.504180653668038, 0.383865503655807, 160.597090909077, 159.80251612903, 160.343103785103, 167.378367910346
5/7/2018, 162.43, 163.63, 162.4, 163.14, 24498, 1.74186245705989, 0.970906863080064, -0.00239761479434315, 0.461959249366664, 0.795859179455002, 0.201368247925018, -0.363070873349427, 0.564439121274445, 162.228727272713, 160.226645161288, 160.306004884004, 167.442900095668
5/8/2018, 163.1, 163.91, 162.59, 163.65, 30396, 1.68994237202879, 0.853681401295437, -0.108519419905319, 0.511636778246704, 0.820887503979654, 0.491788365990658, -0.19209902548141, 0.683887391472068, 163.212363636349, 161.060322580643, 160.290388278387, 167.507977859779
5/9/2018, 164.07, 165.65, 163.66, 165.55, 41288, 1.64742443807542, 0.898901396307881, 0.130651042276513, 0.579696323029361, 0.855653496202175, 0.865288021272931, 0.0193783838694583, 0.845909637403473, 164.363818181804, 161.775419354836, 160.359511599511, 167.595034030341
5/10/2018, 166.44, 167.95, 166.24, 167.63, 38257, 1.61721982901161, 0.974750998916897, 0.308686239871847, 0.675490481698505, 0.920323792205265, 1.31398105009782, 0.278298917115131, 1.03568213298269, 166.369272727258, 162.619096774191, 160.49881074481, 167.708238895723
5/11/2018, 167.57, 168, 166.93, 167.64, 102177, 1.56818081567857, 1.64649266484256, 0.495650276994799, 0.620977750903495, 0.914458555431331, 1.65134475017319, 0.552908083726744, 1.09843666644645, 167.853090909076, 163.597333333331, 160.676090354089, 167.824395790625
5/14/2018, 167.96, 168.66, 167.33, 167.35, 234513, 1.5320904711284, 1.42682126457088, 0.386138911513802, 0.546439912579091, 0.927119408853929, 1.87370839268041, 0.817068145517478, 1.05664024716294, 168.538727272712, 164.211376344083, 160.868915750915, 167.930415470822
5/15/2018, 165.98, 166.38, 164.71, 165.32, 41120, 1.55320332280529, 0.802664519268866, 0.16910770288539, 0.496808251734443, 0.887716469957963, 1.8646347975772, 1.02658147592942, 0.838053321647775, 168.304363636348, 164.5924516129, 160.988656898656, 168.000736094028
5/16/2018, 165.87, 166.95, 165.87, 166.66, 24154, 1.51258127121002, 1.03024987985029, 0.202788340170109, 0.548889626077962, 0.929627473129446, 1.94317104303673, 1.20989938935088, 0.733271653685845, 168.197636363621, 165.172430107524, 161.199753357752, 168.097964739648
5/17/2018, 165.84, 166.8, 165.02, 165.88, 28618, 1.49736227952055, 0.727400514244597, 0.0918986948178664, 0.56804784325044, 0.892914523567246, 1.92033566790633, 1.35198664506197, 0.568349022844357, 167.464181818166, 165.670989247309, 161.381133089132, 168.18043159765
5/18/2018, 165.09, 165.65, 164.87, 164.95, 18531, 1.46112962825417, 0.7138914631696, -0.00277280917479458, 0.524188231648106, 0.843553479865985, 1.8063725031414, 1.44286381667786, 0.363508686463546, 166.601454545439, 165.719010752685, 161.504666666666, 168.258067240673
5/21/2018, 166.34, 167.11, 165.73, 166.35, 28673, 1.44131449096183, 0.740478644995151, -0.122620838148883, 0.637812448031707, 0.899823254785895, 1.80818059338949, 1.51592717202019, 0.292253421369309, 166.271999999984, 165.977247311825, 161.665999999999, 168.360670766708
5/22/2018, 166.81, 167.43, 165.99, 166.08, 57057, 1.41482738615682, 0.391762099516923, -0.173939502603873, 0.613361304697988, 0.888669361145222, 1.76745268012647, 1.56623227364144, 0.201220406485026, 165.776181818166, 166.352645161287, 161.823345543344, 168.452570179035
5/23/2018, 165.08, 167.31, 164.78, 167.24, 18038, 1.41040304758598, 0.559127246345231, 0.00715543560162454, 0.643802726845706, 0.88839632605785, 1.80793704802434, 1.61457322851802, 0.19336381950632, 165.928545454529, 166.793677419352, 162.050285714285, 168.564224408911
5/24/2018, 167.13, 167.2, 165.25, 166.92, 25372, 1.40206095970743, 0.788439841966619, -0.0384715176020919, 0.656142898018315, 0.882064346691118, 1.79352523315205, 1.65036362944483, 0.143161603707224, 166.294181818165, 167.251591397847, 162.254498168497, 168.67239196392
5/25/2018, 166.92, 167.56, 166.86, 167.23, 20033, 1.35041807465554, 1.17006592652211, -0.0329256910471946, 0.572861898637734, 0.897723785664963, 1.78652423593698, 1.67759575074326, 0.108928485193721, 166.80763636362, 167.652086021502, 162.526735042734, 168.789912259123
5/29/2018, 165.92, 166.52, 164.6, 165.37, 93701, 1.37684521916559, 1.0127465074091, -0.113186969282869, 0.417917407890789, 0.95365770770144, 1.61230380523074, 1.66453736164076, -0.0522335564100171, 166.642909090892, 167.840666666664, 162.720529914529, 168.880804154709
5/30/2018, 165.99, 166.9, 165.56, 166.8, 37936, 1.34265257313395, 1.74981125484118, 0.178836017090209, 0.432527972795913, 0.965802802143499, 1.57150655832152, 1.64593120097691, -0.0744246426553912, 166.674181818165, 168.358666666664, 162.985025641025, 168.98847533142
5/31/2018, 166.7, 167.85, 166.15, 166.92, 85648, 1.32552556157924, 1.80373796094753, 0.167015198047915, 0.362593943585285, 0.89878943103515, 1.53120664626076, 1.62298629003368, -0.0917796437729215, 166.934181818165, 168.855999999997, 163.278671550671, 169.095641929753
6/1/2018, 167.92, 169.91, 167.92, 169.91, 59697, 1.32507733742491, 1.77820087955204, 0.381492208380034, 0.468143158720935, 0.967920336559111, 1.72070151121304, 1.64252933426955, 0.0781721769434869, 168.056909090892, 169.581483870965, 163.733023199022, 169.248364083641
6/4/2018, 170.31, 171.29, 170.16, 171.17, 75036, 1.28986794345839, 1.99787559250426, 0.799083349667261, 0.54641183290539, 0.978565302676955, 1.95006983547805, 1.70403743451125, 0.246032400966798, 169.209090909073, 170.270795698922, 164.207523809523, 169.418811534782
6/5/2018, 171.48, 172.07, 171.21, 171.9, 32231, 1.24634881377361, 2.34187947645218, 1.14588817884338, 0.616082710846489, 1.08202865216146, 2.16578496320162, 1.79638694024932, 0.369398022952294, 170.554181818164, 170.915741935481, 164.694568986568, 169.601395927293
6/6/2018, 172.09, 172.86, 171.38, 172.86, 21359, 1.22026491399572, 2.25393009726197, 0.860205068645932, 0.629092648810871, 1.10663239336746, 2.38669242836164, 1.91444803787179, 0.472244390489855, 171.874181818164, 171.409784946234, 165.273186813186, 169.796091020911
6/7/2018, 172.98, 173.28, 170.41, 171.2, 54148, 1.25431216928525, 1.88987503892883, 1.22064815604971, 0.513693015564486, 1.06420229100982, 2.4001476511695, 2.01158796053133, 0.388559690638175, 172.482909090891, 171.567827956987, 165.744410256409, 169.962603252699
6/8/2018, 170.16, 171.12, 169.76, 170.88, 51914, 1.23596284651541, 1.7865502565318, 1.297519161982, 0.508378588089267, 0.995096828306559, 2.35781031688887, 2.08083243180284, 0.276977885086034, 172.701090909072, 171.815376344083, 166.156136752136, 170.124214842149
6/11/2018, 170.98, 171.68, 170.72, 171.27, 66836, 1.19951693029676, 1.51808475148899, 1.09156177132744, 0.410477376305315, 1.01056565540466, 2.32888151861329, 2.13044224916493, 0.198439269448358, 172.899999999981, 172.02116129032, 166.600717948717, 170.294780101135
6/12/2018, 171.38, 171.79, 171, 171.61, 33462, 1.16030069004912, 1.40964175536644, 1.56586314473882, 0.413245726990326, 1.02077724091974, 2.30679905251571, 2.16571360983509, 0.141085442680629, 172.623999999981, 172.121096774191, 167.051267399267, 170.471675823425
6/13/2018, 171.96, 172.81, 171.24, 171.41, 43150, 1.14936842277792, 1.28767513548399, 1.40601371275629, 0.386396903232592, 1.02139694104989, 2.24725525084367, 2.1820219380368, 0.0652333128068632, 172.224545454526, 172.21068817204, 167.377577533577, 170.618598059314
6/14/2018, 171.79, 172.53, 171.42, 172.09, 38053, 1.12012655750447, 1.117944665529, 1.34470822973864, 0.364253243093542, 1.03771823088369, 2.2292393919742, 2.19146542882428, 0.0377739631499217, 171.832545454526, 172.308473118277, 167.586627594627, 170.775967746345
6/15/2018, 171.44, 171.44, 170.36, 171.03, 28141, 1.12129129577792, 0.605137343968249, 1.14321628845001, 0.260275147328115, 0.994268540151643, 2.10516156075764, 2.17420465521095, -0.0690430944533169, 171.390363636344, 172.206086021503, 167.827081807081, 170.920655186552
6/18/2018, 169.59, 171.15, 169.17, 170.95, 36069, 1.12363689851449, 0.589425394548138, 1.68015861121275, 0.319770860398784, 0.964891330951597, 1.9775773732147, 2.1348791988117, -0.157301825597003, 171.111454545435, 172.2004516129, 168.003572649572, 171.07021894219
6/19/2018, 168.12, 169.07, 167.02, 168.96, 33978, 1.19632718638139, 0.282441246484775, 1.31618891116508, 0.265087274239036, 0.877337781463988, 1.69633531889227, 2.04717042282782, -0.350835103935549, 170.303090909071, 171.953354838707, 167.943228327228, 171.187147738145
6/20/2018, 169.67, 170.45, 169.5, 169.75, 27793, 1.17510968683623, 0.793151097388306, 1.10947933661472, 0.192344042937659, 0.895435771702037, 1.51967746643004, 1.94167183154826, -0.421994365118221, 170.11999999998, 171.802946236556, 167.975802197801, 171.317449227826
6/21/2018, 170.14, 170.15, 167.83, 168.27, 37566, 1.19510979897443, 0.295159050951682, 1.01082605699539, 0.18868180608313, 0.898987665905282, 1.24588937727668, 1.80251534069395, -0.556625963417262, 169.263272727253, 171.552064516126, 167.99501098901, 171.429593549269
6/22/2018, 168.82, 168.92, 167.23, 167.73, 51535, 1.18938812126487, 0.33950247417928, 0.790015170296942, 0.24655879880222, 0.869388877535743, 0.974107947002352, 1.63683386195563, -0.662725914953274, 168.315818181798, 171.353784946234, 167.9987008547, 171.532291376248
6/25/2018, 166.27, 166.41, 162.97, 164, 32989, 1.30073942744371, -0.121701234450854, 0.47420079106015, 0.0458975588823258, 0.739532035729345, 0.45252297516916, 1.39997168459833, -0.947448709429173, 166.329636363616, 170.682258064513, 167.90619047619, 171.577641109745
6/26/2018, 164.74, 165.7, 164.36, 164.81, 37618, 1.28120382741174, -0.212205902938522, 0.443048170451927, 0.0883882600215304, 0.788565381824167, 0.103332208346387, 1.14064378934794, -1.03731158100156, 165.087818181798, 170.117655913976, 167.912488400488, 171.630173021731
6/27/2018, 165.31, 165.75, 162.53, 162.53, 45561, 1.33327658066783, -0.491184468236396, -0.0325972396900168, 0.207275650107066, 0.658729012088777, -0.353308218176863, 0.841853387842983, -1.19516160601985, 163.389272727252, 169.144817204298, 167.810136752136, 171.649752357524
6/28/2018, 162.09, 164.39, 162.07, 164.02, 32558, 1.32582959714148, -0.434695420929507, 0.128101606434424, 0.575611329053964, 0.694878449727401, -0.588188230772829, 0.55584506411982, -1.14403329489265, 162.825818181797, 168.468365591395, 167.764031746031, 171.699847751811
6/29/2018, 165, 165.73, 164.45, 164.5, 56202, 1.30783855317318, -0.320134579809742, 0.35939384819226, 0.404396286994309, 0.719091362104584, -0.727217434592745, 0.299232564377307, -1.02644999897005, 162.656363636343, 167.817849462363, 167.72132112332, 171.754984829849
7/2/2018, 162.89, 165.23, 162.89, 165.18, 59667, 1.3081636390431, -0.265716829628931, 0.643320222523138, 0.549191953001246, 0.7469891116624, -0.773611056564533, 0.0846638401889391, -0.858274896753472, 163.061999999979, 167.200516129029, 167.701875457874, 171.816296296297
7/3/2018, 165.65, 165.65, 163.29, 163.35, 76439, 1.32891549680001, -0.2647682421217, 0.546770958513198, 0.80906224563105, 0.67394762230533, -0.947126161453411, -0.121694160139531, -0.82543200131388, 162.75218181816, 166.442838709674, 167.674466422465, 171.850878775455
7/5/2018, 164.21, 165.42, 163.81, 165.4, 186523, 1.30939799928759, -0.169932411320102, 1.05245261245718, 0.739813241977724, 0.713441247869761, -0.908744820138992, -0.279104292139423, -0.629640527999569, 163.614545454524, 165.946623655911, 167.788297924297, 171.917260352604
7/6/2018, 165.31, 167.44, 165.31, 167.25, 29413, 1.29384578551904, 0.0663008125151934, 1.24080594195759, 0.681419114502813, 0.751501895580894, -0.720739554777083, -0.367431344666955, -0.353308210110128, 165.057272727251, 165.766860215051, 167.935921855921, 171.985331966654
7/9/2018, 168.41, 168.94, 167.55, 168.94, 225680, 1.26687535365607, -0.112138988355128, 1.09401825157769, 0.720246425670648, 0.811734989379096, -0.430413611205495, -0.380027797974663, -0.0503858132308317, 167.031454545433, 165.780129032255, 168.133858363857, 172.064402077355
7/10/2018, 169.05, 169.77, 168.79, 169.29, 3331397, 1.22998774962682, -0.240458403922796, 1.15060116251414, 0.56751128935502, 0.839696891537291, -0.170125038763871, -0.338047246132505, 0.167922207368634, 168.314545454523, 165.845440860212, 168.27648107448, 172.155133798005
