Date,IYH_Open,IYH_High,IYH_Low,IYH_Close,IYH_Volume,IYH_ATRPercentOfClose20,IYH_SQN25,IYH_SQN50,IYH_SQN100,IYH_SQN200,IYH_MACD,IYH_MACD_Avg,IYH_MACD_Diff,IYH_LinReg10,IYH_LinReg30,IYH_LinReg90,IYH_LinReg270
1/3/2017, 144.05, 145.75, 144.05, 145.7, 801507, 0, 0, 0, 0, 0, 0, 0, 0, 145.7, 145.7, 145.7, 145.7
1/4/2017, 146.17, 147.45, 145.99, 147.03, 98887, 0, 0, 0, 0, 0, 0.106096866096863, 0.0212193732193725, 0.0848774928774901, 147.03, 147.03, 147.03, 147.03
1/5/2017, 147, 147.87, 146.9, 147.81, 66263, 0, 0, 0, 0, 0, 0.250234332513543, 0.0670223650782066, 0.183211967435336, 147.901666666667, 147.901666666667, 147.901666666667, 147.901666666667
1/6/2017, 147.93, 148.73, 147.59, 148.3, 119056, 0, 0, 0, 0, 0, 0.399399192725895, 0.133497730607744, 0.26590146211815, 148.497, 148.497, 148.497, 148.497
1/9/2017, 148.56, 149.39, 148.15, 149.15, 126319, 0, 0, 0, 0, 0, 0.579520958502201, 0.222702376186636, 0.356818582315565, 149.232, 149.232, 149.232, 149.232
1/10/2017, 149.23, 150.35, 149.05, 149.68, 56663, 0, 0, 0, 0, 0, 0.756316974896748, 0.329425295928658, 0.42689167896809, 149.855714285714, 149.855714285714, 149.855714285714, 149.855714285714
1/11/2017, 149.71, 150.41, 146.82, 148.01, 237234, 0, 0, 0, 0, 0, 0.752994002272544, 0.414139037197435, 0.338854965075109, 149.408214285714, 149.408214285714, 149.408214285714, 149.408214285714
1/12/2017, 147.14, 148.33, 147, 148.25, 59006, 0, 0, 0, 0, 0, 0.760954704606633, 0.483502170679275, 0.277452533927358, 149.208333333333, 149.208333333333, 149.208333333333, 149.208333333333
1/13/2017, 148.63, 149.07, 148.3, 148.47, 33916, 0, 0, 0, 0, 0, 0.776069731169144, 0.542015682777249, 0.234054048391896, 149.145777777778, 149.145777777778, 149.145777777778, 149.145777777778
1/17/2017, 148.01, 148.01, 146.55, 147.62, 81348, 0, 0, 0, 0, 0, 0.711261621140693, 0.575864870449938, 0.135396750690755, 148.798909090909, 148.798909090909, 148.798909090909, 148.798909090909
1/18/2017, 148.02, 148.13, 147.16, 147.57, 64222, 0, 0, 0, 0, 0, 0.648391886831917, 0.590370273726333, 0.0580216131055831, 148.189272727273, 148.528636363636, 148.528636363636, 148.528636363636
1/19/2017, 147.5, 147.5, 146.33, 146.69, 681125, 0, 0, 0, 0, 0, 0.521546460956557, 0.576605511172378, -0.055059050215821, 147.439636363636, 148.066282051282, 148.066282051282, 148.066282051282
1/20/2017, 146.71, 147.26, 146.05, 146.2, 94433, 0, 0, 0, 0, 0, 0.377134273037626, 0.536711263545428, -0.159576990507802, 146.695272727273, 147.581208791209, 147.581208791209, 147.581208791209
1/23/2017, 145.92, 146.31, 144.94, 145.48, 96873, 0, 0, 0, 0, 0, 0.20225709705511, 0.469820430247364, -0.267563333192254, 145.888, 147.022571428571, 147.022571428571, 147.022571428571
1/24/2017, 145.35, 145.35, 143.89, 144.67, 111254, 0, 0, 0, 0, 0, -0.00167524420817244, 0.375521295356257, -0.377196539564429, 145.124727272727, 146.390333333333, 146.390333333333, 146.390333333333
1/25/2017, 144.62, 146, 144.62, 145.78, 77048, 0, 0, 0, 0, 0, -0.0728851954063714, 0.285839997203731, -0.358725192610103, 145.095272727273, 146.142573529412, 146.142573529412, 146.142573529412
1/26/2017, 145.72, 145.98, 144.96, 144.97, 57769, 0, 0, 0, 0, 0, -0.192461251810585, 0.190179747400868, -0.382640999211453, 144.664727272727, 145.771176470588, 145.771176470588, 145.771176470588
1/27/2017, 145.05, 146.19, 145.05, 146.15, 78834, 0, 0, 0, 0, 0, -0.189821851536834, 0.114179427613328, -0.304001279150162, 144.855636363636, 145.712631578947, 145.712631578947, 145.712631578947
1/30/2017, 145.93, 145.96, 144.81, 145.3, 44598, 0, 0, 0, 0, 0, -0.253397001162398, 0.0406641418581826, -0.29406114302058, 144.911454545454, 145.502263157895, 145.502263157895, 145.502263157895
1/31/2017, 144.75, 147.55, 144.75, 147.54, 71699, 0, 0, 0, 0, 0, -0.121629417522456, 0.00820542998205485, -0.129834847504511, 145.744, 145.746, 145.746, 145.746
2/1/2017, 147.68, 148.73, 147.51, 148.64, 122422, 0, 0, 0, 0, 0, 0.0707426712840231, 0.0207128782424485, 0.0500297930415746, 146.950909090909, 146.14948051948, 146.14948051948, 146.14948051948
2/2/2017, 148.31, 148.98, 147.8, 148.86, 93553, 0.984943907026733, 0, 0, 0, 0, 0.238205217542259, 0.0642113461024105, 0.173993871439848, 147.999454545455, 146.53162055336, 146.53162055336, 146.53162055336
2/3/2017, 149.36, 149.79, 148.85, 149.75, 38019, 0.961521285475789, 0, 0, 0, 0, 0.437690628798265, 0.138907202641581, 0.298783426156684, 149.139090909091, 147.005, 147.005, 147.005
2/6/2017, 149.27, 149.67, 149.05, 149.66, 43710, 0.937380875818518, 0, 0, 0, 0, 0.581815203100831, 0.227488802733431, 0.3543264003674, 149.91, 147.399266666667, 147.399266666667, 147.399266666667
2/7/2017, 149.93, 150.27, 149.3, 149.67, 117429, 0.922856957180794, 0, 0, 0, 0, 0.688900664983464, 0.319771175183438, 0.369129489800026, 150.294363636364, 147.742553846154, 147.742553846154, 147.742553846154
2/8/2017, 148.73, 149.75, 148.73, 149.51, 37276, 0.911763766585426, 0.863469889032791, 0, 0, 0, 0.752185278538434, 0.406253995854437, 0.345931282683997, 150.572727272727, 148.018205128205, 148.018205128205, 148.018205128205
2/9/2017, 149.39, 150.67, 149.16, 150.25, 37121, 0.912159139468071, 0.746947408403208, 0, 0, 0, 0.852226667750585, 0.495448530233667, 0.356778137516919, 150.741272727273, 148.36291005291, 148.36291005291, 148.36291005291
2/10/2017, 150.41, 150.93, 150.18, 150.53, 113252, 0.889851293229414, 0.637659070286879, 0, 0, 0, 0.94323087106207, 0.585004998399348, 0.358225872662723, 150.954545454546, 148.703497536946, 148.703497536946, 148.703497536946
2/13/2017, 150.61, 151.55, 150.61, 151.54, 42719, 0.873378971963393, 0.741378810741522, 0, 0, 0, 1.08435119136524, 0.684874236992527, 0.399476954372717, 151.107818181818, 149.136, 149.136, 149.136
2/14/2017, 151.22, 152.67, 151.22, 152.65, 34777, 0.871171024833056, 0.787004437263202, 0, 0, 0, 1.27110527489208, 0.802120444572437, 0.468984830319642, 151.752181818182, 149.659634408602, 149.659634408602, 149.659634408602
2/15/2017, 152.5, 154.5, 152.32, 154.34, 167499, 0.889173539547283, 0.987294896768736, 0, 0, 0, 1.53775186141715, 0.94924672794138, 0.588505133475769, 152.921636363637, 150.301505376344, 150.332741935484, 150.332741935484
2/16/2017, 154.21, 154.4, 152.99, 154.01, 67878, 0.892301096610878, 1.37751731098022, 0, 0, 0, 1.70281398064429, 1.09996017848196, 0.602853802162331, 153.710181818182, 150.934430107527, 150.89375, 150.89375
2/17/2017, 153.44, 154.24, 153.44, 154.14, 38329, 0.872921547259564, 1.35043073819412, 0, 0, 0, 1.8231012366696, 1.24458839011949, 0.57851284655011, 154.440727272727, 151.590817204301, 151.410374331551, 151.410374331551
2/21/2017, 154.38, 155.42, 154.38, 154.98, 67564, 0.866076402954315, 1.47392387599153, 0, 0, 0, 1.9635758533656, 1.38838588276871, 0.575189970596885, 155.204, 152.345612903226, 151.968, 151.968
2/22/2017, 154.74, 155.13, 154.57, 154.62, 64370, 0.842797147092011, 1.62719024952665, 0, 0, 0, 2.0225394322201, 1.51521659265899, 0.50732283956111, 155.554727272727, 153.068301075269, 152.429904761905, 152.429904761905
2/23/2017, 154.77, 155.87, 154.48, 155.65, 60300, 0.840010473107603, 1.85270773597389, 0, 0, 0, 2.12785232810646, 1.63774373974848, 0.490108588357973, 155.959272727273, 153.921720430108, 152.955660660661, 152.955660660661
2/24/2017, 155.38, 156.52, 155.38, 156.52, 55461, 0.829991366165593, 2.33438785439503, 0, 0, 0, 2.25551511174271, 1.76129801414733, 0.494217097595381, 156.477454545455, 154.735677419355, 153.520995732575, 153.520995732575
2/27/2017, 156.23, 157.49, 156.23, 157.4, 144734, 0.824108870397883, 2.70624543045209, 0, 0, 0, 2.40003136545491, 1.88904468440884, 0.510986681046063, 157.013636363637, 155.622387096774, 154.122226720648, 154.122226720648
2/28/2017, 156.9, 157.62, 156.71, 156.97, 92652, 0.814034525008571, 2.84330557312473, 0, 0, 0, 2.45160357146358, 2.00155646181979, 0.450047109643787, 157.228545454546, 156.410172043011, 154.625858974359, 154.625858974359
3/1/2017, 158.88, 159.15, 157.74, 158.74, 746644, 0.833375642062906, 3.51405385191645, 0, 0, 0, 2.60526722492946, 2.12229861444173, 0.482968610487737, 157.980727272727, 157.311032258065, 155.254353658537, 155.254353658537
3/2/2017, 158.43, 159.06, 158.24, 158.32, 131627, 0.819704061078906, 3.0802347796117, 0, 0, 0, 2.66246504773119, 2.23033190109962, 0.43213314663157, 158.593636363637, 158.083526881721, 155.788257839721, 155.788257839721
3/3/2017, 158.17, 158.92, 157.95, 158.84, 84693, 0.806703409736287, 3.61841177421847, 0, 0, 0, 2.71841815621994, 2.32794915212368, 0.390469004096257, 159.103090909091, 158.793978494624, 156.323687707641, 156.323687707641
3/6/2017, 158.24, 158.63, 157.57, 158.13, 339747, 0.809966047697377, 3.02905374409062, 0, 0, 0, 2.67463876080546, 2.39728707386004, 0.277351686945425, 159.129818181818, 159.303290322581, 156.749873150106, 156.749873150106
3/7/2017, 156.69, 157.78, 156.54, 157, 80088, 0.825642895326541, 2.92403418192803, 0, 0, 0, 2.51971600074225, 2.42177285923648, 0.0979431415057679, 158.716545454546, 159.544258064516, 157.040696969697, 157.040696969697
3/8/2017, 157.09, 158.21, 157.06, 157.65, 85453, 0.819502935857619, 2.82937699859025, 0, 0, 0, 2.42147490951615, 2.42171326929242, -0.000238359776266073, 158.345636363636, 159.739376344086, 157.362367149758, 157.362367149758
3/9/2017, 157.59, 158.65, 157.59, 158.5, 60988, 0.807791204706978, 2.78134468567642, 0, 0, 0, 2.38471650574053, 2.41431391658204, -0.0295974108415105, 158.309090909091, 160.032602150538, 157.728778908418, 157.728778908418
3/10/2017, 159.13, 159.29, 158.45, 159.11, 68025, 0.79085639273932, 2.88292513284012, 0, 0, 0, 2.37740189872838, 2.40693151301131, -0.0295296142829269, 158.501818181818, 160.267161290323, 158.115957446809, 158.115957446809
3/13/2017, 159.28, 159.28, 158.35, 158.92, 61242, 0.781471826178678, 2.5691886749292, 0, 0, 0, 2.32942148698123, 2.39142950780529, -0.0620080208240594, 158.663636363636, 160.465053763441, 158.457355442177, 158.457355442177
3/14/2017, 158.39, 158.92, 158.18, 158.32, 53014, 0.768582159458689, 2.37077052197602, 0, 0, 0, 2.21742063462113, 2.35662773316846, -0.139207098547325, 158.449272727273, 160.44776344086, 158.724587755102, 158.724587755102
3/15/2017, 158.28, 160.58, 158.28, 160.18, 78408, 0.793468792054094, 2.67896536402114, 0, 0, 0, 2.25277699662252, 2.33585758585927, -0.0830805892367561, 159.157818181818, 160.731806451613, 159.115176470588, 159.115176470588
3/16/2017, 159.95, 159.95, 158.25, 158.75, 65248, 0.821372847594731, 2.17940410725126, 2.09147200480755, 0, 0, 2.14073110364217, 2.29683228941585, -0.156101185773683, 159.209818181818, 160.826193548387, 159.367895927602, 159.367895927602
3/17/2017, 158.39, 158.51, 157.83, 157.95, 123384, 0.81337950350035, 1.76788712962653, 1.75630656763864, 0, 0, 1.96473239998357, 2.2304123115294, -0.265679911545821, 159.066, 160.768516129033, 159.541480406386, 159.541480406386
3/20/2017, 157.92, 158.11, 157.36, 157.65, 46671, 0.797967827142317, 1.62135774205525, 1.58405783718311, 0, 0, 1.78051994099198, 2.14043383742191, -0.359913896429933, 158.725090909091, 160.673462365592, 159.679203354298, 159.679203354298
3/21/2017, 157.84, 158.33, 155.88, 156.12, 108362, 0.843963915907873, 0.993075838568568, 1.22799501771361, 0, 0, 1.49385183276789, 2.01111743649111, -0.51726560372322, 157.655818181818, 160.327311827957, 159.695393939394, 159.695393939394
3/22/2017, 156.16, 156.55, 155.39, 156.38, 110488, 0.8375218328684, 0.824587176886971, 1.13945135742095, 0, 0, 1.27297110031006, 1.8634881692549, -0.590517068944839, 156.854363636363, 159.973139784947, 159.72651948052, 159.72651948052
3/23/2017, 156.01, 156.82, 155.56, 155.72, 54125, 0.839475218422568, 0.327818636837183, 0.950861922840595, 0, 0, 1.03276002957747, 1.69734254131941, -0.664582511741939, 156.064181818182, 159.481268817205, 159.707481203008, 159.707481203008
3/24/2017, 155.39, 156.18, 154.9, 155.42, 67861, 0.840219578961036, 0.335485237292534, 1.21464109737923, 0, 0, 0.808859503737636, 1.51964593380306, -0.710786430065421, 155.444, 158.960602150538, 159.666823956443, 159.666823956443
3/27/2017, 153.98, 156.2, 153.98, 155.92, 178352, 0.86683928049011, 0.417167447583935, 1.25194824668241, 0, 0, 0.664107131598314, 1.34853817336211, -0.684431041763795, 155.159818181818, 158.488688172043, 159.660023378142, 159.660023378142
3/28/2017, 155.53, 156.23, 155.22, 156.02, 54484, 0.855337146412748, 0.252486597506455, 1.23141478221378, 0, 0, 0.551106188963814, 1.18905177648245, -0.637945587518636, 154.953818181818, 158.062021505377, 159.658169491525, 159.658169491525
3/29/2017, 156.05, 156.48, 155.83, 156.08, 44245, 0.833080577294663, 0.350592625000182, 1.39968055587299, 0, 0, 0.461078599276249, 1.04345714104121, -0.582378541764961, 155.266, 157.688064516129, 159.658349726776, 159.658349726776
3/30/2017, 156.04, 156.38, 155.74, 156.06, 55825, 0.812032908361806, 0.110365152746368, 1.40513781473845, 0, 0, 0.383694264344086, 0.911504565701785, -0.527810301357699, 155.508909090909, 157.402107526882, 159.655346377578, 159.655346377578
3/31/2017, 155.64, 156.21, 155.61, 155.7, 71582, 0.792482741779038, -0.183470490801941, 1.51371367518693, 0, 0, 0.289974978977369, 0.787198648356902, -0.497223669379533, 155.614181818181, 157.037376344086, 159.62801843318, 159.62801843318
4/3/2017, 155.78, 156.48, 155.22, 155.83, 109731, 0.792659210359022, -0.37175385276319, 1.62899809560918, 0, 0, 0.223614000653242, 0.67448171881617, -0.450867718162928, 155.827090909091, 156.686903225807, 159.60849702381, 159.60849702381
4/4/2017, 155.84, 155.84, 155.23, 155.65, 51473, 0.773492325812619, -0.312376966922363, 1.74237213202484, 0, 0, 0.154714499109872, 0.570528274874911, -0.415813775765039, 155.77109090909, 156.358688172043, 159.577360576923, 159.577360576923
4/5/2017, 155.95, 156.65, 154.96, 155.09, 50001, 0.791955487053307, -0.988167124283493, 1.80640893942512, 0, 0, 0.054297915289709, 0.46728220295787, -0.412984287668161, 155.599272727272, 155.931096774194, 159.512587412587, 159.512587412587
4/6/2017, 155.01, 155.57, 154.72, 155.28, 36527, 0.778807043165523, -0.820947093629463, 1.66296785031493, 0, 0, -0.00983813089749219, 0.371858136186798, -0.38169626708429, 155.431454545454, 155.593247311828, 159.460909090909, 159.460909090909
4/7/2017, 155.15, 156.04, 155.09, 155.62, 56036, 0.768773292504853, -0.874228950715183, 1.89497548270031, 0, 0, -0.0328525473587149, 0.290915999477695, -0.32376854683641, 155.34509090909, 155.358924731183, 159.430263388938, 159.430263388938
4/10/2017, 155.65, 156.16, 155.33, 155.38, 57297, 0.758171417110471, -0.756973556095131, 1.66115013566384, 0, 0, -0.0696546964681204, 0.218801860288532, -0.288456556756652, 155.264909090909, 155.158623655914, 159.38594629156, 159.38594629156
4/11/2017, 155.13, 155.47, 154.43, 155.24, 55189, 0.7544089219988, -0.504730031444749, 1.82306131038517, 0, 0, -0.108862594528574, 0.153268969325111, -0.262131563853685, 155.185818181818, 154.924924731183, 159.334542443064, 159.334542443064
4/12/2017, 155.18, 155.42, 154.71, 155.36, 27871, 0.73898506049523, -0.672993140134642, 1.54465957622482, 0, 0, -0.128767784239386, 0.0968616186122115, -0.225629402851598, 155.202727272727, 154.835612903226, 159.291078470825, 159.291078470825
4/13/2017, 155.01, 155.67, 155, 155.1, 49862, 0.724811625071644, -1.04564497848987, 1.29492146339001, 0, 0, -0.163636319947443, 0.0447620309002806, -0.208398350847724, 155.16509090909, 154.70711827957, 159.234131455399, 159.234131455399
4/17/2017, 154.82, 155.54, 154.64, 155.48, 22392, 0.715830774994735, -1.12900078350428, 1.32278890933876, 0, 0, -0.15877678159967, 0.00405426840029047, -0.16283104999996, 155.23909090909, 154.682279569893, 159.199387366819, 159.199387366819
4/18/2017, 154.89, 154.89, 153.57, 154.18, 37920, 0.747713714174162, -1.39499866146165, 0.87106827806619, 0, 0, -0.256863732676464, -0.0481293318150605, -0.208734400861404, 154.901999999999, 154.466838709678, 159.095342465753, 159.095342465753
4/19/2017, 154.68, 155.1, 154.53, 154.6, 39315, 0.738152493071175, -1.08480367258097, 0.967249655269928, 0, 0, -0.297280987991002, -0.0979596630502488, -0.199321324940753, 154.763999999999, 154.254838709678, 159.017286486486, 159.017286486486
4/20/2017, 155.03, 155.78, 154.25, 155.47, 297930, 0.746526382307605, -1.58239559487912, 1.11861407272696, 0, 0, -0.25615740183585, -0.129599210807369, -0.126558191028481, 154.871818181818, 154.212043010753, 158.987245614035, 158.987245614035
4/21/2017, 155.23, 155.37, 154.36, 154.72, 38581, 0.748509137955631, -1.46586747811763, 0.998371104716318, 0, 0, -0.280847955112165, -0.159848959668328, -0.120998995443837, 154.737818181817, 154.144817204301, 158.918848257006, 158.918848257006
4/24/2017, 156.1, 156.57, 155.94, 156.2, 55717, 0.763565090481885, -0.553285829017945, 1.1036495978076, 0, 0, -0.178929181125085, -0.16366500395968, -0.0152641771654053, 155.213636363636, 154.330430107527, 158.927942057942, 158.927942057942
4/25/2017, 156.78, 157.4, 156.63, 156.99, 73171, 0.759955562625689, -0.195129255859312, 1.18513719234613, 0, 0, -0.0340192678175697, -0.137735856731258, 0.103716588913688, 155.882727272727, 154.622387096774, 158.975436546576, 158.975436546576
4/26/2017, 157.39, 158.34, 157.39, 157.81, 52757, 0.760979358645058, 0.588041538281072, 1.15064913337393, 0, 0, 0.145314929421289, -0.0811256995007482, 0.226440628922037, 156.719272727272, 154.990838709677, 159.060683544304, 159.060683544304
4/27/2017, 157.88, 158.89, 157.76, 158.21, 36722, 0.756814644828947, 0.632153520161777, 1.03302428129852, 0, 0, 0.316071751424147, -0.0016862093157692, 0.317757960739916, 157.577818181817, 155.537333333333, 159.160990740741, 159.160990740741
4/28/2017, 158.27, 158.66, 158.11, 158.6, 37862, 0.734545162108879, 1.01935717306209, 0.824619721903618, 0, 0, 0.477364740156588, 0.0941239805787023, 0.383240759577886, 158.363636363635, 156.050688172043, 159.275055706113, 159.275055706113
5/1/2017, 158.48, 159.29, 158.48, 158.97, 698749, 0.721670249575045, 1.26430404288442, 0.959130752224836, 0, 0, 0.627809506369715, 0.200861085736905, 0.42694842063281, 159.162363636363, 156.558623655914, 159.401181310608, 159.401181310608
5/2/2017, 159.02, 159.47, 158.37, 159.31, 116876, 0.718647439559335, 1.21163206995977, 0.996657635368877, 0, 0, 0.765647320281772, 0.313818332645878, 0.451828987635894, 159.628181818181, 157.08311827957, 159.537306368331, 159.537306368331
5/3/2017, 159.05, 159.05, 158.25, 158.66, 71159, 0.718916786943071, 0.914716366582192, 0.714370135875348, 0, 0, 0.813062732089946, 0.413667212534692, 0.399395519555254, 159.673636363635, 157.412430107527, 159.636593837535, 159.636593837535
5/4/2017, 158.85, 159.62, 158.84, 159.62, 152480, 0.708934786026616, 1.17430046382217, 0.954087309888202, 0, 0, 0.917527083425853, 0.514439186712924, 0.403087896712929, 160.003272727272, 157.864494623656, 159.775411764706, 159.775411764706
5/5/2017, 159.9, 159.9, 158.83, 159.47, 55454, 0.707670170052611, 1.12866675927828, 0.741601778535557, 0, 0, 0.976950411869353, 0.60694143174421, 0.370008980125143, 159.904727272726, 158.232623655914, 159.900986367281, 159.900986367281
5/8/2017, 159.4, 159.4, 158.1, 158.27, 83920, 0.720664395762782, 0.797629631396809, 0.344277526013548, 0, 0, 0.916647316924838, 0.668882608780336, 0.247764708144502, 159.428545454544, 158.404301075269, 159.966541274817, 159.966541274817
5/9/2017, 158.42, 158.77, 158.2, 158.47, 30074, 0.701751601069646, 0.817932946406583, 0.21868893769149, 0, 0, 0.874909595051804, 0.710088006034629, 0.164821589017175, 159.066545454544, 158.616301075269, 160.037671092952, 160.037671092952
5/10/2017, 158.17, 158.17, 157.39, 158.1, 27568, 0.702379806517593, 0.756312051458155, 0.230740923408227, 0, 0, 0.802722951475459, 0.728614995122795, 0.0741079563526641, 158.659999999999, 158.771569892473, 160.088913857678, 160.088913857678
5/11/2017, 157.83, 158.07, 157.28, 158.07, 28881, 0.693325330802239, 0.938123647690498, -0.118118749105913, 0, 0, 0.734625462047006, 0.729817088507638, 0.00480837353936869, 158.307272727271, 158.913612903226, 160.13611965812, 160.13611965812
5/12/2017, 158.02, 158.19, 157.68, 157.83, 23436, 0.675817260900427, 0.799949531833456, -0.0826088854260203, 0, 0, 0.653755628881726, 0.714604796582455, -0.0608491677007296, 157.957272727271, 159.011032258064, 160.125472527472, 160.17041328237
5/15/2017, 157.99, 158.96, 157.87, 158.86, 83494, 0.673429600739762, 0.974886438243153, 0.0199382491782548, 0, 0, 0.665111108551287, 0.704706058976222, -0.0395949504249349, 158.07909090909, 159.203720430108, 160.180517704518, 160.24675315568
5/16/2017, 158.97, 158.97, 157.91, 158.3, 30455, 0.67550205341025, 0.86967667404166, 0.0496334194032391, 0, 0, 0.62175587343711, 0.688116021868399, -0.0663601484312896, 158.081454545453, 159.313634408602, 160.219750915751, 160.295843056509
5/17/2017, 156.95, 157.29, 156.23, 156.23, 36619, 0.716478117532488, 0.261613438655866, -0.128928069814983, 0, 0, 0.415574354490843, 0.633607688392888, -0.218033333902045, 157.293818181817, 159.132967741935, 160.171704517704, 160.255735722284
5/18/2017, 156.01, 157.75, 156.01, 156.9, 33778, 0.733196988444842, 0.394563263464705, -0.124456492699352, 0, 0, 0.302747530763781, 0.567435656867067, -0.264688126103285, 157.062181818181, 158.99623655914, 160.166024420024, 160.244177631579
5/19/2017, 156.99, 157.6, 156.98, 157.09, 37253, 0.717974900456081, 0.507668032971671, -0.251561603536018, 0, 0, 0.226057027493141, 0.499159930992282, -0.273102903499141, 157.014545454544, 158.884602150537, 160.17474969475, 160.24016967354
5/22/2017, 157.01, 157.67, 156.9, 157.5, 24466, 0.704745036552466, 0.513625572988076, -0.289850752514796, 0, 0, 0.19610227960311, 0.438548400714447, -0.242446121111337, 156.998363636362, 158.835978494623, 160.158857142857, 160.252310119924
5/23/2017, 157.52, 158.17, 157.52, 157.96, 23788, 0.688765991986343, 1.01271873164356, -0.165224387535891, 0, 0, 0.207093832913159, 0.39225748715419, -0.185163654241031, 157.22309090909, 158.817591397849, 160.161452991453, 160.281886209029
5/24/2017, 158.18, 158.4, 157.6, 158.25, 24715, 0.678405069759587, 0.977997222123247, 0.00325586122583161, 0, 0, 0.236479308208345, 0.361101851365021, -0.124622543156676, 157.501818181817, 158.810021505376, 160.174500610501, 160.321357575758
5/25/2017, 158.46, 159.27, 158.4, 159.05, 22726, 0.673308533008374, 0.958472242824416, -0.209726627957025, 0, 0, 0.320624859414465, 0.35300645297491, -0.0323815935604445, 158.042727272726, 158.892537634408, 160.196463980464, 160.390388118812
5/26/2017, 159.06, 159.31, 158.59, 158.7, 25612, 0.663738097455783, 1.08987082392499, 0.00469481240728098, 1.66973165794033, 0, 0.354976788599743, 0.353400520099876, 0.00157626849986614, 158.361272727271, 158.889505376344, 160.193643467643, 160.442807221899
5/30/2017, 158.48, 158.79, 158.07, 158.36, 22939, 0.654638003680987, 0.633392829138397, 0.101807617014, 1.46955986544292, 0, 0.35072286658135, 0.352864989396171, -0.00214212281482118, 158.720909090908, 158.845440860215, 160.148251526252, 160.479729678279
5/31/2017, 158.81, 159.24, 158.49, 158.94, 39277, 0.647320061342488, 0.576549049655633, 0.286782057336838, 1.44097168576692, 0, 0.389660986178541, 0.360224188752645, 0.0294367974258956, 159.19618181818, 158.769720430107, 160.108774114774, 160.537042569081
6/1/2017, 159.07, 160.87, 159.07, 160.86, 144150, 0.667604115518379, 0.802889025778459, 0.994166687246078, 1.57592016831221, 0, 0.568889872060367, 0.40195732541419, 0.166932546646178, 159.885818181817, 158.934903225806, 160.12789010989, 160.664681318681
6/2/2017, 161.14, 162.08, 161.14, 161.86, 44651, 0.667992451014284, 0.934474663647092, 1.12519285805167, 1.58372687567873, 0, 0.78260036815513, 0.478085933962378, 0.304514434192752, 160.802363636362, 159.244580645161, 160.16145054945, 160.82511769991
6/5/2017, 161.84, 161.84, 161.03, 161.42, 14841, 0.662031936656632, 0.719267098276617, 1.18129434384999, 1.46305470676253, 0, 0.906019128706248, 0.563672572911152, 0.342346555795096, 161.334363636362, 159.407204301075, 160.187851037851, 160.963396226415
6/6/2017, 160.86, 161.6, 160.86, 161.08, 25481, 0.653227808879797, 0.539324721788219, 1.17485763650571, 1.67659761760525, 0, 0.965267227386363, 0.643991503806194, 0.321275723580169, 161.594727272725, 159.582129032258, 160.169931623932, 161.084122533749
6/7/2017, 161.41, 161.73, 161.17, 161.52, 26668, 0.638997267716938, 0.562002042137155, 1.16045983424986, 1.69730656062002, 0, 1.03578619669545, 0.722350442384046, 0.313435754311408, 161.903818181816, 159.834064516129, 160.185665445665, 161.216510363575
6/8/2017, 161.57, 161.98, 160.89, 161.42, 67221, 0.641186326028731, 0.711772548997838, 1.11854561845359, 1.65574844586594, 0, 1.07125506214624, 0.792131366336484, 0.279123695809751, 162.04218181818, 160.098752688172, 160.166879120879, 161.340537114262
6/9/2017, 161.51, 162.8, 161.32, 162.39, 59345, 0.651057835520537, 0.710348095291078, 1.28240253968249, 1.89085293723894, 0, 1.16421494177689, 0.866548081424566, 0.297666860352325, 162.502727272725, 160.489892473118, 160.228461538462, 161.494923832924
6/12/2017, 162.24, 162.62, 161.28, 161.98, 43629, 0.661433620290598, 0.642056754295356, 1.19966664285738, 1.84443484840373, 0, 1.1910727968519, 0.931453024510032, 0.259619772341866, 162.569454545453, 160.828043010752, 160.285687423688, 161.629388674389
6/13/2017, 162.35, 162.68, 161.87, 162.44, 82511, 0.651514817310622, 1.1217113647043, 1.36710467748185, 2.03367038805797, 0, 1.23523695342806, 0.992209810293637, 0.24302714313442, 162.54818181818, 161.227419354838, 160.358136752137, 161.775380847029
6/14/2017, 162.6, 163.58, 162.6, 163.22, 26100, 0.650903465125234, 1.2572751056807, 1.48212112957673, 2.19630070130072, 0, 1.31798394842727, 1.05736463792036, 0.260619310506905, 162.689818181816, 161.726043010752, 160.47451037851, 161.943623660922
6/15/2017, 162.5, 163.13, 162.27, 162.99, 158759, 0.648373767708777, 1.30291006313175, 1.47325549926478, 2.27898045268385, 0, 1.34944687672095, 1.11578108568048, 0.233665791040466, 162.902545454543, 162.126924731182, 160.568962148962, 162.098270022883
6/16/2017, 163.17, 163.4, 162.51, 163.27, 43874, 0.642154213137202, 1.38611221650423, 1.65835858714344, 2.44525049496442, 0, 1.38105518946702, 1.16883590643779, 0.212219283029231, 163.295818181816, 162.599397849462, 160.66610989011, 162.257353823088
6/19/2017, 163.65, 165.18, 163.44, 165.01, 34732, 0.661488954972216, 1.78807629660982, 1.8748062300333, 2.48156582080021, 0, 1.52888443518583, 1.2408456121874, 0.288038822998433, 164.125272727271, 163.259096774193, 160.825797313797, 162.470402298851
6/20/2017, 165.15, 166.62, 165.01, 165.59, 185177, 0.674827452364075, 1.69489535021727, 1.9114985036855, 2.68353108225234, 0, 1.67354969111727, 1.32738642797337, 0.346163263143901, 164.891272727271, 163.87664516129, 161.015926739927, 162.696204548747
6/21/2017, 166.01, 167.89, 166, 167.84, 47072, 0.701009556393701, 2.2084749637019, 2.23229745170366, 2.73645801700887, 0, 1.9473068039853, 1.45137050317576, 0.495936300809541, 166.276545454543, 164.745784946236, 161.299391941392, 162.990170915824
6/22/2017, 168.01, 170.56, 167.68, 169.54, 515874, 0.744217127214007, 3.62704322394032, 2.48316716101077, 3.03604393895202, 0, 2.2752098775544, 1.61613837805149, 0.659071499502916, 167.884363636362, 165.745505376344, 161.66693040293, 163.331487394958
6/23/2017, 169.6, 169.6, 168.67, 169.33, 68121, 0.735344257724382, 3.32440305090474, 2.41938201659383, 2.81317100761164, 0, 2.48943354057801, 1.79079741055679, 0.698636130021215, 169.170727272725, 166.642774193548, 162.036769230769, 163.655509641873
6/26/2017, 169.54, 169.54, 168.86, 169.05, 33807, 0.719846501049666, 3.14581404487874, 2.42006564800949, 2.64428131449745, 0, 2.60656679747026, 1.95395128793949, 0.652615509530779, 169.899818181816, 167.415870967742, 162.419704517705, 163.960578512397
6/27/2017, 168.52, 168.71, 166.88, 166.88, 55421, 0.757763353621308, 2.07554258361533, 1.85072144830881, 2.26219420995274, 0, 2.49552798965115, 2.06226662828182, 0.433261361369333, 169.585636363634, 167.909913978494, 162.689675213675, 164.186165533787
6/28/2017, 167.04, 168.12, 167.04, 167.87, 58737, 0.752563120448607, 2.16600015372657, 2.28209429287675, 2.26147978086018, 0, 2.45906706626408, 2.14162671587827, 0.317440350385811, 169.527272727271, 168.440494623656, 162.996380952381, 164.43666404406
6/29/2017, 167.92, 167.92, 165.45, 166.39, 33979, 0.795517353676437, 1.66727671678089, 1.90445510804547, 2.0633104198637, 0, 2.2844145813738, 2.17018428897738, 0.114230292396419, 168.657999999998, 168.583548387096, 163.247001221001, 164.632452903226
6/30/2017, 166.99, 166.99, 166.2, 166.26, 149322, 0.780090375642435, 1.47734606970907, 1.74758508657343, 2.04609954599294, 0, 2.11117500396543, 2.15838243197499, -0.0472074280095587, 167.614363636362, 168.689225806451, 163.47557997558, 164.818163809524
7/3/2017, 166.83, 167.26, 166.52, 166.53, 427060, 0.769908932694384, 1.61793748548942, 1.93873655378058, 2.09949514529703, 0, 1.97292547746071, 2.12129104107213, -0.148365563611425, 166.848909090907, 168.781440860215, 163.730322344322, 165.006699162605
7/5/2017, 166.78, 167.75, 166.17, 167.45, 277326, 0.774573232806904, 1.87939365306712, 1.86487615946118, 2.10869354224709, 0, 1.91551715353293, 2.08013626356429, -0.164619110031359, 166.434363636362, 168.956817204301, 164.036642246642, 165.218190206693
7/6/2017, 166.94, 167.06, 165.12, 165.33, 204511, 0.815745318102221, 1.2017651882132, 1.31488577759772, 1.76986260493454, 0, 1.67959305753786, 2.000027622359, -0.320434564821146, 165.635999999998, 168.829677419354, 164.261841269841, 165.357939680233
7/7/2017, 165.7, 166.37, 165.53, 166.27, 161749, 0.801851294699874, 1.05582555067974, 1.32476272937949, 1.75409696365026, 0, 1.55059733494872, 1.91014156487695, -0.359544229928228, 165.639272727271, 168.793591397849, 164.512764346764, 165.522213476446
7/10/2017, 166.34, 166.34, 165.37, 165.71, 48110, 0.79360101400797, 0.756658422530007, 1.17126280902602, 1.56140367321213, 0, 1.3871893205561, 1.80555111601278, -0.418361795456675, 165.585454545453, 168.688043010752, 164.771728937729, 165.664544920728
7/11/2017, 165.82, 165.93, 164.77, 165.6, 88553, 0.789445910807353, 0.825919245328965, 1.09351116549836, 1.36714574722094, 0, 1.23457974437318, 1.69135684168486, -0.45677709731168, 165.635090909089, 168.502236559139, 165.011445665446, 165.799264399723
7/12/2017, 166.42, 167.22, 166.42, 166.75, 51170, 0.793377095581486, 1.10069616189454, 1.19550563665296, 1.53179174169041, 0, 1.19268244400911, 1.59162196214971, -0.398939518140601, 165.83618181818, 168.395161290322, 165.307653235653, 165.964380268854
7/13/2017, 166.98, 167.35, 165.7, 166.87, 66496, 0.802605915705652, 1.03839524877044, 1.16108769901079, 1.52943347252849, 0, 1.15583775062976, 1.50446511984572, -0.348627369215961, 166.283818181816, 168.287849462365, 165.587533577534, 166.128242621479
7/14/2017, 167.21, 168.23, 166.88, 167.93, 37310, 0.798155819068135, 1.2450781559477, 1.4168703871312, 1.54398362654028, 0, 1.19835728999772, 1.44324355387612, -0.244886263878402, 166.85618181818, 168.391870967741, 165.882234432234, 166.31864013267
7/17/2017, 168.1, 168.24, 167.25, 167.33, 61443, 0.790549162501084, 0.945776445637572, 1.1815785195327, 1.51780944608901, 0, 1.1701505782205, 1.38862495874499, -0.218474380524494, 167.111272727271, 168.4408172043, 166.157145299145, 166.486052287582
7/18/2017, 167.2, 167.48, 166.29, 167.4, 676058, 0.786251265192599, 1.04393423455691, 1.21623008713862, 1.40868940440179, 0, 1.14030029887115, 1.33896002677023, -0.198659727899073, 167.38618181818, 168.434021505376, 166.446913308913, 166.650721339631
7/19/2017, 168.22, 168.81, 168.22, 168.81, 58610, 0.782462761113554, 1.19138956552423, 1.62001616635194, 1.45324124094709, 0, 1.2163970851488, 1.31444743844594, -0.0980503532971424, 168.284727272726, 168.544881720429, 166.80535042735, 166.851434465249
7/20/2017, 169.01, 170.28, 168.67, 169.98, 35831, 0.785581608238617, 1.2458871373121, 1.74401606863986, 1.47415910919225, 0, 1.35548833268658, 1.32265561729407, 0.0328327153925081, 169.089272727271, 168.783655913978, 167.203601953602, 167.080143884892
7/21/2017, 169.53, 170.12, 169.53, 169.8, 34892, 0.764467041695996, 1.25765272887718, 1.77965254824328, 1.50804597524216, 0, 1.43465682198041, 1.34505585823134, 0.0896009637490744, 169.765999999998, 168.938344086021, 167.57254945055, 167.297515930113
7/24/2017, 169.72, 170.01, 169.16, 169.87, 46514, 0.750963551515754, 1.21726555012752, 1.79535557421177, 1.32969959901853, 0, 1.4859180962479, 1.37322830583465, 0.112689790413251, 170.162363636362, 169.112516129032, 167.97747985348, 167.510975683891
7/25/2017, 170.11, 170.21, 168.41, 168.56, 58224, 0.772353284119495, 0.663718929027454, 1.606857925683, 1.21899495225461, 0, 1.40464509920676, 1.37951166450907, 0.0251334346976888, 169.857272727271, 169.044881720429, 168.286271062271, 167.68190890021
7/26/2017, 168.31, 168.44, 167.86, 168.03, 54045, 0.756879581578426, 0.4597442025558, 1.37733216882286, 1.09531894557879, 0, 1.28268312033742, 1.36014595567474, -0.0774628353373183, 169.437636363635, 168.898215053763, 168.54693040293, 167.833391115927
7/27/2017, 168.56, 168.56, 166.13, 166.74, 42188, 0.797466428499411, -0.195282867036153, 1.25677134130254, 1.02652258285831, 0, 1.06960540902568, 1.30203784634493, -0.232432437319247, 168.526545454544, 168.603806451612, 168.73715018315, 167.944991258742
7/28/2017, 166.74, 167.73, 166.15, 167.52, 33460, 0.801224180238731, -0.387363389489544, 1.77874569248249, 1.25924677207673, 0, 0.952697169006228, 1.23216971087719, -0.279472541870962, 168.103999999998, 168.370322580644, 168.920805860806, 168.074850574713
7/31/2017, 167.76, 167.9, 167.24, 167.24, 46401, 0.782169462687829, -0.401699936641478, 1.6283355838008, 1.15025586936043, 0, 0.827909263931076, 1.15131762148797, -0.323408357556891, 167.487090909089, 168.090752688171, 169.089648351648, 168.193467170524
8/1/2017, 167.49, 167.62, 166.61, 166.74, 77536, 0.775575865976471, -0.445319120000369, 1.51392291009207, 0.992700612105212, 0, 0.68082005894135, 1.05721810897864, -0.376398050037294, 166.716363636362, 167.838129032257, 169.214012210012, 168.295219457646
8/2/2017, 166.97, 166.97, 166.01, 166.58, 55873, 0.766319749659449, -0.0527294860902245, 1.42341654005493, 0.902530157894499, 0, 0.545057062907375, 0.95478589976439, -0.409728836857015, 166.208363636362, 167.592709677419, 169.316642246642, 168.389778451921
8/3/2017, 166.65, 167.36, 166.27, 167.07, 50979, 0.758489655254429, -0.16606509821352, 1.42390601669341, 0.980944340855987, 0, 0.471566885810546, 0.858142096973622, -0.386575211163076, 166.225272727271, 167.553075268816, 169.443626373627, 168.494753310357
8/4/2017, 167.32, 167.37, 166.53, 166.82, 36149, 0.746821864094171, 0.115123658717332, 1.33790988018145, 1.0271415349103, 0, 0.38867211018416, 0.764248099615729, -0.375575989431569, 166.278545454544, 167.600021505376, 169.553736263736, 168.590166442953
8/7/2017, 166.78, 167.04, 166.58, 167.04, 34706, 0.722315506464201, 0.198464680233211, 1.2508810317897, 0.84737014410848, 0, 0.336846606657105, 0.678767801024004, -0.3419211943669, 166.584363636362, 167.678430107526, 169.666884004884, 168.688712582782
8/8/2017, 166.83, 167.08, 165.96, 166.15, 39558, 0.723579916279212, -0.0759869939972461, 1.16159767689346, 0.927662003399587, 0, 0.221406720911915, 0.587295585001587, -0.365888864089671, 166.475090909089, 167.640021505376, 169.732654456655, 168.761186824678
8/9/2017, 165.56, 166.47, 165.53, 166.44, 96784, 0.714441618212578, -0.227979183884241, 1.26185263331613, 1.06814191024865, 0, 0.151573115602559, 0.500151091121781, -0.348577975519222, 166.491454545453, 167.512451612903, 169.79570940171, 168.839104747162
8/10/2017, 165.85, 165.96, 164.09, 164.13, 75013, 0.759861571854849, -0.26974974146866, 0.775564869316589, 0.798419348917902, 0, -0.0891406562563191, 0.382292741646161, -0.47143339790248, 165.538545454544, 167.160623655913, 169.752810744811, 168.854997877939
8/11/2017, 164.27, 165.44, 164.27, 164.71, 32993, 0.759093411445022, -0.35903937724312, 0.595647361498484, 1.07094998586776, 0, -0.230450413054541, 0.259744110706021, -0.490194523760562, 165.084363636362, 166.807849462365, 169.725184371184, 168.885005446167
8/14/2017, 165.7, 166.02, 165.5, 165.76, 33473, 0.756085678144028, 0.0246277993216956, 0.599169066581128, 1.15571371263961, 0, -0.254776286180743, 0.156840031328668, -0.411616317509411, 165.09018181818, 166.590473118279, 169.724373626374, 168.940736972705
8/15/2017, 166.16, 166.36, 165.85, 165.87, 31212, 0.73589150484534, 0.0757135543875884, 0.683457031998793, 1.25596804871983, 0, -0.262156656451339, 0.0730406937726667, -0.335197350224005, 165.114727272725, 166.408279569892, 169.724776556777, 168.997586967173
8/16/2017, 166.08, 166.65, 166.01, 166.32, 22550, 0.720654207030193, -0.0898927134436117, 0.801605349040642, 1.346984557954, 0, -0.229054021689535, 0.0126217506802263, -0.241675772369761, 165.31018181818, 166.348774193548, 169.744647130647, 169.064106264613
8/17/2017, 165.87, 166.19, 164.19, 164.19, 112830, 0.758366814834025, -0.56248781393328, 0.402496118628121, 1.00229159018977, 0, -0.370423136657507, -0.0639872267873204, -0.306435909870187, 164.881999999998, 165.884967741935, 169.65823931624, 169.075323620731
8/18/2017, 163.73, 164.43, 163.2, 163.54, 34708, 0.760917420577344, -0.955578622280117, 0.323398539287765, 0.912226086708481, 0, -0.528812920331433, -0.156952365496143, -0.37186055483529, 164.336363636362, 165.408709677419, 169.533853479854, 169.06967845912
8/21/2017, 163.39, 164.44, 163.39, 164.26, 22519, 0.751664514873724, -0.654563474688935, 0.287473161998943, 0.98516011696821, 0, -0.589445224687609, -0.243450937334436, -0.345994287353173, 164.262363636362, 165.004086021505, 169.437526251526, 169.081576086957
8/22/2017, 164.35, 166.31, 164.35, 166.18, 31134, 0.767511087691058, -0.22669069570573, 0.598598923744992, 1.1815709239081, 0, -0.477069449186729, -0.290174639704895, -0.186894809481834, 164.825272727271, 164.845096774193, 169.412827838828, 169.14007131355
8/23/2017, 165.66, 165.66, 164.93, 165.01, 25387, 0.772181946093419, -0.754467876873181, 0.371513625782326, 1.08549397041162, 0, -0.476922394886174, -0.32752419074115, -0.149398204145023, 165.040363636362, 164.610580645161, 169.337313797314, 169.168288267818
8/24/2017, 165.18, 165.76, 165, 165.55, 25341, 0.754133831341777, -0.901293261594118, 0.338471919743979, 1.12857100160536, 0, -0.428295245278804, -0.347678401648681, -0.0806168436301227, 165.057999999998, 164.463806451612, 169.249533577534, 169.208638336077
8/25/2017, 165.92, 166.41, 165.47, 165.47, 34500, 0.745177452043873, -0.881162104687389, 0.359320422457988, 1.14115947734685, 0, -0.391697960027642, -0.356482313324473, -0.0352156467031687, 165.086545454544, 164.386064516128, 169.15926007326, 169.245809312639
8/28/2017, 166.23, 166.81, 166.23, 166.63, 30318, 0.74319922787142, -0.629707845985794, 0.472431783707387, 1.32941675645915, 0, -0.266025466340551, -0.338390943927689, 0.0723654775871379, 165.684363636362, 164.431376344085, 169.131062271062, 169.30967871486
8/29/2017, 165.77, 167.06, 165.77, 166.93, 17322, 0.743409351064542, -0.319419189631108, 0.284242704547328, 1.3396514123897, 0, -0.140600857710041, -0.298832926684159, 0.158232068974118, 166.360363636362, 164.52393548387, 169.091135531136, 169.378993579107
8/30/2017, 166.85, 168.26, 166.73, 167.91, 16675, 0.747677070005025, -0.00934464846841084, 0.335829662777223, 1.40085227022608, 0, 0.0374452129572944, -0.231577298755869, 0.269022511713163, 167.407090909089, 164.837870967741, 169.11799023199, 169.469751924722
8/31/2017, 168.38, 170.98, 168.38, 170.83, 29813, 0.788007574684286, 0.749856393482699, 0.409708188704932, 1.67146833233329, 0, 0.409447744529047, -0.103372290098886, 0.512820034627932, 168.949818181817, 165.606107526881, 169.28146031746, 169.627165398704
9/1/2017, 171.06, 171.3, 170.24, 170.77, 25022, 0.779906115149913, 0.6012698093186, 0.184475683954092, 1.68143256683041, 0, 0.691450323458156, 0.0555922326125228, 0.635858090845633, 169.979636363635, 166.349247311827, 169.450390720391, 169.779562130178
9/5/2017, 170.2, 170.79, 169.27, 169.93, 25728, 0.789297586770688, 0.496498911046684, 0.101316987292468, 1.57473504938531, 0, 0.837504192152409, 0.2119746245205, 0.625529567631909, 170.468909090908, 166.984215053762, 169.581997557998, 169.90888132095
9/6/2017, 170.53, 170.78, 169.91, 170.72, 15504, 0.771843205095747, 0.726069223476567, 0.240857034649123, 1.681994683582, 0, 1.00540959705924, 0.370661619028248, 0.634747978030993, 171.305818181817, 167.63169892473, 169.748217338217, 170.053521691827
9/7/2017, 170.63, 172.68, 170.6, 172.34, 112275, 0.786704296015137, 1.01109088146781, 0.754422518890007, 1.7848254516078, 0, 1.25473252572345, 0.547475800367289, 0.707256725356165, 172.220727272726, 168.435462365591, 169.984593406593, 170.232220056459
9/8/2017, 172.18, 173.35, 171.52, 173.09, 54910, 0.796993399136208, 1.04948156199431, 0.721130580287653, 2.02492094903637, 0, 1.49560111626411, 0.737100863546654, 0.758500252717458, 173.102909090907, 169.22058064516, 170.251514041514, 170.424153876819
9/11/2017, 173.91, 174.4, 173.45, 174.4, 88833, 0.789013807819162, 1.29957496695497, 1.10866696161747, 2.09656056993274, 0, 1.77177336108923, 0.944035363055169, 0.827737998034062, 174.010363636362, 170.182946236558, 170.551157509157, 170.641745155994
9/12/2017, 174.52, 174.72, 174.14, 174.72, 64815, 0.764788276553794, 1.31458687164799, 1.16987409821371, 2.03728513541503, 0, 1.9934835430908, 1.1539249990623, 0.839558544028507, 174.773272727271, 171.122860215053, 170.874590964591, 170.861901298701
9/13/2017, 174.66, 174.85, 173.61, 174.11, 380098, 0.764704022144075, 1.38083077790646, 1.04618280231211, 2.06455614275471, 0, 2.09580937180328, 1.34230187361049, 0.75350749819279, 174.94418181818, 171.903784946236, 171.156964590965, 171.063597842835
9/14/2017, 173.82, 174.71, 173.59, 174.43, 43868, 0.757240649147106, 1.38353561258248, 0.966684163977056, 1.95185411612216, 0, 2.17762237866572, 1.50936597462154, 0.668256404044178, 175.029999999998, 172.667096774193, 171.415934065934, 171.268138767219
9/15/2017, 174.51, 174.62, 173.68, 173.77, 128556, 0.749158152208052, 1.8605097749052, 1.22651918388433, 1.79578980404089, 0, 2.1642551062227, 1.64034380094177, 0.523911305280927, 175.11618181818, 173.328688172042, 171.638659340659, 171.453613081414
9/18/2017, 174.23, 174.53, 173.64, 173.97, 34681, 0.736461180109982, 1.78394454101802, 1.12408905942166, 1.72960481706036, 0, 2.1450727120725, 1.74128958316792, 0.403783128904588, 175.099090909089, 173.955763440859, 171.850695970696, 171.639553072626
9/19/2017, 174.08, 174.08, 172.38, 172.47, 38728, 0.755006922528828, 1.24198197637479, 0.97539094508897, 1.51472831659852, 0, 1.9859403780566, 1.79021974214565, 0.195720635910944, 174.221272727271, 174.36105376344, 171.984871794872, 171.788481276857
9/20/2017, 172.59, 172.96, 171.69, 172.84, 62999, 0.75246032013492, 1.28814285178839, 1.04259459353639, 1.50942956643612, 0, 1.86814791832268, 1.80580537738106, 0.062342540941619, 173.490727272726, 174.718924731182, 172.119338217338, 171.942296156882
9/21/2017, 172.74, 172.78, 171.85, 171.89, 48311, 0.747585546835265, 1.01198198873038, 0.745557487125529, 1.36703712757497, 0, 1.67878746789498, 1.78040179548384, -0.101614327588864, 172.640363636362, 174.932430107526, 172.224170940171, 172.072104125383
9/22/2017, 171.96, 172.15, 171.12, 171.97, 54061, 0.739822967164261, 1.56807830042547, 0.739488222673468, 1.33873459768891, 0, 1.51767842590297, 1.72785712156767, -0.210178695664696, 171.99218181818, 174.966924731182, 172.31051037851, 172.200821454027
9/25/2017, 171.94, 172.48, 171.24, 171.45, 40539, 0.741125621931035, 1.60853915337642, 0.518930984777701, 1.35864336706346, 0, 1.3326764308847, 1.64882098343108, -0.316144552546372, 171.487454545453, 174.923526881719, 172.318105006105, 172.315537015276
9/26/2017, 171.21, 171.45, 170.61, 170.7, 52560, 0.731767360785425, 1.29072181604475, 0.498676297803123, 1.18029254833716, 0, 1.11271559227058, 1.54159990519898, -0.4288843129284, 170.948545454544, 174.811483870967, 172.296654456654, 172.411656495205
9/27/2017, 171.05, 171.05, 170, 170.72, 51765, 0.72584966062423, 0.965054822552221, 0.491448348272992, 1.19882659672045, 0, 0.92929652392877, 1.41913922894493, -0.489842705016165, 170.513818181817, 174.677440860214, 172.270190476191, 172.50605370594
9/28/2017, 170.71, 171.39, 170.58, 170.91, 44390, 0.712487281953543, 1.30987432725828, 0.3223658600014, 1.360711005874, 0, 0.790158547034991, 1.29334309256295, -0.503184545527954, 170.393636363635, 174.566215053762, 172.251157509158, 172.602377972466
9/29/2017, 171.1, 171.98, 170.6, 171.86, 279864, 0.713270343830711, 1.38156269893811, 0.290284640368767, 1.43033378618217, 0, 0.747926131553726, 1.1842597003611, -0.436333568807376, 170.661636363635, 174.403913978493, 172.274048840049, 172.716626139818
10/2/2017, 172.19, 173.58, 172.19, 173.54, 165126, 0.720603372284249, 1.689943256365, 0.542113651115443, 1.62295824954317, 0, 0.840331776045019, 1.11547411549789, -0.275142339452866, 171.65418181818, 174.361956989246, 172.366637362637, 172.863702589808
10/3/2017, 173.57, 174.04, 172.88, 173.65, 38339, 0.717540073509347, 1.48975089538184, 0.547409556660032, 1.63732666658754, 0, 0.911927859039082, 1.07476486420612, -0.162837005167043, 172.40818181818, 174.317440860214, 172.470610500611, 173.010041884817
10/4/2017, 173.81, 174.43, 173.81, 174.43, 51786, 0.700973410976628, 1.5782168962071, 0.852432133844791, 1.73856692772281, 0, 1.01985153820493, 1.06378219900589, -0.0439306608009542, 173.441272727271, 174.439311827955, 172.590205128205, 173.169582787958
10/5/2017, 173.89, 174.53, 173.78, 174.52, 71507, 0.687068831496795, 1.40235847480783, 0.94555069888582, 1.64321178277077, 0, 1.09996437472284, 1.07101863414928, 0.0289457405735665, 174.228727272726, 174.441376344084, 172.694654456654, 173.327754209844
10/6/2017, 173.39, 175, 173.39, 174.5, 62373, 0.698922004866359, 0.948863423111013, 1.15504245660681, 1.70653238074275, 0, 1.14860019393521, 1.08653494610646, 0.0620652478287447, 174.881818181817, 174.415548387095, 172.79927960928, 173.482325196303
10/9/2017, 174.55, 174.55, 173.1, 173.29, 24043, 0.71044950866594, 0.624619012582851, 0.853572352141225, 1.84971433741305, 0, 1.07709150307383, 1.08464625749994, -0.0075547544261072, 174.874909090908, 174.173118279568, 172.882280830281, 173.609030927835
10/10/2017, 173.29, 173.67, 172.85, 173.67, 139189, 0.697058246034921, 0.947064021481005, 0.949674689270571, 1.81548680809344, 0, 1.03910501874569, 1.07553800974909, -0.0364329910034009, 174.748909090907, 174.005784946235, 172.995008547009, 173.740875981162
10/11/2017, 173.57, 174.13, 173.52, 174.02, 83407, 0.678400185665098, 0.844278817815715, 1.07721096242963, 1.82937220559409, 0, 1.02542210346019, 1.06551482849131, -0.0400927250311209, 174.585818181817, 173.857440860213, 173.104605616606, 173.877135605511
10/12/2017, 173.84, 173.96, 173.54, 173.74, 28237, 0.659332567595076, 0.390514888715607, 1.06025051759685, 1.75398726060763, 0, 0.980679966373714, 1.04854785606779, -0.0678678896940754, 174.183999999998, 173.693161290321, 173.185177045177, 174.005014613136
10/13/2017, 173.66, 173.66, 172.94, 173.3, 83769, 0.651037612690537, 0.0680791167485416, 0.923182219791476, 1.65598361986059, 0, 0.899350030293135, 1.01870829091286, -0.119358260619723, 173.665818181817, 173.63010752688, 173.247018315018, 174.121494340389
10/16/2017, 173.24, 173.95, 172.41, 172.68, 34536, 0.665297529333487, -0.488162193381927, 0.868294458583575, 1.55633368723123, 0, 0.775922302249427, 0.970151093180172, -0.194228790930745, 173.190909090908, 173.468451612902, 173.270905982906, 174.223240201005
10/17/2017, 173.19, 175.32, 172.99, 174.83, 40009, 0.699762045970607, 0.038523249750044, 1.09779415365446, 1.65664346232531, 0, 0.841887218428923, 0.944498318229922, -0.102611099801, 173.527636363635, 173.511268817203, 173.402080586081, 174.365568656716
10/18/2017, 175.64, 176.08, 174.93, 175.12, 489411, 0.699362885862204, 0.260471338307923, 1.27692573749403, 1.72548537726376, 1.69645784762843, 0.907108879613077, 0.937020430506553, -0.0299115508934766, 174.05618181818, 173.611935483869, 173.527706959707, 174.510836904586
10/19/2017, 174.89, 176.04, 174.89, 176.04, 31922, 0.693585589318221, 0.399330680139293, 1.35421214180604, 1.85076426496268, 1.66798953129625, 1.02126136196975, 0.953868616799192, 0.0673927451705568, 174.882909090907, 173.908946236557, 173.694144078144, 174.671362727405
10/20/2017, 176.36, 176.39, 175.58, 176.18, 31895, 0.681370568659329, 0.602127103514171, 1.8253895332719, 1.80322621104185, 1.62953932308927, 1.11022685256862, 0.985140263953077, 0.125086588615539, 175.671090909089, 174.249849462364, 173.874070818071, 174.831553172993
10/23/2017, 176.45, 177, 175.72, 175.82, 171667, 0.685028287152091, 0.462666556801682, 1.67949823001193, 1.58711856796607, 1.58032143255455, 1.13855905343587, 1.01582402184964, 0.122735031586234, 176.001272727271, 174.612473118278, 174.023655677656, 174.981682926829
10/24/2017, 175.72, 175.72, 173.68, 174.51, 146527, 0.716976618960097, 0.522119089282132, 1.30819884649881, 1.33953026759423, 1.45472113584589, 1.04328019025854, 1.02131525553142, 0.0219649347271254, 175.816909090907, 174.821053763439, 174.112800976801, 175.103569500355
10/25/2017, 174.5, 174.59, 173.42, 174.07, 83610, 0.716456657011491, 0.317909673277831, 1.22374348011816, 1.34323367919083, 1.39915161127198, 0.921642560244862, 1.00138071647411, -0.0797381562292439, 175.504727272726, 174.934494623654, 174.213145299145, 175.214596876319
10/26/2017, 172.68, 173.26, 171.55, 172.61, 47263, 0.759387809348767, 0.185959348158618, 0.923624562441388, 1.22000039696637, 1.43122514214641, 0.699372137182905, 0.940979000615866, -0.241606863432961, 174.629454545453, 174.884279569891, 174.255921855922, 175.29543199554
10/27/2017, 172.28, 172.94, 172.28, 172.78, 50525, 0.739808040763434, 0.207477136290267, 1.33537219861473, 1.19063505005228, 1.42549334243346, 0.530819844046846, 0.858947169302062, -0.328127325255216, 173.786545454544, 174.823376344084, 174.350986568987, 175.377845969819
10/30/2017, 172.17, 172.45, 170.57, 170.86, 70507, 0.775388222047002, -0.117789754595174, 1.10694137898216, 0.989955999134269, 1.29548007711306, 0.239551581971028, 0.735068051835855, -0.495516469864827, 172.184727272726, 174.53858064516, 174.396283272283, 175.422091592618
10/31/2017, 171.07, 171.32, 170.45, 170.69, 35880, 0.762837249036284, 0.0107315820327067, 0.975837098188381, 0.875065325291173, 1.34239328685268, -0.00494123397979251, 0.587066194672726, -0.592007428652518, 171.053454545453, 174.152279569891, 174.428515262515, 175.462079440307
11/1/2017, 170.96, 171.72, 170.19, 170.97, 651527, 0.768253234696749, 0.0692233067850672, 0.754426836806777, 0.946814285143262, 1.3603489513831, -0.17410294181613, 0.434832367374954, -0.608935309191085, 170.302727272725, 173.837655913977, 174.465768009768, 175.506371724939
11/2/2017, 170.99, 171.4, 170.15, 170.49, 263454, 0.768554418202229, -0.0809793550104156, 0.877808268467503, 0.850217300926783, 1.39262337798422, -0.342943562578881, 0.279277181384187, -0.622220743963069, 169.796545454544, 173.410860215052, 174.43241025641, 175.540640446452
11/3/2017, 170.47, 172.21, 170.47, 172.13, 106164, 0.773713475985204, 0.0711211293897916, 1.01937580052275, 0.923426321730134, 1.50275401380117, -0.340491700639973, 0.155323404979355, -0.495815105619328, 170.187636363635, 173.206516129031, 174.490095238095, 175.604630775306
11/6/2017, 171.94, 172.21, 171.55, 171.57, 101262, 0.756661045580617, -0.432769779284259, 0.943816930249247, 0.891093147028286, 1.51989021253511, -0.379362843558027, 0.0483861552718788, -0.427748998829906, 170.53418181818, 172.895419354837, 174.487291819292, 175.656888067811
11/7/2017, 171.81, 172.2, 171.28, 171.84, 35721, 0.744467637399634, -0.395217370168737, 0.815546364828306, 0.888713156939118, 1.58978040236261, -0.383955757883484, -0.0380822273591938, -0.34587353052429, 170.943818181816, 172.567806451611, 174.489606837607, 175.712992248062
11/8/2017, 171.83, 172.44, 171.32, 172.26, 25833, 0.73802886839786, -0.480860924406924, 0.831658670043007, 0.761613553786475, 1.54794183841806, -0.34967435733634, -0.100400653354623, -0.249273703981717, 171.55618181818, 172.28746236559, 174.512192918193, 175.775623399897
11/9/2017, 171.73, 172.28, 171.06, 172.19, 111337, 0.736838435604301, -0.517648692937115, 0.675589027483018, 0.695741098327928, 1.60010026887426, -0.324414862806975, -0.145203495245094, -0.179211367561882, 171.951090909089, 172.000967741934, 174.547965811966, 175.83567792669
11/10/2017, 171.37, 171.47, 170, 171.08, 106547, 0.768543369858367, -0.748377053088457, 0.0592864734138906, 0.361129466106766, 1.4668663417122, -0.389474633613844, -0.194057722918844, -0.195416910695, 172.019454545453, 171.628709677418, 174.484634920635, 175.874257886138
11/13/2017, 170.69, 171.55, 170.4, 171.3, 36105, 0.762745357440753, -0.444181580030748, 0.106036126097401, 0.210573766737004, 1.53738627538285, -0.418459073606527, -0.23893799305638, -0.179521080550147, 171.872545454544, 171.401397849461, 174.447597069597, 175.915929846409
11/14/2017, 170.41, 170.79, 169.84, 170.5, 41382, 0.770823259490446, -0.710719134926139, 0.113255592263407, 0.149538737572852, 1.37465238018843, -0.500216579884466, -0.291193710421997, -0.209022869462468, 171.391272727271, 171.094365591396, 174.35946031746, 175.942212669683
11/15/2017, 170, 170.61, 169.45, 170.03, 38903, 0.768417911286038, -0.901167121875215, -0.0991344785809746, 0.130038385779547, 1.28325080735754, -0.596064009818633, -0.352167770301325, -0.243896239517309, 170.813999999998, 170.800021505375, 174.244825396825, 175.959351840528
11/16/2017, 170.5, 172.01, 170.49, 171.89, 34353, 0.779692783659123, -0.369948084749356, -0.0567258481234795, 0.552510010627547, 1.35933527441388, -0.515989329455749, -0.38493208213221, -0.13105724732354, 170.834545454544, 170.776064516127, 174.233804639805, 176.009232820264
11/17/2017, 171.1, 171.54, 171.08, 171.24, 23340, 0.767170771747304, -0.412942968072142, -0.288644517541428, 0.381300330329442, 1.26979342811146, -0.499224388095001, -0.407790543324768, -0.0914338447702334, 170.88218181818, 170.685268817202, 174.193272283272, 176.046479019859
11/20/2017, 171.18, 171.18, 170.36, 170.64, 32979, 0.757160143028058, -0.410428010035477, -0.617313494644605, 0.480875840517892, 1.24121110099943, -0.528263543574809, -0.431885143374776, -0.0963784002000329, 170.659090909089, 170.458709677417, 174.146866910867, 176.072230952381
11/21/2017, 171.22, 172.41, 171.22, 172.14, 29739, 0.764445895584945, -0.571780243744597, -0.401588796431075, 0.645478771593858, 1.31460926723479, -0.425336801645017, -0.430575475028824, 0.00523867338380762, 171.058909090907, 170.464903225805, 174.150710622711, 176.123804129793
11/22/2017, 172.07, 172.45, 171.71, 171.91, 72302, 0.748718112051031, -0.687237304801963, -0.342097208945678, 0.592796097152338, 1.31203792389005, -0.358196627179865, -0.416099705459033, 0.0579030782791676, 171.446909090907, 170.475118279568, 174.142532356532, 176.170271334451
11/24/2017, 172.32, 172.43, 171.86, 172.38, 30820, 0.725876111559103, -0.796515461070706, -0.316172975802712, 0.545077037289061, 1.29317564834075, -0.264019036049859, -0.385683571577198, 0.121664535527339, 172.002363636362, 170.539913978493, 174.182927960928, 176.223987943427
11/27/2017, 172.33, 172.68, 172.14, 172.46, 30171, 0.704918229763599, -0.809863905084983, -0.197191107254208, 0.800784005202836, 1.28042647053988, -0.180842643728084, -0.344715386007375, 0.163872742279291, 172.353090909089, 170.594301075267, 174.250205128205, 176.278015398759
11/28/2017, 172.8, 173.74, 172.37, 173.5, 44681, 0.705139412160108, -0.483174029835614, -0.0578539561929984, 0.806593767973361, 1.27500389208205, -0.0306521067952872, -0.281902730164958, 0.25125062336967, 173.031818181816, 170.744731182794, 174.357125763126, 176.349007784317
11/29/2017, 173.69, 175, 173.69, 174.47, 37156, 0.709145432505817, 0.00451861217597337, 0.346159958280452, 0.968764675670508, 1.26116589886153, 0.164746770936063, -0.192572829944754, 0.357319600880816, 173.765636363634, 171.15627956989, 174.505291819292, 176.435426312817
11/30/2017, 175, 176.33, 174.75, 175.88, 53869, 0.721164279217793, 0.390991183467194, 0.503795503719423, 1.11835979208815, 1.23919736753348, 0.428438236156495, -0.0683706167245039, 0.496808852880999, 174.675999999998, 171.768387096772, 174.682610500611, 176.544542469025
12/1/2017, 175.5, 176.22, 173.1, 175.57, 364700, 0.775169190393485, 0.66652739491583, 0.615051969530138, 0.966292582156976, 1.24289162036766, 0.60542228171488, 0.0663879629633728, 0.539034318751507, 175.53218181818, 172.397591397847, 174.829238095238, 176.646454417641
12/4/2017, 176.59, 176.59, 173.24, 173.24, 52470, 0.8430018010824, 0.105155925407367, 0.212742543586607, 0.690264241408434, 1.09388271916968, 0.55131665038067, 0.163373700446832, 0.387942949933838, 175.252727272725, 172.743526881718, 174.839826617827, 176.706844943325
12/5/2017, 173.16, 174.16, 172.82, 172.82, 120065, 0.841566661373332, 0.432606896414167, 0.228801147746426, 0.537594829200634, 1.0232700661764, 0.469139114145833, 0.224526783186632, 0.2446123309592, 174.599090909089, 173.031139784944, 174.844627594628, 176.758949990907
12/6/2017, 173.02, 173.32, 171.89, 172.62, 33936, 0.841835088040855, 0.426501846939524, 0.315723069972061, 0.581649239316979, 1.03438545212627, 0.383454273914623, 0.256312281332231, 0.127141992582392, 174.057454545452, 173.22539784946, 174.830581196582, 176.80664911648
12/7/2017, 172.68, 173.12, 172.18, 172.85, 28641, 0.82587037461806, 0.41537150787573, 0.347835139610628, 0.597809329973161, 0.98870381908205, 0.330300005654664, 0.271109826196717, 0.0591901794579465, 173.523090909089, 173.431698924729, 174.811536019536, 176.857268826432
12/8/2017, 173.3, 174.82, 173.3, 174.82, 29965, 0.832079336117693, 0.879073531023912, 0.595793530755562, 0.644918741179643, 1.03397488494513, 0.442041818207031, 0.30529622459878, 0.136745593608251, 173.711999999998, 173.798494623654, 174.870571428572, 176.939936886147
12/11/2017, 174.9, 175.62, 174.77, 175.39, 434122, 0.812138115417585, 0.689479293503795, 0.540475013315063, 0.583406728595912, 1.01402206538109, 0.570021394215814, 0.358241258522187, 0.211780135693628, 173.980727272725, 174.234688172041, 174.959374847375, 177.030669456067
12/12/2017, 175.77, 176.27, 175.6, 176.02, 197200, 0.793766951823292, 0.942029339373784, 0.392266091033746, 0.664924024780485, 1.07181811719494, 0.714050732750138, 0.429403153367777, 0.284647579382361, 174.515272727271, 174.605978494622, 175.064065934066, 177.130313807531
12/13/2017, 175.93, 177.2, 175.93, 176.67, 151149, 0.787246934493344, 1.01443950800782, 0.470897103564979, 0.721740042428644, 1.01154779324423, 0.870608753165925, 0.517644273327407, 0.352964479838518, 175.330909090907, 175.015118279568, 175.195318681319, 177.239035269709
12/14/2017, 176.98, 177.08, 174.68, 174.7, 98489, 0.82500727029818, 0.481504941139394, 0.0588621682646738, 0.654135826374673, 0.923523776097691, 0.826195706447038, 0.579354559951333, 0.246841146495705, 175.627999999998, 175.154387096772, 175.213626373627, 177.313449470183
12/15/2017, 175.65, 176.66, 175.64, 176.61, 180366, 0.830770237331054, 0.813444722305999, 0.310691611955567, 0.887148449593841, 0.98494226320354, 0.934348496551081, 0.650353347271283, 0.283995149279798, 176.587272727271, 175.479935483869, 175.315604395605, 177.417927762473
12/18/2017, 176.96, 177.52, 176.58, 176.73, 69708, 0.81529007545004, 1.06859584909538, 0.330042343019173, 1.04163817074189, 1.03354078025391, 1.01800839197105, 0.723884356211236, 0.294124035759815, 177.065272727271, 175.890559139783, 175.364043956044, 177.522632732915
12/19/2017, 176.4, 176.5, 175.88, 175.94, 47143, 0.80215928317933, 0.867614506095447, 0.393567422281539, 0.881340645846157, 1.0607075694379, 1.00893271582467, 0.780894028133923, 0.228038687690747, 176.995999999998, 176.133935483869, 175.381609279609, 177.612733690197
12/20/2017, 175.98, 176.47, 175.43, 175.5, 29985, 0.793591504663491, 0.946610717615472, 0.277814015529017, 0.866362573987688, 1.00076016706035, 0.955224619518219, 0.815760146410782, 0.139464473107437, 176.564545454544, 176.311290322579, 175.395047619048, 177.694177202588
12/21/2017, 175.79, 176.12, 175.05, 175.14, 66604, 0.786008585217658, 0.971875030643093, 0.177849876226402, 0.883419879724653, 0.934549262494145, 0.873541927317802, 0.827316502592186, 0.046225424725616, 175.897636363635, 176.447354838707, 175.388058608059, 177.768414140417
12/22/2017, 174.83, 175.15, 174.32, 174.63, 40419, 0.77265341828019, 0.549828084352429, 0.145592375903065, 0.848260470403443, 0.873111978245696, 0.758906861607301, 0.813634574395209, -0.0547277127879087, 175.323636363634, 176.495462365589, 175.361985347986, 177.833161159723
12/26/2017, 174.69, 174.94, 174.63, 174.71, 50227, 0.742556482814699, 0.701416692874674, 0.219335424027026, 0.805886737067751, 0.888326167316354, 0.666826318824377, 0.784272923281043, -0.117446604456666, 174.901636363635, 176.463978494621, 175.285987789988, 177.898048970074
12/27/2017, 175, 175.5, 174.99, 175.19, 42918, 0.72604281612494, 0.924339673327569, 0.375582355854381, 0.879468067685429, 0.948629961127423, 0.625374881386733, 0.752493314902181, -0.127118433515448, 174.808545454544, 176.484645161288, 175.208820512821, 177.969462811245
12/28/2017, 175.48, 175.48, 174.94, 175.42, 16601, 0.704227960945627, 0.691949275387696, 0.106326589156835, 0.879366383259445, 0.862753823504111, 0.604119483036612, 0.722818548529067, -0.118699065492455, 174.97018181818, 176.456064516127, 175.149172161172, 178.043310278884
12/29/2017, 175.8, 175.93, 174.13, 174.23, 38142, 0.725241838165803, 0.48065361645074, -0.109986341678351, 0.851628639724354, 0.885132854267348, 0.485653065719163, 0.675385451967087, -0.189732386247924, 174.394909090907, 176.213419354837, 175.071997557998, 178.097053690002
1/2/2018, 174, 176.29, 174, 176.2, 154788, 0.746259598129662, 0.73242270412874, 0.0426709221685524, 1.00022573087136, 1.02839533631242, 0.54445398587535, 0.649199158748739, -0.104745172873389, 174.907818181816, 176.3176344086, 175.049037851038, 178.180912227869
1/3/2018, 176.35, 178.04, 175.74, 177.93, 52359, 0.766685742319586, 0.998590621273397, 0.257903214858117, 1.43103361923307, 1.12821226827779, 0.722324177041855, 0.663824162407363, 0.0585000146344928, 176.064727272726, 176.570215053761, 175.105501831502, 178.290581370016
1/4/2018, 178.74, 178.74, 177.74, 178.12, 55390, 0.755645488571625, 0.852521807944038, 0.332954757861113, 1.38975747646711, 1.23716631260037, 0.868606245026541, 0.704780578931198, 0.163825666095343, 177.063818181817, 176.763741935482, 175.159423687424, 178.401496989347
1/5/2018, 178.66, 179.65, 178.41, 179.56, 38762, 0.754710379278007, 0.918714206512972, 0.706750752308817, 1.41478853870374, 1.29023791013508, 1.08818785105413, 0.781462033355785, 0.306725817698345, 178.353454545453, 177.191720430105, 175.292800976801, 178.533130208333
1/8/2018, 179.2, 179.34, 177.85, 178.69, 64752, 0.768313872729313, 0.517795177050742, 0.647206866306362, 1.31311404950553, 1.28383166325322, 1.17842201132015, 0.860854028948658, 0.317567982371493, 179.049090909089, 177.44610752688, 175.385343101343, 178.649235469358
1/9/2018, 179.14, 181.19, 179.14, 180.76, 62896, 0.790692108995912, 0.893869745650966, 1.11374865854831, 1.44215148461453, 1.39437707691701, 1.40081718518871, 0.968846660196669, 0.431970524992045, 180.16418181818, 177.950731182794, 175.581531135531, 178.795575965976
1/10/2018, 180.36, 180.51, 179.18, 180.46, 24829, 0.796183255796275, 1.37883207356324, 1.04920106562741, 1.67553535829037, 1.35028576149361, 1.53516306573889, 1.08210994130511, 0.453053124433773, 180.857272727271, 178.368559139783, 175.820080586081, 178.935095327886
1/11/2018, 180.78, 181.3, 180.35, 181.28, 71484, 0.779155278155043, 1.62064078911147, 1.47609319258943, 1.82702924657218, 1.38396519828569, 1.68833817938085, 1.20335558892026, 0.48498259046059, 181.615999999998, 178.908150537632, 176.086085470086, 179.085108702109
1/12/2018, 181.68, 182.75, 181.68, 182.52, 36920, 0.775438337621898, 1.87644935468196, 1.65583257591325, 1.86327378569215, 1.43800962579356, 1.88802422933534, 1.34028931700328, 0.547734912332067, 182.516909090908, 179.619548387095, 176.379926739927, 179.251859416446
1/16/2018, 183.05, 184.75, 182.9, 183.14, 195813, 0.795054903972979, 1.94496161333555, 1.69664479714808, 1.74783480184074, 1.46906890376539, 2.07241615759784, 1.48671468512219, 0.585701472475653, 183.006727272726, 180.451677419353, 176.709201465202, 179.425612295633
1/17/2018, 184.1, 185.23, 183.61, 184.91, 65549, 0.804586216851067, 1.91784881422866, 1.97275313891783, 2.04073415328734, 1.56825978055737, 2.33446207110725, 1.6562641623192, 0.678197908788051, 184.015999999999, 181.440881720428, 177.142747252748, 179.623704176704
1/18/2018, 184.82, 185.15, 184.07, 185.1, 34855, 0.79274573468414, 1.84184261694827, 1.80030521064124, 2.00248901244574, 1.56998171904264, 2.52832183729146, 1.83067569731365, 0.697646139977804, 184.961818181817, 182.238602150536, 177.592056166057, 179.821825959212
1/19/2018, 185.45, 185.78, 184.89, 185.73, 47405, 0.774513399642129, 1.83598678528985, 1.97484385403897, 2.07042171357513, 1.61052608095061, 2.70164989527288, 2.0048705369055, 0.69677935836738, 185.77218181818, 183.011741935482, 178.089216117216, 180.026605202973
1/22/2018, 186.01, 187.51, 185.71, 187.51, 88430, 0.776800464133945, 1.9781839514237, 2.13214172823861, 2.10390571966905, 1.72106719696794, 2.94865450029798, 2.193627329584, 0.755027170713982, 187.070363636362, 183.914107526879, 178.662993894994, 180.255189104837
1/23/2018, 187.23, 187.75, 186.7, 186.75, 56643, 0.769076103230352, 2.4078539772315, 1.95656527601229, 1.99281251539513, 1.67070083987274, 3.04794694582705, 2.36449125283261, 0.683455692994444, 187.498363636362, 184.639311827955, 179.180625152626, 180.469194897356
1/24/2018, 187.6, 187.94, 186.63, 187.29, 58748, 0.763488249048827, 2.22273185584552, 2.03717867499612, 1.946475325962, 1.67664820427403, 3.134082657329, 2.51840953373189, 0.615673123597118, 188.087272727271, 185.474688172041, 179.719711843712, 180.68823271284
1/25/2018, 188.29, 189.01, 187.66, 189, 62873, 0.76425411881554, 2.47139090458105, 2.42165968822259, 1.86013478143733, 1.76319133380342, 3.30226211611458, 2.67518005020842, 0.627082065906153, 188.850727272726, 186.484580645159, 180.309457875458, 180.929582755368
1/26/2018, 189.72, 192.8, 189.72, 192.78, 62074, 0.810363248435161, 2.95325238574987, 2.64051224884103, 2.10968721348178, 1.89613324554915, 3.69793249418171, 2.87973053900308, 0.818201955178632, 190.61818181818, 187.92827956989, 181.057721611722, 181.223482032218
1/29/2018, 192.32, 193.31, 192.32, 192.35, 94079, 0.797300419452372, 2.96692574364818, 2.71359091904445, 2.16405957171503, 1.86873588808611, 3.93148697848866, 3.0900818269002, 0.841405151588465, 191.857818181817, 189.252623655912, 181.740075702076, 181.507032116988
1/30/2018, 189.26, 189.78, 188.25, 188.35, 73650, 0.882361024144309, 1.88673640972383, 2.06617661309489, 1.61734967843874, 1.6477473352637, 3.7505796715669, 3.22218139583354, 0.528398275733358, 191.303454545453, 189.836946236557, 182.241240537241, 181.70685198852
1/31/2018, 189.33, 189.36, 185.17, 185.66, 474290, 0.963228826633102, 1.47531048930944, 1.51163226813483, 1.20952434081588, 1.48500453720417, 3.35151463427411, 3.24804804352165, 0.103466590752457, 189.889636363635, 190.119225806449, 182.592346764347, 181.873395107284
2/1/2018, 185, 186.87, 184.86, 186.05, 302328, 0.9671669484282, 1.51600057595745, 1.63377144193722, 1.17555645940847, 1.57978771372423, 3.03177405366839, 3.204793245551, -0.173019191882614, 188.607636363635, 190.400602150535, 182.952190476191, 182.048294109608
2/2/2018, 184.37, 186.04, 183.57, 183.62, 148433, 0.99849874859663, 1.07222933694034, 1.39995310635334, 0.834334442235782, 1.43111357598326, 2.55286876625743, 3.07440834969229, -0.521539583434854, 186.560363636363, 190.260860215052, 183.183943833944, 182.187886292196
2/5/2018, 182.7, 183.44, 174.85, 175.38, 207021, 1.24316982099696, 0.0289916963419603, 0.30203621540733, 0.0876686772921452, 0.904350916783517, 1.4912436121177, 2.75777540217737, -1.26653179005967, 182.137636363635, 188.996731182793, 183.02992918193, 182.209480114801
2/6/2018, 171.92, 178.04, 170.88, 177.33, 181135, 1.36990789514535, 0.305861765738391, 0.474852027351382, 0.271393200317049, 1.01517988256418, 0.798047339078124, 2.36582978955752, -1.5677824504794, 178.898181818181, 187.956795698922, 182.958168498169, 182.261577969113
2/7/2018, 176.79, 179.38, 176.75, 177.13, 95851, 1.3771212030363, 0.114970173313385, 0.420304246201041, 0.233962319375395, 0.94204806733092, 0.229895873430877, 1.93864300633219, -1.70874713290131, 176.211454545454, 186.843354838707, 182.877045177045, 182.296091567582
2/8/2018, 177.25, 177.41, 170.69, 170.77, 121940, 1.55374483081998, -0.53261451643425, -0.0837071698517779, -0.156477820045249, 0.606646164336392, -0.725207364594013, 1.40587293214695, -2.13108029674096, 172.223818181817, 184.912150537632, 182.534468864469, 182.236294382944
2/9/2018, 172.4, 174.71, 168.11, 173.15, 151529, 1.64635492071136, -0.346649772019567, 0.0156572777074167, -0.00918805941551017, 0.660817171665756, -1.27538560105685, 0.86962122550619, -2.14500682656304, 170.808727272726, 183.340344086019, 182.334058608059, 182.211344266776
2/12/2018, 174.34, 176.29, 172.93, 175.04, 194257, 1.6431274954017, -0.306538298578951, 0.0813321104167379, 0.212286551196561, 0.713767684720776, -1.54113338630773, 0.387470303143405, -1.92860368945114, 171.031272727272, 182.036838709675, 182.218993894994, 182.205919092524
2/13/2018, 174.29, 175.45, 173.29, 174.98, 76898, 1.62322771148335, -0.246090600009375, -0.0228537644333893, 0.184127964841594, 0.69508751394158, -1.73656389171734, -0.0373365358287437, -1.69922735588859, 171.377272727272, 180.648838709675, 182.117621489622, 182.196991116578
2/14/2018, 173.94, 177.62, 173.76, 177.34, 75971, 1.63037535642038, -0.219345338104605, 0.164268019552459, 0.395756543892846, 0.764084619009133, -1.68162694989616, -0.366194618642226, -1.31543233125393, 172.729818181817, 179.686774193546, 182.121006105006, 182.214066420664
2/15/2018, 178.47, 179.24, 176.82, 179.24, 63701, 1.59994547769588, -0.0521820346613537, 0.46107235561698, 0.507506593138181, 0.817415893544318, -1.46785439490924, -0.586526573895629, -0.88132782101361, 175.270545454545, 179.073763440858, 182.204932844933, 182.252991116578
2/16/2018, 178.88, 181.61, 178.88, 180.53, 82812, 1.58469792306597, -0.0168037417502836, 0.578402603926338, 0.620329855958913, 0.891149672873803, -1.18073510658715, -0.705368280433933, -0.475366826153217, 178.142363636363, 178.628645161288, 182.314886446887, 182.302878502118
2/20/2018, 179.29, 180.24, 178.17, 178.51, 68342, 1.5886014242818, -0.254803918384249, 0.450215889641696, 0.540642416027474, 0.773593829629465, -1.10346802762726, -0.784988229872598, -0.31847979775466, 178.836909090908, 178.007677419352, 182.339682539683, 182.314131474648
2/21/2018, 178.65, 180.86, 177.76, 177.81, 64252, 1.6022843385418, -0.351741392634158, 0.385664915722937, 0.495393336547463, 0.753415034629856, -1.08619646402477, -0.845229876703032, -0.240966587321735, 179.508909090908, 177.246666666664, 182.338112332113, 182.320518791854
2/22/2018, 178.41, 179.32, 177.01, 177.4, 39971, 1.59079520475937, -0.515352972349175, 0.220926701288232, 0.457427160868699, 0.789645439973158, -1.09299285762367, -0.89478247288716, -0.198210384736511, 179.97309090909, 176.577311827954, 182.309621489622, 182.312239169058
2/23/2018, 178.3, 180.14, 177.66, 180.07, 36514, 1.56492872692895, -0.320670867544725, 0.359933904414273, 0.555952429129859, 0.872596961423307, -0.872870455370702, -0.890400069383868, 0.0175296140131662, 180.072909090908, 176.248408602148, 182.385382173383, 182.349377613776
2/26/2018, 180.45, 182.47, 180.45, 182.21, 46580, 1.53507974351129, -0.207423142415024, 0.456159570091445, 0.577484857673319, 0.960649282562776, -0.519750391436105, -0.816270133794316, 0.296519742358211, 180.880727272727, 176.248215053761, 182.535948717949, 182.408966516332
2/27/2018, 182.36, 182.79, 180.61, 180.61, 36637, 1.53159590311684, -0.44625242712546, 0.305119844665337, 0.47254612788224, 0.901476503642283, -0.364801618935331, -0.725976430822519, 0.361174811887187, 181.019636363636, 176.121677419352, 182.657372405373, 182.458548858822
2/28/2018, 180.78, 180.97, 177.53, 177.53, 46421, 1.57714447844778, -0.603058228428751, 0.232057792895562, 0.235178882572738, 0.790832179640079, -0.484943730293054, -0.677769890716626, 0.192826160423572, 179.778727272727, 175.657999999997, 182.646373626374, 182.468190515238
3/1/2018, 177.4, 178, 173.43, 174.74, 282840, 1.65297548526893, -0.82930613351215, -0.0805874770422881, 0.061290196407314, 0.642800622666909, -0.796109843404736, -0.701437881254248, -0.0946719621504879, 177.906909090909, 174.99451612903, 182.532097680098, 182.435988246549
3/2/2018, 173.71, 177.15, 173.71, 176.75, 127349, 1.64978155293408, -0.795684631932935, 0.0451258728849092, 0.182095775416102, 0.734850256173867, -0.87048660047617, -0.735247625098632, -0.135238975377537, 177.251272727272, 174.664344086019, 182.509746031746, 182.43786934536
3/5/2018, 175.82, 178.91, 175.82, 178.47, 43697, 1.63875690596203, -0.951253932198772, 0.208188028387612, 0.355281182544444, 0.88227370467487, -0.781630936068041, -0.744524287292514, -0.0371066487755267, 177.583636363636, 174.64827956989, 182.554161172162, 182.462210195435
3/6/2018, 178.93, 179.82, 177.39, 178.34, 141031, 1.62608218995566, -0.931595813243824, 0.228671857116606, 0.324899398595819, 0.850901269533609, -0.71347757009508, -0.738314943853027, 0.0248373737579474, 177.579454545454, 174.781225806449, 182.561841269842, 182.482347410141
3/7/2018, 176.83, 179.41, 176.83, 179.17, 33305, 1.60962059981502, -0.619327456724007, 0.305569257804386, 0.352080613234775, 0.872156550564835, -0.585739433562452, -0.707799841794912, 0.12206040823246, 177.731272727272, 175.027978494621, 182.593218559219, 182.511176711767
3/8/2018, 179.5, 180.65, 179.38, 180.52, 47720, 1.55869674676166, -0.334278573531125, 0.424656912886775, 0.446100687545784, 0.901761992247093, -0.37129229601058, -0.640498332638046, 0.269206036627466, 178.193272727272, 175.53092473118, 182.647426129427, 182.562944649447
3/9/2018, 181.77, 183.28, 181.13, 183.28, 118041, 1.53375785622623, -0.155811961137935, 0.586784677330467, 0.624113310280542, 0.971895717446746, 0.0211240345045383, -0.508173859209529, 0.529297893714067, 179.972545454545, 176.541741935481, 182.820261294262, 182.654967063004
3/12/2018, 183.42, 183.51, 182.31, 182.52, 41168, 1.49601020652359, -0.0404921823584029, 0.508038862575838, 0.61810615136353, 0.933578594880072, 0.267705216138836, -0.352998044139856, 0.620703260278692, 181.742181818182, 177.745032258062, 182.909516483517, 182.740588492552
3/13/2018, 183.05, 183.86, 182.27, 182.72, 52250, 1.46316327577688, 0.706202088448608, 0.505590645197151, 0.505350274375987, 0.909456939088656, 0.473799244870662, -0.187638586337752, 0.661437831208414, 183.244, 179.011225806449, 182.995194139195, 182.834838321717
3/14/2018, 183.25, 183.53, 181.32, 181.77, 29753, 1.45806092348822, 0.440616193090295, 0.524223624448827, 0.433731393537639, 0.889750855386546, 0.554086028123606, -0.0392936634454806, 0.593379691569087, 183.686545454545, 179.952344086019, 183.036754578755, 182.925144731448
3/15/2018, 182.37, 182.89, 181.24, 181.48, 51842, 1.43283087590551, 0.432729608593151, 0.380818371255586, 0.36341077018633, 0.893272022950664, 0.58754050471066, 0.0860731701857474, 0.501467334524912, 183.239636363636, 180.719784946234, 183.04705982906, 183.006484898183
3/16/2018, 181.68, 182.23, 181.52, 181.52, 21307, 1.38154825909743, 1.31985297991468, 0.273015808991405, 0.35747353151496, 0.872023336406658, 0.61024654186906, 0.19090784452241, 0.41933869734665, 182.840909090909, 181.545268817202, 183.087506715507, 183.087124777915
3/19/2018, 181.01, 181.27, 177.16, 178.56, 135915, 1.45631556895047, 0.65178769004628, 0.0727178935647391, 0.20711207780118, 0.690139783890273, 0.384956439450519, 0.229717563508032, 0.155238875942488, 181.503454545455, 181.862408602148, 182.979242979244, 183.128132567993
3/20/2018, 178.96, 179.46, 177.97, 178.92, 28950, 1.42235480992738, 0.480082730880697, 0.00445470497588745, 0.304456470591582, 0.664777891370474, 0.232778080695795, 0.230329666945584, 0.00244841375021021, 180.259454545454, 181.708537634406, 182.887594627595, 183.169843925106
3/21/2018, 179.12, 179.79, 178.17, 178.4, 283181, 1.40057924026119, 0.425610092227236, 0.0263800021803544, 0.300486191795508, 0.663574892908518, 0.0694157987005326, 0.198146893296574, -0.128731094596041, 178.970181818182, 181.595849462363, 182.777362637363, 183.209531228646
3/22/2018, 175.99, 176.28, 172.58, 172.67, 292839, 1.54323373857339, -0.445566903754207, -0.443883852886231, 0.0552860998485077, 0.458250912931782, -0.516459673503135, 0.0552255799366322, -0.571685253439768, 176.013454545454, 180.735892473116, 182.410608058609, 183.169378433785
3/23/2018, 172.85, 173.22, 169.06, 169.12, 137450, 1.61983598130022, -0.970156803391144, -0.632921364683852, -0.151494362509918, 0.313962436691099, -1.25278422097324, -0.206376380245342, -1.0464078407279, 172.810545454545, 179.03027956989, 181.863658119659, 183.082118354517
3/26/2018, 171.13, 172.94, 169.2, 172.73, 54911, 1.61726004804967, -0.68162129272064, -0.445091170834596, 0.156083789094157, 0.436862536979937, -1.52742272145869, -0.470585648488012, -1.05683707297068, 171.475090909091, 177.952021505374, 181.480832722833, 183.043897498975
3/27/2018, 173.13, 173.57, 169.56, 170.56, 71112, 1.67349825102391, -0.701259339663436, -0.641429335145517, 0.046933061741978, 0.327485866697123, -1.89829422216425, -0.75612736322326, -1.14216685894099, 169.964, 176.727139784944, 180.984327228328, 182.985525215253
3/28/2018, 171.05, 172.83, 170.8, 171.42, 118434, 1.64805896983961, -0.554284632937804, -0.624059909578056, 0.0786345359083045, 0.371071073724476, -2.09862609055565, -1.02462710868974, -1.07399898186592, 169.223272727273, 175.63627956989, 180.514925518926, 182.935742790762
3/29/2018, 172.13, 173.83, 171.21, 172.61, 55085, 1.63075577996298, -0.4028432246051, -0.653580945703087, 0.169342922686862, 0.394292411043015, -2.13673651632604, -1.247048990217, -0.889687526109039, 169.400181818182, 174.876709677417, 180.137855921857, 182.906270056034
4/2/2018, 172.08, 172.5, 166.89, 168.2, 180816, 1.75987227955077, -1.01275257968327, -0.898850575179145, -0.154605563137718, 0.214489601333486, -2.49403971011964, -1.49644713419753, -0.99759257592211, 168.545454545455, 173.714774193546, 179.553045177046, 182.805437201039
4/3/2018, 169.08, 171.17, 168.45, 170.98, 183332, 1.7315474999966, -0.92465605733849, -0.757209468151785, 0.0250969612074645, 0.313271951045072, -2.52378962309047, -1.70191563197611, -0.821873991114351, 168.785636363636, 173.062795698922, 179.078647130648, 182.736365450322
4/4/2018, 168.81, 173.85, 168.81, 173.38, 124970, 1.76754522996855, -0.567138692662476, -0.70963140064686, 0.136207488486854, 0.380114478069348, -2.32688383270477, -1.82690927212185, -0.499974560582921, 170.340363636364, 172.64227956989, 178.742241758242, 182.706320896543
4/5/2018, 173.73, 174.09, 172.65, 173.36, 27916, 1.72089376080612, -0.326632382149024, -0.671491327678186, 0.113373153639557, 0.321138081895306, -2.14769116123216, -1.89106564994391, -0.256625511288252, 172.086363636364, 172.205655913976, 178.398942612943, 182.680988109882
4/6/2018, 171.76, 172.42, 167.59, 168.94, 117623, 1.84839253731906, -0.455224318055912, -0.924077696231952, -0.107978267191378, 0.155762759632421, -2.33541552220112, -1.97993562439535, -0.355479897805767, 171.434363636364, 171.209591397847, 177.87181929182, 182.593836271697
4/9/2018, 170.06, 173.03, 169.64, 170.7, 70813, 1.8576687960864, -0.472304448886942, -0.910625549471627, 0.038802238899832, 0.13869949776955, -2.31547973068447, -2.04704444565317, -0.268435285031298, 170.883818181818, 170.669419354836, 177.425926739927, 182.530400710674
4/10/2018, 172.45, 174.11, 172.06, 173.7, 103276, 1.83246321426224, -0.349575364065577, -0.937848285796219, 0.178276962677049, 0.178514374145243, -2.03415704809242, -2.04446696614102, 0.0103099180486002, 172.005454545455, 170.713010752686, 177.135570207571, 182.505753177532
4/11/2018, 172.42, 173.33, 172, 172.15, 47804, 1.80588973163801, -0.463277321835563, -0.99940839867642, 0.141434280824092, 0.136222775126666, -1.91421298568449, -2.01841617004972, 0.104203184365231, 172.104727272728, 170.508172043008, 176.79886935287, 182.470786387864
4/12/2018, 173.03, 174.28, 173.03, 173.51, 58767, 1.7635278741076, -0.415382609677008, -0.735742415401959, 0.232341575048695, 0.187952986725907, -1.68993529592689, -1.95271999522515, 0.262784699298264, 172.759090909091, 170.325139784944, 176.55464957265, 182.444282082821
4/13/2018, 174.34, 174.4, 172.54, 173.37, 51601, 1.73034686142117, -0.536886902908265, -0.610896195338805, 0.132408033353298, 0.254654291616675, -1.5061287265051, -1.86340174148114, 0.357273014976044, 173.489090909091, 169.96427956989, 176.299157509158, 182.40857892579
4/16/2018, 174.57, 175.15, 174.4, 174.72, 32393, 1.68206687040041, -0.656423921573725, -0.553993960006578, 0.231435936584085, 0.264596547650964, -1.23726456269594, -1.7381743057241, 0.500909743028159, 173.762, 169.917548387094, 176.052510378511, 182.389278392784
4/17/2018, 175.76, 176.39, 175.17, 176.12, 34374, 1.63267197034148, -0.47630671426885, -0.351597271251572, 0.329685036041961, 0.356764598588095, -0.900835208569731, -1.57070648629323, 0.669871277723496, 174.71890909091, 170.176215053761, 175.856642246643, 182.377870712041
4/18/2018, 176.63, 176.87, 175.5, 176.35, 75429, 1.58785867902305, -0.473241882500368, 0.106148734098368, 0.266277393319886, 0.368176221153662, -0.608637450111047, -1.37829267905679, 0.769655228945744, 175.95490909091, 170.470559139782, 175.663965811966, 182.370137488042
4/19/2018, 175.82, 176.15, 174.2, 174.8, 40372, 1.58334058434456, -0.52255529008865, -0.107947035979593, 0.201694039592172, 0.310506945028614, -0.496418266701966, -1.20191779658583, 0.70549952988386, 176.489454545455, 170.636408602148, 175.405914529915, 182.333041957087
4/20/2018, 175.13, 175.33, 173.46, 173.92, 55688, 1.56554471846974, -0.570940956990218, -0.149821530495468, 0.135086833309101, 0.252930612115729, -0.47303949603446, -1.05614213647555, 0.583102640441093, 175.757454545455, 170.808795698922, 175.151746031747, 182.279194751948
4/23/2018, 174.5, 175.05, 173.88, 174.55, 27155, 1.51541426848722, -0.52118661705043, 0.298363716802617, 0.162033671855064, 0.343311808428312, -0.399075621625059, -0.924728833505454, 0.525653211880395, 175.323454545455, 171.287698924729, 174.938442002443, 182.23681590816
4/24/2018, 174.93, 175.1, 172.2, 173.02, 51806, 1.53617953147741, -0.42118210256492, 0.0339880301832102, 0.0354634894175601, 0.263732103398678, -0.458630128892622, -0.831509092582888, 0.372878963690265, 174.75090909091, 171.578129032256, 174.672874236875, 182.171108924423
4/25/2018, 172.34, 174.02, 171.87, 173.68, 50618, 1.51572025224212, -0.394547490622976, -0.0497330459987512, 0.020312523588851, 0.303022101118771, -0.447413516308615, -0.754689977328033, 0.307276461019419, 174.133454545455, 172.02692473118, 174.452798534799, 182.114176028427
4/26/2018, 174.35, 176.58, 174.34, 175.88, 34942, 1.50436535557733, -0.166419148187742, 0.102971818372869, 0.059276687933804, 0.374241097720281, -0.258028266947235, -0.655357635251874, 0.397329368304638, 174.464545454546, 172.749849462363, 174.287301587302, 182.08806396064
4/27/2018, 175.71, 176.9, 175.5, 176.88, 32500, 1.46064218567387, 0.415384808966916, 0.0118462321814938, 0.122559250477873, 0.367551223675428, -0.0269369374823896, -0.529673495697977, 0.502736558215587, 174.983818181819, 173.618322580642, 174.207096459097, 182.072392783928
4/30/2018, 177, 177.01, 173.95, 173.95, 56329, 1.4989391797177, 0.488856803594571, -0.307370725419299, 0.0942105508047999, 0.271120357341293, -0.0793076971611129, -0.439600335990604, 0.360292638829491, 174.569454545456, 174.147376344083, 174.001284493285, 182.012780647807
5/1/2018, 174.05, 174.24, 172.7, 174.09, 62826, 1.46707706816187, 0.164418848049372, -0.383688519968799, 0.121601073232954, 0.241414378163938, -0.108267036542884, -0.37333367610106, 0.265066639558176, 174.525454545456, 174.545698924729, 173.786073260074, 181.952411917453
5/2/2018, 173.15, 173.15, 171.37, 171.65, 34987, 1.49276594498389, 0.138550663635328, -0.414960890427745, 0.0125273154388075, 0.183933483414987, -0.32436603991556, -0.36354014886396, 0.0391741089484, 173.795272727274, 174.687268817202, 173.455782661783, 181.850434877683
5/3/2018, 171.05, 171.1, 168.42, 170.59, 53864, 1.52161094280825, -0.0536543571017241, -0.440726256121384, -0.0505963675241308, 0.148298359297786, -0.574536301362372, -0.405739379363642, -0.168796921998729, 172.645272727274, 174.706580645159, 173.073978021978, 181.732890528906
5/4/2018, 170.28, 172.65, 169.68, 171.98, 46637, 1.52019438421315, -0.0329311813950555, -0.317063854683302, -0.0780828865702853, 0.146841335071493, -0.653108029830832, -0.45521310945708, -0.197894920373752, 172.029090909092, 174.570645161288, 172.744932844933, 181.637087877546
5/7/2018, 172.4, 173.21, 171.58, 171.9, 22179, 1.49226805518981, 0.440595629874793, -0.505838057646464, -0.109514342263855, 0.107245881089203, -0.713606016182666, -0.506891690802198, -0.206714325380469, 171.617090909092, 174.192344086019, 172.41610989011, 181.536987289873
5/8/2018, 171.64, 171.64, 169.65, 170.57, 281117, 1.4946639781484, -0.0219249693754585, -0.74407617632161, -0.204686267307102, 0.0711940216629654, -0.858969327242562, -0.577307218090271, -0.281662109152292, 170.584181818183, 173.868021505374, 172.041875457876, 181.414900369004
5/9/2018, 170.75, 172.37, 170.17, 171.83, 65315, 1.4735354304553, -0.157610514158177, -0.550889415242137, -0.173336831955679, 0.108487306739779, -0.862556316508943, -0.634357037774005, -0.228199278734938, 170.252181818183, 173.572838709675, 171.731213675214, 181.311008610087
5/10/2018, 172.36, 174.71, 172.36, 174.04, 31995, 1.46482253139725, 0.102455819111841, -0.195903191037879, 0.0283852107823279, 0.218188098311909, -0.679240637825814, -0.643333757784367, -0.0359068800414467, 171.224545454547, 173.607204301072, 171.493340659341, 181.236399890666
5/11/2018, 174.25, 176.9, 173.94, 176.63, 40452, 1.45496703672172, 0.999484427271643, 0.171024632190336, 0.0612926744619128, 0.312770291080678, -0.321266922187164, -0.578920390664926, 0.257653468477763, 173.392000000002, 174.032623655911, 171.412598290599, 181.201210878776
5/14/2018, 176.83, 178.5, 176.83, 177.79, 89190, 1.42579046240705, 0.926716044587287, 0.112489424010804, 0.110353038294628, 0.388779128501368, 0.0553935891785784, -0.452057594696225, 0.507451183874804, 175.38781818182, 174.285290322578, 171.420691086691, 181.171747984147
5/15/2018, 176.64, 176.64, 175.05, 175.52, 73960, 1.45007248174443, 0.258326809612216, -0.158513026641467, 0.0408828312355087, 0.294693672808383, 0.168784091369048, -0.327889257483171, 0.496673348852219, 176.418000000002, 174.373397849459, 171.333882783883, 181.1100166735
5/16/2018, 175.49, 177.1, 175.49, 176.55, 34540, 1.41512821238172, 0.604047939553305, -0.0790066327928113, 0.110292755976518, 0.334380664523629, 0.337864580647988, -0.194738489856939, 0.532603070504927, 177.238000000002, 174.722903225804, 171.326002442003, 181.068189148558
5/17/2018, 176.38, 176.91, 175.81, 176.65, 38826, 1.37474577753294, 0.440682684282891, -0.12822425460464, 0.132035658563882, 0.353313167444152, 0.474461948822096, -0.0608984021211319, 0.535360350943228, 177.613272727274, 175.063311827954, 171.305365079365, 181.020550772175
5/18/2018, 176.73, 177.34, 176.2, 177.27, 30669, 1.33359507824863, 0.540902672703953, -0.17715507567749, 0.185323135246661, 0.376890949971317, 0.625534394556013, 0.0763881572142971, 0.549146237341716, 178.150181818184, 175.166494623653, 171.359323565324, 180.991211425448
5/21/2018, 177.79, 178.13, 177, 177.12, 18220, 1.29988753130689, 0.343830266060493, -0.378445252695338, 0.174492510281727, 0.356892499981358, 0.72480158828418, 0.206070843428274, 0.518730744855906, 178.330727272729, 175.314236559137, 171.402615384616, 180.963786251196
5/22/2018, 177.64, 177.84, 176.65, 176.85, 44792, 1.27042281915648, 0.120176695929748, -0.346571714726622, 0.139059503237065, 0.356743153688082, 0.772776721965414, 0.319412019135702, 0.453364702829712, 177.867272727275, 175.586301075266, 171.454774114774, 180.936806614733
5/23/2018, 176.05, 177.46, 176.05, 177.36, 39026, 1.24318088514565, 0.157797163616357, -0.324387366695554, 0.152066206313355, 0.364972968403724, 0.84224126576737, 0.423977868462035, 0.418263397305335, 177.489454545457, 175.799419354836, 171.560026862027, 180.918742380757
5/24/2018, 177.24, 177.71, 176.09, 176.83, 69230, 1.23036834077906, 0.303260350020335, -0.297604662447603, 0.18380534197122, 0.377582754817127, 0.844787660304291, 0.508139826830487, 0.336647833473805, 177.068909090911, 176.002344086018, 171.659670329671, 180.89418832855
5/25/2018, 176.63, 177.61, 176.4, 176.84, 34895, 1.20299554407918, 0.432017533020263, -0.277323819423018, 0.0907153516052453, 0.368656108018742, 0.83795320975284, 0.574102503414957, 0.263850706337882, 177.017636363639, 176.175784946233, 171.803706959707, 180.871027470275
5/29/2018, 175.74, 175.74, 173.88, 175.08, 83600, 1.23886706313808, 0.0936622868241677, -0.399711440362584, -0.0742623740290084, 0.390512623350512, 0.682650398525851, 0.595812082437136, 0.0868383160887151, 176.578909090911, 176.193526881717, 171.880945054945, 180.822990023234
5/30/2018, 174.82, 177.96, 174.82, 177.5, 144533, 1.24932846841411, 0.620803109464502, -0.0319752729830833, 0.0319491379468143, 0.443035331616099, 0.746243348151154, 0.62589833557994, 0.120345012571214, 176.670000000002, 176.60933333333, 172.085306471307, 180.804498018314
5/31/2018, 177.27, 177.29, 175.74, 175.76, 27350, 1.24868009209336, 0.293457588547299, -0.175701845189084, -0.116206259380303, 0.356841566552922, 0.648759267679225, 0.630470521999797, 0.018288745679428, 176.258000000002, 176.810795698921, 172.259194139194, 180.765937132705
6/1/2018, 176.6, 177.8, 176.6, 177.77, 57498, 1.23021101612765, 0.267376294247326, -0.00102498679250038, 0.0185486491815794, 0.412276672451705, 0.725331463689201, 0.649442710337678, 0.0758887533515237, 176.603454545457, 177.167763440857, 172.512661782662, 180.75455459888
6/4/2018, 178.16, 178.62, 177.3, 178.43, 31989, 1.20136682015447, 0.223046129030012, 0.468343588555977, -0.0465851218791039, 0.417468410468369, 0.829707611974044, 0.685495690664951, 0.144211921309093, 177.239818181821, 177.530645161287, 172.813557997558, 180.742506218396
6/5/2018, 178.3, 178.99, 177.47, 178.29, 21665, 1.18482184998684, 0.639740079696246, 0.757840755093811, -0.0393388834631446, 0.482999122499298, 0.89086034795821, 0.726568622123603, 0.164291725834607, 177.734545454548, 177.888666666663, 173.152825396826, 180.728223588903
6/6/2018, 178.71, 180.33, 178.22, 180.3, 232183, 1.17154627427868, 0.875489971811188, 0.638979185296656, 0.0163566101027037, 0.561963736079473, 1.08896166135941, 0.799047229970763, 0.289914431388642, 178.805818181821, 178.375591397846, 173.6717997558, 180.739187918546
6/7/2018, 180.74, 180.74, 179.43, 180.21, 34406, 1.14987128122648, 1.30239121602238, 0.82356999162566, -0.0442983290114073, 0.536346021670048, 1.22457993640182, 0.884153771256976, 0.340426165144848, 179.759818181821, 178.848129032255, 174.186427350428, 180.746783654503
6/8/2018, 180.16, 181.47, 180.16, 181.42, 27290, 1.12119605561863, 1.67166264828929, 0.846149205561039, -0.0168503308635957, 0.511358392174329, 1.41340246030796, 0.990003509067173, 0.423398951240791, 180.870363636366, 179.578731182793, 174.673951159951, 180.768612819462
6/11/2018, 181.43, 182.5, 181.11, 181.73, 27804, 1.10156286243227, 1.51706902089672, 0.77397997369714, -0.0828119849366688, 0.55845229730744, 1.56996252934772, 1.10599531312328, 0.463967216224437, 181.839636363639, 180.379591397846, 175.120324786325, 180.800704387044
6/12/2018, 181.71, 181.97, 181.01, 181.7, 36736, 1.07307467275908, 1.52607882888659, 1.23320919285239, -0.0926958261030065, 0.540368724304514, 1.67233907883073, 1.21926406626477, 0.453075012565959, 182.179818181821, 180.950021505373, 175.576932844933, 180.826330463305
6/13/2018, 182.25, 182.87, 181.56, 181.58, 45820, 1.05616689414202, 1.78063889679984, 0.993296784452014, -0.126417190897593, 0.539425076805992, 1.72391798137352, 1.32019484928652, 0.403723132086996, 182.601454545457, 181.464559139782, 175.977482295482, 180.832936449365
6/14/2018, 181.96, 182.65, 181.58, 182.54, 16949, 1.02739040980822, 1.73265676679957, 0.870154350323001, -0.162394938645989, 0.53059258921437, 1.82126421007371, 1.42040872144396, 0.400855488629748, 182.784181818185, 181.889913978491, 176.238378510379, 180.856570179035
6/15/2018, 182.27, 183.16, 181.94, 183.1, 32635, 1.00635091827457, 1.52532094235953, 0.921733218570704, -0.103260365583189, 0.537230799499322, 1.92144983985224, 1.52061694512562, 0.400832894726628, 183.192545454548, 182.245397849459, 176.561841269841, 180.887759190925
6/18/2018, 182.1, 182.1, 180.81, 181.46, 176915, 1.02777312068373, 0.842304757633413, 1.30169006292073, -0.201229339997933, 0.457953079887274, 1.84721977953794, 1.58593751200808, 0.261282267529857, 182.875636363639, 182.404752688169, 176.804945054945, 180.895690583573
6/19/2018, 180.06, 181.93, 179.75, 181.86, 82448, 1.03417312743488, 0.718767660269968, 1.17059388132589, -0.259371058092994, 0.380728348471582, 1.79992021912602, 1.62873405343167, 0.171186165694354, 182.503636363639, 182.548365591395, 176.921028083028, 180.910957769578
6/20/2018, 182.07, 182.71, 181.93, 182.39, 26626, 1.00291128190987, 1.33622184151436, 0.948241028492591, -0.407130520411976, 0.398062326310383, 1.78462944992438, 1.65991313273021, 0.12471631719417, 182.522000000003, 182.606301075265, 177.105042735043, 180.93422167555
6/21/2018, 182.12, 182.29, 180.89, 181.31, 21435, 0.999806625515217, 0.913699628659842, 1.01410728997062, -0.437838199460467, 0.392591803278886, 1.6661579988413, 1.66116210595243, 0.0049958928888707, 182.035272727276, 182.534946236556, 177.27707936508, 180.945520568539
6/22/2018, 181.92, 182.66, 181.58, 182.05, 25536, 0.983033190379323, 1.02758896984593, 0.94792085448578, -0.231571999960033, 0.389619014609388, 1.61338226937349, 1.65160613863664, -0.0382238692631525, 181.986181818185, 182.643655913975, 177.475536019536, 180.963303813038
6/25/2018, 181.32, 181.73, 178.86, 180.15, 51524, 1.03226829138567, 0.523623273703217, 0.746226686684962, -0.199396586118115, 0.283223674839029, 1.40208068908532, 1.60170104872638, -0.199620359641054, 181.308363636367, 182.632279569889, 177.638205128205, 180.948661473281
6/26/2018, 179.77, 179.83, 178.91, 179.19, 47465, 1.02050882336331, 0.376350691584606, 0.501619715648441, -0.262899418516005, 0.231608881341366, 1.14397169382724, 1.51015517774655, -0.36618348391931, 180.379090909094, 182.553720430104, 177.799074481075, 180.922385130518
6/27/2018, 179.29, 179.93, 177.36, 177.36, 59449, 1.05193802015983, 0.101921949014811, 0.15754301802412, -0.239064781787665, 0.136808899287913, 0.782729926102775, 1.3646701274178, -0.581940201315021, 178.930545454549, 182.082602150534, 177.908654456655, 180.881709443761
6/28/2018, 176.82, 178.18, 175.63, 177.8, 40109, 1.06857784529117, 0.0901107157052463, 0.179300711038984, 0.181552811557681, 0.140229908499571, 0.525885465052539, 1.19691319494474, -0.671027729892205, 178.056181818185, 181.724107526878, 177.994901098901, 180.853570589039
6/29/2018, 178.26, 179.71, 178.1, 178.18, 43050, 1.06658145610131, 0.242209458680823, 0.388034187516752, 0.0985027827063743, 0.170170902889672, 0.34897444326046, 1.02732544460789, -0.678351001347428, 177.68363636364, 181.412430107524, 178.082722832723, 180.826463851305
7/2/2018, 177.39, 178.85, 176.74, 178.76, 292180, 1.06898248856414, 0.335772882838204, 0.546721063336126, 0.13943073343118, 0.177666687213444, 0.252659831391895, 0.872392321964689, -0.619732490572794, 177.451818181821, 181.20580645161, 178.186515262515, 180.804009293426
7/3/2018, 179.29, 180.02, 178.87, 179.31, 49104, 1.04755308779733, 0.756960917090507, 0.536673649127753, 0.535228917514585, 0.214154107037907, 0.218194994954786, 0.741552856562708, -0.523357861607923, 177.637272727276, 181.049354838706, 178.372686202686, 180.791467268006
7/5/2018, 180.03, 181.07, 179.54, 180.99, 35474, 1.03455940639976, 0.649346258361039, 0.883095310839034, 0.49234908697972, 0.257218044299413, 0.322723171592912, 0.657786919568749, -0.335063747975837, 178.648181818185, 181.073935483868, 178.680405372406, 180.801476834768
7/6/2018, 181.58, 183.9, 181.58, 183.76, 67851, 1.04719558998736, 1.41301134373296, 1.0645706058748, 0.533226411251918, 0.382487775453356, 0.621909370707158, 0.650611409796431, -0.0287020390892729, 180.476363636367, 181.457268817201, 179.074544566545, 180.857876725434
7/9/2018, 184.43, 185.24, 184.43, 184.93, 36721, 1.02855690550627, 1.3016408380246, 0.966265691163474, 0.598858480834725, 0.404405499405358, 0.942560559520814, 0.709001239741308, 0.233559319779506, 182.723090909094, 181.912430107523, 179.449074481075, 180.926724613913
7/10/2018, 185.27, 185.84, 185.08, 185.77, 39668, 0.997203408023417, 1.32572083238329, 0.946418232193592, 0.514050184711186, 0.457579448573248, 1.25005011702987, 0.81721101519902, 0.432839101830852, 184.722909090913, 182.422580645158, 179.792901098901, 181.009473554736
