Date,QQQ_Open,QQQ_High,QQQ_Low,QQQ_Close,QQQ_Volume,QQQ_ATRPercentOfClose20,QQQ_SQN25,QQQ_SQN50,QQQ_SQN100,QQQ_SQN200,QQQ_MACD,QQQ_MACD_Avg,QQQ_MACD_Diff,QQQ_LinReg10,QQQ_LinReg30,QQQ_LinReg90,QQQ_LinReg270
1/3/2017, 119.31, 119.99, 118.89, 119.54, 22307608, 0, 0, 0, 0, 0, 0, 0, 0, 119.54, 119.54, 119.54, 119.54
1/4/2017, 119.67, 120.41, 119.66, 120.19, 19749074, 0, 0, 0, 0, 0, 0.0518518518518505, 0.0103703703703701, 0.0414814814814804, 120.19, 120.19, 120.19, 120.19
1/5/2017, 120.16, 120.95, 120.1, 120.87, 20644254, 0, 0, 0, 0, 0, 0.146130632056568, 0.0375224227076097, 0.108608209348959, 120.865, 120.865, 120.865, 120.865
1/6/2017, 120.99, 122.25, 120.69, 121.93, 24074305, 0, 0, 0, 0, 0, 0.30288887145278, 0.0905957124566437, 0.212293158996136, 121.81, 121.81, 121.81, 121.81
1/9/2017, 122.03, 122.55, 121.95, 122.33, 18909234, 0, 0, 0, 0, 0, 0.454162262758047, 0.163309022516924, 0.290853240241122, 122.436, 122.436, 122.436, 122.436
1/10/2017, 122.37, 122.97, 122.1, 122.6, 16176631, 0, 0, 0, 0, 0, 0.589044124746394, 0.248456042962818, 0.340588081783576, 122.870476190476, 122.870476190476, 122.870476190476, 122.870476190476
1/11/2017, 122.63, 122.93, 122.02, 122.93, 20685983, 0, 0, 0, 0, 0, 0.714332830010804, 0.341631400372415, 0.372701429638388, 123.246785714286, 123.246785714286, 123.246785714286, 123.246785714286
1/12/2017, 122.49, 122.82, 121.6, 122.74, 19622511, 0, 0, 0, 0, 0, 0.789196256300471, 0.431144371558027, 0.358051884742445, 123.378333333333, 123.378333333333, 123.378333333333, 123.378333333333
1/13/2017, 122.81, 123.37, 122.8, 123.16, 16930803, 0, 0, 0, 0, 0, 0.872360521840235, 0.519387601614468, 0.352972920225767, 123.604666666667, 123.604666666667, 123.604666666667, 123.604666666667
1/17/2017, 122.79, 123.03, 122.43, 122.79, 14538484, 0, 0, 0, 0, 0, 0.898060609977207, 0.595122203287016, 0.302938406690191, 123.616909090909, 123.616909090909, 123.616909090909, 123.616909090909
1/18/2017, 122.96, 123.16, 122.66, 123.04, 12499663, 0, 0, 0, 0, 0, 0.927904717663125, 0.661678706162238, 0.266226011500887, 123.534363636364, 123.692272727273, 123.692272727273, 123.692272727273
1/19/2017, 123.19, 123.65, 122.72, 122.98, 12710659, 0, 0, 0, 0, 0, 0.935926115791247, 0.71652818808804, 0.219397927703207, 123.370181818182, 123.719358974359, 123.719358974359, 123.719358974359
1/20/2017, 123.51, 123.83, 122.92, 123.25, 22091039, 0, 0, 0, 0, 0, 0.953083323831336, 0.763839215236699, 0.189244108594637, 123.283090909091, 123.805054945055, 123.805054945055, 123.805054945055
1/23/2017, 123.16, 123.53, 122.57, 123.35, 17434167, 0, 0, 0, 0, 0, 0.963641440400295, 0.803799660269418, 0.159841780130876, 123.312727272727, 123.889142857143, 123.889142857143, 123.889142857143
1/24/2017, 123.59, 124.37, 123.38, 124.18, 17640869, 0, 0, 0, 0, 0, 1.02714262642554, 0.848468253500644, 0.1786743729249, 123.631636363636, 124.149, 124.149, 124.149
1/25/2017, 124.94, 125.46, 124.85, 125.43, 15036221, 0, 0, 0, 0, 0, 1.16490403853733, 0.911755410507981, 0.253148628029349, 124.335454545455, 124.634779411765, 124.634779411765, 124.634779411765
1/26/2017, 125.59, 125.82, 125.34, 125.56, 16052150, 0, 0, 0, 0, 0, 1.26993187949628, 0.983390704305642, 0.286541175190642, 124.995818181818, 125.049019607843, 125.049019607843, 125.049019607843
1/27/2017, 125.8, 125.92, 125.39, 125.8, 15052983, 0, 0, 0, 0, 0, 1.35689179045276, 1.05809092153507, 0.298800868917698, 125.557636363636, 125.430584795322, 125.430584795322, 125.430584795322
1/30/2017, 125.37, 125.38, 124.13, 124.82, 25006715, 0, 0, 0, 0, 0, 1.33138298233659, 1.11274933369537, 0.218633648641221, 125.698, 125.548947368421, 125.548947368421, 125.548947368421
1/31/2017, 124.4, 124.6, 123.85, 124.57, 19091133, 0, 0, 0, 0, 0, 1.27628197333006, 1.14545586162231, 0.130826111707749, 125.587454545455, 125.595428571429, 125.595428571429, 125.595428571429
2/1/2017, 125.42, 125.68, 124.86, 125.43, 22861876, 0, 0, 0, 0, 0, 1.28717113181976, 1.1737989156618, 0.113372216157962, 125.726909090909, 125.781861471861, 125.781861471861, 125.781861471861
2/2/2017, 125.21, 125.7, 124.86, 125.32, 15101363, 0.749652888605172, 0, 0, 0, 0, 1.27225897813709, 1.19349092815686, 0.0787680499802315, 125.686, 125.91652173913, 125.91652173913, 125.91652173913
2/3/2017, 125.49, 125.81, 125.33, 125.68, 16957154, 0.729624244112032, 0, 0, 0, 0, 1.27479493775169, 1.20975173007582, 0.0650432076758687, 125.695818181818, 126.085760869565, 126.085760869565, 126.085760869565
2/6/2017, 125.42, 125.85, 125.35, 125.83, 11630139, 0.712184822776764, 0, 0, 0, 0, 1.27422003502519, 1.2226453910657, 0.0515746439594962, 125.644909090909, 126.250633333333, 126.250633333333, 126.250633333333
2/7/2017, 126.06, 126.55, 125.97, 126.29, 17541101, 0.702617035691663, 0, 0, 0, 0, 1.29594374331612, 1.23730506151578, 0.0586386818003335, 125.783636363636, 126.458707692308, 126.458707692308, 126.458707692308
2/8/2017, 126.12, 126.68, 125.88, 126.5, 12569147, 0.697998657435773, 3.01461272533273, 0, 0, 0, 1.31494728977408, 1.25283350716744, 0.06211378260664, 126.129818181818, 126.666581196581, 126.666581196581, 126.666581196581
2/9/2017, 126.63, 127.24, 126.56, 126.96, 17542726, 0.689839230130308, 2.95369892121147, 0, 0, 0, 1.35154611061978, 1.27257602785791, 0.0789700827618696, 126.602545454546, 126.909365079365, 126.909365079365, 126.909365079365
2/10/2017, 127.2, 127.56, 127.02, 127.38, 13915697, 0.676738021859607, 2.87324008957401, 0, 0, 0, 1.39832243908158, 1.29772531010264, 0.100597128978938, 127.192, 127.176280788177, 127.176280788177, 127.176280788177
2/13/2017, 127.76, 128.26, 127.72, 128.1, 19120150, 0.673635790501584, 2.84283231190319, 0, 0, 0, 1.47647115865612, 1.33347447981334, 0.142996678842785, 127.748, 127.503034482759, 127.503034482759, 127.503034482759
2/14/2017, 128.15, 128.54, 127.74, 128.53, 16333480, 0.668934159535441, 2.8462499944689, 0, 0, 0, 1.55517490010449, 1.37781456387157, 0.177360336232919, 128.223636363637, 127.844172043011, 127.844172043011, 127.844172043011
2/15/2017, 128.44, 129.35, 128.37, 129.29, 17891355, 0.669651188404638, 2.98680975831464, 0, 0, 0, 1.65974136534062, 1.43419992416538, 0.225541441175241, 128.917818181818, 128.165913978495, 128.238205645161, 128.238205645161
2/16/2017, 129.36, 129.63, 128.92, 129.25, 15098286, 0.663831659894731, 2.79566486744255, 0, 0, 0, 1.71956134391205, 1.49127220811471, 0.228289135797334, 129.365636363637, 128.463010752688, 128.582443181818, 128.582443181818
2/17/2017, 129.09, 129.82, 129.04, 129.81, 15563730, 0.657963407590511, 3.16469394853663, 0, 0, 0, 1.79150507249182, 1.55131878099013, 0.240186291501681, 129.864545454546, 128.818043010753, 128.952869875223, 128.952869875223
2/21/2017, 130.03, 130.53, 129.99, 130.45, 18479628, 0.649595388596075, 3.22053360408601, 0, 0, 0, 1.878509360439, 1.61675689687991, 0.26175246355909, 130.389272727273, 129.267268817204, 129.355092436975, 129.355092436975
2/22/2017, 130.32, 130.59, 130.11, 130.5, 12110876, 0.635269980998008, 3.5502991459384, 0, 0, 0, 1.92925620301371, 1.67925675810667, 0.24999944490704, 130.771272727273, 129.694537634409, 129.720476190476, 129.720476190476
2/23/2017, 130.7, 130.7, 129.49, 130.01, 17489023, 0.652315944113745, 3.03066462696918, 0, 0, 0, 1.90794098049516, 1.72499360258437, 0.18294737791079, 130.796363636364, 130.024924731183, 129.995840840841, 129.995840840841
2/24/2017, 129.47, 130.26, 129.38, 130.26, 18624489, 0.652289391213853, 3.1986189115688, 0, 0, 0, 1.88944112261885, 1.75788310659126, 0.131558016027586, 130.808363636364, 130.361225806452, 130.268591749644, 130.268591749644
2/27/2017, 130.02, 130.43, 129.8, 130.42, 12008672, 0.643067438234479, 3.13965567869141, 0, 0, 0, 1.8661783721731, 1.77954215970763, 0.0866362124654669, 130.779636363637, 130.657870967742, 130.52991902834, 130.52991902834
2/28/2017, 130.39, 130.45, 129.66, 130.02, 16598581, 0.643173454313287, 2.81632978664999, 0, 0, 0, 1.79477674863672, 1.78258907749345, 0.0121876711432738, 130.590909090909, 130.882215053763, 130.72582051282, 130.72582051282
3/1/2017, 130.81, 131.68, 130.6, 131.44, 25813827, 0.667560422271173, 2.82520835484826, 0, 0, 0, 1.83165836269072, 1.7924029345329, 0.0392554281578159, 130.874, 131.217806451613, 131.038792682927, 131.038792682927
3/2/2017, 131.43, 131.43, 130.62, 130.78, 19951386, 0.668733252853317, 2.12135220961252, 0, 0, 0, 1.78703104193309, 1.79132855601294, -0.00429751407984891, 130.922363636364, 131.430516129032, 131.260696864111, 131.260696864111
3/3/2017, 130.65, 131.06, 130.34, 131.02, 13722749, 0.661609586839787, 2.1628411312799, 0, 0, 0, 1.7508468898645, 1.78323222278325, -0.0323853329187478, 130.964363636364, 131.619741935484, 131.48373200443, 131.48373200443
3/6/2017, 130.56, 130.95, 130.21, 130.73, 12026151, 0.660903263706582, 1.91873312755884, 0, 0, 0, 1.67941090872969, 1.76246795997254, -0.0830570512428479, 130.921636363636, 131.738301075269, 131.660179704017, 131.660179704017
3/7/2017, 130.45, 131.08, 130.28, 130.51, 15500945, 0.659565469934438, 2.47256307761231, 0, 0, 0, 1.5867541040374, 1.72732518878551, -0.140571084748116, 130.880727272727, 131.787354838709, 131.800848484848, 131.800848484848
3/8/2017, 130.57, 131.15, 130.46, 130.74, 15776027, 0.651873145227828, 2.74376544657769, 0, 0, 0, 1.51442465188205, 1.68474508140482, -0.170320429522768, 130.926, 131.874731182795, 131.947951690821, 131.947951690821
3/9/2017, 130.71, 131.02, 130.14, 130.84, 20855253, 0.652435037119627, 2.49753416745787, 0, 0, 0, 1.4484750850722, 1.6374910821383, -0.189015997066093, 130.894727272727, 132.015806451613, 132.089972247919, 132.089972247919
3/10/2017, 131.42, 131.6, 130.82, 131.39, 21922601, 0.646901364212615, 2.80340963767589, 0, 0, 0, 1.42417300184434, 1.59482746607951, -0.170654464235168, 131.058181818182, 132.200430107527, 132.264521276596, 132.264521276596
3/13/2017, 131.34, 131.64, 131.27, 131.61, 10731575, 0.627585682939751, 2.73722483855363, 0, 0, 0, 1.40645287393821, 1.55715254765125, -0.150699673713039, 131.268, 132.391354838709, 132.44199829932, 132.44199829932
3/14/2017, 131.31, 131.36, 130.76, 131.29, 14019689, 0.630030650812062, 2.44951434548558, 0, 0, 0, 1.35101456433725, 1.51592495098845, -0.164910386651198, 131.222363636364, 132.438860215053, 132.579404081633, 132.579404081633
3/15/2017, 131.58, 132.41, 131.14, 132.1, 22709139, 0.642928750475851, 2.52856262896382, 0, 0, 0, 1.35679919853206, 1.48409980049717, -0.12730060196511, 131.671272727273, 132.530731182795, 132.768023529412, 132.768023529412
3/16/2017, 132.33, 132.35, 131.71, 132.01, 18457291, 0.635439311726133, 2.37532393022322, 3.80940891509236, 0, 0, 1.33868973303194, 1.45501778700412, -0.116328053972182, 131.921090909091, 132.619935483871, 132.93491704374, 132.93491704374
3/17/2017, 131.86, 132.04, 131.62, 131.69, 21234529, 0.621080768197422, 2.00277719817794, 3.49260102087561, 0, 0, 1.28371861638047, 1.42075795287939, -0.137039336498924, 132.041272727273, 132.618752688172, 133.064746008708, 133.064746008708
3/20/2017, 131.65, 132.11, 131.46, 131.81, 10105210, 0.614146271494747, 1.88144396302235, 3.34659546717043, 0, 0, 1.23559345528452, 1.38372505336042, -0.148131598075902, 132.108363636364, 132.615698924731, 133.192893081761, 133.192893081761
3/21/2017, 132.31, 132.43, 129.73, 129.81, 35841897, 0.696426230979404, 0.566566565636889, 2.10155564820305, 0, 0, 1.02426356034857, 1.31183275475805, -0.287569194409476, 131.381636363636, 132.329333333333, 133.166767676767, 133.166767676767
3/22/2017, 129.89, 130.82, 129.68, 130.69, 29177883, 0.700764668997357, 0.691457448753533, 2.18661556083402, 0, 0, 0.917218616334964, 1.23290992707343, -0.315691310738468, 131.043090909091, 132.159612903225, 133.202597402597, 133.202597402597
3/23/2017, 130.52, 130.88, 130.14, 130.36, 20311655, 0.695794629193782, 0.353618942607145, 2.01648866531388, 0, 0, 0.796574074827589, 1.14564275662426, -0.349068681796674, 130.613272727273, 131.933634408602, 133.211409774436, 133.211409774436
3/24/2017, 130.78, 131.29, 130.13, 130.63, 22967566, 0.704038876740537, 0.451341067847228, 1.99778355172552, 0, 0, 0.71451269245199, 1.05941674378981, -0.344904051337819, 130.412909090909, 131.747677419354, 133.236352087114, 133.236352087114
3/27/2017, 129.73, 131.07, 129.4, 130.84, 18472445, 0.731581844582585, 0.342823779385788, 2.10929931597191, 0, 0, 0.658829128568527, 0.979299220745552, -0.320470092177025, 130.370545454546, 131.592688172043, 133.272209234366, 133.272209234366
3/28/2017, 130.81, 132.03, 130.55, 131.64, 23721947, 0.746993012138606, 0.388240509900535, 2.17588225662489, 0, 0, 0.671512044288676, 0.917741785454177, -0.246229741165501, 130.582545454546, 131.56488172043, 133.35720338983, 133.35720338983
3/29/2017, 131.73, 132.3, 131.59, 132.25, 13709968, 0.733213248484158, 0.556028212072158, 2.43537418543926, 0, 0, 0.722457211370966, 0.878684870637535, -0.156227659266569, 131.148181818182, 131.620301075268, 133.475398907104, 133.475398907104
3/30/2017, 132.22, 132.61, 132.08, 132.47, 16092374, 0.715400313327005, 0.789336367614473, 2.42358156800035, 0, 0, 0.771688243000995, 0.857285545110227, -0.0855973021092322, 131.763636363637, 131.730301075268, 133.599460602856, 133.599460602856
3/31/2017, 132.27, 132.74, 132.13, 132.38, 19841411, 0.70313208589747, 0.681205031389044, 2.41631511869915, 0, 0, 0.794285908887758, 0.844685617865733, -0.0503997089779749, 132.258909090909, 131.805698924731, 133.709462365591, 133.709462365591
4/3/2017, 132.48, 132.81, 131.56, 132.3, 23700310, 0.71562051590742, 0.604686725145031, 2.32057094046041, 0, 0, 0.796557175221977, 0.835059929336982, -0.0385027541150047, 132.712909090909, 131.888086021505, 133.807023809524, 133.807023809524
4/4/2017, 131.9, 132.53, 131.87, 132.51, 13400022, 0.703665870815969, 0.806507147996923, 2.34625073133416, 0, 0, 0.806011219498401, 0.829250187369266, -0.0232389678708644, 132.812727272727, 132.023720430107, 133.910725961538, 133.910725961538
4/5/2017, 132.68, 133.48, 131.72, 131.97, 32011155, 0.737899722018132, 0.194347453550818, 1.99476129280296, 0, 0, 0.761155998125247, 0.815631349520462, -0.0544753513952152, 132.754727272727, 132.080881720429, 133.975062937063, 133.975062937063
4/6/2017, 132.12, 132.39, 131.7, 132.04, 18832193, 0.726761549522843, 0.460863504791346, 1.76028194172365, 0, 0, 0.722922921572206, 0.797089663930811, -0.0741667423586052, 132.585090909091, 132.104774193548, 134.038828584351, 134.038828584351
4/7/2017, 131.99, 132.37, 131.5, 131.97, 16743064, 0.723751725763783, 0.350398125694482, 1.70470027872937, 0, 0, 0.679145748528384, 0.773500880850326, -0.0943551323219414, 132.353636363636, 132.123354838709, 134.093906935908, 134.093906935908
4/10/2017, 132.11, 132.57, 131.66, 132.02, 15619276, 0.721768213047978, 0.475742040100031, 1.65316333897006, 0, 0, 0.641096444878343, 0.747019993655929, -0.105923548777586, 132.108363636364, 132.147913978494, 134.147787723785, 134.147787723785
4/11/2017, 131.86, 132.1, 130.5, 131.45, 33778359, 0.7495127235623, 0.344215784488995, 1.8232391694027, 0, 0, 0.558509709028584, 0.70931793673046, -0.150808227701876, 131.761818181818, 132.063161290322, 134.165395445134, 134.165395445134
4/12/2017, 131.45, 131.54, 130.78, 130.92, 15955195, 0.743944967435465, 0.0738669534753275, 1.73507994772344, 0, 0, 0.445161016165883, 0.656486552617545, -0.211325536451662, 131.364545454545, 131.996602150537, 134.151279678068, 134.151279678068
4/13/2017, 130.75, 131.51, 130.38, 130.4, 23683020, 0.752894259047688, -0.140454962469946, 1.36911451395815, 0, 0, 0.309800518724586, 0.587149345838953, -0.277348827114367, 130.904181818182, 131.823419354838, 134.107992957746, 134.107992957746
4/17/2017, 130.8, 131.5, 130.72, 131.48, 13325508, 0.751205816936626, 0.0410405971754959, 1.63762623098087, 0, 0, 0.28637220285205, 0.526993917241573, -0.240621714389523, 130.911818181818, 131.805720430107, 134.124417808219, 134.124417808219
4/18/2017, 131.01, 131.66, 130.95, 131.28, 12841087, 0.741774175581095, -0.0959113536555246, 1.48724101620636, 0, 0, 0.248798767876679, 0.471354887368594, -0.222556119491915, 130.883454545454, 131.740344086021, 134.128245094409, 134.128245094409
4/19/2017, 131.85, 132.29, 131.31, 131.49, 17764817, 0.741965990430997, 0.0771121096293283, 1.5005971315164, 0, 0, 0.233277714629565, 0.423739452820788, -0.190461738191223, 131.025272727272, 131.683397849462, 134.141967567567, 134.141967567567
4/20/2017, 132.04, 132.88, 131.82, 132.59, 21977910, 0.751437157234205, 0.166759524401862, 1.61614967708704, 0, 0, 0.306208197531333, 0.400233201762897, -0.0940250042315639, 131.494727272727, 131.775032258064, 134.211550877193, 134.211550877193
4/21/2017, 132.7, 132.76, 132.22, 132.56, 22454948, 0.734394991277904, 0.185871397147122, 1.55327443091714, 0, 0, 0.357464750260277, 0.391679511462373, -0.034214761202096, 131.934, 131.857591397849, 134.275440874914, 134.275440874914
4/24/2017, 134.02, 134.29, 133.8, 134.16, 22469948, 0.753829979439542, 0.716807663082561, 1.72626632306687, 0, 0, 0.521184673335597, 0.417580543837018, 0.103604129498579, 132.883636363636, 132.168731182795, 134.417022977023, 134.417022977023
4/25/2017, 134.58, 135.37, 134.48, 135.13, 19384398, 0.7557695444352, 0.929533562374435, 1.81980473152383, 0, 0, 0.720894759239741, 0.478243386917563, 0.242651372322178, 134.058909090909, 132.599741935483, 134.600197987666, 134.600197987666
4/26/2017, 135.17, 135.51, 134.86, 134.94, 25398542, 0.743076786813043, 1.7911791255339, 1.61507153023903, 0, 0, 0.853990755213175, 0.553392860576685, 0.30059789463649, 134.884909090909, 132.962602150537, 134.765, 134.765
4/27/2017, 135.28, 135.75, 135.19, 135.75, 16136538, 0.731545064691893, 1.76962239464402, 1.68129873764788, 0, 0, 1.01315154117287, 0.645344596695923, 0.367806944476951, 135.694363636363, 133.458688172042, 134.961518518518, 134.961518518518
4/28/2017, 136.28, 136.34, 135.77, 135.99, 22771946, 0.715434079015577, 2.00534029482092, 1.57196383510686, 0, 0, 1.14544957528747, 0.745365592414233, 0.400083982873239, 136.219272727272, 133.955677419354, 135.160382414935, 135.160382414935
5/1/2017, 136.46, 137.38, 136.38, 137.2, 24815525, 0.72432424478908, 2.20820087494063, 1.80591096901915, 0, 0, 1.3325725413284, 0.862806982197067, 0.469765559131336, 137.073272727272, 134.559182795698, 135.407922421393, 135.407922421393
5/2/2017, 137.38, 137.49, 137.02, 137.43, 18345071, 0.704056043555328, 2.21137953538786, 1.73389803240264, 0, 0, 1.48234042023421, 0.986713669804495, 0.495626750429714, 137.654727272727, 135.164322580644, 135.655146299484, 135.655146299484
5/3/2017, 137.14, 137.17, 136.62, 136.99, 23827550, 0.700565741751356, 1.7835668737787, 1.486961754903, 0, 0, 1.54768744307796, 1.09890842445919, 0.448779018618773, 137.790727272727, 135.544043010752, 135.870719887955, 135.870719887955
5/4/2017, 137.01, 137.43, 136.56, 137.04, 14630063, 0.69703718559831, 1.60713736037064, 1.48639691556161, 0, 0, 1.58523639324812, 1.19617401821698, 0.389062375031148, 137.863999999999, 135.942451612902, 136.078943912449, 136.078943912449
5/5/2017, 137.39, 137.54, 136.88, 137.54, 19330652, 0.683771100179386, 1.6881787077752, 1.72170304457679, 0, 0, 1.63647575428459, 1.2842343654305, 0.352241388854091, 137.861272727272, 136.341333333332, 136.300761828388, 136.300761828388
5/8/2017, 137.61, 137.84, 137.33, 137.84, 13279931, 0.66666847985156, 1.82434618300832, 1.72914703721634, 0, 0, 1.68190288040392, 1.36376806842518, 0.318134811978741, 138.010545454545, 136.749956989246, 136.526436781609, 136.526436781609
5/9/2017, 138.05, 138.63, 137.93, 138.32, 28426109, 0.65969421703009, 2.01201303976982, 1.79295872271883, 0, 0, 1.73661754752985, 1.43833796424612, 0.29827958328373, 138.318909090908, 137.186967741935, 136.763812563841, 136.763812563841
5/10/2017, 138.4, 138.45, 137.91, 138.4, 20499363, 0.645855916868656, 1.96393383415559, 1.91880722721916, 0, 0, 1.76607641724357, 1.50388565484561, 0.262190762397961, 138.442909090908, 137.639204301074, 136.994621722846, 136.994621722846
5/11/2017, 138.03, 138.33, 137.38, 138.29, 27232074, 0.650930189817708, 2.17298454675025, 1.6332181119095, 0, 0, 1.76025557252075, 1.55515963838064, 0.205095934140113, 138.502181818181, 138.074537634407, 137.210876678877, 137.210876678877
5/12/2017, 138.37, 138.63, 138.23, 138.6, 19738629, 0.631430585515125, 2.25637960938303, 1.89944267274921, 0, 0, 1.76036453380607, 1.59620061746572, 0.164163916340347, 138.577999999999, 138.524903225805, 137.371115995116, 137.431442904921
5/15/2017, 138.63, 139.12, 138.53, 139.04, 20481327, 0.61917768408211, 2.44143464831962, 1.93927024183148, 0, 0, 1.77548848314581, 1.63205819060174, 0.143430292544068, 138.905454545454, 138.985548387096, 137.55106959707, 137.661669004207
5/16/2017, 139.36, 139.64, 138.99, 139.62, 21785994, 0.609052728370131, 2.61574201940014, 2.14997324068989, 0, 0, 1.81337205048436, 1.66832096257826, 0.145051087906097, 139.378909090908, 139.471483870967, 137.757677655678, 137.907014413178
5/17/2017, 138.55, 138.77, 136.05, 136.07, 55642178, 0.724877966034289, 1.02879089656198, 1.04899100160534, 0, 0, 1.53919681634241, 1.64249613333109, -0.103299316988682, 138.418545454544, 139.473763440859, 137.818927960928, 137.993789473684
5/18/2017, 136.06, 137.72, 135.87, 137.26, 41319882, 0.750054186189505, 1.39216141753406, 1.19924559280096, 0, 0, 1.40177523043241, 1.59435195275136, -0.192576722318949, 137.929454545454, 139.568064516128, 137.930725274725, 138.125868421053
5/19/2017, 137.71, 138.42, 137.66, 137.84, 36730112, 0.751630990398671, 1.65273618623106, 1.27919931802256, 0, 0, 1.32440190551225, 1.54036194330353, -0.215960037791288, 137.728727272726, 139.706494623655, 138.062937728938, 138.276136168385
5/22/2017, 138.14, 139.07, 138.1, 139, 19509659, 0.752335071444066, 1.65549523643953, 1.36353402445576, 0, 0, 1.34122449247778, 1.50053445313838, -0.159309960660605, 137.972363636363, 139.950021505375, 138.242024420024, 138.467313275826
5/23/2017, 139.42, 139.42, 138.78, 139.14, 19687534, 0.736997600863798, 1.7396570604993, 1.34773882578985, 0, 0, 1.35028806354791, 1.47048517522029, -0.120197111672381, 138.29709090909, 140.169290322579, 138.411235653236, 138.656542980829
5/24/2017, 139.56, 139.85, 139.17, 139.78, 18323864, 0.722339060487762, 1.82513301584733, 1.51600525848727, 0, 0, 1.39305538488719, 1.45499921715367, -0.0619438322664778, 138.814181818181, 140.385827956988, 138.605741147741, 138.86381010101
5/25/2017, 140.32, 141.33, 140.01, 140.97, 23928591, 0.735405591127406, 1.82809149261558, 1.55937507081408, 0, 0, 1.50561604536799, 1.46512258279653, 0.0404934625714541, 139.64509090909, 140.664279569891, 138.831865689865, 139.109984158416
5/26/2017, 141, 141.28, 140.81, 141.22, 13851582, 0.714039228665692, 1.89286909851601, 1.61920789462514, 3.37594322300331, 0, 1.59658959935871, 1.49141598610897, 0.105173613249741, 140.478181818181, 140.874946236558, 139.061155067155, 139.356668608037
5/30/2017, 141.13, 141.51, 141.06, 141.34, 20306409, 0.693680408083773, 1.6281726288535, 1.70357899857023, 3.2928526724126, 0, 1.65924307215076, 1.52498140331733, 0.134261668833432, 141.297818181817, 141.103032258063, 139.281037851038, 139.598812107367
5/31/2017, 141.8, 141.84, 140.57, 141.29, 33229404, 0.704172619680321, 1.40913140140024, 1.67214112700548, 3.17989111818136, 0, 1.68543319388641, 1.55707176143114, 0.128361432455268, 142.090727272726, 141.247827956987, 139.491284493284, 139.830098954443
6/1/2017, 141.57, 141.9, 140.98, 141.84, 20120741, 0.698800916264107, 1.58001975641891, 2.3127760477152, 3.11112553879274, 0, 1.73061994802248, 1.59178139874941, 0.138838549273069, 142.272545454544, 141.411827956987, 139.714578754579, 140.073736263736
6/2/2017, 142.34, 143.49, 142.11, 143.46, 37222881, 0.713871642721009, 1.69153048425026, 2.3797417714596, 3.21478302315966, 0, 1.87553128020289, 1.64853137504011, 0.226999905162786, 142.937272727272, 141.787935483869, 140.013584859585, 140.369381850853
6/5/2017, 143.44, 143.68, 143.23, 143.43, 15727526, 0.694007003914929, 1.62748278281579, 2.45021422853038, 3.16462755536361, 0, 1.96529906148155, 1.71188491232839, 0.253414149153151, 143.369454545453, 142.08810752688, 140.324932844933, 140.653456180568
6/6/2017, 143.28, 143.73, 142.65, 142.86, 22393024, 0.699736478671022, 1.24694320619512, 2.27172067200972, 3.01383081483357, 0, 1.96776328827841, 1.7630605875184, 0.204702700760008, 143.531818181817, 142.352494623654, 140.601067155067, 140.906526479751
6/7/2017, 143.23, 143.54, 142.6, 143.42, 18842408, 0.69492494544551, 1.31214281448717, 2.32667628538723, 3.12486827707283, 0, 1.99194166211322, 1.80883680243736, 0.183104859675858, 143.70509090909, 142.696473118278, 140.894339438339, 141.171139993204
6/8/2017, 143.74, 143.8, 142.79, 143.57, 25417408, 0.694663431719756, 1.45759366526013, 2.21203321078323, 3.07956140236468, 0, 2.00015045458085, 1.84709953286606, 0.153050921714788, 143.824727272726, 142.993333333331, 141.159482295482, 141.431979983319
6/9/2017, 143.73, 143.9, 138.11, 139.98, 109783737, 0.88367043468642, 0.52775106893882, 1.21983669802397, 2.34485195601015, 0, 1.69740634093489, 1.81716089447983, -0.119754553544935, 142.735454545453, 142.833010752686, 141.248407814408, 141.555031941032
6/12/2017, 138.84, 139.48, 137.47, 139.23, 104453977, 0.934147655498347, 0.310445879870921, 1.06245195703268, 2.1992920727047, 0, 1.38104093746941, 1.72993690307774, -0.348895965608334, 141.491090909089, 142.566236559138, 141.312371184371, 141.646790540541
6/13/2017, 140.01, 140.56, 139.28, 140.36, 51193010, 0.927673904041629, 0.444290607748806, 1.23358617402102, 2.33474866624162, 0, 1.20758039700536, 1.62546560186327, -0.417885204857907, 140.769636363635, 142.502602150536, 141.413174603174, 141.77475505689
6/14/2017, 140.92, 140.93, 138.62, 139.75, 60093764, 0.967784570395127, 0.26060046843593, 1.14969646012864, 2.2102752989463, 0, 1.0092556955363, 1.50222362059787, -0.492967925061575, 139.880909090908, 142.35651612903, 141.484295482295, 141.876721006055
6/15/2017, 138.35, 139.28, 137.49, 139.13, 55145160, 1.00471141398033, 0.143295807270625, 1.01963689722594, 2.10905120368835, 0, 0.792912915803726, 1.36036147963904, -0.567448563835317, 138.971999999999, 142.087462365589, 141.52134065934, 141.953360793287
6/16/2017, 138.72, 138.78, 137.64, 138.15, 48087413, 1.01517353655975, -0.000883663991295046, 0.951438112114275, 1.8612524200228, 0, 0.536200904152253, 1.19552936454168, -0.659328460389432, 138.196363636362, 141.683591397848, 141.516026862027, 141.993299850075
6/19/2017, 139.45, 140.59, 139.28, 140.46, 39626533, 1.03541159669616, 0.30822678167477, 1.21967895354814, 1.92959523923761, 0, 0.513236212355196, 1.05907073410439, -0.545834521749191, 138.502363636362, 141.59898924731, 141.607665445665, 142.109946949602
6/20/2017, 140.31, 140.5, 139.31, 139.36, 40935078, 1.03410029584059, 0.0723396576618302, 1.06337231910421, 1.76115049387392, 0, 0.401645798983054, 0.92758574708012, -0.525939948097066, 138.476363636362, 141.375978494622, 141.651216117216, 142.18528900478
6/21/2017, 139.66, 140.81, 139.59, 140.74, 35743366, 1.02427601511246, 0.189803298796775, 1.2280105691275, 1.8740185988293, 0, 0.419725722421077, 0.826013742148312, -0.406288019727235, 139.229999999998, 141.350258064514, 141.755338217338, 142.303896880786
6/22/2017, 140.94, 141.22, 140.34, 140.7, 24099115, 1.00461105933605, 0.846720677456624, 1.31052277940617, 2.01866292418918, 0, 0.425916822295051, 0.74599435817766, -0.320077535882609, 140.145999999998, 141.309182795697, 141.863924297924, 142.417021008403
6/23/2017, 140.53, 141.42, 140.15, 141.24, 21654314, 0.995690578066783, 0.736734789271185, 1.46543857709055, 2.11670029666567, 0, 0.4689905692357, 0.690593600389268, -0.221603031153568, 140.687090909089, 141.314451612901, 141.996439560439, 142.543961432507
6/26/2017, 142, 142.29, 140.27, 140.58, 34411094, 1.02219213532398, 0.510275283717223, 1.45001658800948, 1.92387814787777, 0, 0.444743612346031, 0.64142360278062, -0.19667999043459, 140.781454545453, 141.237612903224, 142.107682539682, 142.645030483674
6/27/2017, 140.07, 140.22, 138.02, 138.03, 65957819, 1.08175600858257, -0.139322808063155, 0.898844767560301, 1.56073861526912, 0, 0.217259602106594, 0.556590802645815, -0.339331200539221, 140.147272727271, 140.853784946235, 142.0983003663, 142.659964014394
6/28/2017, 138.54, 140.14, 137.74, 140.02, 57427180, 1.09876476768619, 0.160768878183228, 1.15344106384511, 1.70630452497889, 0, 0.195301934800995, 0.484333029076851, -0.289031094275856, 140.205636363635, 140.7676344086, 142.181916971917, 142.737743246787
6/29/2017, 139.4, 139.44, 136.25, 137.59, 88769351, 1.19926295975615, -0.300009185704492, 0.783263247667916, 1.36500915808421, 0, -0.017973182715366, 0.383871786718408, -0.401844969433774, 139.285818181816, 140.133913978493, 142.166056166056, 142.735246451613
6/30/2017, 138, 138.67, 137.19, 137.64, 68898255, 1.19264938318226, -0.476080941805602, 0.655531802474219, 1.31704299062563, 0, -0.180875645923749, 0.270922300189976, -0.451797946113725, 138.271272727271, 139.576064516127, 142.148261294261, 142.733756190476
7/3/2017, 138.25, 138.43, 136.1, 136.19, 32797005, 1.23062227803911, -0.721244224182539, 0.474882421033517, 1.11939344631624, 0, -0.422114035663384, 0.132315033019304, -0.554429068682688, 137.245636363634, 138.870451612901, 142.050964590964, 142.686187976503
7/5/2017, 136.57, 137.9, 136.16, 137.53, 42116584, 1.22095924993702, -0.523374959480266, 0.440979460338912, 1.20102969675904, 0, -0.499413468813657, 0.00596933265271211, -0.505382801466369, 136.695818181816, 138.422838709675, 142.01326984127, 142.681011318898
7/6/2017, 136.47, 137.06, 135.8, 136.29, 48430476, 1.23393205196014, -0.68900711657884, 0.171220410797016, 1.01177682677923, 0, -0.653201760098767, -0.125864885897584, -0.527336874201183, 136.093454545453, 137.836709677417, 141.919601953602, 142.63707122093
7/7/2017, 136.74, 138.13, 136.74, 137.76, 36970402, 1.22650965006943, -0.539811645119479, 0.366575942733281, 1.07731923957953, 0, -0.648982310135835, -0.230488370745234, -0.418493939390601, 136.233636363634, 137.498150537632, 141.877001221001, 142.638776386404
7/10/2017, 137.84, 138.99, 137.5, 138.66, 24853545, 1.21134985521337, -0.646838570885526, 0.374876322036756, 1.11979193612732, 0, -0.566485791673273, -0.297687854930842, -0.268797936742431, 136.953090909089, 137.366150537632, 141.899626373626, 142.667231943629
7/11/2017, 138.44, 139.22, 137.94, 139.05, 31517660, 1.19358131878959, -0.585349209890867, 0.391613322662513, 1.07793797452538, 0, -0.464284977588107, -0.331007279462295, -0.133277698125813, 137.815999999998, 137.315204301073, 141.919343101343, 142.706138098543
7/12/2017, 140.21, 140.86, 139.96, 140.7, 36045799, 1.18492614256437, -0.265427076277054, 0.436361304503169, 1.23709810279932, 0, -0.247298186181354, -0.314265460806107, 0.066967274624753, 138.822363636361, 137.495612903224, 142.010459096459, 142.792898154477
7/13/2017, 140.85, 141.35, 140.6, 141.01, 31073595, 1.14979897061107, -0.298985196371109, 0.444747681448681, 1.20820556025359, 0, -0.0497467321027614, -0.261361715065438, 0.211614982962676, 140.18818181818, 137.716150537632, 142.101589743589, 142.886062170351
7/14/2017, 141.57, 142.3, 141.19, 142.12, 34544847, 1.12916194204597, -0.165931214114902, 0.619783967650589, 1.24580937651906, 0, 0.194143971031224, -0.170260577846105, 0.364404548877329, 141.397454545452, 138.115999999998, 142.22882051282, 143.009034825871
7/17/2017, 142.25, 142.69, 141.92, 142.19, 25343155, 1.09925220088188, 0.361197566455419, 0.621831526569469, 1.2473639773903, 0, 0.388598009429273, -0.0584888603910296, 0.447086869820303, 142.393818181816, 138.630924731181, 142.355716727716, 143.1303583878
7/18/2017, 142.06, 143.17, 141.64, 143.14, 25748527, 1.09080296857081, 0.621752619638458, 0.668091218373471, 1.39318014947041, 0, 0.612303047952764, 0.0756695212777291, 0.536633526675035, 143.180181818179, 139.272580645159, 142.517973137973, 143.275686990125
7/19/2017, 143.53, 144.19, 143.5, 143.98, 33752309, 1.06668051170415, 0.576772798719815, 0.724742907929784, 1.44555177254612, 0, 0.847601262773708, 0.230055869576925, 0.617545393196783, 144.145636363634, 139.984688172041, 142.720158730158, 143.441063154554
7/20/2017, 144.31, 144.44, 143.52, 144.17, 36139449, 1.04391778505518, 0.705005110868487, 0.690933619131223, 1.44683027531547, 0, 1.03744913748784, 0.391534523159108, 0.645914614328732, 144.576909090907, 140.751010752686, 142.926315018315, 143.607201543113
7/21/2017, 143.62, 144.11, 143.35, 144.11, 39697094, 1.02058528705736, 0.798885798036631, 0.674978143057382, 1.48630423262356, 0, 1.16958124289079, 0.547143867105444, 0.622437375785342, 144.851636363634, 141.514881720428, 143.113536019536, 143.76695991778
7/24/2017, 144.07, 144.87, 143.92, 144.77, 26712732, 0.997946525053146, 1.07306786781193, 0.759450794510282, 1.4089264780612, 0, 1.31242455917072, 0.700200005518499, 0.612224553652223, 145.187999999998, 142.119677419353, 143.338214896215, 143.940893617021
7/25/2017, 144.29, 144.74, 144.01, 144.4, 28120884, 0.976794200210158, 0.678309413116508, 0.682360702780488, 1.44742782250882, 0, 1.37986676355902, 0.836133357126604, 0.543733406432418, 145.14127272727, 142.596623655912, 143.535438339438, 144.099642393367
7/26/2017, 144.74, 144.95, 144.53, 144.87, 18610634, 0.943926474665765, 0.963783825759932, 0.683601302088744, 1.46701117088336, 0, 1.45447399761184, 0.959801485223652, 0.494672512388191, 145.295090909088, 143.175182795697, 143.737018315018, 144.267096424702
7/27/2017, 145.86, 145.96, 142.3, 143.96, 80665866, 1.02951720592934, 0.573464051261538, 0.515319494326626, 1.40300615047527, 0, 1.42375916391978, 1.05259302096288, 0.371166142956905, 144.969090909088, 143.56851612903, 143.891831501831, 144.404784382285
7/28/2017, 143.14, 144.08, 142.87, 143.84, 38013176, 1.02091790960309, 0.559769322112819, 0.993061717919068, 1.41559309093948, 0, 1.37389701029872, 1.11685381883005, 0.257043191468673, 144.662727272725, 143.878129032256, 143.988053724053, 144.535345785441
7/31/2017, 144.22, 144.43, 142.92, 143.23, 33848645, 1.02671500741076, 0.360824107797246, 0.771462695744979, 1.32690624495429, 0, 1.27051330577737, 1.14758571621951, 0.122927589557859, 144.065818181816, 144.014623655912, 144.066888888889, 144.645622106755
8/1/2017, 143.7, 143.76, 143.12, 143.56, 20149421, 0.995427493632425, 0.534665487368028, 0.738993197024822, 1.34843582756093, 0, 1.20136067909223, 1.15834070879406, 0.0430199702981768, 143.716181818179, 144.314215053761, 144.143628815629, 144.761724909142
8/2/2017, 144.45, 144.52, 142.61, 143.95, 41769667, 1.00943655739199, 1.18815070651114, 0.64485729408988, 1.32839708720945, 0, 1.16460166184217, 1.15959289940368, 0.00500876243849135, 143.646363636361, 144.569956989245, 144.233746031746, 144.885094686523
8/3/2017, 144.17, 144.17, 143.13, 143.39, 27112799, 0.998974634317236, 0.719695671018408, 0.556829256827344, 1.24682509151683, 0, 1.07785768351982, 1.14324585622691, -0.0653881727070837, 143.422727272724, 144.817032258062, 144.294293040293, 144.990096136405
8/4/2017, 143.65, 143.97, 143.06, 143.65, 29472909, 0.97898241680481, 1.54260333502038, 0.509060223644762, 1.3081189239924, 0, 1.01835333943799, 1.11826735286912, -0.0999140134311312, 143.319454545452, 145.077333333331, 144.374788766789, 145.099073825503
8/7/2017, 143.89, 144.56, 143.71, 144.56, 17933942, 0.955653589964793, 1.73493519809906, 0.472932428094542, 1.31022530319939, 0, 1.03272055316944, 1.10115799292919, -0.0684374397597476, 143.687636363633, 145.470064516126, 144.499819291819, 145.22907196468
8/8/2017, 144.27, 145.47, 143.9, 144.31, 30810364, 0.96384047409774, 2.25564504608762, 0.410813051161808, 1.29483342501464, 0, 1.01226500206823, 1.083379394757, -0.0711143926887641, 143.906909090906, 145.765655913976, 144.609792429792, 145.349044963402
8/9/2017, 143.14, 144.19, 142.79, 144.12, 36169473, 0.969589424619711, 1.8933990735267, 0.37237727723732, 1.31129060856472, 0, 0.969546094486731, 1.06061273470294, -0.091066640216213, 144.159454545452, 145.843075268814, 144.700786324786, 145.460851393189
8/10/2017, 143.33, 143.4, 140.89, 141.03, 63331663, 1.05580632831584, 1.07733563977136, 7.57118560592032E-05, 0.949393076325951, 0, 0.67853218006266, 0.984196623774887, -0.305664443712227, 143.203454545452, 145.62180645161, 144.646332112332, 145.489651982005
8/11/2017, 141.24, 142.41, 140.9, 142.1, 45862488, 1.0485949905578, 1.00267565467092, 0.0606573208890779, 1.28103185069028, 0, 0.528153390356465, 0.892987977091203, -0.364834586734738, 142.752909090906, 145.367784946234, 144.63692063492, 145.544861332216
8/14/2017, 143.23, 144.15, 143.19, 143.93, 34161024, 1.0547146581696, 1.14488879013731, 0.084152332704842, 1.35115481683043, 0, 0.550299314200828, 0.824450244513128, -0.2741509303123, 142.907454545451, 145.320193548384, 144.688476190476, 145.645146401985
8/15/2017, 144.22, 144.3, 143.64, 144.03, 25509181, 1.02419514485061, 1.08146609978653, 0.0989023860041911, 1.39658938246564, 0, 0.569356099956934, 0.773431415601889, -0.204075315644955, 143.124363636361, 145.14804301075, 144.737196581196, 145.745284174424
8/16/2017, 144.37, 144.96, 143.8, 144.28, 31913002, 1.01149906693368, 0.818526005466223, 0.19247342756671, 1.39209428788041, 0, 0.597741261447226, 0.738293384770957, -0.140552123323731, 143.479999999997, 145.046365591395, 144.786505494505, 145.849065548658
8/17/2017, 143.73, 143.94, 141.33, 141.33, 70190975, 1.08534728018349, 0.0791383859023564, -0.195739404683741, 1.04806704696005, 0, 0.377840846529978, 0.666202877122761, -0.288362030592783, 142.686545454542, 144.444172043008, 144.698957264957, 145.876140434679
8/18/2017, 141.43, 142.2, 140.65, 141.23, 60751940, 1.08668501418194, -0.151932224477371, -0.223027475053061, 0.96096901853974, 0, 0.193271110095907, 0.57161652371739, -0.378345413621483, 142.022909090906, 143.894774193546, 144.58755067155, 145.899691037736
8/21/2017, 141.23, 141.53, 140.18, 141.05, 37111487, 1.08152356132768, -0.199861001541871, 0.158139025929348, 0.88435197951977, 0, 0.0321036971051569, 0.463713958394943, -0.431610261289786, 141.611090909088, 143.360150537631, 144.449333333333, 145.917837732919
8/22/2017, 141.8, 143.35, 141.76, 143.2, 36294232, 1.09232858525842, 0.0304288218773343, 0.492483768936875, 1.04396019553843, 0, 0.0769770493533599, 0.386366576586627, -0.309389527233267, 142.083454545451, 143.108903225803, 144.386119658119, 145.988086036347
8/23/2017, 142.5, 143.01, 142.38, 142.69, 25702324, 1.07015474622297, -0.210943206389256, 0.30237908116752, 1.00538169531919, 0, 0.0705732421477876, 0.323207909698859, -0.252634667551071, 142.402181818179, 142.876172043008, 144.315235653235, 146.043927895175
8/24/2017, 143.03, 143.17, 141.47, 142.27, 38160803, 1.07939384059625, -0.319817832349739, 0.326051518232489, 0.974291755597472, 0, 0.0312474873041424, 0.264815825219916, -0.233568337915773, 142.035818181815, 142.597978494621, 144.213335775335, 146.087948526111
8/25/2017, 142.8, 143.18, 141.78, 141.97, 26380436, 1.07689718684614, -0.362842326517443, 0.365426998446083, 0.926166589621826, 0, -0.0238510099358109, 0.20708245818877, -0.230933468124581, 141.712181818178, 142.347591397846, 144.094937728937, 146.123372505543
8/28/2017, 142.41, 142.74, 141.95, 142.41, 15362141, 1.04762824896931, -0.402438460201834, 0.537428035362303, 1.01993548184759, 0, -0.0316478267484683, 0.159336401201323, -0.190984227949791, 141.913636363633, 142.158666666663, 144.012539682539, 146.168212486309
8/29/2017, 141.18, 143.21, 141.06, 142.97, 24498333, 1.06653914799562, -0.234612170340279, 0.335796381274928, 1.06289540346398, 0, 0.00727657975727425, 0.128924436912513, -0.121647857155239, 142.411454545451, 142.102709677416, 143.946759462759, 146.225083327321
8/30/2017, 143.11, 144.89, 143, 144.65, 33642716, 1.06781159273755, -0.0168009281786465, 0.669556179571971, 1.20937216168136, 0, 0.171707079671961, 0.137480965464403, 0.0342261142075585, 143.597454545451, 142.317010752685, 143.982344322344, 146.320252352438
8/31/2017, 145.03, 146.21, 144.98, 146.2, 38480747, 1.05701778074564, 0.392533130950272, 0.681969496048932, 1.33100558637799, 0, 0.422224342229924, 0.194429640817507, 0.227794701412417, 144.708727272724, 142.736322580642, 144.099553113553, 146.449635108481
9/1/2017, 146.36, 146.59, 145.61, 146, 22293553, 1.0391041066285, 0.379468164972292, 0.663051404357527, 1.37085102078256, 0, 0.597732461416598, 0.275090204937325, 0.322642256479273, 145.465272727269, 143.113161290319, 144.195687423687, 146.571273233554
9/5/2017, 145.55, 145.88, 143.6, 144.69, 45480562, 1.07902232075039, 0.260617342911174, 0.438301998639996, 1.3004552464424, 0, 0.623925632159256, 0.344857290381711, 0.279068341777545, 145.473090909087, 143.355591397846, 144.244456654456, 146.659481940145
9/6/2017, 145.06, 145.46, 144.08, 145.13, 30722723, 1.06950701171298, 0.277753774436879, 0.57067930933287, 1.39118310660821, 0, 0.672436798613916, 0.410373192028152, 0.262063606585763, 145.86436363636, 143.629698924728, 144.311242979243, 146.755713994288
9/7/2017, 145.4, 145.84, 144.94, 145.47, 22721131, 1.04459115267347, 0.269055276012594, 0.97018728359567, 1.3215370449624, 0, 0.729903532461748, 0.474279260114871, 0.255624272346876, 146.165818181814, 143.97356989247, 144.413084249084, 146.857456647399
9/8/2017, 145.28, 145.35, 144.06, 144.21, 27890115, 1.04991915422259, 0.153847435740247, 0.564763301006331, 1.2225422125211, 0, 0.66609651730019, 0.512642711551935, 0.153453805748255, 145.79636363636, 144.093032258061, 144.458901098901, 146.927893163245
9/11/2017, 145.3, 146.12, 145.3, 145.87, 27126332, 1.05154177808266, 0.366951305411901, 1.13288473061637, 1.33570957564262, 0, 0.740936075024905, 0.558301384246529, 0.182634690778376, 145.834545454541, 144.413505376341, 144.562534798535, 147.034379638752
9/12/2017, 146.25, 146.41, 145.53, 146.22, 30256661, 1.02666515668494, 0.28066873692276, 1.17126972612036, 1.26639344764608, 0, 0.819047568113774, 0.610450621019978, 0.208596947093796, 145.868909090905, 144.724623655911, 144.676073260073, 147.146309090909
9/13/2017, 145.95, 146.44, 145.73, 146.42, 28450864, 0.998244981901023, 0.351184703360336, 1.43320519104078, 1.28650507277846, 0, 0.886866571894387, 0.66573381119486, 0.221132760699527, 145.876545454541, 145.063827956986, 144.80273992674, 147.260163713405
9/14/2017, 145.85, 146.29, 145.47, 145.56, 35296413, 0.986568279317466, 0.245560798319461, 1.13256851064125, 1.06823818528022, 0, 0.861290388851899, 0.704845126726268, 0.156445262125631, 145.734909090905, 145.301462365588, 144.891975579975, 147.352142449057
9/15/2017, 145.56, 146.59, 145.29, 146.06, 46422402, 0.978533717654237, 0.92771430508161, 1.40261944500582, 1.02318470888408, 0, 0.871322833603756, 0.738140668101765, 0.133182165501991, 146.026363636359, 145.554817204298, 145.008078144078, 147.453100872513
9/18/2017, 145.88, 146.37, 145.11, 145.55, 24858157, 0.976148423638261, 0.644769315631961, 1.13408990065991, 0.995747478003907, 0, 0.828569645490774, 0.756226463579567, 0.0723431819112066, 146.109272727268, 145.74356989247, 145.097995115995, 147.540433891993
9/19/2017, 145.81, 146.01, 145.31, 145.8, 20871237, 0.949756398542671, 0.372811815449268, 1.0432779283918, 0.943643631888529, 0, 0.805574188758499, 0.766096008615353, 0.0394781801431452, 146.041090909087, 146.0124516129, 145.191157509158, 147.631229588705
9/20/2017, 145.75, 145.91, 144.23, 145.35, 34236155, 0.962853517455421, 0.267711388636642, 0.921204257109627, 0.881281423300154, 0, 0.742480036745945, 0.761372814241472, -0.0188927774955264, 145.844909090905, 146.19956989247, 145.266036630037, 147.710061319896
9/21/2017, 145.25, 145.26, 143.95, 144.46, 28841835, 0.968802580811561, 0.0521794338689161, 0.56643139122464, 0.692715047490153, 0, 0.613588834607924, 0.731816018314762, -0.118227183706838, 145.397272727268, 146.254387096771, 145.306844932845, 147.767632858945
9/22/2017, 144, 144.53, 143.85, 144.32, 21702401, 0.944814022885506, 0.697849989712674, 0.501313727500609, 0.659168190115119, 0, 0.49444514250996, 0.684341843153802, -0.189896700643842, 144.704363636359, 146.083247311824, 145.350451770452, 147.820724637681
9/25/2017, 143.75, 143.83, 142.1, 142.8, 54947712, 0.98485841592223, 0.355118935702619, 0.121585092838297, 0.561529553847066, 0, 0.274210681265004, 0.602315610776042, -0.328104929511039, 143.812363636359, 145.769354838706, 145.245284493285, 147.839690364278
9/26/2017, 143.51, 143.8, 142.67, 143.17, 29628806, 0.972661121072919, 0.473370347186784, 0.163972578342594, 0.589261748258751, 0, 0.128053075659835, 0.507463103752801, -0.379410028092966, 143.285636363632, 145.619892473115, 145.177804639805, 147.865891891892
9/27/2017, 143.93, 145, 143.57, 144.46, 33249403, 0.979116004906614, 0.303893256586816, 0.20964929322252, 0.653332035781838, 0, 0.114988819693821, 0.428968246941005, -0.313979427247184, 143.410909090905, 145.645677419351, 145.175272283272, 147.918783853718
9/28/2017, 144.14, 144.56, 143.78, 144.41, 24149422, 0.957488699988706, 0.413309795428418, 0.0851630376175946, 0.621873700564533, 0, 0.0994542736270887, 0.363065452278222, -0.263611178651133, 143.453818181814, 145.679010752684, 145.191482295482, 147.969295710548
9/29/2017, 144.7, 145.56, 144.32, 145.45, 43102366, 0.945736651819186, 0.738720528687852, 0.2023087002942, 0.666461980118317, 0, 0.169112913903859, 0.324274944603349, -0.15516203069949, 144.018727272723, 145.646795698921, 145.2523003663, 148.040493076664
10/2/2017, 145.67, 146.17, 144.93, 145.58, 27351260, 0.940235789303101, 0.841193641145914, 0.228580105609719, 0.670383563187499, 0, 0.232131929346849, 0.305846341552049, -0.0737144122052001, 144.559818181814, 145.597827956985, 145.328400488401, 148.112780840992
10/3/2017, 145.74, 146.06, 145.45, 145.89, 19715152, 0.912232160507288, 0.810676593698507, 0.179991570885005, 0.706764834308805, 0, 0.303589768462047, 0.305395026934049, -0.00180525847200219, 145.256363636359, 145.548129032254, 145.440246642247, 148.189894185726
10/4/2017, 145.6, 146.34, 145.47, 146.03, 26381099, 0.895578116836183, 0.716294433316704, 0.25108262718003, 0.690942051057232, 0, 0.367283633655319, 0.317772748278303, 0.0495108853770161, 145.906363636359, 145.628301075265, 145.560163614164, 148.268188808901
10/5/2017, 146.54, 147.54, 146.41, 147.46, 31562353, 0.893748872789288, 0.665842564031466, 0.376651959988195, 0.768734243058429, 0, 0.527074740189562, 0.359633146660555, 0.167441593529007, 146.835272727268, 145.837655913974, 145.741731379731, 148.374304296201
10/6/2017, 146.97, 147.66, 146.96, 147.66, 23561069, 0.871614508617316, 0.371550418300628, 0.532758110352167, 0.734563430976083, 0, 0.662215068782615, 0.420149531084967, 0.242065537697648, 147.641636363632, 146.013612903222, 145.926446886447, 148.482301693286
10/9/2017, 147.86, 148.01, 147.3, 147.49, 13704835, 0.853057620349252, 0.379527103043693, 0.526301487778742, 1.09408376701313, 0, 0.746986379574508, 0.485516900782875, 0.261469478791633, 147.903090909086, 146.113225806448, 146.111286935287, 148.584567803331
10/10/2017, 147.98, 148.14, 146.95, 147.6, 19223092, 0.850112432276732, 0.777191696476573, 0.628939900198748, 0.994731755948444, 0, 0.813664912194099, 0.55114650306512, 0.262518409128979, 148.020727272723, 146.220516129028, 146.332796092796, 148.686934065934
10/11/2017, 147.53, 148.07, 147.34, 148.04, 12439051, 0.829861964697671, 0.775042358780818, 0.642189279364426, 0.978948442026467, 0, 0.891733108267061, 0.619263824105508, 0.272469284161553, 148.306727272723, 146.387483870964, 146.569838827839, 148.796082047032
10/12/2017, 147.84, 148.35, 147.62, 147.77, 14513477, 0.814509893693923, 0.613429852414019, 0.55087129761494, 0.847980263878547, 0, 0.921196987147397, 0.679650456713886, 0.241546530433511, 148.294181818177, 146.599483870963, 146.779035409036, 148.897551145978
10/13/2017, 148.4, 148.51, 147.78, 148.34, 18409888, 0.795753813142736, 1.16497553595241, 0.707816306334001, 0.884920419879738, 0, 0.979253336843982, 0.739571032739905, 0.239682304104077, 148.503272727268, 146.967010752684, 147.021995115995, 149.008356936196
10/16/2017, 148.7, 148.89, 148.39, 148.85, 21809410, 0.771850954716249, 0.91970073657308, 0.739572168649552, 0.870151774601256, 0, 1.05426325940576, 0.802509478073076, 0.251753781332682, 148.756909090904, 147.372107526877, 147.286976800977, 149.127092964824
10/17/2017, 148.79, 149.06, 148.57, 149.04, 13138157, 0.748762170417593, 0.871327981391097, 0.64205649910554, 0.778610545157182, 0, 1.11617401629144, 0.865242385716748, 0.25093163057469, 148.959818181813, 147.695591397845, 147.476617826618, 149.247229850746
10/18/2017, 149.21, 149.21, 148.64, 148.86, 17218243, 0.73132969357172, 0.752869709457623, 0.65289712717672, 0.738831934603399, 1.74684609425771, 1.13760068887947, 0.919714046349293, 0.21788664253018, 148.956727272723, 147.99750537634, 147.635086691087, 149.361428008473
10/19/2017, 148.02, 148.33, 147.27, 148.31, 27680285, 0.750943640184964, 0.871905683453918, 0.60296180076146, 0.677309018684652, 1.6750795504996, 1.09754921368341, 0.955281079816116, 0.142268133867291, 148.895272727268, 148.228236559135, 147.78757020757, 149.462546456616
10/20/2017, 148.91, 149.04, 148.53, 148.71, 30173268, 0.736021980445433, 0.841022850001279, 1.21869670277811, 0.717582864651446, 1.65381484591288, 1.08557100133683, 0.981339064120259, 0.104231937216572, 148.965636363632, 148.407397849458, 147.938158730159, 149.569455230368
10/23/2017, 149.01, 149.03, 147.53, 147.74, 29297126, 0.7545765349698, 0.676762641501426, 0.897858611960007, 0.577374829700457, 1.53453147286516, 0.986436265152634, 0.982358504326734, 0.00407776082589917, 148.609636363632, 148.545118279565, 148.026004884005, 149.655361549498
10/24/2017, 148, 148.3, 147.44, 147.99, 20289467, 0.744692752298239, 0.675665812996351, 0.671878949493868, 0.453406206243006, 1.52255484092325, 0.917468181074952, 0.969380439676378, -0.051912258601426, 148.348363636359, 148.725827956985, 148.096693528694, 149.744355671324
10/25/2017, 147.7, 148.18, 146.33, 147.43, 36179124, 0.77288697274629, 0.641018771520607, 0.564321004731145, 0.404988664573417, 1.47379619023344, 0.808305514848001, 0.937165454710703, -0.128859939862701, 147.960363636359, 148.837397849458, 148.187028083028, 149.820757000141
10/26/2017, 147.36, 147.71, 146.92, 146.96, 28230199, 0.763468903595444, 0.795719475236639, 0.448415665688384, 0.41571473499303, 1.42665114662737, 0.67607487304798, 0.884947338378158, -0.208872465330178, 147.389272727268, 148.825483870963, 148.227267399267, 149.886564938685
10/27/2017, 149.33, 151.52, 149.2, 151.24, 60165127, 0.855523806987352, 1.344750943905, 1.46827261738289, 0.70332388517172, 1.59166604912338, 0.906195311830885, 0.889196933068704, 0.0169983787621812, 148.454909090904, 149.380924731178, 148.479692307692, 150.03269874862
10/30/2017, 151.08, 152.19, 150.99, 151.58, 31733386, 0.850507649692101, 1.82865569443349, 1.53256142915455, 0.718193915447103, 1.58327788192688, 1.103284597922, 0.932014466039363, 0.171270131882636, 149.581818181813, 149.912086021501, 148.738398046398, 150.182571428572
10/31/2017, 152.04, 152.37, 151.63, 152.15, 26319327, 0.830916543301428, 1.86264625775271, 1.64085398633462, 1.13677565448599, 1.63460318978991, 1.29059632237605, 1.0037308373067, 0.286865485069347, 150.794727272722, 150.493333333328, 149.026048840049, 150.340452719477
11/1/2017, 152.75, 152.83, 151.5, 152.1, 29481569, 0.8333514428675, 1.6083745908998, 1.3688782655684, 1.20697676741225, 1.61685370131, 1.41865426806081, 1.08671552345752, 0.331938744603285, 151.784727272722, 150.9972688172, 149.288854700855, 150.494501922561
11/2/2017, 151.92, 151.99, 150.77, 151.81, 31017426, 0.837000966584146, 1.55288185290213, 1.41044704541407, 1.07873441924014, 1.60568535710829, 1.47968366404675, 1.16530915157537, 0.31437451247138, 152.387818181813, 151.361526881716, 149.473877899878, 150.640302949774
11/3/2017, 152.39, 153.29, 151.84, 153.27, 26199249, 0.835857381746475, 1.6040744090566, 1.67131185770754, 1.2586233217541, 1.65449280130939, 1.62710346245117, 1.25766801375053, 0.369435448700647, 153.384363636359, 151.854279569888, 149.756847374847, 150.810662103462
11/6/2017, 153.13, 153.85, 153.1, 153.79, 28693919, 0.815763494734821, 1.67985818694424, 1.79750045558647, 1.36490469067172, 1.67320683789046, 1.76554229638683, 1.35924287027779, 0.406299426109039, 154.117818181813, 152.253935483866, 149.99884004884, 150.98761790915
11/7/2017, 153.67, 154.08, 153.34, 153.88, 21333062, 0.798566769317031, 1.63116779902569, 1.74227270496432, 1.4744241689931, 1.63038276844616, 1.86106511731774, 1.45960731968578, 0.401457797631959, 154.602363636359, 152.618774193543, 150.23400976801, 151.163087855297
11/8/2017, 153.81, 154.54, 153.62, 154.5, 17373517, 0.785367519348734, 1.72269475768689, 1.74422020377324, 1.33371007300252, 1.59182043134969, 1.96415490445943, 1.56051683664051, 0.403638067818926, 154.867818181813, 153.079182795694, 150.452161172161, 151.346848864994
11/9/2017, 153.26, 153.77, 152.11, 153.69, 40594482, 0.827785266786456, 1.27336613127116, 1.38892251942643, 1.37390219827457, 1.54149972423556, 1.95792433991846, 1.6399983372961, 0.317926002622364, 154.373818181813, 153.368709677414, 150.65126984127, 151.512551050607
11/10/2017, 153.36, 153.8, 153.06, 153.68, 20150762, 0.810523176534292, 1.22860736192, 1.17328048688094, 1.24700150742204, 1.52672859203411, 1.9299325945953, 1.69798518875594, 0.23194740583936, 154.365272727268, 153.666430107522, 150.810547008547, 151.675142641699
11/13/2017, 153.12, 154.07, 153.1, 153.87, 12522399, 0.800566333146815, 1.30565444379639, 1.2352671199872, 1.26808123778715, 1.60098366344853, 1.90116490131251, 1.73862113126725, 0.162543770045258, 154.357272727268, 153.943827956984, 150.998056166056, 151.838314653383
11/14/2017, 153.31, 153.5, 152.57, 153.31, 25173763, 0.805713812518658, 1.15787552911163, 1.38818427329026, 1.16390069239681, 1.58759766535131, 1.81228804872558, 1.75335451475892, 0.0589335339666581, 154.144909090904, 154.117354838704, 151.169284493284, 151.988510900864
11/15/2017, 152.61, 153, 151.78, 152.59, 24808004, 0.819174161920006, 0.913062886746643, 1.19559568182752, 1.16354957642142, 1.5009400784139, 1.66456643432014, 1.73559689867116, -0.0710304643510264, 153.610545454541, 154.160989247306, 151.306974358974, 152.123117280176
11/16/2017, 153.38, 154.89, 153.33, 154.54, 34790570, 0.842810250414164, 1.28199020017169, 1.38972307577214, 1.62379622985158, 1.59121782213853, 1.68541626423814, 1.72556077178456, -0.0401445075464162, 153.665090909086, 154.505053763435, 151.55664957265, 152.290232295076
11/17/2017, 154.58, 154.69, 153.8, 153.95, 28725800, 0.832643723897724, 1.05499281833654, 1.52788482899635, 1.38893866701054, 1.53978954969898, 1.63547905104869, 1.70754442763739, -0.0720653765886945, 153.658909090904, 154.741913978489, 151.777284493285, 152.443947789878
11/20/2017, 154.08, 154.2, 153.61, 153.83, 21143944, 0.81080560507932, 0.936925176577837, 1.28001839595364, 1.68399627519505, 1.52487813455516, 1.56814386634417, 1.67966431537874, -0.11152044903457, 153.678181818177, 154.911634408597, 152.007860805861, 152.592867857143
11/21/2017, 154.56, 155.57, 154.49, 155.5, 20147763, 0.817941575034624, 1.16554962290622, 1.44338472814334, 1.82075530831223, 1.57058013367086, 1.63073716760024, 1.66987888582304, -0.0391417182227984, 154.290181818177, 155.259677419349, 152.304412698413, 152.768698525074
11/22/2017, 155.63, 155.84, 155.34, 155.69, 17299040, 0.792153761782965, 1.23506226661288, 1.44001965146071, 2.02341208045533, 1.56735361384349, 1.676350299153, 1.67117316848903, 0.00517713066396563, 155.00345454545, 155.610193548381, 152.62063003663, 152.944884799813
11/24/2017, 155.86, 156.31, 155.76, 156.26, 8280586, 0.769639691625435, 1.45005804692008, 1.68127977524688, 1.94604738216525, 1.56752542879177, 1.73845346149031, 1.68462922708929, 0.0538242344010191, 155.686727272722, 155.965677419349, 152.971235653236, 153.128070948296
11/27/2017, 156.2, 156.56, 155.83, 156.19, 22653389, 0.754854365213655, 1.36091347037241, 1.59078765363851, 2.09895466542387, 1.54003708437756, 1.76171430421624, 1.70004624251468, 0.061668061701561, 156.203636363631, 156.295505376338, 153.314007326007, 153.306964299395
11/28/2017, 156.52, 156.69, 155.7, 156.59, 25227320, 0.746891041174946, 1.65661650471252, 1.74329448276952, 1.99452144805783, 1.51878662967004, 1.7917709268167, 1.71839117937508, 0.0733797474416127, 156.759818181813, 156.659440860209, 153.664124542124, 153.489804063034
11/29/2017, 156.45, 156.45, 153.12, 153.86, 71986338, 0.834901109649718, 0.981575493017849, 1.18275001170819, 1.57031454855503, 1.34094263402882, 1.57712274307838, 1.69013749211574, -0.113014749037365, 156.112545454541, 156.639720430102, 153.900432234432, 153.622431394692
11/30/2017, 154.46, 155.45, 154.15, 155.15, 56595465, 0.837802065705254, 1.27769407774508, 1.41903303477174, 1.64360053107913, 1.35668680726548, 1.49388416330532, 1.65088682635366, -0.157002663048334, 155.736909090904, 156.740580645155, 154.178246642247, 153.774979101359
12/1/2017, 154.19, 155.24, 152.26, 154.49, 59015828, 0.895758566699863, 1.24681401072117, 1.46720666839057, 1.42062979580443, 1.32633527075164, 1.35899485820326, 1.59250843272358, -0.233513574520319, 155.383636363632, 156.680451612897, 154.42978021978, 153.913658428297
12/4/2017, 155.47, 155.63, 152.56, 152.71, 51319146, 0.961406940743819, 0.315231464100905, 1.19729033900555, 1.19725131643642, 1.20267696579689, 1.09583093132045, 1.49317293244295, -0.397342001122504, 154.300181818177, 156.381268817198, 154.576236874237, 154.019631341477
12/5/2017, 152.64, 154.55, 152.1, 152.81, 40604211, 0.992903810123286, 0.266423488658338, 1.47419010819479, 1.09787287319176, 1.17297630878927, 0.885137473719169, 1.3715658406982, -0.486428366979027, 153.294909090904, 156.004301075263, 154.717987789988, 154.125455173668
12/6/2017, 152.26, 153.74, 152.06, 153.5, 28647769, 0.993741691620146, 0.289008939946133, 1.51250321052532, 1.15512861408267, 1.2018579671925, 0.765019950256914, 1.25025666260994, -0.485236712353026, 152.917636363631, 155.698838709671, 154.869772893773, 154.241111792283
12/7/2017, 153.49, 154.46, 153.33, 154.02, 32666207, 0.977550851710867, 0.402209670532659, 1.4100119924051, 1.11025242402475, 1.2541458733254, 0.703674084863366, 1.14094014706063, -0.43726606219726, 152.867090909086, 155.386473118274, 155.044097680098, 154.363551812916
12/8/2017, 155.1, 155.53, 154.46, 154.7, 28081666, 0.973395365685083, 0.594499376406815, 1.5107049409037, 1.09041143541284, 1.27131788769339, 0.701837021265987, 1.0531195219017, -0.35128250063571, 153.256545454541, 155.086537634403, 155.24915018315, 154.495330638585
12/11/2017, 154.76, 155.95, 154.76, 155.9, 20821528, 0.957697562013523, 0.545110297372462, 1.52030688546996, 1.17891464559284, 1.31506041151773, 0.788126079458721, 1.0001208334131, -0.211994753954382, 154.131636363631, 155.17425806451, 155.486336996337, 154.644957279983
12/12/2017, 155.81, 156.15, 155.36, 155.69, 20310252, 0.936410799807391, 0.39855429951814, 1.46951484123228, 1.16490664745549, 1.32812816835541, 0.829997836396558, 0.966096234009794, -0.136098397613236, 155.029999999995, 155.227935483865, 155.710957264957, 154.788646443515
12/13/2017, 156.28, 156.49, 155.76, 155.99, 24418479, 0.913522069048735, 0.439924963488778, 1.46524660059571, 1.12769079370831, 1.27010921985359, 0.877276303098284, 0.948332247827492, -0.0710559447292074, 155.535090909086, 155.331161290317, 155.960092796093, 154.934955739973
12/14/2017, 156.28, 156.66, 155.71, 155.88, 24594682, 0.898930537422161, 0.294244453095818, 1.42806272067824, 1.15589881530198, 1.30343209346637, 0.895545457316501, 0.937774889725294, -0.0422294324087924, 156.143999999995, 155.392322580639, 156.190490842491, 155.077073488564
12/15/2017, 156.49, 157.82, 156.23, 157.65, 49816151, 0.905924691181085, 0.784109627436329, 1.45201307019558, 1.26050796150726, 1.36453325409246, 1.04084983219039, 0.958389878218313, 0.0824599539720763, 157.19254545454, 155.634344086015, 156.485560439561, 155.24595959596
12/18/2017, 158.29, 158.77, 158.07, 158.64, 26844519, 0.890557716757837, 0.964691481191391, 1.5488480150154, 1.44616806111043, 1.42421422400193, 1.22180511356237, 1.01107292528712, 0.210732188275244, 158.054727272722, 156.061634408596, 156.745326007326, 155.428359981111
12/19/2017, 158.34, 158.5, 157.26, 157.7, 31414968, 0.894826711332531, 0.734932820224259, 1.43218471069502, 1.36579989232511, 1.39086305226565, 1.27466973442574, 1.06379228711485, 0.210877447310895, 158.288727272722, 156.369677419349, 156.974879120879, 155.592580461693
12/20/2017, 158.25, 158.28, 156.91, 157.53, 38972602, 0.894486534363506, 0.815777032368406, 1.3921362744765, 1.41494270213003, 1.37027437267642, 1.2880004802939, 1.10863392575066, 0.179366554543244, 158.335272727267, 156.636924731177, 157.22623931624, 155.751447486312
12/21/2017, 157.73, 158.25, 157.37, 157.55, 18638679, 0.877581977596756, 0.971828281600238, 1.33262040705156, 1.38353538464572, 1.36566135742274, 1.28536217030123, 1.14397957466077, 0.141382595640454, 158.272909090904, 156.92449462365, 157.470732600733, 155.908128764689
12/22/2017, 157.31, 157.43, 156.95, 157.37, 23330440, 0.853719822976746, 0.592778703420239, 1.34805483118216, 1.32741413894432, 1.32781390918409, 1.25428814201291, 1.1660412881312, 0.0882468538817105, 158.091818181813, 157.115548387091, 157.703008547009, 156.059444299334
12/26/2017, 156.53, 156.72, 155.95, 156.52, 21918720, 0.860799860176068, 0.53788515728665, 1.14420930227051, 1.3032075755827, 1.27457410990332, 1.14784224358743, 1.16240147922245, -0.0145592356350133, 157.711454545449, 157.174344086015, 157.822984126984, 156.19474931986
12/27/2017, 156.52, 156.96, 156.39, 156.54, 22388186, 0.835861597093524, 0.567004589394638, 1.07626774408086, 1.27884776480263, 1.29356025728317, 1.05295907822745, 1.14051299902345, -0.0875539207960012, 157.262181818176, 157.23002150537, 157.930483516484, 156.328223614458
12/28/2017, 157.05, 157.07, 156.54, 156.73, 25393825, 0.810013945566065, 0.277918783685784, 1.07496457754561, 1.20851044292653, 1.25990776893611, 0.981777577410071, 1.10876591470077, -0.126988337290701, 156.892181818176, 157.255247311822, 158.031072039072, 156.462603665339
12/29/2017, 156.9, 156.9, 155.7, 155.76, 33185962, 0.812826215999877, 0.0300406631822219, 0.961220609134281, 1.13866311604847, 1.21750807770364, 0.837441329448723, 1.05450099765036, -0.217059668201639, 156.124727272722, 157.087333333327, 158.125550671551, 156.579497249099
1/2/2018, 156.5, 158.53, 156.17, 158.49, 32573272, 0.846271189563593, 0.422765128315029, 1.33194015948809, 1.37255415049894, 1.34199325991726, 0.932591661337142, 1.03011913038772, -0.0975274690505761, 156.660909090904, 157.375354838703, 158.318827838828, 156.737597088901
1/3/2018, 158.61, 160.17, 158.61, 160.03, 29383557, 0.848711146611492, 0.691669296979764, 1.45128534813049, 1.8940890591846, 1.39876502466034, 1.11936081981, 1.04796746827217, 0.071393351537824, 157.881272727267, 157.793956989241, 158.558512820513, 156.917470666957
1/4/2018, 160.59, 160.79, 160.08, 160.31, 24776125, 0.828571408849262, 0.669668666686574, 1.63223838523173, 1.81606581606477, 1.53763833607594, 1.27526986625099, 1.09342794786794, 0.181841918383056, 158.93454545454, 158.200860215047, 158.79075946276, 157.099007874016
1/5/2018, 161.04, 162.03, 160.77, 161.92, 26992340, 0.832428782268984, 1.62173473594292, 1.77299364092608, 1.78553731857999, 1.55709910169102, 1.5113208870666, 1.17700653570767, 0.334314351358932, 160.367636363631, 158.881569892467, 159.089724053724, 157.30291942402
1/8/2018, 161.9, 162.63, 161.86, 162.55, 23159061, 0.811427406974741, 1.50867487170687, 1.93230343074182, 1.83166147986598, 1.60308762081521, 1.72929452574473, 1.28746413371508, 0.44183039202965, 161.782909090903, 159.613462365585, 159.414378510379, 157.51359010214
1/9/2018, 162.85, 163.04, 162.07, 162.56, 24782448, 0.800643754635562, 1.67729152272638, 2.00459466761656, 1.80657187067353, 1.58879959197411, 1.88116225376046, 1.40620375772416, 0.474958496036305, 162.892909090903, 160.340365591392, 159.762459096459, 157.721307573975
1/10/2018, 161.8, 162.21, 161.12, 162.18, 34004028, 0.806788853840665, 2.18179265655905, 1.63788498411236, 2.18962937416322, 1.55987299460518, 1.94839580415726, 1.51464216701078, 0.433753637146478, 163.41854545454, 160.973741935477, 160.115252747253, 157.920110741971
1/11/2018, 162.48, 163.3, 162.21, 163.29, 20473518, 0.795534114153256, 2.38172815725338, 1.73110635007863, 2.3010103233959, 1.56443416684415, 2.06741473048911, 1.62519667970645, 0.44221805078266, 164.022909090903, 161.735978494617, 160.500415140415, 158.133031779032
1/12/2018, 163.03, 164.66, 162.94, 164.49, 37762708, 0.802526762873615, 2.45458851181184, 1.79987930626762, 2.42797305245175, 1.58158485121301, 2.23282939094298, 1.74672322195375, 0.486106168989229, 164.711636363631, 162.425247311821, 160.896253968254, 158.361203359859
1/16/2018, 165.55, 166.42, 163.53, 164.02, 41231849, 0.852684098669838, 2.19408834966846, 1.73511868294573, 2.19203389935898, 1.54836430140768, 2.29948954496305, 1.85727648655561, 0.44221305840744, 164.620727272721, 163.072301075262, 161.266820512821, 158.57891550408
1/17/2018, 164.77, 166.04, 164, 165.79, 33849879, 0.862925288441012, 2.32851509298888, 1.98734681282155, 2.40153072442792, 1.6222413133535, 2.46670773349769, 1.97916273594403, 0.487544997553658, 165.236727272721, 163.842709677413, 161.708473748474, 158.820349461586
1/18/2018, 165.55, 166.2, 165.14, 165.82, 26432166, 0.851593079194932, 2.09937729502801, 1.8044033408773, 2.45642937101093, 1.62794816076678, 2.57200166772287, 2.0977305222998, 0.474271145423077, 165.772909090903, 164.425354838703, 162.108551892552, 159.058786726582
1/19/2018, 166.32, 166.61, 165.54, 166.34, 38937588, 0.838647385911378, 2.27028364211723, 1.79898838892774, 2.54295227432365, 1.63855889932661, 2.66666783650078, 2.21151798513999, 0.455149851360785, 166.228909090903, 164.996064516122, 162.552417582418, 159.301659233848
1/22/2018, 166.27, 168.12, 166.09, 168.12, 26081388, 0.848653199285473, 2.48284849723873, 1.98764495095823, 2.63705988941329, 1.73729537670451, 2.8524414121928, 2.33970267055056, 0.512738741642248, 167.292909090903, 165.751333333327, 163.066871794872, 159.567802525181
1/23/2018, 168.64, 169.66, 168.56, 169.51, 37989650, 0.84503449395717, 2.76247881187432, 2.06319335238249, 2.69246435600898, 1.78736187092724, 3.07636724600061, 2.48703558564057, 0.589331660360048, 168.624909090903, 166.62331182795, 163.630485958486, 159.850991805356
1/24/2018, 169.81, 170.24, 167.44, 168.41, 54287377, 0.891156743763114, 2.15459071693884, 2.0263670189246, 2.41845290661298, 1.74074951975673, 3.12900011014065, 2.61542849054058, 0.513571619600067, 169.199272727267, 167.301118279563, 164.10999023199, 160.113845100341
1/25/2018, 169.55, 169.63, 167.81, 168.35, 28924956, 0.900954688781043, 1.94570046429771, 2.01941384387543, 2.26774756895533, 1.73545867262281, 3.12979223890972, 2.71830124021441, 0.411490998695305, 169.357818181812, 167.962860215047, 164.581242979243, 160.372136714199
1/26/2018, 169.27, 170.95, 168.96, 170.93, 32038184, 0.919042507245505, 2.53119184606605, 2.23473760787509, 2.47615171708278, 1.85776014549769, 3.30055767040787, 2.8347525262531, 0.465805144154767, 170.293090909085, 168.857634408595, 165.137609279609, 160.66497976043
1/29/2018, 170.52, 170.91, 169.74, 170.1, 37277849, 0.912330035128163, 2.36081330266578, 2.2016813220909, 2.56161072744448, 1.85120236937386, 3.33052423160552, 2.93390686732359, 0.396617364281936, 170.764909090903, 169.568774193541, 165.644656898657, 160.941560748941
1/30/2018, 168.55, 169.42, 167.82, 168.7, 44987688, 0.941481754751248, 2.00025772963154, 2.1001294167169, 2.35855982979855, 1.81619046606982, 3.20436670283891, 2.98799883442665, 0.216367868412259, 170.353090909085, 170.003913978488, 166.062705738706, 161.167265819325
1/31/2018, 169.67, 169.99, 168.34, 169.4, 42449199, 0.939413066264514, 2.16668582846763, 1.96969548047648, 2.38470912142265, 1.7911154287325, 3.12484879052502, 3.01536882564633, 0.109479964878696, 170.281818181812, 170.563161290316, 166.474468864469, 161.404067514009
2/1/2018, 168.12, 169.73, 167.42, 167.96, 38037875, 0.968860114038749, 2.0244955652858, 1.83996911893324, 2.38812178870344, 1.73552973701031, 2.91206582457514, 2.99470822543209, -0.0826424008569511, 169.522181818175, 170.929892473111, 166.801904761905, 161.620655733224
2/2/2018, 167.34, 167.7, 164.47, 164.61, 68478082, 1.04515677975974, 1.22884196832227, 1.31596816752563, 1.8271224730641, 1.55436637671458, 2.44493312105797, 2.88475320455727, -0.439820083499294, 167.592545454539, 170.748774193541, 166.93180952381, 161.791879458795
2/5/2018, 163.13, 165.75, 158, 158.12, 105372224, 1.27871929319781, 0.181164554252918, 0.288298705566572, 1.03507024988533, 1.15149468675224, 1.53336267675184, 2.61447509899618, -1.08111242224434, 163.871272727266, 169.688279569885, 166.770268620269, 161.866950389504
2/6/2018, 155.96, 162.51, 155.1, 162.31, 118537891, 1.41169083795463, 0.685129075657908, 0.627198805092995, 1.28836682708067, 1.28725146076398, 1.13594010441227, 2.3187681000794, -1.18282799566713, 162.420909090902, 169.156946236552, 166.809594627595, 162.002817001503
2/7/2018, 161.79, 163.55, 160.2, 160.21, 91028328, 1.46323552158414, 0.204183395060459, 0.384568179639833, 1.1901390712199, 1.13034223295356, 0.644102589281118, 1.98383499791974, -1.33973240863862, 160.417818181811, 168.316451612896, 166.742937728938, 162.106932895996
2/8/2018, 160.69, 160.8, 153.45, 153.45, 94184831, 1.69080296361907, -0.525821982457084, -0.170548843417198, 0.573001094039736, 0.775922238877004, -0.287839652935958, 1.5295000677486, -1.81733972068456, 156.51472727272, 166.543247311821, 166.392324786325, 162.106990569906
2/9/2018, 155.66, 157.24, 150.13, 156.1, 113836554, 1.806733049513, -0.308184398560205, 0.0060722576757361, 0.782638542752934, 0.875661296876217, -0.803317595950034, 1.06293653500888, -1.86625413095891, 154.855818181811, 165.127419354832, 166.154576312576, 162.146683066831
2/12/2018, 157.67, 159.95, 156.46, 158.87, 63050637, 1.8076381795023, -0.203819667443851, 0.420490622790954, 0.93623696278867, 0.93478499056944, -0.977058803770746, 0.654937467252951, -1.6319962710237, 154.79672727272, 164.078559139778, 166.037091575091, 162.22174361077
2/13/2018, 157.98, 160.01, 157.72, 159.69, 31785595, 1.78013966872474, -0.187352993171298, 0.383572230934626, 1.0213849693627, 0.953443671895706, -1.03663315401465, 0.316623342999431, -1.35325649701408, 155.353454545448, 163.055268817197, 165.949052503052, 162.30777832445
2/14/2018, 158.79, 162.93, 158, 162.68, 52107431, 1.81157473883526, 0.0498590999049661, 0.642039697032632, 1.26088597709524, 1.00090617567668, -0.832976212991895, 0.0867034318011654, -0.91967964479306, 157.574545454538, 162.567999999993, 166.013482295482, 162.434414377477
2/15/2018, 164.14, 165.7, 162.44, 165.7, 51633887, 1.78800017856388, 0.302373492959911, 0.982067021087961, 1.43837060465562, 1.08510489756633, -0.423011644236283, -0.0152395834063242, -0.407772060829959, 160.917454545447, 162.539548387089, 166.203216117216, 162.604288096215
2/16/2018, 165.18, 166.76, 164.68, 164.96, 62256291, 1.76926556806882, 0.16521673346157, 0.921060179235853, 1.50757818332305, 1.07767597281126, -0.156025026046137, -0.0433966719342868, -0.11262835411185, 163.457999999993, 162.399290322573, 166.343609279609, 162.760519338527
2/20/2018, 164.39, 166.68, 164.31, 165.29, 36785626, 1.74913876037995, 0.100594308243739, 0.892748110507843, 1.50168773075063, 1.08673691347617, 0.0812553731175854, -0.0184662629239124, 0.0997216360414978, 164.795454545447, 162.378236559132, 166.488073260073, 162.924348503485
2/21/2018, 166.06, 167.72, 164.72, 164.82, 41161779, 1.75742863983765, 0.100763495954914, 0.820517410769523, 1.3847582739661, 1.05044433666115, 0.228739955104913, 0.0309749806818528, 0.197764974423061, 166.417454545447, 162.317806451606, 166.608810744811, 163.087141451415
2/22/2018, 165.54, 166.42, 164.38, 164.8, 37074413, 1.73165302789526, -0.0324998589509127, 0.768929068867687, 1.38708384488922, 1.03767208777795, 0.340088388797511, 0.0927976623049845, 0.247290726492527, 167.475636363629, 162.240860215047, 166.710380952381, 163.247372693727
2/23/2018, 166.06, 168.17, 165.45, 168.17, 50096916, 1.71230063654208, 0.210261492071508, 0.89565575742828, 1.49619887736898, 1.11909213206805, 0.692283447801117, 0.212694819404211, 0.479588628396906, 168.095636363629, 162.5517204301, 166.95945054945, 163.455813584803
2/26/2018, 168.93, 170.4, 168.82, 170.4, 39266658, 1.67083167925421, 0.327627065864647, 1.05143778663434, 1.60846038507246, 1.18342024446759, 1.13822221542156, 0.397800298607682, 0.740421916813882, 169.213090909083, 163.180881720423, 167.302803418803, 163.686375017084
2/27/2018, 170.42, 170.73, 168.21, 168.29, 42209873, 1.68206210848935, 0.0548147128512518, 0.881275481589968, 1.45129654881129, 1.11420554747368, 1.30631415910804, 0.579503070707754, 0.726811088400287, 169.375636363629, 163.576451612896, 167.542358974359, 163.880260762608
2/28/2018, 169.25, 169.8, 167.1, 167.21, 42936334, 1.6890169285676, -0.117999500697326, 0.815572069563115, 1.37498813691353, 1.06544156666959, 1.33696950918593, 0.73099635840339, 0.605973150782544, 168.815272727265, 163.779139784939, 167.716603174603, 164.061020363537
3/1/2018, 167.29, 168.07, 163, 164.48, 76809904, 1.78532037083231, -0.230467789389443, 0.505984741025497, 1.10745655055253, 0.951405697729283, 1.12797333606534, 0.810391753935779, 0.317581582129559, 167.499636363629, 163.732860215046, 167.745848595848, 164.197318573186
3/2/2018, 162.59, 166.28, 161.96, 165.99, 57445063, 1.81075377953355, -0.119023131372177, 0.536161607591795, 1.17950406113885, 0.976727864280424, 1.07183133904991, 0.862679670958605, 0.209151668091302, 167.211454545447, 163.888623655907, 167.838141636141, 164.355318846522
3/5/2018, 165.26, 168.26, 164.59, 167.83, 38540207, 1.8106933734823, -0.169232348559068, 0.717912858940711, 1.29193362883224, 1.19364777746297, 1.16241146857854, 0.922626030482592, 0.239785438095948, 167.395090909083, 164.311419354831, 167.976649572649, 164.538233155665
3/6/2018, 168.61, 169.11, 167.48, 168.54, 29480927, 1.76126875179755, -0.0636269359286995, 0.775010294415858, 1.32486833551932, 1.17066959398926, 1.27677012882373, 0.993454850150819, 0.283315278672908, 167.733454545446, 164.933354838702, 168.13703052503, 164.731571135711
3/7/2018, 167.26, 169.07, 166.96, 168.93, 34609407, 1.73179437433588, 0.0591540487160916, 0.798617210195886, 1.31857747953789, 1.16049510222082, 1.38292839392955, 1.07134955890656, 0.311578835022982, 167.935272727265, 165.694731182788, 168.286959706959, 164.928745934126
3/8/2018, 169.54, 169.98, 168.95, 169.86, 25828371, 1.66710480674516, 0.074912908589026, 0.869805367145341, 1.38842925461859, 1.14573660354687, 1.52452899030669, 1.16198544518659, 0.362543545120102, 168.230181818174, 166.504516129025, 168.451345543345, 165.13955036217
3/9/2018, 171.1, 173.16, 170.82, 173.16, 38310546, 1.64885482415134, 0.393663605255421, 1.12065502318998, 1.51586694722394, 1.23432448091423, 1.88134394199471, 1.30585714454822, 0.575486797446499, 170.063090909083, 167.719655913971, 168.838315018315, 165.39856635233
3/12/2018, 173.65, 174.48, 173.28, 174.08, 37634971, 1.59604731320395, 0.704943124371796, 1.17529407334665, 1.53287150982689, 1.23799811184446, 2.21285031221186, 1.48725577808094, 0.725594534130912, 172.387636363628, 169.192494623648, 169.256996336996, 165.672715867159
3/13/2018, 174.8, 175.21, 171.27, 171.71, 55638925, 1.65190099859307, 1.13828219471798, 1.00424326103267, 1.37821102643566, 1.11263343662859, 2.25830002890947, 1.64146462824665, 0.616835400662825, 173.270727272719, 170.288967741928, 169.568263736263, 165.911363400301
3/14/2018, 172.58, 172.74, 170.93, 171.68, 40536383, 1.62229452728912, 0.823992583807307, 1.07082408125977, 1.38813899506663, 1.10208100952036, 2.26578000604968, 1.76632770380726, 0.499452302242425, 173.740909090901, 171.277913978487, 169.862778998779, 166.151657783244
3/15/2018, 171.83, 172.53, 170.9, 171.53, 28810366, 1.59004109032091, 1.01637420967879, 0.889369976455346, 1.41583463595494, 1.09265791399483, 2.23385372026436, 1.85983290709868, 0.374020813165686, 173.369454545446, 172.275268817197, 170.129948717948, 166.385969933033
3/16/2018, 171.78, 172.2, 170.94, 171.02, 31176742, 1.55188142212378, 2.07980068981522, 0.756329344610737, 1.36167578628604, 1.07806925606487, 2.14269946535836, 1.91640621875061, 0.226293246607747, 172.739272727264, 173.098172043003, 170.392822954823, 166.613449501162
3/19/2018, 169.16, 169.22, 165.64, 167.1, 71395061, 1.66985411592476, 1.21300618923011, 0.477607888224936, 1.18138728970111, 0.918416049192856, 1.73415753384671, 1.87995648176983, -0.145798947923122, 170.848545454537, 173.180623655906, 170.482898656898, 166.784537925379
3/20/2018, 167.1, 168.04, 166.61, 167.65, 34075664, 1.62380549736043, 0.997466084735498, 0.409562935152754, 1.19581715034674, 0.877848540517304, 1.43818698882939, 1.79160258318174, -0.353415594352358, 169.329636363628, 172.88412903225, 170.589264957265, 166.961094437611
3/21/2018, 167.23, 168.76, 166.19, 166.92, 43863543, 1.6263446085002, 0.822007107294283, 0.323737664748589, 1.19029993582473, 0.855135306345158, 1.13167802063825, 1.65961767067305, -0.527939650034798, 167.685090909082, 172.712860215046, 170.667411477411, 167.120220035534
3/22/2018, 164.7, 165.77, 162.59, 162.8, 66607288, 1.71711283752033, 0.0419992883726674, 0.0650360017649177, 0.967944396832472, 0.73200573800249, 0.549978082361548, 1.43768975301075, -0.887711670649198, 164.9129090909, 171.849096774186, 170.538366300366, 167.217471641383
3/23/2018, 162.6, 163.3, 158.43, 158.51, 80110392, 1.82902448710425, -0.694508113106982, -0.170176589198946, 0.475449410195387, 0.562645296823626, -0.254259511243987, 1.0992999001598, -1.35355941140379, 161.703818181809, 169.973634408594, 170.214901098901, 167.250036353697
3/26/2018, 161.68, 164.6, 159.16, 164.4, 57481503, 1.86053976811648, -0.0114267527301661, 0.116917341704841, 0.748407212304537, 0.723052699640286, -0.411605095849524, 0.797118900957935, -1.20872399680746, 161.512545454536, 168.989526881712, 170.149582417582, 167.364110974443
3/27/2018, 165.6, 165.62, 157.68, 159.08, 78889105, 2.07618243012593, -0.448196433772826, -0.236778103527953, 0.425616919632406, 0.679362376170564, -0.954578359049322, 0.446779448956484, -1.40135780800581, 159.537454545446, 167.461526881712, 169.831557997557, 167.407506355063
3/28/2018, 158.25, 159.78, 156.04, 157.25, 89369655, 2.11424576111422, -0.554181869125851, -0.31144513377565, 0.332707706686556, 0.647440914756726, -1.51508928196597, 0.0544057027719929, -1.56949498473796, 157.613090909082, 165.754645161282, 169.413313797313, 167.416785294519
3/29/2018, 158.13, 161.71, 156.63, 160.13, 68692566, 2.13103034183757, -0.311663504772228, -0.243454993221446, 0.492146667377935, 0.693148637612288, -1.70722645197796, -0.297920728177998, -1.40930572379996, 157.440727272718, 164.628258064508, 169.160879120879, 167.468101954353
4/2/2018, 159, 159.74, 153.88, 155.51, 85549443, 2.28557516691227, -0.901852545388713, -0.481440895139359, 0.178016060569712, 0.562715449882596, -2.20685270823262, -0.679707124188922, -1.5271455840437, 156.192181818173, 163.133462365583, 168.689289377289, 167.446817821511
4/3/2018, 156.92, 157.92, 154.44, 157.26, 64090049, 2.25777886618467, -0.930250413990452, -0.411023834919191, 0.238961298652171, 0.636333023381353, -2.43354732258334, -1.0304751638678, -1.40307215871553, 155.610181818172, 161.877118279562, 168.290385836385, 167.447654503211
4/4/2018, 154.27, 160.23, 154.04, 159.74, 65768692, 2.30534236428816, -0.57888656948693, -0.366622962329833, 0.355295303990644, 0.742207904747103, -2.38558957231587, -1.30149804555742, -1.08409152675845, 156.531636363627, 161.007118279562, 168.034485958485, 167.484538745387
4/5/2018, 161.33, 161.58, 159.48, 160.65, 43054868, 2.24302906820929, -0.433476409404621, -0.388647300223251, 0.368096777498967, 0.69350398549132, -2.24823703780643, -1.49084584400722, -0.757391193799213, 158.052909090899, 160.257053763432, 167.819479853479, 167.533192565259
4/6/2018, 158.94, 160.46, 155.88, 156.63, 59870865, 2.33783750761304, -0.524755844829118, -0.533627707661603, 0.210522348630946, 0.603471314700517, -2.43568747899923, -1.67981417100562, -0.755873307993606, 157.703454545445, 159.022494623647, 167.437785103785, 167.524250102501
4/9/2018, 158.01, 160.88, 157.46, 157.73, 41810380, 2.34018077966499, -0.551437363521276, -0.47197946052823, 0.264263343678479, 0.590506424490602, -2.46704395025856, -1.83726012685621, -0.629783823402348, 157.212545454536, 158.204881720422, 167.102346764346, 167.53107366407
4/10/2018, 160.13, 161.73, 159.07, 161.21, 48601323, 2.29924247042821, -0.412377020423423, -0.413113397800311, 0.41736254311314, 0.688868059911199, -2.18588968756706, -1.90698603899838, -0.278903648568677, 159.144363636354, 158.044838709669, 166.926786324786, 167.584655186552
4/11/2018, 160.2, 162, 160.1, 160.28, 41622139, 2.25622557227879, -0.526500455457105, -0.420417980370881, 0.401096710038734, 0.643598541867783, -2.01488974172534, -1.92856677954377, -0.08632296218157, 159.864909090899, 157.68541935483, 166.646522588522, 167.628081727484
4/12/2018, 161.3, 162.77, 161.16, 162.21, 30467889, 2.19466397255781, -0.411395013671512, -0.254949504330636, 0.525363215297911, 0.719976642515972, -1.70399360476418, -1.88365214458785, 0.179658539823674, 160.820727272717, 157.550559139776, 166.474586080586, 167.696965149651
4/13/2018, 163.01, 163.26, 160.67, 161.37, 44604892, 2.17603408836322, -0.532826206849038, -0.330426231753555, 0.392064303747902, 0.785782694352312, -1.50800382674882, -1.80852248102005, 0.300518654271227, 161.791818181808, 157.159376344077, 166.246092796092, 167.748626212929
4/16/2018, 162.45, 163.19, 161.48, 162.6, 28180780, 2.10756020785494, -0.682074271633962, -0.199978219646663, 0.477655195086204, 0.756253542635121, -1.23914569495051, -1.69464712380614, 0.45550142885563, 162.196181818172, 157.044989247303, 166.026769230769, 167.816863741971
4/17/2018, 164.19, 166.46, 163.91, 166.1, 35536087, 2.07618799101357, -0.47917338557286, 0.135042251730037, 0.637510407877263, 0.937053036068789, -0.735178261832715, -1.50275335141145, 0.767575089578739, 163.772909090899, 157.519225806443, 165.955413919413, 167.919326499931
4/18/2018, 166.12, 167, 165.31, 166.44, 29573880, 2.01911850541928, -0.306769318051862, 0.496383250872073, 0.573703020586003, 0.944934156539289, -0.304831375352023, -1.26316895619957, 0.958337580847545, 165.480909090899, 158.095096774185, 165.904517704517, 168.030341123411
4/19/2018, 165.65, 165.99, 164.34, 164.91, 34705692, 1.99962997901817, -0.406846166419152, 0.196076920589974, 0.494858156117596, 0.951839845554952, -0.0862424315241128, -1.02778365126448, 0.941541219740364, 166.476909090899, 158.516387096765, 165.788818070818, 168.113438567719
4/20/2018, 164.49, 164.61, 161.73, 162.3, 49197140, 2.02816408409052, -0.567745617767194, 0.170377042815777, 0.347745882650492, 0.827719011074444, -0.122205595972076, -0.846668040205997, 0.724462444233921, 165.534909090899, 158.694451612894, 165.566163614163, 168.157250239169
4/23/2018, 163.08, 163.73, 161.02, 161.89, 33040646, 2.015334358549, -0.562808542332796, 0.554385951303993, 0.332357441761351, 0.859665717317418, -0.181695760756412, -0.71367358431608, 0.531977823559668, 164.36199999999, 159.089268817195, 165.346686202686, 168.193980046467
4/24/2018, 162.62, 162.91, 157.39, 158.46, 70256751, 2.13018651609379, -0.545913925835228, 0.193087263175333, 0.155462781763432, 0.704079769341018, -0.49985249087797, -0.670909365628458, 0.171056874750488, 162.473272727262, 159.182924731174, 164.968222222222, 168.183556102227
4/25/2018, 158.8, 159.31, 156.47, 158.65, 52089323, 2.11075882491781, -0.569854401625518, 0.0403527968591372, 0.293523605352427, 0.679809379719382, -0.728267564438966, -0.68238100539056, -0.045886559048406, 160.614181818171, 159.243462365582, 164.6027008547, 168.178250649173
4/26/2018, 160.72, 162.53, 160.18, 161.99, 43005532, 2.08363660222576, -0.277930206301186, 0.186195448914281, 0.382793709117602, 0.757906388251036, -0.632487151252434, -0.672402234562934, 0.0399150833105005, 160.383818181808, 159.810043010744, 164.378783882783, 168.221617602842
4/27/2018, 164.35, 164.41, 161.17, 162.09, 51043406, 2.07817804019263, -0.00432524830521974, 0.019501404601295, 0.418457371662702, 0.707951351663803, -0.542260478228769, -0.646373883296101, 0.104113405067332, 160.031999999989, 160.44182795698, 164.194095238095, 168.263370507038
4/30/2018, 162.48, 163.48, 160.54, 160.94, 35615273, 2.07971470490917, 0.22086036043037, -0.223658525202021, 0.451704878896823, 0.664186555434502, -0.557128350039534, -0.628524776644788, 0.0713964266052541, 159.489636363626, 160.954602150528, 163.977885225885, 168.285151838185
5/1/2018, 160.52, 162.8, 160.14, 162.78, 36513529, 2.0351014889893, -0.088040159762333, -0.0724346559183133, 0.528654786751384, 0.679688140506952, -0.415647299748372, -0.585949281265505, 0.170301981517133, 160.373454545444, 161.504537634399, 163.819531135531, 168.333248599152
5/2/2018, 163.1, 163.57, 161.63, 161.82, 38646842, 2.00475917290072, 0.276280368601051, -0.146782490526296, 0.452634830355507, 0.649661982522943, -0.376644798241074, -0.544088384660619, 0.167443586419545, 161.174727272716, 161.997204301066, 163.611714285714, 168.360719693863
5/3/2018, 161.08, 162.4, 159.22, 161.8, 60337134, 2.00302609944904, 0.443524782807506, -0.121183890553513, 0.427216130887518, 0.618819543496593, -0.343390475997552, -0.503948802928005, 0.160558326930453, 161.91509090908, 162.476279569883, 163.400324786324, 168.385966926336
5/4/2018, 161.11, 165.25, 160.98, 164.87, 41543243, 1.99693784039735, 0.45190050497351, 0.0579078534386875, 0.528509271467028, 0.674776863915627, -0.0685229531458447, -0.416863632971573, 0.348340679825729, 163.363636363625, 163.103247311819, 163.316017094017, 168.45348503485
5/7/2018, 165.64, 166.78, 165.51, 166.24, 32500152, 1.93890390194295, 1.08909469405791, -0.0555751565394152, 0.532378484172424, 0.705911711005512, 0.256897732315167, -0.282111359914225, 0.539009092229392, 165.063272727262, 163.604688172034, 163.267211233211, 168.538859641929
5/8/2018, 165.83, 166.43, 164.86, 166.07, 26040170, 1.89111347881042, 0.902057093422342, -0.191701056287553, 0.534731968996762, 0.703114558113264, 0.495368095769635, -0.126615468777453, 0.621983564547088, 165.780909090898, 164.427354838701, 163.204297924298, 168.614701380347
5/9/2018, 166.4, 168, 165.78, 167.88, 29122718, 1.84330685403112, 0.835995369086181, 0.0294810648153899, 0.597783840353865, 0.73064459567138, 0.820946094535685, 0.0628968438851745, 0.758049250650511, 166.746727272716, 165.114236559131, 163.217743589743, 168.71044471778
5/10/2018, 168.43, 169.74, 168.29, 169.62, 27067597, 1.78800634902728, 0.905059301656576, 0.188582693014339, 0.675777263793967, 0.788263124722018, 1.20547647995602, 0.291412771099343, 0.914063708856675, 168.478181818171, 165.843118279561, 163.277523809523, 168.824940549405
5/11/2018, 169.35, 169.86, 168.72, 169.46, 24688847, 1.73384607031693, 1.44034688506109, 0.338832373637133, 0.589250143030053, 0.769190880828954, 1.4802455684767, 0.529179330574816, 0.951066237901888, 169.758181818171, 166.663892473109, 163.380822954822, 168.94186305863
5/14/2018, 169.84, 170.82, 169.47, 169.75, 21821749, 1.68439868820095, 1.34809244316957, 0.267959787328352, 0.556839649574168, 0.806423081648216, 1.70178550314702, 0.763700565089257, 0.938084938057765, 170.506363636352, 167.153268817195, 163.522984126984, 169.058462211288
5/15/2018, 168.4, 168.5, 166.98, 167.87, 49361638, 1.70060370200754, 0.77993700016582, 0.0542970932186598, 0.51852727268081, 0.757553189043782, 1.70599160007509, 0.952158772086425, 0.75383282798867, 170.492545454534, 167.428903225797, 163.582068376068, 169.145764657646
5/16/2018, 168.1, 169.37, 168.01, 168.98, 22941159, 1.64934504842707, 1.01664112627193, 0.0771521516144524, 0.573244240640263, 0.806756984667928, 1.77839248399223, 1.11740551446759, 0.660986969524648, 170.392545454534, 167.942258064507, 163.719912087912, 169.254585485854
5/17/2018, 168.4, 169.61, 167.51, 168.33, 27480164, 1.63530570884005, 0.7285339381676, 0.0178639519850908, 0.544466023797414, 0.77848503412302, 1.76299839037756, 1.24652408964958, 0.51647430072798, 169.673454545443, 168.374193548378, 163.838170940171, 169.350623752904
5/18/2018, 167.71, 168.26, 167.21, 167.46, 26217939, 1.59505230783825, 0.728742061505536, -0.0848109058642874, 0.515206843590933, 0.742173948484257, 1.66144463167231, 1.32950819805413, 0.331936433618183, 168.911636363625, 168.378193548378, 163.914388278388, 169.442763154298
5/21/2018, 168.73, 169.5, 167.68, 168.4, 22954565, 1.56741144000631, 0.693242803572436, -0.221366834982926, 0.594283992730832, 0.785302823891902, 1.63793163403517, 1.39119288525034, 0.246738748784833, 168.607272727261, 168.504924731174, 164.01966056166, 169.553205958726
5/22/2018, 169.15, 169.45, 167.88, 168.18, 19477721, 1.53766489577958, 0.281044549209017, -0.286574123742355, 0.583952149024653, 0.77108345409147, 1.58329402467231, 1.42961311313473, 0.153680911537581, 168.07509090908, 168.766903225797, 164.135426129426, 169.656271969386
5/23/2018, 166.9, 169.62, 166.88, 169.6, 26557835, 1.52932935179009, 0.407967479285686, -0.0707999955742879, 0.634787401421951, 0.780210075643523, 1.63571989739745, 1.47083446998728, 0.164885427410175, 168.280363636352, 169.102086021496, 164.336346764346, 169.783532868662
5/24/2018, 169.56, 169.85, 167.84, 169.55, 27696539, 1.51256588121746, 0.602174037254645, -0.0719821380088332, 0.677783057526835, 0.786804272991051, 1.65416501252517, 1.50750057849485, 0.146664434030315, 168.722545454534, 169.499462365582, 164.520893772893, 169.909059177258
5/25/2018, 169.54, 170.33, 169.21, 169.72, 27460536, 1.46849380098043, 1.02134416843785, -0.0535097231798341, 0.563503400043669, 0.797403770892637, 1.66332668377879, 1.53866579955164, 0.12466088422715, 169.195272727261, 169.815053763431, 164.748153846154, 170.043301079677
5/29/2018, 168.91, 169.92, 167.96, 168.97, 41220468, 1.4592598065176, 0.974255148713917, -0.0677074651245417, 0.462231576622166, 0.883241536344618, 1.59172028166947, 1.54927669597521, 0.0424435856942602, 169.452727272716, 170.063612903216, 164.940417582417, 170.165530408637
5/30/2018, 169.63, 170.48, 169.22, 170.18, 22665836, 1.42080487150026, 1.86620892441062, 0.233798542704566, 0.500772795750734, 0.88139085401854, 1.61400335373003, 1.56222202752617, 0.051781326203856, 169.794727272716, 170.657935483862, 165.19482051282, 170.299740877408
5/31/2018, 170.13, 171.2, 169.63, 170.07, 35670946, 1.396795110133, 1.81276398946412, 0.194185578757171, 0.4246247670999, 0.821845295787006, 1.60429347168372, 1.57063631635768, 0.0336571553260376, 170.194727272716, 171.234645161281, 165.481157509157, 170.429979499794
6/1/2018, 170.88, 172.84, 170.87, 172.74, 45543331, 1.38662323237989, 1.77668926891034, 0.392300340615506, 0.507142568646989, 0.886726963625743, 1.79139492054563, 1.61478803719527, 0.176606883350358, 171.327636363625, 172.02470967741, 165.913665445665, 170.600549952166
6/4/2018, 173.16, 174.34, 173.07, 174.3, 20459634, 1.35140007058656, 1.98121890039337, 0.751621587915875, 0.570622848544927, 0.918866884415906, 2.04201406229734, 1.70023324221568, 0.341780820081656, 172.584909090897, 172.788193548378, 166.387553113553, 170.793439387727
6/5/2018, 174.69, 175.13, 174.07, 174.84, 24779284, 1.3101783384127, 2.34761834817462, 1.10170636278671, 0.609708571500586, 1.03639620938591, 2.25817419828741, 1.81182143343003, 0.446352764857378, 173.843636363625, 173.515440860206, 166.879396825397, 170.994850348503
6/6/2018, 175.02, 175.89, 174.14, 175.86, 25036647, 1.28720574123548, 2.24457540485413, 0.826344685239661, 0.602629158784368, 1.06614849189571, 2.48316377265812, 1.94608990127565, 0.53707387138247, 175.059454545443, 174.059892473109, 167.468405372405, 171.2088867022
6/7/2018, 175.91, 175.93, 173.55, 174.43, 39600316, 1.30109271094989, 2.14071544877518, 1.19671422579714, 0.491034529084388, 1.03277338723296, 2.51706541898665, 2.06028500481785, 0.4567804141688, 175.646363636352, 174.323311827947, 167.97284981685, 171.397968566352
6/8/2018, 173.57, 174.88, 173.18, 174.44, 31780348, 1.28469457402224, 2.14677784621439, 1.36108740489288, 0.512102560881814, 0.96696672678322, 2.51573975250346, 2.15137595435497, 0.364363798148494, 175.963272727261, 174.708860215044, 168.443448107448, 171.586530545305
6/11/2018, 174.3, 175.34, 174.28, 174.91, 22319709, 1.24748165009329, 1.89912171681329, 1.18818650722233, 0.455157276341556, 0.996283952906357, 2.52352460352085, 2.22580568418815, 0.297718919332707, 176.209818181806, 175.080387096764, 168.945941391941, 171.782337296706
6/12/2018, 175.15, 176, 174.96, 175.83, 22511832, 1.20990254590756, 1.82740935431499, 1.78199418823146, 0.491426027812851, 1.0341988514883, 2.57425604402141, 2.2954957561548, 0.278760287866611, 176.341090909079, 175.409268817195, 169.452612942613, 171.993053163864
6/13/2018, 176.09, 177.14, 175.43, 175.82, 37858584, 1.19810207265715, 1.86387641251802, 1.63330048701127, 0.468538469847047, 1.04388947446247, 2.58386892710286, 2.35317039034441, 0.230698536758444, 176.336727272715, 175.763483870958, 169.878637362637, 172.174356156894
6/14/2018, 176.62, 177.89, 176.5, 177.6, 35915978, 1.18506639129421, 1.85119267462603, 1.57211006127298, 0.464524919123917, 1.07461765914626, 2.70394889046176, 2.42332609036788, 0.280622800093879, 176.617636363624, 176.195419354829, 170.230034188034, 172.387438841054
6/15/2018, 176.98, 177.33, 176.11, 176.98, 49615730, 1.17185219538455, 1.43041174071413, 1.436259142625, 0.380363399329391, 1.04003398156525, 2.7177557120055, 2.4822120146954, 0.235543697310094, 176.807636363624, 176.445548387087, 170.63316971917, 172.592375563755
6/18/2018, 175.53, 176.65, 174.94, 176.5, 31633192, 1.17407751536657, 1.36217197285253, 1.90801321886619, 0.407972557057097, 0.975330541446099, 2.65931084897562, 2.51763178155145, 0.141679067424174, 176.912545454533, 176.741505376334, 170.95790964591, 172.795623616236
6/19/2018, 174.26, 176.04, 173.71, 176, 38235994, 1.1978036783471, 1.19935218037608, 1.75235645730992, 0.39001377677194, 0.914202377021362, 2.54332913749664, 2.52277125274049, 0.0205578847561547, 176.832727272715, 176.990322580635, 171.098637362637, 172.989467268005
6/20/2018, 176.79, 177.98, 176.65, 177.25, 33038042, 1.1857420311404, 1.94445629671429, 1.5927454675469, 0.332283529258223, 0.952810079222745, 2.52319156710718, 2.52285531561383, 0.000336251493350925, 177.325454545442, 177.323440860205, 171.336373626374, 173.203445127784
6/21/2018, 177.69, 177.88, 175.37, 175.71, 43469439, 1.20775218410252, 1.32899546009807, 1.53366533027043, 0.30409950128867, 0.954241449725401, 2.35581094566689, 2.48944644162444, -0.133635495957549, 176.924363636351, 177.509698924721, 171.552854700855, 173.4004766981
6/22/2018, 176.31, 176.37, 174.69, 175.32, 30073187, 1.19782928048837, 1.39568240566889, 1.31667633839513, 0.348171242044617, 0.929749847245563, 2.16671432265048, 2.42490001782965, -0.258185695179168, 176.320727272715, 177.711956989237, 171.758173382174, 173.590765614322
6/25/2018, 173.76, 173.99, 169.81, 171.37, 77799725, 1.32493002265542, 0.636890987675866, 0.962273156518979, 0.152941902711099, 0.80514224131251, 1.67877008156756, 2.27567403057723, -0.596903949009666, 174.398545454533, 177.36559139784, 171.845824175824, 173.720952576192
6/26/2018, 171.99, 173.06, 171.37, 172.07, 39008146, 1.30267097741232, 0.598552765226676, 0.911176233265742, 0.243275762136409, 0.864965730417701, 1.33318675785225, 2.08717657603223, -0.753989818179987, 173.09527272726, 177.115053763431, 172.024818070818, 173.858619652863
6/27/2018, 172.77, 173.58, 169.61, 169.73, 52843497, 1.37154931555512, 0.250626392371557, 0.37623405096286, 0.290325891997741, 0.748312795103648, 0.860570914396078, 1.841855443705, -0.981284529308924, 171.186727272715, 176.427311827947, 172.080415140415, 173.96336203362
6/28/2018, 169.52, 171.77, 169.17, 171.19, 46407708, 1.3677984231714, 0.254405400982819, 0.476978646296557, 0.663107272146341, 0.775754750772487, 0.596948006680918, 1.59287395630019, -0.995925949619267, 170.470727272715, 175.986817204291, 172.20367032967, 174.099327319939
6/29/2018, 172, 172.92, 171.4, 171.65, 36408464, 1.34631949583208, 0.328850571693507, 0.672937559091246, 0.493649949301451, 0.781733622649201, 0.420298172924788, 1.35835879962511, -0.938060626700318, 170.13927272726, 175.547096774184, 172.332266178266, 174.239573595735
7/2/2018, 170.04, 172.85, 169.67, 172.8, 31770026, 1.36250552307059, 0.46640837062238, 1.06897873092815, 0.646712151471803, 0.839402471243917, 0.368845474991332, 1.16045613469835, -0.791610659707019, 170.399818181806, 175.173870967732, 172.505682539683, 174.390226322263
7/3/2018, 173.41, 173.45, 170.63, 170.8, 25512707, 1.39208961748986, 0.278612832306478, 0.900890393528971, 0.93003418622207, 0.768411048389849, 0.164786005385452, 0.961322108835771, -0.79653610345032, 170.07127272726, 174.575096774184, 172.660703296703, 174.513106464397
7/5/2018, 171.91, 173.06, 171.03, 172.92, 31626198, 1.37161960058931, 0.393430401346676, 1.52724560552598, 0.894605993975941, 0.838905905828268, 0.17214925848188, 0.803487538764993, -0.631338280283113, 171.008727272715, 174.215161290313, 172.956021978022, 174.66608610086
7/6/2018, 173.31, 175.74, 173, 175.61, 37005574, 1.3633701854519, 0.730281586975515, 1.72695484705127, 0.878781326097049, 0.897885025987591, 0.390543268645985, 0.720898684741192, -0.330355416095207, 172.803636363624, 174.260623655904, 173.320190476191, 174.82969769031
7/9/2018, 176.49, 177.23, 175.82, 177.19, 27362061, 1.32936602716772, 0.60486591837354, 1.59750471412846, 0.908676064312748, 0.951670681853266, 0.683238937365445, 0.713366735266042, -0.0301277979005974, 175.071818181805, 174.464451612893, 173.724061050061, 175.008109881098
7/10/2018, 177.41, 177.72, 176.71, 177.32, 23902488, 1.29045143264243, 0.422196544047441, 1.59960381965841, 0.770228168838117, 0.983717265292268, 0.915143077389388, 0.753722003690712, 0.161421073698676, 176.492909090896, 174.646817204291, 174.065636141636, 175.193694956949
