Date,RSX_Open,RSX_High,RSX_Low,RSX_Close,RSX_Volume,RSX_ATRPercentOfClose20,RSX_SQN25,RSX_SQN50,RSX_SQN100,RSX_SQN200,RSX_MACD,RSX_MACD_Avg,RSX_MACD_Diff,RSX_LinReg10,RSX_LinReg30,RSX_LinReg90,RSX_LinReg270
1/3/2017, 21.81, 21.93, 21.46, 21.62, 15898705, 0, 0, 0, 0, 0, 0, 0, 0, 21.62, 21.62, 21.62, 21.62
1/4/2017, 21.57, 21.82, 21.55, 21.76, 8096706, 0, 0, 0, 0, 0, 0.0111680911680914, 0.00223361823361827, 0.00893447293447309, 21.76, 21.76, 21.76, 21.76
1/5/2017, 21.58, 21.69, 21.41, 21.67, 9250698, 0, 0, 0, 0, 0, 0.0126112612722302, 0.00430914684134066, 0.00830211443088956, 21.7083333333333, 21.7083333333333, 21.7083333333333, 21.7083333333333
1/6/2017, 21.55, 21.65, 21.5, 21.52, 5473716, 0, 0, 0, 0, 0, 0.00163242005727327, 0.00377380148452718, -0.00214138142725392, 21.584, 21.584, 21.584, 21.584
1/9/2017, 21.41, 21.55, 21.37, 21.44, 7413704, 0, 0, 0, 0, 0, -0.0133696056246144, 0.000345120062698863, -0.0137147256873133, 21.482, 21.482, 21.482, 21.482
1/10/2017, 21.63, 21.66, 21.39, 21.48, 5300210, 0, 0, 0, 0, 0, -0.0217800860805148, -0.00407992116594388, -0.017700164914571, 21.452380952381, 21.452380952381, 21.452380952381, 21.452380952381
1/11/2017, 21.35, 21.79, 21.24, 21.71, 12932800, 0, 0, 0, 0, 0, -0.00977370938835165, -0.00521867881042543, -0.00455503057792621, 21.5442857142857, 21.5442857142857, 21.5442857142857, 21.5442857142857
1/12/2017, 21.67, 21.75, 21.64, 21.71, 5833126, 0, 0, 0, 0, 0, -0.000255622699185665, -0.00422606758817748, 0.00397044488899182, 21.6025, 21.6025, 21.6025, 21.6025
1/13/2017, 21.36, 21.49, 21.35, 21.45, 7751121, 0, 0, 0, 0, 0, -0.0135362599347459, -0.00608810605749117, -0.00744815387725477, 21.5428888888889, 21.5428888888889, 21.5428888888889, 21.5428888888889
1/17/2017, 21.43, 21.46, 21.25, 21.28, 6317701, 0, 0, 0, 0, 0, -0.0373483117867117, -0.0123401472033353, -0.0250081645833764, 21.4434545454545, 21.4434545454545, 21.4434545454545, 21.4434545454545
1/18/2017, 21.3, 21.43, 21.17, 21.18, 6613795, 0, 0, 0, 0, 0, -0.0635560639580603, -0.0225833305542803, -0.04097273340378, 21.322, 21.3413636363636, 21.3413636363636, 21.3413636363636
1/19/2017, 21.06, 21.08, 20.91, 21, 8870235, 0, 0, 0, 0, 0, -0.0977238918534731, -0.0376114428141189, -0.0601124490393542, 21.1903636363636, 21.2142307692308, 21.2142307692308, 21.2142307692308
1/20/2017, 21.1, 21.19, 20.95, 21.08, 6871495, 0, 0, 0, 0, 0, -0.116998128616505, -0.053488779974596, -0.0635093486419087, 21.1098181818182, 21.1416483516483, 21.1416483516483, 21.1416483516483
1/23/2017, 21.05, 21.19, 21.01, 21.17, 5669015, 0, 0, 0, 0, 0, -0.123586227178805, -0.0675082694154378, -0.0560779577633672, 21.0625454545454, 21.1102857142857, 21.1102857142857, 21.1102857142857
1/24/2017, 21.41, 21.52, 21.39, 21.43, 6782047, 0, 0, 0, 0, 0, -0.106598712067459, -0.0753263579458421, -0.0312723541216171, 21.1081818181818, 21.1498333333333, 21.1498333333333, 21.1498333333333
1/25/2017, 21.54, 21.67, 21.42, 21.52, 12197561, 0, 0, 0, 0, 0, -0.0848951180392845, -0.0772401099645306, -0.00765500807475392, 21.1934545454545, 21.2029411764706, 21.2029411764706, 21.2029411764706
1/26/2017, 21.59, 21.65, 21.48, 21.54, 9694712, 0, 0, 0, 0, 0, -0.065327970375737, -0.0748576820467719, 0.00952971167103486, 21.3294545454545, 21.2509803921569, 21.2509803921569, 21.2509803921569
1/27/2017, 22.07, 22.19, 21.95, 22.08, 17130896, 0, 0, 0, 0, 0, -0.00617618265784614, -0.0611213821689867, 0.0549451995111406, 21.6612727272727, 21.4014035087719, 21.4014035087719, 21.4014035087719
1/30/2017, 21.71, 21.77, 21.64, 21.69, 9445013, 0, 0, 0, 0, 0, 0.00912708330526257, -0.0470716890741369, 0.0561987723793994, 21.7861818181818, 21.4501578947368, 21.4501578947368, 21.4501578947368
1/31/2017, 21.58, 21.63, 21.24, 21.38, 10021334, 0, 0, 0, 0, 0, -0.00371653547925987, -0.0384006583551615, 0.0346841228759016, 21.7569090909091, 21.4334285714286, 21.4334285714286, 21.4334285714286
2/1/2017, 21.52, 21.61, 21.4, 21.6, 11542104, 0, 0, 0, 0, 0, 0.00381301146140345, -0.0299579243918485, 0.0337709358532519, 21.7781818181818, 21.4584848484849, 21.4584848484849, 21.4584848484849
2/2/2017, 21.61, 22.08, 21.45, 21.77, 24759271, 1.48001837390905, 0, 0, 0, 0, 0.023230029589147, -0.0193203335956494, 0.0425503631847964, 21.7992727272727, 21.5087351778656, 21.5087351778656, 21.5087351778656
2/3/2017, 21.83, 21.89, 21.74, 21.8, 6186703, 1.43848623853211, 0, 0, 0, 0, 0.040571225790778, -0.00734202171836392, 0.0479132475091419, 21.8047272727272, 21.5566304347826, 21.5566304347826, 21.5566304347826
2/6/2017, 21.74, 21.76, 21.62, 21.7, 4938021, 1.41433410138249, 0, 0, 0, 0, 0.0457180749425881, 0.00326999761382648, 0.0424480773287616, 21.7543636363636, 21.5821666666667, 21.5821666666667, 21.5821666666667
2/7/2017, 21.62, 21.7, 21.56, 21.57, 4217974, 1.38416770978211, 0, 0, 0, 0, 0.0388591325408107, 0.0103878245992233, 0.0284713079415874, 21.6821818181818, 21.5846153846154, 21.5846153846154, 21.5846153846154
2/8/2017, 21.46, 21.54, 21.36, 21.46, 7170955, 1.37062780172414, -0.137598523624356, 0, 0, 0, 0.0242675493765638, 0.0131637695546914, 0.0111037798218724, 21.5823636363636, 21.5706837606838, 21.5706837606838, 21.5706837606838
2/9/2017, 21.45, 21.5, 21.42, 21.48, 3488010, 1.31950600529562, -0.260268833933397, 0, 0, 0, 0.0141542856509993, 0.013361872773953, 0.000792412877046291, 21.4967272727273, 21.5612169312169, 21.5612169312169, 21.5612169312169
2/10/2017, 21.56, 21.74, 21.5, 21.73, 6949334, 1.29893417137885, 0.0822153083611376, 0, 0, 0, 0.0260125059725489, 0.0158919994136722, 0.0101205065588767, 21.6087272727273, 21.5866995073891, 21.5866995073891, 21.5866995073891
2/13/2017, 21.64, 21.73, 21.59, 21.7, 3070461, 1.26795150077693, 0.202187740147717, 0, 0, 0, 0.0326135332219408, 0.0192363061753259, 0.0133772270466149, 21.6514545454545, 21.6052413793103, 21.6052413793103, 21.6052413793103
2/14/2017, 21.77, 21.78, 21.54, 21.73, 5545600, 1.25811413660913, 0.312967163702662, 0, 0, 0, 0.0398067764148031, 0.0233504002232214, 0.0164563761915818, 21.642, 21.625440860215, 21.625440860215, 21.625440860215
2/15/2017, 21.62, 21.71, 21.57, 21.62, 7209385, 1.23829228395424, 0.16248971259786, 0, 0, 0, 0.0362139410084765, 0.0259231083802724, 0.0102908326282041, 21.6194545454545, 21.6406021505376, 21.6298387096774, 21.6298387096774
2/16/2017, 21.64, 21.67, 21.54, 21.59, 4925856, 1.20811881519852, -0.0992390549660573, 0, 0, 0, 0.0305931845960146, 0.0268571236234208, 0.00373606097259373, 21.6194545454545, 21.6612903225806, 21.6301136363636, 21.6301136363636
2/17/2017, 21.32, 21.34, 21.11, 21.22, 9955996, 1.28082568139158, -0.447288729763123, 0, 0, 0, -0.00367485173392978, 0.0207507285519507, -0.0244255802858805, 21.5074545454545, 21.6301290322581, 21.5874153297682, 21.5874153297682
2/21/2017, 21.41, 21.47, 21.29, 21.45, 9296268, 1.26201235017123, 0.0241190482767554, 0, 0, 0, -0.0121335713458954, 0.0141738685723815, -0.0263074399182769, 21.4865454545454, 21.6210537634408, 21.574806722689, 21.574806722689
2/22/2017, 21.04, 21.17, 21.02, 21.09, 9390811, 1.32132084711305, -0.152269902821072, 0, 0, 0, -0.0473404477216945, 0.00187100531356628, -0.0492114530352608, 21.3289090909091, 21.5614193548387, 21.5239523809523, 21.5239523809523
2/23/2017, 21.27, 21.32, 21.1, 21.15, 4446928, 1.3060673206777, -0.00293696808338067, 0, 0, 0, -0.0695983657059074, -0.0124228688903285, -0.0571754968155789, 21.1961818181818, 21.5143225806451, 21.4842642642642, 21.4842642642642
2/24/2017, 20.87, 20.88, 20.7, 20.73, 8709678, 1.37444079308812, -0.21528633487389, 0, 0, 0, -0.119748035172677, -0.0338879021467981, -0.0858601330258786, 20.9392727272727, 21.4313978494623, 21.4046088193456, 21.4046088193456
2/27/2017, 20.81, 20.81, 20.58, 20.59, 5227599, 1.37044923548718, -0.411684841451659, 0, 0, 0, -0.16884252794382, -0.0608788273062025, -0.107963700637617, 20.7249090909091, 21.3370322580645, 21.317935222672, 21.317935222672
2/28/2017, 20.39, 20.41, 20.14, 20.17, 13910723, 1.44058861034937, -0.82570231718573, 0, 0, 0, -0.238887016263728, -0.0964804650977076, -0.142406551166021, 20.4216363636364, 21.1792688172043, 21.197423076923, 21.197423076923
3/1/2017, 20.45, 20.59, 20.43, 20.58, 10454233, 1.44333521172058, -0.654595249737774, 0, 0, 0, -0.258336264762075, -0.128851625030581, -0.129484639731494, 20.3494545454545, 21.0704516129032, 21.1267682926829, 21.1267682926829
3/2/2017, 20.36, 20.47, 20.16, 20.17, 9397352, 1.50315551434552, -1.02232630237582, 0, 0, 0, -0.303336829656654, -0.163748665955796, -0.139588163700859, 20.1763636363636, 20.9074623655913, 21.0235540069686, 21.0235540069686
3/3/2017, 20.32, 20.6, 20.28, 20.56, 8498723, 1.50548221732158, -0.683029989490095, 0, 0, 0, -0.304025741415582, -0.191804081047753, -0.112221660367829, 20.2110909090909, 20.7884731182795, 20.9647286821705, 20.9647286821705
3/6/2017, 20.57, 20.58, 20.3, 20.35, 8027701, 1.51376307954423, -1.3417113505059, 0, 0, 0, -0.317852943033934, -0.217013853444989, -0.100839089588945, 20.1554545454545, 20.6510107526881, 20.8918921775898, 20.8918921775898
3/7/2017, 20.2, 20.23, 20.05, 20.08, 9407595, 1.53211278562195, -1.2877058143138, 0, 0, 0, -0.346602426432543, -0.2429315680425, -0.103670858390043, 20.1, 20.4899999999999, 20.8011818181818, 20.8011818181818
3/8/2017, 20.06, 20.09, 19.57, 19.57, 10525469, 1.62629450682291, -1.40383314905234, 0, 0, 0, -0.405860825945044, -0.275517419623009, -0.130343406322035, 19.8710909090909, 20.2886451612902, 20.6737198067633, 20.6737198067633
3/9/2017, 19.48, 19.49, 19.2, 19.34, 17671492, 1.65901004775585, -1.79535359050892, 0, 0, 0, -0.46601073068053, -0.313616081834513, -0.152394648846017, 19.6576363636364, 20.0761075268817, 20.5366049953746, 20.5366049953746
3/10/2017, 19.54, 19.56, 19.42, 19.5, 9200745, 1.61953803114965, -1.78624484158267, 0, 0, 0, -0.495062528058131, -0.349905371079237, -0.145157156978894, 19.5141818181818, 19.8992688172042, 20.4229255319149, 20.4229255319149
3/13/2017, 19.68, 19.93, 19.66, 19.89, 10970611, 1.61648778416527, -1.37917946742575, 0, 0, 0, -0.481071058447327, -0.376138508552855, -0.104932549894472, 19.5445454545454, 19.8210752688171, 20.3491496598639, 20.3491496598639
3/14/2017, 19.62, 19.74, 19.55, 19.61, 9201190, 1.6442807203312, -1.50673771869983, 0, 0, 0, -0.486962971903846, -0.398303401223053, -0.0886595706807931, 19.4323636363636, 19.6954838709677, 20.2586693877551, 20.2586693877551
3/15/2017, 19.7, 20.28, 19.66, 20.21, 20415652, 1.68145114692777, -0.844559299792712, 0, 0, 0, -0.438166459974862, -0.406276012973415, -0.0318904470014473, 19.64, 19.6387741935483, 20.221294117647, 20.221294117647
3/16/2017, 20.33, 20.49, 20.29, 20.43, 10949817, 1.64870393027115, -0.618803703417468, -0.597593711220331, 0, 0, -0.377392367039342, -0.4004992837866, 0.023106916747259, 19.8618181818182, 19.632193548387, 20.2035143288084, 20.2035143288084
3/17/2017, 20.67, 20.91, 20.5, 20.89, 9848451, 1.64666683727466, -0.315016047562328, -0.403103518366648, 0, 0, -0.28878141255095, -0.37815570953947, 0.0893742969885204, 20.3063636363636, 19.7028602150537, 20.2216110304789, 20.2216110304789
3/20/2017, 20.69, 20.88, 20.67, 20.86, 10610087, 1.61931575834776, -0.488010667242715, -0.373668997649882, 0, 0, -0.218459081683395, -0.346216383968255, 0.12775730228486, 20.6805454545455, 19.7773978494623, 20.2366457023061, 20.2366457023061
3/21/2017, 21.05, 21.21, 20.76, 20.83, 14800232, 1.64858283164559, -0.488753951391087, -0.314070270195117, 0, 0, -0.163266838619833, -0.309626474898571, 0.146359636278738, 20.9625454545455, 19.8475268817203, 20.2488552188552, 20.2488552188552
3/22/2017, 20.63, 20.94, 20.54, 20.9, 7686976, 1.65660197913965, -0.462650837987153, -0.235938451968073, 0, 0, -0.112580416406271, -0.270217263200111, 0.15763684679384, 21.1258181818182, 19.9234838709676, 20.2655324675324, 20.2655324675324
3/23/2017, 20.79, 20.92, 20.72, 20.82, 5680910, 1.62784977405465, -0.44702502431603, -0.298614093263713, 0, 0, -0.0779676307243484, -0.231767336704958, 0.15379970598061, 21.1429090909091, 19.9862795698924, 20.2758834586466, 20.2758834586466
3/24/2017, 20.94, 20.98, 20.83, 20.95, 5277584, 1.57504728787718, -0.347029547247089, -0.34953736100424, 0, 0, -0.0395904609652966, -0.193331961557026, 0.15374150059173, 21.1561818181818, 20.0710322580644, 20.294742891712, 20.294742891712
3/27/2017, 20.58, 20.81, 20.51, 20.74, 6007564, 1.61752066764588, -0.259615891837462, -0.458168075801658, 0, 0, -0.0258238412285472, -0.15983033749133, 0.134006496262783, 21.0958181818182, 20.1492258064515, 20.2986031560491, 20.2986031560491
3/28/2017, 20.75, 20.92, 20.69, 20.83, 5436506, 1.58521410055817, -0.347563247730243, -0.28013538659773, 0, 0, -0.00756425207606881, -0.129377120408278, 0.121812868332209, 20.9641818181818, 20.2432258064515, 20.308406779661, 20.308406779661
3/29/2017, 20.79, 20.89, 20.7, 20.86, 4507672, 1.54932930148108, -0.110360384435203, -0.176859423324229, 0, 0, 0.00922105853713617, -0.101657484619195, 0.110878543156331, 20.8963636363636, 20.3486451612902, 20.3198087431694, 20.3198087431694
3/30/2017, 21.04, 21.08, 20.97, 21.02, 5461007, 1.51299042661516, -0.0452436321250789, -0.0391476218038296, 0, 0, 0.0350303923960631, -0.0743199092161436, 0.109350301612207, 20.8923636363636, 20.4726451612902, 20.3410047593866, 20.3410047593866
3/31/2017, 20.75, 20.82, 20.65, 20.67, 6274574, 1.55118073677204, -0.00233383459141588, -0.128023058077614, 0, 0, 0.0269319457909951, -0.0540695382147158, 0.0810014840057109, 20.8272727272727, 20.5541075268816, 20.3391705069124, 20.3391705069124
4/3/2017, 20.76, 20.94, 20.74, 20.93, 5072889, 1.51981655698157, 0.256906034685567, -0.0316303506968882, 0, 0, 0.0410208329717427, -0.0350514639774241, 0.0760722969491669, 20.858, 20.6498279569892, 20.3537351190476, 20.3537351190476
4/4/2017, 20.96, 21.18, 20.91, 21.14, 8265692, 1.49334307051764, 0.690180242726977, 0.0308498049771493, 0, 0, 0.0683437977661008, -0.0143724116287191, 0.0827162093948199, 20.9514545454545, 20.7893978494623, 20.3805096153846, 20.3805096153846
4/5/2017, 21.41, 21.51, 21.28, 21.3, 10382967, 1.49487365658243, 0.528831739215655, -0.0202230329003277, 0, 0, 0.101735365080579, 0.00884914371314044, 0.0928862213674383, 21.0972727272727, 20.9272688172042, 20.4156503496503, 20.4156503496503
4/6/2017, 21.32, 21.4, 21.27, 21.28, 4840431, 1.45200979515722, 0.842930250805759, -0.0761744667809605, 0, 0, 0.125142030468503, 0.0321077210642129, 0.0930343094042898, 21.1983636363636, 21.0652473118279, 20.4479240162822, 20.4479240162822
4/7/2017, 20.71, 20.79, 20.58, 20.6, 15514706, 1.59484611742225, 0.0630254553972984, -0.410689902043331, 0, 0, 0.0878094517215082, 0.043248067195672, 0.0445613845258363, 21.0654545454545, 21.0881075268816, 20.4389771729587, 20.4389771729587
4/10/2017, 20.21, 20.24, 20.09, 20.1, 12244630, 1.679658632734, -0.126956079117844, -0.927011518144834, 0, 0, 0.0176735629399971, 0.038133166344537, -0.0204596034045399, 20.7369090909091, 21.0390322580644, 20.4018414322251, 20.4018414322251
4/11/2017, 20.28, 20.32, 20.14, 20.29, 8250403, 1.63494734312744, 0.177063275072073, -0.650239432269387, 0, 0, -0.0223209204408477, 0.0260423489874601, -0.0483632694283077, 20.5269090909091, 20.9892258064515, 20.3774658385093, 20.3774658385093
4/12/2017, 20.17, 20.18, 19.75, 19.98, 25194252, 1.71243380943208, 0.325700948600561, -0.659599762853274, 0, 0, -0.0781306049079937, 0.00520775820836931, -0.083338363116363, 20.2452727272727, 20.9266451612903, 20.3370784708249, 20.3370784708249
4/13/2017, 20.05, 20.2, 20.02, 20.06, 7090711, 1.67515982735944, 0.554691784002652, -0.729572684764597, 0, 0, -0.114583997525752, -0.018750592938455, -0.0958334045872973, 20.0712727272727, 20.850752688172, 20.3031924882629, 20.3031924882629
4/17/2017, 20.12, 20.38, 20.11, 20.34, 7825427, 1.6481573662728, 0.628651033204047, -0.66013956816759, 0, 0, -0.119502364989515, -0.038900947348667, -0.0806014176408479, 19.9763636363636, 20.8370967741935, 20.2862937595129, 20.2862937595129
4/18/2017, 20.11, 20.2, 19.98, 20.01, 8445772, 1.68152647618637, 0.120480232052781, -0.834228800129314, 0, 0, -0.148318722803122, -0.060784502439558, -0.087534220363564, 19.8374545454545, 20.7689892473117, 20.2526064420585, 20.2526064420585
4/19/2017, 20.12, 20.13, 19.69, 19.79, 9953650, 1.72637582360105, 0.165368917097373, -0.896579951992065, 0, 0, -0.18675525701261, -0.0859786533541684, -0.100776603658442, 19.7147272727273, 20.6571612903225, 20.2089621621622, 20.2089621621622
4/20/2017, 19.94, 20.16, 19.88, 20.11, 6663203, 1.70595368829496, -0.0431882335700736, -0.658887568967141, 0, 0, -0.189214020202233, -0.106625726723781, -0.0825882934784513, 19.8081818181818, 20.5538064516128, 20.1841824561404, 20.1841824561404
4/21/2017, 20.18, 20.23, 20, 20.14, 6097905, 1.67534221638684, -0.189883814061302, -0.592443839603336, 0, 0, -0.186590954094935, -0.122618772198012, -0.0639721818969232, 19.9729090909091, 20.435440860215, 20.1622043745728, 20.1622043745728
4/24/2017, 20.54, 20.67, 20.51, 20.62, 10584206, 1.68304183443887, -0.168141088269576, -0.349950367198081, 0, 0, -0.14411885439155, -0.12691878863672, -0.0172000657548305, 20.2296363636364, 20.3834838709677, 20.1657942057942, 20.1657942057942
4/25/2017, 20.75, 20.83, 20.67, 20.8, 5525407, 1.63553396609726, -0.0111525818384706, -0.379674628621363, 0, 0, -0.0948416383345823, -0.120503358576292, 0.02566172024171, 20.4474545454545, 20.3731397849462, 20.1784063615709, 20.1784063615709
4/26/2017, 20.62, 20.83, 20.57, 20.61, 6696412, 1.6311572620127, -0.127665182466097, -0.45452195804781, 0, 0, -0.0703100116422597, -0.110464689189486, 0.040154677547226, 20.5994545454545, 20.3141505376343, 20.1811487341772, 20.1811487341772
4/27/2017, 20.7, 20.82, 20.55, 20.82, 8129919, 1.59881093235244, -0.0239392354376546, -0.366039949313938, 0, 0, -0.0335366857534929, -0.0950790885022871, 0.0615424027487943, 20.7445454545455, 20.3153548387096, 20.1941944444445, 20.1941944444445
4/28/2017, 20.82, 20.9, 20.8, 20.88, 7070832, 1.53845217581412, 0.0766909352269291, -0.288602324637569, 0, 0, 0.000442833797574593, -0.0759747040423148, 0.0764175378398894, 20.8805454545454, 20.3349032258064, 20.2097049081602, 20.2097049081602
5/1/2017, 20.88, 21, 20.88, 20.96, 2586982, 1.48457716409584, 0.0406079069910286, -0.237443178649016, 0, 0, 0.0334416843427441, -0.054091426365303, 0.0875331107080471, 21.0554545454546, 20.3923655913978, 20.2285013223626, 20.2285013223626
5/2/2017, 21.03, 21.05, 20.77, 20.8, 7341473, 1.48850483132098, 0.0769342598119014, -0.146336498364807, 0, 0, 0.0461508500480114, -0.0340429710826401, 0.0801938211306516, 21.0752727272727, 20.4270752688171, 20.2390447504303, 20.2390447504303
5/3/2017, 20.53, 20.59, 20.4, 20.41, 8548974, 1.53909139965226, -0.262596342594692, -0.433950579878044, 0, 0, 0.0244711268820801, -0.0223401514896961, 0.0468112783717762, 20.8732727272727, 20.4106881720429, 20.2310084033614, 20.2310084033614
5/4/2017, 20.33, 20.35, 19.97, 20, 10329752, 1.60211063467788, -0.556223860715713, -0.463678466412046, 0, 0, -0.0254998371582644, -0.0229720886234098, -0.00252774853485466, 20.5598181818182, 20.3496559139784, 20.2044350205198, 20.2044350205198
5/5/2017, 19.97, 20.32, 19.97, 20.32, 8142464, 1.58415856588975, -0.429718163461819, -0.331697681038098, 0, 0, -0.0388332153988884, -0.0261443139785055, -0.0126889014203829, 20.3689090909091, 20.3296989247311, 20.1936487570169, 20.1936487570169
5/8/2017, 20.27, 20.51, 20.19, 20.19, 5989431, 1.59388791262683, -0.294559853777224, -0.205803566728261, 0, 0, -0.059207420967482, -0.0327569353763008, -0.0264504855911812, 20.2192727272727, 20.3051397849461, 20.1775078369906, 20.1775078369906
5/9/2017, 20.36, 20.51, 20.29, 20.33, 6756550, 1.58246763935755, -0.378493735566352, -0.0723720300813114, 0, 0, -0.0633272980258717, -0.038871007906215, -0.0244562901196567, 20.1774545454546, 20.2892473118278, 20.1683478038815, 20.1683478038815
5/10/2017, 20.52, 20.73, 20.5, 20.66, 9000533, 1.57613691929971, -0.28525749677099, 0.286747026843041, 0, 0, -0.0395086569972491, -0.0389985377244218, -0.000510119272827333, 20.2372727272727, 20.3238709677418, 20.1742172284644, 20.1742172284644
5/11/2017, 20.63, 20.69, 20.48, 20.66, 3675373, 1.5481529194141, -0.393922166477535, 0.0888575795030432, 0, 0, -0.0203970874506396, -0.0352782476696654, 0.0148811602190258, 20.3363636363636, 20.3615913978493, 20.1799487179487, 20.1799487179487
5/12/2017, 20.48, 20.51, 20.35, 20.46, 5911904, 1.56087963584265, -0.513517508989431, 0.194450801814021, 0, 0, -0.0211456060400401, -0.0324517193437403, 0.0113061133037002, 20.3870909090909, 20.3858924731182, 20.1777045177045, 20.1768991877688
5/15/2017, 20.75, 20.91, 20.71, 20.89, 9206198, 1.56001998477135, 0.240641288007738, 0.210826496667022, 0, 0, 0.0128109176410867, -0.0233991919467749, 0.0362101095878616, 20.6252727272728, 20.4450322580644, 20.1982173382173, 20.1924403927069
5/16/2017, 20.81, 20.86, 20.75, 20.78, 4902126, 1.52355036611068, 0.559802095974251, 0.262087204322678, 0, 0, 0.0304941094979085, -0.0126205316578382, 0.0431146411557468, 20.7972727272728, 20.5061290322579, 20.2125592185592, 20.2028277282086
5/17/2017, 20.6, 20.71, 20.42, 20.42, 9642976, 1.5610385787165, 0.130709117755553, 0.219341038620274, 0, 0, 0.015283002154991, -0.00703982489527239, 0.0223228270502634, 20.768, 20.5365161290321, 20.2084835164835, 20.1978320268757
5/18/2017, 20.02, 20.22, 19.91, 20.08, 11947674, 1.63508901337258, 0.109038482521065, 0.313925632921829, 0, 0, -0.0239312044772682, -0.0104181008116715, -0.0135131036655966, 20.5387272727273, 20.5390752688171, 20.1885738705739, 20.179
5/19/2017, 20.31, 20.43, 20.22, 20.26, 8915449, 1.62591105721102, 0.183618999733066, 0.530193075963625, 0, 0, -0.0400228911039413, -0.0163390588701255, -0.0236838322338158, 20.4312727272728, 20.571010752688, 20.1784175824176, 20.1683032646048
5/22/2017, 20.25, 20.48, 20.22, 20.43, 9102904, 1.59539452364858, 0.100457020900837, 0.531365999323677, 0, 0, -0.0386129830068462, -0.0207938436974696, -0.0178191393093766, 20.3598181818182, 20.5857634408601, 20.1816971916972, 20.1649631811488
5/23/2017, 20.61, 20.67, 20.49, 20.62, 6291992, 1.55985521882801, 0.506832205458662, 0.427269799059964, 0, 0, -0.0219116250047691, -0.0210173999589295, -0.000894225045839536, 20.3689090909091, 20.5923870967741, 20.1942197802198, 20.169449598021
5/24/2017, 20.37, 20.61, 20.37, 20.52, 7282848, 1.55000018916286, 0.612870412407144, 0.530106271495931, 0, 0, -0.0165540183079287, -0.0201247236287294, 0.00357070532080067, 20.3936363636364, 20.595634408602, 20.1973919413919, 20.1698686868687
5/25/2017, 20.59, 20.62, 20.17, 20.17, 11765375, 1.60960355416662, 0.0787816387021407, 0.0236509743955914, 0, 0, -0.0400880413425107, -0.0241173871714856, -0.015970654171025, 20.3050909090909, 20.532322580645, 20.1821684981685, 20.1565485148515
5/26/2017, 20.22, 20.32, 20.11, 20.31, 6024388, 1.57028156096326, 0.164388818065742, -0.0199189185082856, -0.431369209012282, 0, -0.0469014435337947, -0.0286741984439474, -0.0182272450898472, 20.2516363636364, 20.49088172043, 20.1716556776557, 20.1492137449039
5/30/2017, 20.24, 20.37, 20.2, 20.32, 5702216, 1.53286405403571, -0.220346124674827, -0.27253389861746, -0.479456699892067, 0, -0.0509073689710213, -0.0331208325493622, -0.0177865364216591, 20.2958181818182, 20.4677634408601, 20.1582173382173, 20.1425794783933
5/31/2017, 19.93, 19.97, 19.73, 19.76, 12428450, 1.64678176614905, -0.7747624892978, -0.546262210383995, -0.6508053153121, 0, -0.0981381382569282, -0.0461242936908754, -0.0520138445660528, 20.1556363636364, 20.3517204301074, 20.1225763125763, 20.1147983569828
6/1/2017, 19.6, 19.76, 19.53, 19.62, 8732046, 1.63421953690877, -0.744840257768778, -0.606710058499603, -0.652030268069419, 0, -0.145192010053499, -0.0659378369634002, -0.079254173090099, 19.9507272727273, 20.2048602150536, 20.0837826617827, 20.0826978021978
6/2/2017, 19.65, 19.72, 19.53, 19.69, 7537102, 1.59523707203872, -0.862165101985262, -0.604379996490019, -0.595335679028163, 0, -0.174818923739668, -0.0877140543186537, -0.0871048694210143, 19.7456363636364, 20.0893118279569, 20.0549621489622, 20.0543486073675
6/5/2017, 19.61, 19.73, 19.6, 19.67, 6940809, 1.55006136507475, -0.927581417730642, -0.573952595540199, -0.617805938183524, 0, -0.19763409630017, -0.109698062714957, -0.0879360335852133, 19.5909090909091, 19.9759354838708, 20.0285421245421, 20.0262458120261
6/6/2017, 19.58, 19.83, 19.56, 19.77, 4813457, 1.53339512890588, -0.905467655345145, -0.587164147155863, -0.66337832448865, 0, -0.20527978310626, -0.128814406793218, -0.0764653763130422, 19.5369090909091, 19.9102795698923, 20.008293040293, 20.0028037383177
6/7/2017, 19.68, 19.75, 19.39, 19.42, 8766005, 1.58081671542461, -1.03987147459516, -0.66339438166891, -0.794376563552462, 0, -0.236850850739451, -0.150421695582464, -0.0864291551569866, 19.436, 19.8176989247311, 19.9860415140415, 19.9673938158342
6/8/2017, 19.41, 19.53, 19.36, 19.49, 9279599, 1.53999423206098, -0.711483988441041, -0.671632986032925, -0.676233153595943, 0, -0.253302817110306, -0.170997919888033, -0.0823048972222735, 19.4047272727273, 19.7302365591397, 19.9601318681319, 19.9357080900751
6/9/2017, 19.46, 19.57, 19.33, 19.39, 5641178, 1.53242718946494, -0.492225368992776, -0.74234073472343, -0.65523511131259, 0, -0.271283100539204, -0.191054956018267, -0.0802281445209371, 19.3250909090909, 19.6513118279569, 19.9245738705739, 19.9014987714988
6/12/2017, 19.47, 19.49, 19.33, 19.42, 5025746, 1.49475154704114, -0.768965453114644, -0.811999029329224, -0.607038332113407, 0, -0.279885509487325, -0.208821066712079, -0.0710644427752467, 19.3263636363636, 19.5894193548386, 19.896673992674, 19.86949002574
6/13/2017, 19.48, 19.53, 19.39, 19.49, 6505176, 1.45082972249163, -0.592463286828936, -0.599763351055677, -0.513933768003059, 0, -0.277851664537991, -0.222627186277261, -0.0552244782607298, 19.4023636363636, 19.5511612903225, 19.8772087912088, 19.84100505689
6/14/2017, 19.36, 19.42, 18.84, 18.85, 15175722, 1.59749802264158, -1.14873567701922, -1.05044113445542, -0.775137699962787, 0, -0.324145926591498, -0.242930934340109, -0.0812149922513898, 19.1905454545454, 19.4305161290322, 19.832105006105, 19.7911038658593
6/15/2017, 18.64, 18.86, 18.52, 18.77, 10677951, 1.6146614725868, -1.54317371614499, -1.21005463157047, -0.839700412102525, 0, -0.36310415553266, -0.266965578578619, -0.0961385769540415, 18.9727272727272, 19.2863010752687, 19.7834432234432, 19.7400167810831
6/16/2017, 18.94, 18.94, 18.66, 18.75, 7189252, 1.61023125591634, -1.56214622432988, -1.30862007704823, -0.945158252439482, 0, -0.391084486976222, -0.29178936025814, -0.0992951267180826, 18.8083636363636, 19.1227956989246, 19.7331648351649, 19.6898515742129
6/19/2017, 18.83, 18.94, 18.77, 18.86, 6319034, 1.57116883594962, -1.29777160010028, -1.23156018820992, -0.931972241144198, 0, -0.399774667030563, -0.313386421612624, -0.0863882454179388, 18.7292727272727, 19.0026451612902, 19.6873162393163, 19.645
6/20/2017, 18.71, 18.71, 18.44, 18.45, 13444345, 1.63960065223357, -2.08587052207136, -1.15641117707746, -1.09081664445686, 0, -0.434733928702425, -0.337655923030584, -0.0970780056718403, 18.5727272727272, 18.8312258064515, 19.625894993895, 19.5877096914385
6/21/2017, 18.49, 18.61, 18.11, 18.17, 10050959, 1.71921301221926, -2.22234807484704, -1.07797726341854, -1.41316432137415, 0, -0.479505613160971, -0.366025861056662, -0.113479752104309, 18.3214545454545, 18.6448387096773, 19.5600097680098, 19.5228030195129
6/22/2017, 18.52, 18.65, 18.41, 18.51, 10567348, 1.73291169154094, -1.53571816328845, -0.957506077510418, -1.1316091160043, 0, -0.481996185165123, -0.389219925878354, -0.0927762592867689, 18.2698181818181, 18.5375268817204, 19.510927960928, 19.4711470588235
6/23/2017, 18.71, 18.88, 18.65, 18.85, 7028412, 1.71471541856242, -0.94256220008836, -0.582570186123836, -0.879114576451204, 0, -0.451332146875892, -0.401642370077862, -0.0496897767980302, 18.3690909090909, 18.4872258064515, 19.4797118437118, 19.4322520661157
6/26/2017, 18.93, 18.98, 18.79, 18.9, 5908498, 1.67493472793156, -1.0534303464301, -0.597597235200661, -0.939625274513089, 0, -0.418175625174918, -0.404949021097273, -0.013226604077645, 18.5210909090909, 18.4416129032257, 19.4503467643468, 19.3961807343178
6/27/2017, 19, 19.09, 18.78, 18.78, 6028701, 1.68388993823276, -1.30303554470351, -0.827390358909188, -1.04859986222716, 0, -0.39700540874054, -0.403360298625926, 0.00635488988538613, 18.674, 18.419505376344, 19.4170622710623, 19.357325069972
6/28/2017, 18.99, 19.23, 18.92, 19.19, 8916162, 1.68276604419023, -1.044413688137, -0.403436540226144, -0.880973579453091, 0, -0.343188225964429, -0.391325884093627, 0.0481376581291978, 18.8792727272727, 18.4556989247311, 19.395536019536, 19.3328140571728
6/29/2017, 19.17, 19.17, 18.8, 18.86, 8297522, 1.72999291456045, -1.20334986404023, -0.465748575250365, -0.968304706918368, 0, -0.323437575915172, -0.377748222457936, 0.0543106465427641, 18.9359999999999, 18.4362795698924, 19.3661831501832, 19.2985483870968
6/30/2017, 19.09, 19.25, 18.96, 19.17, 6299523, 1.7186376134679, -0.699625630918144, -0.462660279447865, -0.796284417714293, 0, -0.279548176863305, -0.35810821333901, 0.078560036475705, 19.090909090909, 18.4435913978494, 19.3442783882784, 19.2751123809524
7/3/2017, 19.15, 19.23, 19.12, 19.19, 2572629, 1.65966487220795, -0.790806608075411, -0.467489226693335, -0.751472019916955, 0, -0.240380719750153, -0.334562714621238, 0.0941819948710854, 19.2518181818181, 18.4713118279569, 19.3259877899878, 19.253025871766
7/5/2017, 19.2, 19.22, 19.04, 19.12, 5408931, 1.62952512828384, -0.851619049633305, -0.788446248751499, -0.785011367077592, 0, -0.212538629764062, -0.310157897649803, 0.0976192678857413, 19.2885454545454, 18.5083870967741, 19.2967399267399, 19.2294402066929
7/6/2017, 19.22, 19.24, 18.99, 19.06, 8387865, 1.61850442970345, -0.534530225974672, -0.925411047538641, -0.897272176545648, 0, -0.193089258638047, -0.286744169847452, 0.0936549112094051, 19.2119999999999, 18.5589677419354, 19.2629377289377, 19.2047165697674
7/7/2017, 19.09, 19.14, 18.94, 19.08, 8941160, 1.58837839143817, -0.408176661439894, -0.814720687187582, -0.879248750828194, 0, -0.174055258369648, -0.264206387551891, 0.0901511291822427, 19.1618181818181, 18.6154838709677, 19.2217973137973, 19.1813464519976
7/10/2017, 19.11, 19.31, 19.1, 19.25, 5169863, 1.55537385575108, -0.320862797169064, -0.830449499786709, -0.821684205396801, 0, -0.143597790827521, -0.240084668207017, 0.0964868773794964, 19.2072727272727, 18.6795268817203, 19.1979975579976, 19.1638461538461
7/11/2017, 19.17, 19.29, 19.16, 19.24, 3626498, 1.51215693279875, -0.313106104164378, -0.869453411508274, -0.788633626204742, 0, -0.118896381319271, -0.215847010829468, 0.096950629510197, 19.2374545454545, 18.757569892473, 19.165623931624, 19.1465822345593
7/12/2017, 19.6, 19.79, 19.49, 19.7, 9919591, 1.54259920902008, -0.0177589989106381, -0.621522802601397, -0.592873783096872, 0, -0.0614933239402227, -0.184976273451619, 0.123482949511396, 19.3839999999999, 18.9015483870967, 19.1627057387058, 19.1436283891547
7/13/2017, 19.8, 19.92, 19.74, 19.92, 6254065, 1.50450523076359, 0.415207874671583, -0.416333307421694, -0.389525923854159, 0, 0.0017312175839912, -0.147634775244497, 0.149365992828488, 19.6383636363636, 19.0401075268816, 19.1653675213675, 19.1473672988441
7/14/2017, 20.06, 20.21, 20.05, 20.21, 5892139, 1.48051741647552, 0.568851854859983, -0.0597121220747979, -0.361603156288762, 0, 0.0743802889481593, -0.103231762405966, 0.177612051354125, 19.8870909090909, 19.2050967741935, 19.1750207570208, 19.1596417910448
7/17/2017, 20.05, 20.1, 20.04, 20.05, 3961119, 1.46010943329784, 0.525268694631612, 0.0730375203652175, -0.2990913671182, 0, 0.117687905669968, -0.0590478287907789, 0.176735734460746, 20.068909090909, 19.3506451612903, 19.1662515262515, 19.1669825708061
7/18/2017, 20.05, 20.09, 19.95, 20.03, 2764487, 1.423436566687, 0.48766484917913, -0.115868950403543, -0.327145507331338, 0, 0.148681760301923, -0.0175019109722386, 0.166183671274161, 20.1998181818181, 19.4899999999999, 19.1511452991453, 19.1736227994847
7/19/2017, 20.25, 20.36, 20.19, 20.36, 6606755, 1.4113881487821, 0.660992716268662, 0.137932612523396, -0.0628236097517931, 0, 0.197595102132631, 0.0255174916487353, 0.172077610483896, 20.3849090909091, 19.675569892473, 19.153514041514, 19.1896921612186
7/20/2017, 20.32, 20.35, 20.23, 20.29, 4146904, 1.37748001842008, 1.24785875700667, 0.0236264918231579, -0.0386567238861426, 0, 0.22808167932612, 0.0660303291842123, 0.162051350141908, 20.4661818181818, 19.8251182795698, 19.1608595848596, 19.2034157022208
7/21/2017, 20.2, 20.23, 19.99, 20, 6572573, 1.40258080475281, 1.04772400227982, -0.315041640236182, 0.00598493921490266, 0, 0.226234049727562, 0.0980710732928823, 0.12816297643468, 20.3841818181818, 19.9369247311827, 19.1490134310134, 19.2086043165467
7/24/2017, 19.76, 19.89, 19.75, 19.83, 4403699, 1.40691050379745, 0.916253938282174, -0.40784473243395, -0.207796595134046, 0, 0.208647057310145, 0.120186270096335, 0.0884607872138102, 20.2272727272727, 20.0172043010752, 19.1427838827839, 19.2089209726444
7/25/2017, 19.82, 19.94, 19.75, 19.88, 3526171, 1.38099011699136, 0.864867664388988, -0.274144464354371, -0.0417528974216979, 0, 0.19647893439268, 0.135444802955604, 0.0610341314370758, 20.054, 20.1029892473117, 19.1439072039072, 19.21069423634
7/26/2017, 19.98, 20.24, 19.9, 20.22, 8203293, 1.37890105586048, 1.56091446224657, -0.32066098238061, -0.0586294798103036, 0, 0.211828935703576, 0.150721629505198, 0.0611073061983775, 20.0552727272727, 20.2336129032257, 19.1705177045177, 19.2219609967497
7/27/2017, 20.23, 20.25, 19.97, 20.11, 4777616, 1.38673845758448, 1.79397364861246, -0.322583548699494, -0.0228035709539071, 0, 0.212666356266777, 0.163110574857514, 0.0495557814092627, 20.0341818181818, 20.3029032258064, 19.1921440781441, 19.2299679487179
7/28/2017, 19.85, 20.03, 19.82, 19.98, 4226856, 1.39854578893507, 1.38320788850393, -0.204036629598892, 0.0285376004790478, 0, 0.200528536408694, 0.17059416716775, 0.0299343692409439, 20.0158181818182, 20.3422365591397, 19.2079706959707, 19.2342653256705
7/31/2017, 19.8, 20.05, 19.75, 20.01, 4613136, 1.4015890864456, 1.12804315569145, 0.00277078841442155, 0.236326115736283, 0, 0.191126785392715, 0.174700690812743, 0.0164260945799721, 19.9883636363636, 20.3762365591397, 19.2272869352869, 19.2393349078885
8/1/2017, 20.06, 20.1, 19.9, 19.93, 3879815, 1.38702999191108, 0.998863268100442, -0.148191103881826, 0.297196190210558, 0, 0.175200891743241, 0.174800730998843, 0.00040016074439872, 19.9314545454546, 20.3992903225805, 19.2419804639804, 19.2421694157115
8/2/2017, 20.03, 20.13, 19.88, 20.08, 6016019, 1.37008627250241, 1.26370913088195, -0.158413952707547, 0.291519748951166, 0, 0.172692560345585, 0.174379096868191, -0.00168653652260631, 19.9978181818182, 20.4071397849461, 19.2667716727717, 19.2490310718882
8/3/2017, 20.11, 20.16, 19.99, 20.02, 3070479, 1.34794034636643, 0.85954841921912, -0.303481002196644, 0.114993947134789, 0, 0.163973012266563, 0.172297879947865, -0.00832486768130219, 20.0447272727273, 20.378193548387, 19.2849108669108, 19.2541792127698
8/4/2017, 20.03, 20.12, 19.95, 20.12, 2466142, 1.31642532045443, 1.40007443581455, -0.187894198550463, 0.265731159754184, 0, 0.163250027164572, 0.170488309391207, -0.00723828222663436, 20.0829090909091, 20.3726666666666, 19.3099487179487, 19.2619167785235
8/7/2017, 20.21, 20.31, 20.18, 20.25, 3566865, 1.2894890654403, 1.23943556998069, 0.0892629284021161, 0.0779629698561553, 0, 0.171193557045754, 0.170629358922116, 0.00056419812363781, 20.1254545454546, 20.3959139784945, 19.3418559218559, 19.2729580573951
8/8/2017, 20.35, 20.44, 20.3, 20.3, 5082558, 1.26879536435506, 1.27151441433488, 0.0360502615839267, 0.00987464553716583, 0, 0.179454800604564, 0.172394447258606, 0.00706035334595795, 20.1723636363636, 20.4198064516128, 19.3799511599511, 19.2851063088184
8/9/2017, 20.28, 20.32, 20.17, 20.3, 3057242, 1.24230140894519, 1.36274345086426, 0.0301628957719706, -0.176037140212509, 0, 0.183882215921528, 0.17469200099119, 0.00919021493033798, 20.2643636363637, 20.4266666666666, 19.4107960927961, 19.2970252837977
8/10/2017, 20.33, 20.36, 20, 20, 5146292, 1.2878891335754, 1.03718408901646, 0.190584246775631, -0.284283383214569, 0, 0.16132384084597, 0.172018368962146, -0.0106945281161762, 20.2263636363637, 20.4129892473117, 19.4345763125763, 19.3009540786011
8/11/2017, 19.95, 20.07, 19.91, 19.96, 3670877, 1.26602673035734, 0.969929894678816, 0.254899841597841, -0.28887897535849, 0, 0.138620568740091, 0.165338808917735, -0.0267182401776442, 20.1545454545455, 20.3670107526881, 19.461956043956, 19.3038114788437
8/14/2017, 20.11, 20.21, 19.96, 19.99, 3959974, 1.26345166888624, 0.824096765872296, 0.2292441548145, -0.304227714149816, 0, 0.121646545651554, 0.156600356264499, -0.0349538106129448, 20.1001818181818, 20.3384086021505, 19.4950671550671, 19.3074168734491
8/15/2017, 19.93, 20.1, 19.91, 20.05, 2789754, 1.2440687739643, 0.899319634526925, 0.279401156832694, -0.248177753937191, 0, 0.111747848979324, 0.147629854807464, -0.0358820058281404, 20.0516363636364, 20.3134623655913, 19.5313162393162, 19.3125102074146
8/16/2017, 20.21, 20.27, 20.04, 20.12, 4993707, 1.23491053539189, 0.530497578463575, 0.259732883202158, -0.271035352531101, 0, 0.108303025672253, 0.139764488980422, -0.0314614633081688, 20.0507272727273, 20.2871827956989, 19.5564151404151, 19.3193009755704
8/17/2017, 20.2, 20.27, 20.1, 20.1, 4050270, 1.21662089420302, 0.244556285072566, 0.48160236769903, -0.197468881800642, 0, 0.10277442592259, 0.132366476368855, -0.0295920504462656, 20.0287272727273, 20.2479139784945, 19.5698803418803, 19.3254836398376
8/18/2017, 20.01, 20.28, 19.93, 20.26, 5354912, 1.23303928799638, 0.0837517436397464, 0.535683358349378, -0.167360449038591, 0, 0.110035216136694, 0.127900224322423, -0.017865008185729, 20.0776363636364, 20.223569892473, 19.5945616605616, 19.3355605345912
8/21/2017, 20.23, 20.26, 20.12, 20.18, 4089818, 1.21071888880408, 0.190811751946955, 0.551405284002913, -0.211633161422753, 0, 0.108088140479524, 0.123937807553843, -0.0158496670743197, 20.1172727272727, 20.1927956989247, 19.6088791208791, 19.3434782608695
8/22/2017, 20.26, 20.34, 20.26, 20.31, 3488271, 1.18221033073673, 0.384234652462195, 0.612660242361556, -0.221872453740251, 0, 0.115701250543225, 0.12229049615172, -0.00658924560849471, 20.2156363636364, 20.1718494623655, 19.6305103785104, 19.3544651483782
8/23/2017, 20.25, 20.5, 20.25, 20.49, 3615107, 1.17423900568081, 0.197142597952985, 0.676891522508751, -0.0119195095704599, 0, 0.134706379504319, 0.12477367282224, 0.00993270668207957, 20.3756363636364, 20.197505376344, 19.6660488400488, 19.3696591683708
8/24/2017, 20.46, 20.52, 20.4, 20.49, 3514125, 1.14480963226354, 0.295709737381921, 1.21657602181309, -0.11679092355331, 0, 0.148061322371223, 0.129431202732036, 0.018630119639187, 20.4652727272727, 20.2327311827956, 19.6941440781441, 19.3845675594793
8/25/2017, 20.54, 20.75, 20.54, 20.74, 4845553, 1.13714040003982, 1.0940439583897, 1.43936122830569, -0.0985635188376045, 0, 0.176780308123117, 0.138901023810252, 0.0378792843128647, 20.6065454545455, 20.3153333333333, 19.7279267399267, 19.4052394678492
8/28/2017, 20.8, 20.83, 20.7, 20.82, 3728059, 1.10735241604153, 1.52877799561258, 1.50956719085679, -0.129628907553486, 0, 0.203648113961517, 0.151850441840505, 0.0517976721210116, 20.7389090909091, 20.3939999999999, 19.7716214896215, 19.4274341000365
8/29/2017, 20.54, 20.8, 20.54, 20.73, 5013766, 1.124086996473, 1.29338409759066, 1.36279560151395, -0.15772655928011, 0, 0.215198125784063, 0.164519978629217, 0.0506781471548462, 20.8069090909091, 20.4549462365591, 19.8115286935287, 19.4470499963927
8/30/2017, 20.8, 21.04, 20.8, 20.94, 6559637, 1.13119423424265, 1.17667641394977, 1.90889422799393, 0.199116039501974, 0, 0.238547016804187, 0.179325386264211, 0.059221630539976, 20.9243636363637, 20.5600215053763, 19.8708498168498, 19.4712767322498
8/31/2017, 21.25, 21.38, 21.23, 21.32, 8631586, 1.1586701173447, 1.76531322921871, 2.42729075866917, 0.570431650937693, 0, 0.284435213280876, 0.200347351667544, 0.0840878616133319, 21.1243636363637, 20.7049032258064, 19.950547008547, 19.5040025359256
9/1/2017, 21.42, 21.63, 21.35, 21.59, 10223371, 1.15876352740619, 2.32305997632118, 2.37739345401842, 0.596868842609856, 0, 0.338684538574224, 0.22801478904888, 0.110669749525344, 21.3830909090909, 20.858064516129, 20.0374432234432, 19.5424211625478
9/5/2017, 21.38, 21.52, 21.26, 21.34, 9254247, 1.19104120566376, 1.77880964125656, 1.9295032373295, 0.631465009037483, 0, 0.357384898407201, 0.253888810920544, 0.103496087486657, 21.4669090909091, 20.9579139784946, 20.1173601953602, 19.574253869969
9/6/2017, 21.4, 21.67, 21.39, 21.64, 6402620, 1.19205075611929, 2.2114395077855, 2.0724076932522, 0.714581777854865, 0, 0.391895039035234, 0.281490056543482, 0.110404982491752, 21.6170909090909, 21.0894193548387, 20.2113431013431, 19.6124248606011
9/7/2017, 21.78, 21.83, 21.68, 21.83, 6985666, 1.16610991499314, 2.23528302867406, 2.31342921446042, 0.672509788816989, 0, 0.429623553327449, 0.311116755900275, 0.118506797427174, 21.7963636363637, 21.2563440860215, 20.3148522588523, 19.6542324237128
9/8/2017, 21.88, 21.9, 21.62, 21.63, 7142517, 1.18277255996696, 1.99288975086197, 1.89329272861529, 0.739265527593795, 0, 0.43833251975779, 0.336559908671778, 0.101772611086011, 21.8334545454546, 21.3801720430107, 20.4054261294261, 19.6906418178194
9/11/2017, 21.82, 22.03, 21.82, 22, 7825752, 1.19564554311277, 2.17394229425626, 2.48485813122818, 0.981004456306301, 0, 0.469676211180332, 0.363183169173489, 0.106493042006843, 21.9861818181819, 21.5324731182795, 20.5028986568987, 19.7347816091954
9/12/2017, 21.88, 21.99, 21.85, 21.93, 4182983, 1.17368863889908, 1.92288759826303, 2.2138112662725, 0.818882523997494, 0, 0.483296753335544, 0.3872058860059, 0.0960908673296442, 22.0620000000001, 21.6648602150537, 20.5870354090354, 19.7764818181818
9/13/2017, 21.93, 21.94, 21.7, 21.79, 6279966, 1.17723920415347, 1.67042781167138, 2.07200038948125, 0.748133818407443, 0, 0.477292371795201, 0.40522318316376, 0.0720691886314407, 22.0109090909092, 21.7617634408601, 20.6707496947497, 19.8142257318952
9/14/2017, 21.75, 21.94, 21.72, 21.89, 3633646, 1.16351942190858, 1.78008343505973, 2.21446771856295, 0.591216314663503, 0, 0.475126062932596, 0.419203759117527, 0.0559223038150681, 21.9785454545455, 21.8693548387096, 20.7548693528694, 19.8534901288643
9/15/2017, 21.9, 21.96, 21.82, 21.95, 4513566, 1.13421267144875, 2.41497816378088, 2.31989520382179, 0.538925771223089, 0, 0.472800595157818, 0.429923126325585, 0.0428774688322321, 21.991090909091, 21.9688817204301, 20.8434774114774, 19.8933444228234
9/18/2017, 21.9, 21.92, 21.64, 21.66, 6655998, 1.16348890726616, 1.97044641966803, 2.02343250512641, 0.500405889480257, 0, 0.442456703366666, 0.432429841733802, 0.0100268616328646, 21.923090909091, 22.0258279569892, 20.9255555555556, 19.9260167597765
9/19/2017, 21.66, 21.75, 21.57, 21.74, 4417642, 1.14264541144506, 2.02450569765297, 1.95108918104046, 0.443812056591297, 0, 0.420022523719847, 0.429948378131011, -0.00992585441116339, 21.8289090909092, 22.0916559139784, 21.010398046398, 19.9598385512584
9/20/2017, 21.74, 21.91, 21.52, 21.75, 7738601, 1.17466922678505, 1.95936412691411, 1.96773047459491, 0.422185171199661, 0, 0.398457026575247, 0.423650107819858, -0.0251930812446107, 21.7763636363637, 22.1524731182795, 21.090442002442, 19.9932463116993
9/21/2017, 21.8, 21.87, 21.74, 21.8, 4630974, 1.14319279350671, 1.93051897756247, 1.73073721569654, 0.408565704785211, 0, 0.38100876497677, 0.41512183925124, -0.034113074274471, 21.773090909091, 22.2102795698924, 21.1812820512821, 20.0271212394163
9/22/2017, 21.89, 21.93, 21.78, 21.83, 2771315, 1.11889705696399, 1.99517946217708, 1.58540323878048, 0.490723936282451, 0, 0.365389656716115, 0.405175402744215, -0.0397857460281006, 21.7418181818183, 22.2422150537634, 21.2703223443224, 20.0610174625802
9/25/2017, 22.06, 22.24, 22.03, 22.24, 15914570, 1.13553267157588, 2.12840486952759, 1.62811000204632, 0.830278711411522, 0, 0.381695031649038, 0.40047932852518, -0.0187842968761421, 21.9152727272728, 22.3116989247311, 21.3685152625153, 20.1031274970623
9/26/2017, 22.25, 22.28, 21.94, 22.06, 7568158, 1.1646207744812, 1.99453442979573, 1.62436838699437, 0.952564399559405, 0, 0.375761122760029, 0.39553568737215, -0.019774564612121, 21.9994545454547, 22.3456344086021, 21.4499511599512, 20.1405980819529
9/27/2017, 22.07, 22.1, 21.95, 22.04, 9018229, 1.14142275729594, 1.82757934273583, 1.62600301606386, 0.805353110344746, 0, 0.365234429211547, 0.389475435740029, -0.0242410065284819, 22.0416363636365, 22.3676774193548, 21.5330622710623, 20.1769530216779
9/28/2017, 22.12, 22.16, 21.95, 22.07, 3036509, 1.13045354292082, 1.67413174797887, 1.41702688765079, 0.879050499418712, 0, 0.355217966411889, 0.382623941874401, -0.0274059754625123, 22.1005454545456, 22.3853548387096, 21.6199584859585, 20.2132790988736
9/29/2017, 22.2, 22.34, 22.17, 22.29, 5032346, 1.12389655485192, 1.87918945961066, 1.63797570485416, 0.905390109976262, 0, 0.360872099928834, 0.378273573485288, -0.017401473556454, 22.2376363636365, 22.4170322580645, 21.7194920634921, 20.2535866261398
10/2/2017, 22.2, 22.24, 22.07, 22.08, 4838950, 1.12767533955013, 1.380400649727, 1.75617480682367, 0.672024120952448, 0, 0.344437337300469, 0.371506326248324, -0.0270689889478546, 22.2256363636365, 22.4186021505376, 21.8064004884005, 20.2887518796992
10/3/2017, 22.12, 22.24, 22.11, 22.23, 6819421, 1.10005028890704, 1.43860919378487, 2.05199057687496, 0.734040643882521, 0, 0.339601698918699, 0.365125400782399, -0.0255237018637001, 22.2585454545456, 22.422129032258, 21.8909450549451, 20.3264144392395
10/4/2017, 22.31, 22.36, 22.25, 22.29, 4733525, 1.07139578404142, 1.60924041230512, 2.05510042601576, 0.852905652600159, 0, 0.336729313304279, 0.359446183286775, -0.0227168699824964, 22.2874545454547, 22.4287096774193, 21.9797142857143, 20.364644960733
10/5/2017, 22.3, 22.46, 22.3, 22.37, 6698315, 1.05218334488016, 1.48526691115684, 1.88211492331821, 0.702720809003485, 0, 0.337023264024552, 0.35496159943433, -0.0179383354097786, 22.3245454545456, 22.4446666666666, 22.0707521367522, 20.4038428324698
10/6/2017, 22.3, 22.3, 22.11, 22.13, 5880274, 1.06915835308272, 0.866533845046857, 1.75395549051025, 0.648096007885286, 0, 0.314267547192582, 0.346822788985981, -0.0325552417933988, 22.2536363636365, 22.4180430107526, 22.1373528693529, 20.4374039848299
10/9/2017, 22.1, 22.17, 22.05, 22.11, 3522714, 1.04375624767231, 0.578360045327751, 1.87347909702306, 0.815192691411528, 0, 0.291262155974454, 0.335710662383676, -0.0444485064092212, 22.2414545454547, 22.3949677419354, 22.198231990232, 20.4699587628866
10/10/2017, 22.26, 22.27, 22.15, 22.25, 4342533, 1.02128440917901, 1.03862551657103, 1.95576068763142, 1.04929585637099, 0, 0.281086853385045, 0.324785900583949, -0.0436990471989048, 22.2487272727274, 22.3861505376343, 22.2649621489622, 20.5047864992151
10/11/2017, 22.37, 22.44, 22.3, 22.44, 5745541, 1.00434042776387, 0.934364098242915, 2.18343737475898, 1.04548946333195, 0, 0.285068176388954, 0.31684235574495, -0.0317741793559963, 22.3072727272729, 22.3862150537634, 22.3376776556777, 20.5428473013571
10/12/2017, 22.32, 22.41, 22.3, 22.3, 3067841, 0.991503553321535, 0.55672635223966, 1.91945627211895, 0.903367449342868, 0, 0.273770715193852, 0.308228027634731, -0.034457312440879, 22.3016363636365, 22.3714838709677, 22.4044664224665, 20.5774173204122
10/13/2017, 22.5, 22.59, 22.49, 22.56, 4623749, 0.995345867779996, 1.08205385225659, 2.16234571359653, 0.924338846263778, 0, 0.282540274483232, 0.303090477004431, -0.0205502025211991, 22.4172727272729, 22.4063010752688, 22.472989010989, 20.6165945891071
10/16/2017, 22.64, 22.66, 22.53, 22.53, 3452257, 0.975688088693336, 0.670793065178095, 2.04728993063899, 0.959777745483884, 0, 0.283798017237206, 0.299231985050986, -0.0154339678137796, 22.4658181818183, 22.4473118279569, 22.5394554334555, 20.6544894472362
10/17/2017, 22.43, 22.45, 22.3, 22.4, 3809095, 0.983622321711957, 0.593673874916421, 1.81635373809064, 1.08389616059725, 0, 0.271178892417822, 0.293621366524353, -0.022442474106531, 22.4749090909092, 22.4490967741935, 22.59578998779, 20.6891447761194
10/18/2017, 22.48, 22.55, 22.42, 22.45, 6242206, 0.96576761719512, 0.844190139892326, 1.81219871693358, 1.03919956001528, 0.22153986504126, 0.262190359953426, 0.287335165210168, -0.0251448052567421, 22.5040000000002, 22.4703870967741, 22.6527716727717, 20.7241874784493
10/19/2017, 22.26, 22.27, 22.17, 22.19, 5873604, 0.991320813687648, 0.376790391507544, 1.56392953412578, 0.913150192992451, 0.142646639116931, 0.23141939736789, 0.276152011641712, -0.0447326142738219, 22.4505454545456, 22.466129032258, 22.6977240537241, 20.7535150953519
10/20/2017, 22.13, 22.16, 22.03, 22.14, 3795765, 0.980015285137419, 0.245359598073331, 1.8531925864575, 1.20852205461578, 0.150865288140684, 0.200685231269617, 0.261058655567293, -0.0603734242976764, 22.3416363636365, 22.4398709677419, 22.7242905982907, 20.7813604752246
10/23/2017, 22.06, 22.07, 21.97, 21.97, 3200500, 0.976907669198696, 0.408032514740242, 1.72981561936108, 1.20184203022248, 0.147545654538814, 0.160757491662483, 0.240998422786331, -0.0802409311238478, 22.1694545454547, 22.4134193548387, 22.7392380952381, 20.8054198947872
10/24/2017, 21.98, 22.11, 21.95, 22.05, 3380088, 0.960976345473042, 0.406652245401651, 1.76699368475366, 1.20256871589937, 0.179539392441531, 0.134024846766156, 0.219603707582296, -0.0855788608161402, 22.0605454545456, 22.3926451612903, 22.7548937728938, 20.8306180440445
10/25/2017, 22, 22.03, 21.7, 21.76, 9025292, 1.00551709544102, 0.0312351522357172, 1.43162508686689, 1.0680090564434, 0.113891585120143, 0.0884192150466276, 0.193366809075163, -0.104947594028535, 21.9003636363638, 22.3249677419354, 22.7578998778999, 20.849797382862
10/26/2017, 21.79, 21.86, 21.75, 21.78, 7971596, 0.979616593065047, -0.00426895165811175, 1.3881697050979, 1.02688177114951, 0.0716365220193251, 0.0532761222174045, 0.165348671703611, -0.112072549486206, 21.756181818182, 22.266688172043, 22.7505445665446, 20.8690347454478
10/27/2017, 21.69, 22, 21.61, 21.99, 6445267, 1.01042505352928, 0.202831642795048, 1.55778109257568, 1.32196893164212, 0.11330054652949, 0.0418873614854789, 0.140656409659985, -0.0987690481745056, 21.7649090909093, 22.2397634408602, 22.743706959707, 20.891956201693
10/30/2017, 22.12, 22.19, 21.97, 22.05, 3712829, 1.00717843903644, -0.224980585660437, 1.47685448814895, 1.31322764070156, 0.177498310940984, 0.0372735191857032, 0.119979831565128, -0.0827063123794251, 21.8194545454547, 22.2008602150537, 22.7442490842491, 20.9156322624744
10/31/2017, 21.86, 21.92, 21.79, 21.79, 4448513, 1.02789675776576, -0.320651499471256, 1.31452591802514, 1.23667413864929, 0.160463889496912, 0.0124931752848987, 0.0984825003090824, -0.0859893250241837, 21.7843636363638, 22.1317849462365, 22.7383882783883, 20.9339945836154
11/1/2017, 22.13, 22.21, 21.93, 21.99, 10035343, 1.06311854634516, -0.041710512301626, 1.35386985813595, 1.3100443249791, 0.220447006812405, 0.00889041951891656, 0.0805640841510492, -0.0716736646321327, 21.8616363636366, 22.0884301075268, 22.7402271062272, 20.9558141822409
11/2/2017, 21.93, 22.01, 21.83, 21.99, 6032400, 1.05089031343445, -0.0780311989294537, 1.21501596865772, 1.27375308837246, 0.257656087991106, 0.00596643230034033, 0.0656445537809074, -0.0596781214805671, 21.9120000000002, 22.0468602150537, 22.7371355311356, 20.9772707945788
11/3/2017, 21.97, 21.97, 21.66, 21.78, 4340316, 1.08372929719019, -0.604438039696651, 1.03798511613156, 1.59871366900073, 0.199352966612483, -0.0131445711592342, 0.0498867287928791, -0.0630312999521133, 21.8907272727274, 21.9794193548387, 22.731623931624, 20.9944557061998
11/6/2017, 21.86, 22.29, 21.79, 22.28, 8596088, 1.12089061436994, 0.231988329637636, 1.16153955601763, 1.84651241843159, 0.277753513572792, 0.0119182560010351, 0.0422930342345103, -0.0303747782334752, 22.0278181818184, 22.0030752688172, 22.7387374847375, 21.0206363833949
11/7/2017, 22.44, 22.49, 22.21, 22.24, 8345136, 1.12971091473714, 0.0317380774255939, 1.07185007221923, 1.83839047082588, 0.217870473570729, 0.0282276703744522, 0.0394799614624987, -0.0112522910880465, 22.150181818182, 22.0093978494623, 22.748485958486, 21.0456485788114
11/8/2017, 22.46, 22.54, 22.35, 22.41, 5075900, 1.13201839386731, 0.14646180165101, 1.25971658725151, 1.85521170035347, 0.232529470987093, 0.0542452722866784, 0.0424330236273346, 0.0118122486593438, 22.2629090909093, 22.0347956989247, 22.7638608058609, 21.0733781362007
11/9/2017, 22.39, 22.48, 22.28, 22.4, 5781981, 1.12054042840349, 0.0526508990704176, 1.10289430990101, 2.14414226079269, 0.226611577044119, 0.0732135327901453, 0.0485891254598968, 0.0246244073302485, 22.3407272727275, 22.0585376344086, 22.7748840048841, 21.1004735128736
11/10/2017, 22.38, 22.41, 22.27, 22.28, 3349619, 1.1016651847588, 0.182591045175268, 0.753277546384427, 2.28264102145218, 0.0967801453141685, 0.077667713722601, 0.0544048431124376, 0.0232628706101633, 22.3852727272729, 22.0795913978494, 22.7769255189256, 21.1249428176449
11/13/2017, 22.22, 22.28, 22.16, 22.21, 3989759, 1.07689533095925, 0.12862409221754, 0.502599798643442, 2.07502636143194, 0.160874732775661, 0.0746883088836725, 0.0584615362666846, 0.0162267726169879, 22.4018181818184, 22.0778279569892, 22.7739926739927, 21.1477463677875
11/14/2017, 22.06, 22.06, 21.77, 21.79, 7362224, 1.14373350323885, -0.437752624871386, 0.368541577552986, 1.64533204025813, 0.140255784805805, 0.0379985950197401, 0.0543689480172957, -0.0163703529975556, 22.2125454545457, 22.031935483871, 22.7541855921856, 21.1625972850679
11/15/2017, 21.64, 21.65, 21.35, 21.38, 10817137, 1.21028322655734, -0.991987175345292, -0.159915413733453, 1.37489381094068, 0.0132327259087174, -0.0238864924237383, 0.0387178599290889, -0.0626043523528272, 21.9216363636366, 21.9408602150537, 22.7143736263737, 21.1698361257185
11/16/2017, 21.52, 21.68, 21.49, 21.66, 6637421, 1.20415801544811, -0.562516170775893, -0.0904598305019857, 1.57720676003397, 0.0358455116091016, -0.0497635667179281, 0.0210215745996855, -0.0707851413176137, 21.7607272727275, 21.8965161290322, 22.6954554334555, 21.1819650143417
11/17/2017, 21.75, 21.99, 21.75, 21.93, 5094519, 1.20510531162224, -0.543902482993285, 0.246075253368049, 1.50244369984568, 0.0836397621849004, -0.0479320600627489, 0.00723084766719863, -0.0551629077299475, 21.6690909090911, 21.8750107526882, 22.6917924297925, 21.1987075592569
11/20/2017, 21.75, 21.92, 21.73, 21.83, 4308002, 1.19590295509308, -0.607385066772659, -0.0933881595830862, 1.67151589345267, 0.0837576275435481, -0.0539280926256396, -0.00500094039136901, -0.0489271522342706, 21.6347272727275, 21.8407741935484, 22.6887301587302, 21.2134083333333
11/21/2017, 22.05, 22.23, 22.05, 22.17, 5963717, 1.208896411105, -0.171332807094629, 0.201824776385801, 1.66450819848916, 0.176262183055444, -0.0308887666549609, -0.0101785056440874, -0.0207102610108735, 21.7343636363638, 21.8608172043011, 22.6957875457876, 21.233878072763
11/22/2017, 22.38, 22.53, 22.33, 22.51, 5719232, 1.21106938083021, 0.076223476525137, 0.529533303138796, 1.80259207234963, 0.263247407631798, 0.0146365031699851, -0.00521550388127289, 0.019852007051258, 21.9892727272729, 21.9371827956989, 22.7157094017094, 21.2600023390901
11/24/2017, 22.52, 22.55, 22.4, 22.48, 2403466, 1.18541428711582, 0.270942872384063, 0.439660035873502, 1.83019046156588, 0.253525509999131, 0.0477444894639483, 0.00537649478777134, 0.0423679946761769, 22.2263636363638, 21.9999569892473, 22.7398363858364, 21.2851924414561
11/27/2017, 22.41, 22.41, 22.19, 22.21, 4598135, 1.20511965401375, 0.0851492109316517, 0.210325122882496, 1.71555017494963, 0.152062719988549, 0.0516012366804262, 0.0146214431663023, 0.0369797935141239, 22.3418181818184, 22.0446451612903, 22.7490525030525, 21.3052834597411
11/28/2017, 22.29, 22.36, 22.22, 22.29, 4335531, 1.1744020699804, 0.294870695362567, 0.472722139823942, 1.74300521926892, 0.173390498949195, 0.0604166228280327, 0.0237804790986484, 0.0366361437293843, 22.4747272727275, 22.0997419354839, 22.7539145299145, 21.3264484526296
11/29/2017, 22.12, 22.12, 21.73, 21.8, 9638842, 1.26919958866376, -0.166606552855696, 0.074465717051387, 1.36656737667165, 0.0726069169956235, 0.0275464367860927, 0.0245336706361373, 0.00301276614995544, 22.3500000000002, 22.0855483870968, 22.7319023199023, 21.3388176171655
11/30/2017, 21.81, 21.82, 21.66, 21.68, 7967419, 1.24931381370971, -0.0360429727603658, -0.0121932083360678, 1.31058914823219, 0.0707214045650183, -0.00809312705629495, 0.0180083110976508, -0.0261014381539458, 22.101272727273, 22.0633333333333, 22.7043125763126, 21.3489267054784
12/1/2017, 21.77, 21.8, 21.25, 21.46, 11707596, 1.3271606387309, -0.226784267203546, -0.190651930687097, 0.972212539709692, 0.0334529871989167, -0.053473490442137, 0.00371195078969325, -0.0571854412318303, 21.816181818182, 22.0008387096774, 22.6733431013431, 21.3551061861773
12/4/2017, 21.78, 21.83, 21.64, 21.72, 8161923, 1.33088508019369, -0.182508487390617, -0.0360207300789581, 0.981299365421526, 0.157909474230718, -0.0676777809530691, -0.0105659955588592, -0.0571117853942099, 21.6858181818184, 21.9727096774194, 22.6503858363858, 21.3656190161769
12/5/2017, 21.7, 21.8, 21.66, 21.71, 4521306, 1.29716640924535, -0.237525363528718, -0.319751692447301, 0.828110511082742, 0.110099537488944, -0.078832962624567, -0.0242193889720008, -0.0546135736525662, 21.5434545454548, 21.934688172043, 22.6229230769231, 21.3757963266048
12/6/2017, 21.69, 21.7, 21.49, 21.52, 5787443, 1.29430337395357, -0.186993813845329, -0.329038153915212, 0.818250274081453, 0.144860684447936, -0.101831091140696, -0.0397417294057398, -0.0620893617349559, 21.4100000000002, 21.8795698924731, 22.5865543345543, 21.382600072124
12/7/2017, 21.45, 21.55, 21.42, 21.51, 3726400, 1.26037834389152, -0.359203976394639, -0.322567957222842, 0.824143026018201, 0.130724323842131, -0.119486820420967, -0.0556907476087852, -0.0637960728121817, 21.3765454545457, 21.8072688172043, 22.5468644688645, 21.3891257240935
12/8/2017, 21.58, 21.6, 21.41, 21.57, 4721812, 1.23807145425366, -0.309612288323179, -0.301402067451324, 0.684825515889419, 0.229248498153666, -0.127171658798151, -0.0699869298466583, -0.0571847289514925, 21.4123636363639, 21.7455268817204, 22.5119731379731, 21.3965524944155
12/11/2017, 21.72, 22.05, 21.72, 22.01, 6459913, 1.2616965563307, 0.205468698279211, -0.143735085230365, 0.928094338417655, 0.343979341864521, -0.0966435787939695, -0.0753182596361206, -0.0213253191578489, 21.5958181818184, 21.7549677419355, 22.4938901098901, 21.4112098730705
12/12/2017, 22.08, 22.1, 21.91, 21.92, 5036265, 1.24687245185205, -0.266245927999666, -0.0686981462869336, 1.05144842437363, 0.416958112837473, -0.0788037032488802, -0.0760153483586725, -0.00278835489020771, 21.7750909090911, 21.7568602150538, 22.4726373626374, 21.4241474895397
12/13/2017, 21.93, 22.19, 21.9, 22.1, 7363043, 1.24049194286729, -0.084615632312903, -0.0483619304052165, 1.2377058794245, 0.366996808734495, -0.0495695705198358, -0.0707261927909052, 0.0211566222710694, 21.9387272727275, 21.7650967741935, 22.4608229548229, 21.4398692946058
12/14/2017, 22.01, 22.13, 21.95, 22.01, 6728049, 1.22417666244883, -0.296126676003408, -0.144635940429047, 1.16347711509494, 0.439065308112847, -0.0332799272646618, -0.0632369396856565, 0.0299570124209947, 22.0309090909093, 21.773247311828, 22.4448302808303, 21.4538698947224
12/15/2017, 22.03, 22.06, 21.89, 21.93, 6895626, 1.20596999195047, -0.353015260237266, -0.247471136262964, 0.949628427918404, 0.340846583661311, -0.0265198942041707, -0.0558935305893593, 0.0293736363851887, 22.0334545454548, 21.7711182795699, 22.4240879120879, 21.4663452708907
12/18/2017, 21.06, 21.14, 21, 21.09, 7024494, 1.41178643088194, -0.789235014940631, -0.568471880828561, 0.536252580621818, 0.211624180750023, -0.0879298979977534, -0.0623008040710381, -0.0256290939267153, 21.7721818181821, 21.6487956989247, 22.3587667887668, 21.4648900357552
12/19/2017, 20.95, 20.95, 20.76, 20.8, 6823809, 1.43922341518918, -0.93484162463249, -0.721604943610509, 0.457965051720771, 0.209502736997302, -0.158175001847454, -0.0814756436263213, -0.0766993582211324, 21.4430909090912, 21.5274623655914, 22.2790818070818, 21.4587209769153
12/20/2017, 20.77, 20.89, 20.72, 20.78, 3881258, 1.40948290106537, -0.690753995085499, -0.816276249528066, 0.432931121503598, 0.318146475086324, -0.213003217093259, -0.107781158319709, -0.105222058773551, 21.1187272727275, 21.4104731182796, 22.1985738705739, 21.4523056246889
12/21/2017, 20.73, 20.87, 20.72, 20.82, 2767752, 1.37245926752792, -0.387600070563873, -0.905437096195314, 0.493533788445027, 0.378546907790424, -0.250341525709278, -0.136293231797623, -0.114048293911655, 20.8465454545457, 21.319311827957, 22.120568986569, 21.4466182811625
12/22/2017, 20.94, 21.15, 20.91, 21.11, 5184820, 1.36408677652462, -0.373311954550663, -0.640467488760284, 0.554881313569268, 0.402244726151264, -0.253608388292093, -0.159756263096517, -0.0938521251955766, 20.7241818181821, 21.2745376344086, 22.056231990232, 21.4456699751861
12/26/2017, 21.19, 21.36, 21.15, 21.31, 4187132, 1.34237814452431, -0.424262461198272, -0.670243285747443, 0.678450169874538, 0.35858116291194, -0.237323355976159, -0.175269681672445, -0.0620536743037135, 20.7840000000002, 21.2554623655914, 21.9994676434676, 21.4479323746599
12/27/2017, 21.29, 21.3, 21.13, 21.2, 8275069, 1.3243289786237, -0.433587841955916, -0.717126164058224, 0.575816892481734, 0.398881195949929, -0.230634816629188, -0.186342708663794, -0.0442921079653939, 20.8260000000002, 21.2240215053763, 21.9405641025641, 21.448397751004
12/28/2017, 21.15, 21.23, 21.13, 21.19, 6279042, 1.28230229492597, -0.715188173404212, -0.652213929582987, 0.506971500130003, 0.267467627792346, -0.223563911823106, -0.193786949295656, -0.0297769625274501, 20.9398181818184, 21.1698279569892, 21.878757020757, 21.4486887649402
12/29/2017, 21.25, 21.37, 21.19, 21.21, 4577623, 1.25947130353641, -0.993206934241334, -0.668642921844263, 0.491698401755794, 0.223617871516314, -0.213880850657965, -0.197805729568118, -0.016075121089847, 21.0921818181821, 21.0947096774193, 21.8199731379731, 21.4492838171125
1/2/2018, 21.55, 21.62, 21.38, 21.6, 6887796, 1.26980171437995, -0.617263645876295, -0.288945918879103, 0.666333543186831, 0.205848402668386, -0.172745907002568, -0.192793765055008, 0.02004785805244, 21.4069090909093, 21.0888387096774, 21.7815775335775, 21.4560157475375
1/3/2018, 21.75, 22.15, 21.72, 22.09, 14520884, 1.3040439646481, -0.0507566573946245, 0.0158684310783376, 1.02623708709488, 0.310948546989101, -0.0994607413807884, -0.174127160320164, 0.0746664189393757, 21.7409090909093, 21.1635268817204, 21.7637875457875, 21.4703476393514
1/4/2018, 22.35, 22.64, 22.35, 22.63, 12418864, 1.33080046929398, 0.253583839371064, 0.381317842436876, 1.25393621815389, 0.421168111066248, 0.00216678999104403, -0.138868370257923, 0.141035160248967, 22.1489090909093, 21.2990322580645, 21.7739853479853, 21.4929282075035
1/5/2018, 22.51, 22.69, 22.5, 22.66, 6548543, 1.30451076297955, 0.626516923746194, 0.355131528031407, 1.25224217328269, 0.412291380242598, 0.0841579693850321, -0.0942631023293316, 0.178421071714364, 22.4634545454548, 21.4558494623656, 21.7858876678876, 21.5156593137255
1/8/2018, 22.67, 22.85, 22.66, 22.82, 5470462, 1.27222625743474, 0.821897116749403, 0.591590987726767, 1.28929870968769, 0.459905474916301, 0.160200540484198, -0.0433703737666258, 0.203570914250823, 22.7387272727275, 21.6524731182795, 21.8014358974359, 21.5405575145914
1/9/2018, 22.77, 22.81, 22.56, 22.75, 6396595, 1.2694766169199, 0.945003754133639, 0.545083016884214, 1.22584049052016, 0.419185971207295, 0.212368360684575, 0.00777737312361443, 0.204590987560961, 22.9387272727275, 21.8362150537634, 21.8170598290598, 21.5640258800108
1/10/2018, 22.75, 22.86, 22.71, 22.84, 4684985, 1.23408771379953, 0.827127688344213, 0.481817137272847, 1.2729925829025, 0.481512448526832, 0.257999919409265, 0.0578218823807446, 0.20017803702852, 23.1203636363639, 22.0116344086021, 21.8437362637362, 21.5885552662297
1/11/2018, 22.9, 23.14, 22.86, 23.14, 6693842, 1.22200670760684, 1.02819162869293, 0.596305621947681, 1.31669246121491, 0.518777425711483, 0.314742594542182, 0.109206024813032, 0.20553656972915, 23.3001818181821, 22.2263870967742, 21.8884126984127, 21.6173516483516
1/12/2018, 23.06, 23.33, 23.03, 23.31, 5602799, 1.21678993793741, 1.29795918561375, 0.822503292805112, 1.42366545917532, 0.544229137467907, 0.369173549765492, 0.161199529803524, 0.207974019961968, 23.4309090909093, 22.4245591397849, 21.933829059829, 21.6483527851459
1/16/2018, 23.03, 23.14, 22.75, 22.78, 11170606, 1.30575964796554, 0.877568680966566, 0.439507900809177, 1.11877639587369, 0.407072851949257, 0.365332576794977, 0.202026139201814, 0.163306437593162, 23.2669090909093, 22.5377419354839, 21.9613015873016, 21.6708540259132
1/17/2018, 23.04, 23.27, 22.99, 23.17, 7790618, 1.32533209070446, 1.06433114940808, 0.62084642429492, 1.18549875893234, 0.553997841855125, 0.389271044390217, 0.239475120239495, 0.149795924150722, 23.2300000000003, 22.6786451612903, 22.0092087912088, 21.6989661277683
1/18/2018, 23.36, 23.57, 23.34, 23.48, 9025971, 1.3276212655256, 0.983751574951785, 0.871711464617641, 1.30070543374951, 0.557269754417216, 0.42831946151594, 0.277243988494784, 0.151075473021156, 23.3125454545457, 22.8651827956989, 22.0652405372405, 21.7313835119253
1/19/2018, 23.27, 23.39, 23.23, 23.3, 6726916, 1.32463175745983, 0.925265300026432, 0.548439738090919, 1.12086405415513, 0.480569468902804, 0.439672842893465, 0.30972975937452, 0.129943083518945, 23.3650909090912, 23.0168602150538, 22.120271062271, 21.7606506575186
1/22/2018, 23.44, 23.56, 23.42, 23.54, 6526121, 1.30079540999887, 0.952885062673496, 0.681235638492483, 1.17615879770738, 0.492016504725341, 0.462702724680486, 0.340324352435714, 0.122378372244773, 23.4700000000003, 23.176064516129, 22.1832844932845, 21.7931244148106
1/23/2018, 23.42, 23.61, 23.33, 23.58, 4951745, 1.29303171135728, 1.04173241155167, 0.616293848603656, 1.23274532798408, 0.503481389928398, 0.478663997024388, 0.367992281353448, 0.110671715670939, 23.5727272727275, 23.3266451612903, 22.2437557997558, 21.8257599053814
1/24/2018, 23.59, 23.81, 23.52, 23.78, 8677502, 1.27902453179624, 1.22073899333994, 0.71424582309141, 1.21901825756472, 0.692297367100181, 0.501668822968757, 0.39472758967651, 0.106941233292247, 23.6890909090911, 23.493247311828, 22.3138803418803, 21.8609377270949
1/25/2018, 24, 24.05, 23.77, 23.8, 8221002, 1.27287576461381, 2.28220495159262, 0.785800774831684, 1.07359819714657, 0.813586767418723, 0.515570964971115, 0.418896264735431, 0.0966747002356839, 23.7741818181821, 23.6774623655914, 22.3848278388278, 21.8959435166176
1/26/2018, 23.62, 23.69, 23.51, 23.61, 6256504, 1.28037784997536, 2.46920606656779, 0.728409461052098, 0.884422076540369, 0.735363272716038, 0.505430808819444, 0.436203173552234, 0.0692276352672103, 23.8012727272729, 23.8200215053763, 22.4396703296703, 21.9276745146633
1/29/2018, 23.43, 23.48, 23.32, 23.33, 8689030, 1.29310908641331, 2.16300203219615, 0.819381886666866, 0.881554621534079, 0.752177190559215, 0.469390164440568, 0.442840571729901, 0.0265495927106678, 23.7400000000002, 23.9281505376344, 22.4826227106227, 21.9548588219215
1/30/2018, 23.52, 23.55, 23.23, 23.26, 6452493, 1.30093823029756, 2.05477318980906, 1.02522131866246, 0.728289953402659, 0.720655448025225, 0.430219971101668, 0.440316451604254, -0.0100964805025864, 23.5474545454548, 24.0134623655914, 22.5215726495726, 21.9916659833265
1/31/2018, 23.44, 23.5, 23.25, 23.49, 6585596, 1.27700434546127, 2.0012900294079, 0.992089437554574, 0.738032872274181, 0.703665935414942, 0.412975859840685, 0.43484833325154, -0.0218724734108551, 23.486181818182, 24.1145591397849, 22.5705811965812, 22.0327642476425
2/1/2018, 23.47, 23.63, 23.43, 23.54, 7903857, 1.25305821882502, 1.87336601385408, 0.87832845086273, 0.847066307568003, 0.790872835167963, 0.398747842643726, 0.427628235129977, -0.0288803924862518, 23.4867272727275, 24.155935483871, 22.6212039072039, 22.0737906245729
2/2/2018, 23.35, 23.36, 22.97, 22.98, 10686714, 1.34343520224473, 1.37715940903065, 0.626262108555134, 0.457089024938178, 0.726066393219646, 0.338384036091764, 0.409779395322335, -0.0713953592305709, 23.2545454545457, 24.0911182795699, 22.6552063492063, 22.1053021730217
2/5/2018, 22.89, 23.11, 22.27, 22.27, 17441787, 1.50554709924583, 0.759412782353169, 0.0951668539100259, 0.193165477348687, 0.507406313156139, 0.230596050490174, 0.373942726355903, -0.143346675865729, 22.8425454545457, 23.9208172043011, 22.6536312576313, 22.1256411097444
2/6/2018, 22.33, 22.9, 22.29, 22.84, 19220509, 1.53249155889643, 1.06078491606467, 0.2012249445574, 0.466497116990564, 0.606529196280347, 0.18898898427252, 0.336951977939226, -0.147962993666706, 22.7047272727275, 23.8158924731183, 22.6763736263736, 22.1546059860598
2/7/2018, 22.68, 22.86, 22.09, 22.14, 13838333, 1.6757905079013, 0.356811908508414, -0.102918430061004, 0.155102867231613, 0.365811789481883, 0.0983966790105661, 0.289240918153494, -0.190844239142928, 22.4054545454548, 23.6284516129032, 22.6685982905983, 22.1748500751674
2/8/2018, 22.32, 22.33, 21.53, 21.53, 17768101, 1.82289371819266, -0.283427925598803, -0.251424777174015, -0.0965225261032438, 0.206079559703419, -0.0223624966677214, 0.226920235189251, -0.249282731856972, 21.9889090909093, 23.3703010752688, 22.6389963369963, 22.1860718873855
2/9/2018, 21.7, 21.89, 20.91, 21.67, 18854367, 1.94668004914876, -0.535660101297061, -0.222809003519859, 0.0649441592044775, 0.273125447105441, -0.105551452009198, 0.160425897749561, -0.265977349758759, 21.7065454545457, 23.1211612903226, 22.6114041514042, 22.1974451277846
2/12/2018, 21.95, 22.33, 21.94, 22.18, 11573930, 1.95560544778183, -0.229607780051981, 0.219503292363749, 0.223891299918354, 0.327557561109457, -0.128841357738171, 0.102572446652015, -0.231413804390186, 21.6501818181821, 22.9330322580645, 22.6097387057387, 22.2150548038814
2/13/2018, 22.31, 22.49, 22.22, 22.46, 9319096, 1.90367597463094, -0.158086206243597, 0.393409588600926, 0.320462433128748, 0.367933519991986, -0.123283974959008, 0.0574011623298101, -0.180685137288819, 21.739272727273, 22.775376344086, 22.6216825396825, 22.2359751264179
2/14/2018, 22.37, 23.11, 22.35, 23.07, 13475017, 1.92538943522758, 0.207786684560083, 0.73506477829713, 0.508613865149552, 0.46088820012132, -0.0688639858874822, 0.0321481326863517, -0.101012118573834, 22.1287272727275, 22.7130537634409, 22.6619438339438, 22.2644441711084
2/15/2018, 23.17, 23.38, 22.98, 23.37, 10377827, 1.89121940766646, 0.31186051001061, 0.742786997438568, 0.597146446454013, 0.546305754258865, -0.00151084361335307, 0.0254163374264107, -0.0269271810397638, 22.6547272727275, 22.7119784946237, 22.7094725274725, 22.2977559108924
2/16/2018, 23.05, 23.29, 22.93, 22.99, 11491081, 1.92204905086155, -0.032396932449083, 0.586174942339842, 0.323732775849858, 0.55757308558368, 0.0209625395770701, 0.0245255778565426, -0.00356303827947252, 22.9467272727275, 22.6904301075269, 22.7390378510379, 22.3259480661473
2/20/2018, 23.04, 23.18, 22.99, 23.09, 8196170, 1.85918199633355, -0.0674004509762507, 0.710673840516167, 0.421882923090708, 0.664593559163172, 0.0463082097168375, 0.0288821042286016, 0.0174261054882359, 23.1307272727275, 22.681247311828, 22.7754407814408, 22.3573901872352
2/21/2018, 23.34, 23.59, 23.2, 23.23, 11291471, 1.86319787690808, 0.277825159642354, 0.770985736387698, 0.47612548421297, 0.625024424900336, 0.076806290769742, 0.0384669415368296, 0.0383393492329123, 23.4323636363639, 22.6977204301076, 22.8215702075702, 22.3914254475878
2/22/2018, 23.59, 23.81, 23.58, 23.74, 9650395, 1.85416943330016, 0.331874598128758, 0.933292134250509, 0.628819665287532, 0.739620990098326, 0.140509274036038, 0.0588754080366713, 0.0816338659993667, 23.7489090909094, 22.7715913978495, 22.8863028083028, 22.4329823698237
2/23/2018, 23.74, 23.81, 23.55, 23.76, 4693163, 1.81469205510179, 0.184546146170447, 0.765348874114162, 0.559709906113025, 0.714524897679072, 0.190413215067622, 0.0851829694428614, 0.10523024562476, 23.8630909090912, 22.8476129032258, 22.9566324786325, 22.4786535465355
2/26/2018, 24.12, 24.33, 24, 24.31, 9789319, 1.80218959554741, 0.540364148623113, 1.00062812604799, 0.802723676620779, 0.740172704775623, 0.271216437071654, 0.12238966296862, 0.148826774103034, 24.0736363636366, 23.0074838709678, 23.0494578754579, 22.5294011206779
2/27/2018, 24.03, 24.04, 23.63, 23.64, 10384223, 1.90442756405963, 0.0922942494890141, 0.652113993454853, 0.527769242787337, 0.616383324770414, 0.277985725683685, 0.153508875511633, 0.124476850172052, 24.0107272727275, 23.0861290322581, 23.1088034188034, 22.567766570999
2/28/2018, 23.6, 23.65, 23.13, 23.16, 8701263, 1.95896520870688, -0.149636475504235, 0.500309642847845, 0.351222757506289, 0.569371902047987, 0.241830772594149, 0.171173254928136, 0.0706575176660127, 23.7583636363639, 23.0664086021506, 23.14736996337, 22.6005045783791
3/1/2018, 23.21, 23.34, 22.92, 23.15, 10823099, 1.95253358626215, -0.247981691522344, 0.528530381004877, 0.321542033402475, 0.484845940181157, 0.209950615357684, 0.178928727014046, 0.0310218883436383, 23.5863636363639, 23.0689677419355, 23.1792014652015, 22.6342265955993
3/2/2018, 22.8, 23.25, 22.63, 23.25, 9834014, 1.98026214605894, -0.209598742998913, 0.958202291066833, 0.434282715310863, 0.524595002123037, 0.190557892561507, 0.181254560123538, 0.00930333243796938, 23.5045454545457, 23.1050107526882, 23.2135897435897, 22.6695309553096
3/5/2018, 23.17, 23.56, 23.11, 23.53, 6775897, 1.95448534428715, 0.00928744735915566, 1.2056355526701, 0.528573860596016, 0.648028107414788, 0.195528746295995, 0.18410939735803, 0.0114193489379656, 23.4500000000002, 23.1660645161291, 23.2556263736264, 22.7081008610086
3/6/2018, 23.5, 23.51, 23.08, 23.14, 8385913, 1.98528902953859, -0.0416418533608785, 1.04422224314797, 0.356511074187709, 0.648371288250177, 0.166083930888021, 0.180504304064028, -0.0144203731760066, 23.251272727273, 23.1921505376344, 23.2812503052503, 22.7398119447861
3/7/2018, 22.98, 23.14, 22.87, 23.01, 5821217, 1.95535022756831, -0.0697868941665324, 0.972403022958336, 0.252690107047119, 0.588229937275481, 0.13075156632749, 0.17055375651672, -0.0398021901892304, 23.0329090909093, 23.2069892473119, 23.2939487179487, 22.7686642066421
3/8/2018, 23.07, 23.16, 22.92, 23.07, 3671462, 1.90476715645988, -0.149056311457811, 0.873847999203119, 0.318078145553561, 0.564797567801666, 0.106365792767786, 0.157716163766933, -0.0513503709991475, 22.949272727273, 23.2464516129033, 23.3087985347985, 22.7984214842148
3/9/2018, 23.27, 23.49, 23.22, 23.48, 7008082, 1.86736922421435, 0.0200428577483318, 0.942650829738637, 0.361374285884933, 0.597713869512961, 0.118754536642456, 0.149923838342038, -0.0311693016995821, 23.0478181818184, 23.3438494623656, 23.3452918192918, 22.8359406860735
3/12/2018, 23.39, 23.4, 23.22, 23.35, 5893529, 1.83955194498181, 0.221191738559732, 0.939005372830024, 0.33026045997216, 0.594791726538395, 0.11673711903267, 0.143286494480164, -0.0265493754474939, 23.2267272727275, 23.4141505376344, 23.3763443223443, 22.8711788984556
3/13/2018, 23.33, 23.35, 22.89, 22.94, 9911363, 1.87906979161112, 0.383646733258527, 0.770843879811218, 0.242125129570355, 0.592532256873211, 0.0811196309448583, 0.130853121773103, -0.0497334908282449, 23.1823636363639, 23.4154408602151, 23.3827448107448, 22.9004635779691
3/14/2018, 22.93, 22.97, 22.69, 22.76, 9089624, 1.86074551707298, 0.000393594807683948, 0.689195959613216, 0.168624187779495, 0.53113173823912, 0.0379307769621633, 0.112268652810915, -0.0743378758487519, 23.0180000000002, 23.3917419354839, 23.3848791208791, 22.9261823151565
3/15/2018, 22.74, 22.77, 22.49, 22.54, 8529734, 1.84707362777959, 0.266869718637883, 0.44057838820109, 0.182715952883182, 0.488305079382105, -0.013888761365731, 0.087037169975586, -0.100925931341317, 22.7974545454548, 23.358688172043, 23.3768327228327, 22.948344130108
3/16/2018, 22.65, 22.88, 22.61, 22.81, 10867331, 1.80847819340835, 0.819653594353735, 0.348889276631596, 0.285088440303779, 0.658824032303724, -0.0327913767352683, 0.0630714606334151, -0.0958628373686834, 22.7234545454548, 23.3693548387097, 23.3755189255189, 22.9716651633183
3/19/2018, 22.65, 22.72, 22.46, 22.52, 7165147, 1.81788713197434, 0.549640808512873, 0.0083094062562542, 0.247959823667633, 0.634031049947045, -0.0703613303525934, 0.0363849024362134, -0.106746232788807, 22.6292727272729, 23.3106021505377, 23.3718852258852, 22.99228700287
3/20/2018, 22.64, 22.82, 22.56, 22.73, 5455892, 1.77702935774127, 0.375143239404029, 0.0826457605108303, 0.288455447332058, 0.65724419638127, -0.0822425039234034, 0.0126594211642901, -0.0949019250876934, 22.5847272727275, 23.2341290322581, 23.3763663003663, 23.0132483258166
3/21/2018, 22.9, 23.32, 22.87, 23.29, 11225220, 1.7742500402055, 0.520990674524943, 0.240448433797396, 0.555089245102939, 0.756553003325468, -0.045941514511096, 0.000939234029212851, -0.0468807485403088, 22.7300000000002, 23.2637419354839, 23.4087448107448, 23.0427699876999
3/22/2018, 22.9, 22.95, 22.61, 22.62, 11909291, 1.88577229286325, -0.220870683794407, 0.00673070957337621, 0.336061321094751, 0.608418939194804, -0.0704243118147119, -0.0133334751395721, -0.0570908366751398, 22.6405454545457, 23.1587741935484, 23.4109694749695, 23.0591340713407
3/23/2018, 22.82, 22.87, 22.49, 22.5, 7945438, 1.88548270228171, -0.468973818736198, -0.0746269589604088, 0.232028247271798, 0.662060262443048, -0.098376083926496, -0.0303419968969569, -0.0680340870295391, 22.616181818182, 22.9948172043011, 23.4051208791209, 23.0725381987153
3/26/2018, 22.62, 22.64, 22.24, 22.48, 6363636, 1.88177014062596, -0.269197672744077, -0.199211476266854, 0.206768104147109, 0.643787954406382, -0.120749967103233, -0.0484235909382121, -0.0723263761650209, 22.6123636363638, 22.8313978494624, 23.3966813186813, 23.0823799371327
3/27/2018, 22.57, 22.64, 22.24, 22.28, 8498091, 1.89349565184955, -0.448567971332075, -0.342836067061636, 0.227343553329535, 0.627814798205683, -0.152857710707764, -0.0693104148921224, -0.0835472958156413, 22.5049090909093, 22.671376344086, 23.3699682539683, 23.092122727894
3/28/2018, 22.17, 22.32, 22.06, 22.15, 8013417, 1.86806902785768, -0.612660648377332, -0.196938386762532, 0.122372551119679, 0.597310997811615, -0.186641752441137, -0.0927766824019253, -0.0938650700392115, 22.3525454545456, 22.5128817204301, 23.3281025641026, 23.0967738144048
3/29/2018, 22.46, 22.8, 22.45, 22.74, 8745040, 1.87154100785819, -0.536698115401665, -0.109345220267418, 0.303905200226874, 0.683652963866153, -0.163918232403855, -0.107004992402311, -0.0569132400015438, 22.3932727272729, 22.4719139784947, 23.317684981685, 23.1128437884379
4/2/2018, 22.57, 22.65, 22.33, 22.48, 6079113, 1.88971976836123, -0.695394805834921, -0.330089945912612, 0.290639258907676, 0.782490097903041, -0.164987631435569, -0.118601520208963, -0.0463861112266059, 22.3872727272729, 22.4200860215054, 23.3011111111111, 23.1233489134892
4/3/2018, 22.46, 22.62, 22.41, 22.62, 6090460, 1.83054179368357, -0.970352810408439, -0.206687199292935, 0.177482202705824, 0.825359387378461, -0.152777187583659, -0.125436653683902, -0.0273405338997572, 22.3896363636365, 22.3664301075269, 23.2880317460318, 23.1337419707531
4/4/2018, 22.34, 22.83, 22.34, 22.82, 7002400, 1.83113552166811, -0.487371243259544, -0.219902100412216, 0.251140896535082, 0.865100245124778, -0.125515133995027, -0.125452349746127, -6.27842488996888E-05, 22.4976363636365, 22.3472043010753, 23.2906715506716, 23.1430955309553
4/5/2018, 22.82, 22.91, 22.72, 22.85, 4480456, 1.77887032710035, -0.175239060897422, -0.223336782601903, 0.207401369597675, 0.84680988488091, -0.10033244090997, -0.120428367978896, 0.0200959270689258, 22.723090909091, 22.3428602150538, 23.3017020757021, 23.1509208692087
4/6/2018, 22.8, 22.9, 22.3, 22.37, 12480687, 1.86029627293388, -0.470237530407276, -0.479577179777172, 0.0635892464646961, 0.850274896790217, -0.117749619365721, -0.119892618256261, 0.00214299889053943, 22.6727272727274, 22.3140645161291, 23.2908351648352, 23.1525718190516
4/9/2018, 20.34, 20.45, 19.97, 19.97, 38594535, 2.58057517497518, -1.15966290388603, -1.05038778802185, -0.514323782110987, 0.402337724705004, -0.321506672351106, -0.16021542907523, -0.161291243275876, 21.7829090909092, 21.9909247311829, 23.1691404151404, 23.1215175618423
4/10/2018, 19.93, 20.36, 19.92, 20.36, 26204264, 2.51264154872503, -1.0878815104218, -0.864164257436295, -0.386112810898687, 0.405033560581261, -0.44637038426443, -0.21744642011307, -0.22892396415136, 21.1618181818183, 21.7783870967742, 23.0679120879121, 23.0941284679514
4/11/2018, 19.73, 20.71, 19.73, 20.54, 32916730, 2.60465008935928, -0.8831455548741, -0.731252383490414, -0.233978142769476, 0.37300364693106, -0.524752262438518, -0.27890758857816, -0.245844673860359, 20.6785454545456, 21.5695053763441, 22.965076923077, 23.073774224409
4/12/2018, 20.72, 20.84, 20.54, 20.63, 13698764, 2.53633238941675, -0.80149290768439, -0.683512556269893, -0.106103912241816, 0.378991543925724, -0.573002995908947, -0.337726670044317, -0.23527632586463, 20.2952727272728, 21.3600430107527, 22.8644322344323, 23.0563485034851
4/13/2018, 20.6, 20.62, 20.29, 20.38, 10330262, 2.52248824013661, -0.918385573442613, -0.824844675630234, -0.246509648834655, 0.358366602237384, -0.624219348389666, -0.395025205713387, -0.229194142676279, 20.0265454545456, 21.1345161290323, 22.7487399267399, 23.0386305863059
4/16/2018, 20.09, 20.8, 20.06, 20.74, 21398938, 2.53316754181702, -0.919382281055755, -0.720006748897243, -0.217032684549168, 0.34451457096478, -0.628514560750464, -0.441723076720802, -0.186791484029662, 19.9589090909092, 20.9792043010753, 22.6553528693529, 23.0260360803608
4/17/2018, 20.67, 20.77, 20.43, 20.7, 11880269, 2.49328502784641, -0.8904924127496, -0.587047055729828, -0.202470788900938, 0.39933289076101, -0.627908079714047, -0.478960077319451, -0.148948002394595, 20.0003636363637, 20.8536774193549, 22.5607130647131, 23.0126398797322
4/18/2018, 21.23, 21.61, 21.2, 21.51, 18225675, 2.4909553729707, -0.418536165174217, -0.136884003755836, -0.0702662910790255, 0.471786009124536, -0.555661884261422, -0.494300438707845, -0.0613614455535767, 20.4663636363637, 20.823182795699, 22.4979975579976, 23.0117064370644
4/19/2018, 21.41, 21.47, 21.12, 21.35, 11045069, 2.4754767011227, -0.415493722504712, -0.349708155375371, -0.194828690731901, 0.442151488857921, -0.505489943274192, -0.496538339621115, -0.00895160365307729, 20.9545454545455, 20.7742365591398, 22.4280732600733, 23.0077731310647
4/20/2018, 21.22, 21.24, 20.91, 21, 12011286, 2.49565981859625, -0.464601131410851, -0.262112859858818, -0.276026391541413, 0.396893262033899, -0.48834110126683, -0.494898891950258, 0.00655779068342799, 21.3076363636364, 20.6955913978495, 22.3443003663004, 22.9996028426951
4/23/2018, 21.16, 21.19, 20.95, 21.05, 6068389, 2.42225241714941, -0.54001787272768, -0.0693976207020417, -0.19810484489357, 0.415928513445379, -0.465351654095628, -0.488989444379332, 0.0236377902837042, 21.2727272727273, 20.6639784946237, 22.2729084249084, 22.9906095394288
4/24/2018, 21.31, 21.34, 20.91, 20.97, 7778478, 2.41244600438462, -0.473685727946528, -0.137231258078018, -0.238465813606446, 0.399155470042883, -0.448418592590034, -0.480875274021472, 0.0324566814314381, 21.2292727272728, 20.6292258064517, 22.1967228327228, 22.9810788574553
4/25/2018, 20.95, 20.98, 20.78, 20.92, 7089120, 2.34510244150804, -0.565257862053395, -0.311709507321836, -0.132559018686648, 0.360574300423923, -0.434030369557561, -0.47150629312869, 0.0374759235711287, 21.1712727272728, 20.5761505376344, 22.1230476190476, 22.9710222768895
4/26/2018, 20.94, 21.27, 20.87, 21.24, 7265945, 2.28844472328299, -0.644903050079947, -0.293384914538894, -0.0183334835445112, 0.413949488695632, -0.392284264679613, -0.455661887438875, 0.0633776227592613, 21.2210909090909, 20.5647096774194, 22.0622246642247, 22.966860461938
4/27/2018, 21.24, 21.4, 21.18, 21.29, 8752923, 2.22058420039475, -0.411944484474688, -0.466592401603445, 0.0501412076664687, 0.342149898438931, -0.351118122513927, -0.434753134453885, 0.0836350119399579, 21.2049090909091, 20.5547526881721, 22.0023736263736, 22.9608246549133
4/30/2018, 21.27, 21.29, 20.95, 21.02, 12909290, 2.21752739034653, -0.468794990886324, -0.641867640041024, -0.0857189029715629, 0.259573004326174, -0.336402562440938, -0.415083020051296, 0.078680457610358, 21.1178181818182, 20.5366021505377, 21.9125225885226, 22.9526860735274
5/1/2018, 20.94, 20.98, 20.6, 20.88, 7736975, 2.22135078821024, -0.514036485790161, -0.579209667304784, -0.119609420831909, 0.186654848716229, -0.332207721216335, -0.398507960284304, 0.0663002390679688, 20.9590909090909, 20.4929032258065, 21.8101587301587, 22.9440330736641
5/2/2018, 20.99, 21.01, 20.69, 20.69, 8944070, 2.20699440478194, -0.515592502245934, -0.670632695864691, -0.121503070325152, 0.182518376385728, -0.3402920168812, -0.386864771603683, 0.0465727547224829, 20.8869090909091, 20.4496774193549, 21.6989865689866, 22.9337873445401
5/3/2018, 20.96, 21.03, 20.62, 20.96, 9591030, 2.1674417234347, -0.364380153468874, -0.620738312485308, -0.0473951127880199, 0.230652915734191, -0.321209433520277, -0.373733703987002, 0.0525242704667249, 20.9207272727273, 20.4912043010753, 21.6005714285714, 22.9274213475469
5/4/2018, 20.81, 21.22, 20.81, 21.14, 6020469, 2.13850991471295, -0.51701080278011, -0.719128323398956, -0.0157190548152205, 0.203897595682626, -0.288239210846953, -0.356634805358992, 0.0683955945120391, 20.968, 20.525935483871, 21.5163663003663, 22.918696460298
5/7/2018, 21.02, 21.2, 20.85, 20.88, 7729477, 2.14069418664656, -0.523664492322374, -0.807534068483271, -0.194884321370755, 0.172945238552862, -0.279863803215754, -0.341280604930345, 0.0614168017145905, 20.9278181818181, 20.5292258064517, 21.4252185592185, 22.902393057264
5/8/2018, 20.9, 21.11, 20.68, 21.08, 10190627, 2.11635720523345, -0.495765436547486, -0.911417902153177, -0.119871725362081, 0.255774252585521, -0.254158127114778, -0.323856109367231, 0.0696979822524536, 20.9499999999999, 20.5670107526882, 21.3406837606838, 22.8903796637967
5/9/2018, 21.11, 21.14, 20.9, 21.12, 4416207, 2.06354968712146, -0.553118856965972, -0.718042672198044, -0.154569294175751, 0.292005798651098, -0.227931080287917, -0.304671103551368, 0.0767400232634517, 20.9699999999999, 20.6055698924731, 21.2577631257631, 22.8765945059451
5/10/2018, 21.37, 21.68, 21.35, 21.67, 9633563, 2.0398274537335, -0.346514240654168, -0.388099927716559, 0.0102375923403314, 0.370560057916618, -0.160910675163876, -0.27591901787387, 0.115008342709994, 21.2330909090908, 20.7127311827957, 21.1993797313797, 22.8714115074484
5/11/2018, 21.73, 21.79, 21.44, 21.5, 6907857, 2.03455385471091, -0.246280502812796, -0.439255883080741, -0.0125813333994262, 0.285555522636923, -0.1201293244238, -0.244761079183856, 0.124631754760056, 21.4239999999999, 20.8407526881721, 21.141894993895, 22.8656659833265
5/14/2018, 21.71, 21.84, 21.53, 21.58, 7439075, 2.0044375571117, 1.211474482819, -0.443488634677332, 0.219908220316697, 0.317193673533098, -0.0804273621696225, -0.211894335781009, 0.131466973611387, 21.5770909090908, 20.9695913978495, 21.0988693528694, 22.8585595189286
5/15/2018, 21.42, 21.43, 21.21, 21.28, 6111724, 2.01799691533585, 0.705554644572645, -0.62446550816228, 0.219056467205089, 0.291028729332063, -0.0723369089827912, -0.183982850421366, 0.111645941438574, 21.5679999999999, 21.0755053763441, 21.0551037851038, 22.8452748394151
5/16/2018, 21.49, 21.71, 21.43, 21.68, 5689048, 1.98089601662498, 0.834699092906033, -0.376548471436116, 0.326825316482278, 0.349116263145107, -0.033265050685614, -0.153839290474215, 0.120574239788601, 21.6372727272726, 21.2541505376345, 21.0304786324786, 22.8401314746481
5/17/2018, 21.56, 21.68, 21.29, 21.36, 6272516, 2.00133587820262, 0.535397097668714, -0.438192514902755, 0.234062708939181, 0.311483831417675, -0.027801172524736, -0.128631666884319, 0.100830494359583, 21.5959999999999, 21.4015483870968, 20.9961391941392, 22.8303670903376
5/18/2018, 21.32, 21.41, 21.26, 21.35, 5527954, 1.93728841407436, 0.717138429522576, -0.459589905320358, 0.155435907115269, 0.284336559486376, -0.0240012546206394, -0.107705584431583, 0.0837043298109441, 21.5654545454544, 21.5252903225807, 20.9608766788767, 22.8239108924423
5/21/2018, 21.62, 21.7, 21.52, 21.63, 5095309, 1.8975058834241, 0.659137335888678, -0.493607362113848, 0.175270103254835, 0.338793095831345, 0.001585589943776, -0.0858473495565116, 0.0874329395002876, 21.5681818181817, 21.5311397849463, 20.9408791208791, 22.8228533552002
5/22/2018, 21.71, 21.79, 21.52, 21.56, 5703080, 1.87109924144434, 0.638876194063755, -0.477815937643366, 0.185909864984144, 0.310729317035412, 0.0160301480504366, -0.065471850035122, 0.0815019980855585, 21.545818181818, 21.5433978494624, 20.9253748473748, 22.8192890528906
5/23/2018, 21.45, 21.51, 21.32, 21.48, 7083242, 1.84003047780554, 0.00252032935540689, -0.384181919547093, 0.168052179865358, 0.276078828974938, 0.0207826633983892, -0.0482209473484197, 0.0690036107468089, 21.4776363636362, 21.5497634408602, 20.9113089133089, 22.8160237802378
5/24/2018, 21.38, 21.56, 21.29, 21.44, 5011214, 1.81425661987406, 0.103855164415283, -0.342795988711361, 0.152609323009094, 0.26129202134983, 0.0210784214242956, -0.0343610735938767, 0.0554394950181723, 21.4859999999998, 21.5509892473119, 20.8850573870574, 22.8125595189286
5/25/2018, 21.27, 21.39, 21.24, 21.27, 4078856, 1.78433374864104, 0.267188569271781, -0.330879323444984, 0.00790975526460187, 0.234040268363742, 0.00750867718334547, -0.0259871234384322, 0.0334958006217777, 21.4141818181816, 21.5087526881721, 20.8610231990232, 22.8071373513735
5/29/2018, 21.12, 21.16, 20.78, 20.86, 8068066, 1.84588398331329, -0.132405829553974, -0.547411166118657, -0.2243462456671, 0.218304372371824, -0.0359150104947048, -0.0279727008496868, -0.00794230964501805, 21.2292727272725, 21.4327526881721, 20.827347985348, 22.7944641246413
5/30/2018, 21.16, 21.46, 21.06, 21.43, 10080617, 1.84693807267006, 0.378662880098686, -0.264168310328991, -0.207924905505132, 0.315518969112396, -0.0240570448806992, -0.0271895696558892, 0.00313252477519008, 21.2205454545452, 21.4256344086022, 20.8165079365079, 22.7872947929479
5/31/2018, 21.37, 21.37, 21.05, 21.11, 10992678, 1.87119321423275, 0.172629105657854, -0.429563392555164, -0.296780548160554, 0.259333816164941, -0.0400195271502888, -0.0297555611547691, -0.0102639659955196, 21.1730909090906, 21.4272043010753, 20.7983833943834, 22.7722902829029
6/1/2018, 21.3, 21.43, 21.26, 21.4, 5721797, 1.82831048200144, 0.149183944364869, -0.509489895039872, -0.259450930274567, 0.29491550080648, -0.0289357793313059, -0.0295916047900765, 0.000655825458770628, 21.1929090909088, 21.4574838709677, 20.7956043956044, 22.7638376383764
6/4/2018, 21.5, 21.65, 21.48, 21.61, 4538603, 1.77785988427067, 0.263148070246452, -0.246612561731512, -0.188417569003807, 0.315882921744582, -0.00317004210182859, -0.0243072922524269, 0.0211372501505983, 21.2810909090906, 21.490752688172, 20.8080463980464, 22.7574273609403
6/5/2018, 21.47, 21.49, 21.35, 21.41, 4470871, 1.76546354479845, 0.319278507995136, -0.274003509659962, -0.260651131492496, 0.287844631886612, 0.00109849894236902, -0.0192261340134677, 0.0203246329558367, 21.3419999999997, 21.4980430107527, 20.8137802197802, 22.7489911165778
6/6/2018, 21.39, 21.53, 21.28, 21.5, 5800289, 1.72830910555479, 0.49203714064249, -0.238142565016986, -0.310363334784806, 0.27537536235892, 0.0116097661542902, -0.0130589539799161, 0.0246687201342064, 21.4319999999997, 21.5090967741935, 20.8209768009767, 22.7442367090338
6/7/2018, 21.49, 21.52, 21.14, 21.2, 5541084, 1.75475063589418, 0.409529662643316, -0.272864373380342, -0.426662794496379, 0.241291600928962, -0.00421883949054447, -0.0112909310820418, 0.00707209159149734, 21.405636363636, 21.4753333333333, 20.8103833943833, 22.7349935766024
6/8/2018, 21.09, 21.11, 20.79, 21.02, 6861021, 1.7788143580832, 0.0765275098979371, -0.291190925422714, -0.350774177240833, 0.191196081853055, -0.0309310651155243, -0.0152189578887383, -0.015712107226786, 21.3243636363633, 21.4382580645161, 20.7919267399267, 22.7215727757278
6/11/2018, 20.91, 20.99, 20.84, 20.84, 3416714, 1.74765565818442, -0.191568251649693, -0.546761651561237, -0.494503179108432, 0.132858233772145, -0.0658659306038665, -0.0253483524317639, -0.0405175781721025, 21.1698181818178, 21.3830967741935, 20.772354090354, 22.70863933306
6/12/2018, 20.84, 20.94, 20.73, 20.79, 4962419, 1.71477088603825, -0.0374366071463728, -0.483725096396074, -0.583777929255216, 0.124817772411996, -0.0964745468057977, -0.0395735913065707, -0.056900955499227, 20.9394545454541, 21.3064946236559, 20.7536483516483, 22.6941585349187
6/13/2018, 20.92, 21.07, 20.76, 20.84, 5279103, 1.69950011442891, -0.153300122763384, -0.511546326212874, -0.528057086164318, 0.0921737343481926, -0.115367627342287, -0.0547323985137141, -0.0606352288285734, 20.8441818181814, 21.2283870967742, 20.7266984126984, 22.6777468908023
6/14/2018, 20.89, 20.98, 20.68, 20.69, 4737659, 1.6987290123472, -0.298193599744687, -0.627261264930643, -0.626263137386561, 0.0550889010732682, -0.140820979587772, -0.0719501147285257, -0.0688708648592467, 20.6652727272723, 21.1188387096774, 20.6789816849816, 22.6565723657237
6/15/2018, 20.64, 20.66, 20.32, 20.37, 12619531, 1.72996406981788, -1.04197048146914, -0.743983611844218, -0.719704543480618, 0.0177036798126956, -0.184685332719276, -0.0944971583266758, -0.0901881743926003, 20.4567272727268, 20.986688172043, 20.6311013431013, 22.6319666529999
6/18/2018, 20.21, 20.37, 20.11, 20.28, 8173743, 1.71486191800201, -0.986450330473494, -0.631633859422839, -0.792411683876006, -0.0309548019007966, -0.224126802178784, -0.120423087097097, -0.103703715081686, 20.3152727272723, 20.8589247311828, 20.5655409035409, 22.6072852261856
6/19/2018, 19.97, 20.4, 19.84, 20.3, 10813682, 1.76544481341019, -1.03805113627164, 0.227623718636894, -0.791596231189144, -0.0886997267803406, -0.250878645177785, -0.146514198713235, -0.10436444646455, 20.2132727272723, 20.7219139784946, 20.4886617826617, 22.5843181631817
6/20/2018, 20.48, 20.67, 20.43, 20.53, 8930524, 1.74849504269924, -0.594712244486706, 0.13814035816695, -0.682978403367538, -0.0932139705820718, -0.250631472083811, -0.16733765338735, -0.0832938186964604, 20.2692727272722, 20.6311612903226, 20.4258485958485, 22.5640251469182
6/21/2018, 20.44, 20.63, 20.38, 20.44, 9247704, 1.72953879967146, -1.0676387464013, -0.0120469831342418, -0.642509549445894, -0.0691292838145686, -0.254761106017774, -0.184822343913435, -0.0699387621043394, 20.2870909090904, 20.5352043010753, 20.3712698412698, 22.5398127647943
6/22/2018, 20.62, 20.9, 20.59, 20.88, 9174330, 1.71859120747224, -0.370204806947165, 0.178297246298315, -0.502243931949734, -0.0438757044190855, -0.219993598632499, -0.191856594857248, -0.0281370037752511, 20.4623636363631, 20.5361290322581, 20.3434212454212, 22.5230977176439
6/25/2018, 20.78, 20.89, 20.61, 20.86, 10054080, 1.70134109258962, -0.378804331172982, 0.304916229381373, -0.563089147188266, -0.0765997778127502, -0.191842490582697, -0.191853774002338, 1.128341964024E-05, 20.6023636363631, 20.5282795698925, 20.3294114774114, 22.5061153478202
6/26/2018, 20.6, 20.71, 20.51, 20.64, 7689012, 1.71828858681436, -0.809548946107995, -0.0109040889572506, -0.632374922743234, -0.0812232226798393, -0.185150397488606, -0.190513098699591, 0.00536270121098553, 20.6552727272722, 20.5019784946237, 20.3140708180708, 22.4816993303267
6/27/2018, 20.73, 20.89, 20.56, 20.58, 7886079, 1.71730819291817, -0.803765750535364, -0.0219752891694227, -0.52120237873978, -0.148865221443324, -0.182583653355188, -0.188927209630711, 0.00634355627552272, 20.7056363636358, 20.4541290322581, 20.2896630036629, 22.4552901462348
6/28/2018, 20.61, 20.86, 20.54, 20.85, 7345791, 1.68705479519152, -0.486728346696953, -0.348597058723105, -0.279438500338053, -0.0938073498439172, -0.156953484551451, -0.182532464614859, 0.0255789800634076, 20.833454545454, 20.4717204301075, 20.2810451770451, 22.4332986196529
6/29/2018, 21, 21.25, 20.96, 21.24, 12339184, 1.66743586891507, -0.123594159827309, -0.0220327429339697, -0.319792396937026, -0.00947050180981435, -0.103973113157629, -0.166820594323413, 0.0628474811657839, 21.0232727272721, 20.5228172043011, 20.2942271062271, 22.4168096214296
7/2/2018, 21.15, 21.18, 20.97, 21.07, 7916354, 1.66091698922488, -0.124801191988801, 0.0814115540275178, -0.194419836187999, -0.0516123537029243, -0.0748406499498415, -0.148424605448699, 0.073583955498857, 21.0889090909085, 20.5524516129032, 20.3127692307692, 22.3984280442805
7/3/2018, 21.12, 21.19, 20.98, 21, 5699008, 1.63313071022952, 0.144401478544897, 0.0108523903156177, -0.0561800250359454, -0.0719028318007238, -0.0567472311978747, -0.130089130598534, 0.0733418994006591, 21.0912727272721, 20.5936774193548, 20.330652014652, 22.3763159764931
7/5/2018, 21.35, 21.5, 21.3, 21.47, 9373323, 1.63395238328267, 0.0612108318251853, 0.323134197654211, 0.0357104930714862, 0.0470434505040149, -0.00443190617912137, -0.104957685714651, 0.10052577953553, 21.2638181818175, 20.693935483871, 20.3833235653235, 22.3615172885063
7/6/2018, 21.43, 21.81, 21.42, 21.81, 12344700, 1.61746491451742, 0.61533924099541, 0.532477604417158, -0.00867889707713151, 0.0873053307935465, 0.063728897253565, -0.071220369121008, 0.134949266374573, 21.4845454545448, 20.8325806451613, 20.4380488400488, 22.3508246549133
7/9/2018, 21.95, 22.22, 21.88, 22.21, 10052971, 1.60121856354541, 0.683495504948626, 0.564511070377187, 0.0243416425715156, 0.146239210457959, 0.148313812794804, -0.0273135327378457, 0.175627345532649, 21.8567272727266, 21.0171827956989, 20.5009328449328, 22.346048927156
7/10/2018, 22.18, 22.34, 22.09, 22.33, 6019855, 1.56896153522286, 0.610934268963651, 0.59941020408193, -0.10246124165844, 0.15648686511802, 0.222466509440562, 0.0226424756978358, 0.199824033742726, 22.1938181818175, 21.2007096774193, 20.569536019536, 22.3433308733088
