Date,RWR_Open,RWR_High,RWR_Low,RWR_Close,RWR_Volume,RWR_ATRPercentOfClose20,RWR_SQN25,RWR_SQN50,RWR_SQN100,RWR_SQN200,RWR_MACD,RWR_MACD_Avg,RWR_MACD_Diff,RWR_LinReg10,RWR_LinReg30,RWR_LinReg90,RWR_LinReg270
1/3/2017, 93.78, 93.78, 92.86, 93.54, 1025489, 0, 0, 0, 0, 0, 0, 0, 0, 93.54, 93.54, 93.54, 93.54
1/4/2017, 93.62, 95.06, 93.62, 94.88, 338071, 0, 0, 0, 0, 0, 0.106894586894583, 0.0213789173789166, 0.0855156695156666, 94.88, 94.88, 94.88, 94.88
1/5/2017, 94.38, 95.17, 93.5, 95.1, 402665, 0, 0, 0, 0, 0, 0.206975592730586, 0.0584982524492506, 0.148477340281336, 95.2866666666666, 95.2866666666666, 95.2866666666666, 95.2866666666666
1/6/2017, 94.71, 95.61, 94.57, 95.21, 341508, 0, 0, 0, 0, 0, 0.291802869750455, 0.105159175909492, 0.186643693840964, 95.467, 95.467, 95.467, 95.467
1/9/2017, 95.31, 95.31, 94.22, 94.26, 322371, 0, 0, 0, 0, 0, 0.279154122461165, 0.139958165219826, 0.139195957241339, 94.952, 94.952, 94.952, 94.952
1/10/2017, 94.18, 94.18, 93.25, 93.28, 321834, 0, 0, 0, 0, 0, 0.187886253531261, 0.149543782882113, 0.0383424706491475, 94.1604761904762, 94.1604761904762, 94.1604761904762, 94.1604761904762
1/11/2017, 93.27, 93.56, 92.49, 92.54, 541855, 0, 0, 0, 0, 0, 0.0552075954975066, 0.130676545405192, -0.0754689499076852, 93.3614285714286, 93.3614285714286, 93.3614285714286, 93.3614285714286
1/12/2017, 92.62, 93.11, 91.69, 93, 1102195, 0, 0, 0, 0, 0, -0.0126769097482793, 0.102005854374498, -0.114682764122777, 93.0641666666667, 93.0641666666667, 93.0641666666667, 93.0641666666667
1/13/2017, 92.82, 93.08, 92.55, 92.85, 235733, 0, 0, 0, 0, 0, -0.0776841214394608, 0.0660678592117059, -0.143751980651167, 92.8211111111111, 92.8211111111111, 92.8211111111111, 92.8211111111111
1/17/2017, 93.11, 93.56, 92.63, 93.52, 514554, 0, 0, 0, 0, 0, -0.0742831149702567, 0.0379976643753134, -0.11228077934557, 92.894, 92.894, 92.894, 92.894
1/18/2017, 93.45, 94.04, 93.3, 93.75, 213376, 0, 0, 0, 0, 0, -0.0524243991898885, 0.019913251662273, -0.0723376508521615, 92.8149090909091, 93.0263636363636, 93.0263636363636, 93.0263636363636
1/19/2017, 93.4, 93.52, 92.58, 92.75, 263816, 0, 0, 0, 0, 0, -0.114473275439565, -0.00696405375809454, -0.10750922168147, 92.6469090909091, 92.8341025641026, 92.8341025641026, 92.8341025641026
1/20/2017, 92.84, 93.55, 92.57, 93.47, 263305, 0, 0, 0, 0, 0, -0.104346631185734, -0.0264405692436225, -0.0779060619421119, 92.8878181818181, 92.8915384615385, 92.8915384615385, 92.8915384615385
1/23/2017, 93.6, 94.32, 93.33, 94.21, 266793, 0, 0, 0, 0, 0, -0.036192176215522, -0.0283908906380024, -0.00780128557751955, 93.4952727272727, 93.13, 93.13, 93.13
1/24/2017, 94.11, 94.6, 93.78, 94.09, 245990, 0, 0, 0, 0, 0, 0.008044985669585, -0.0211037153764849, 0.0291487010460699, 93.9258181818182, 93.2908333333334, 93.2908333333334, 93.2908333333334
1/25/2017, 94.03, 94.23, 93.22, 93.43, 273762, 0, 0, 0, 0, 0, -0.0100375226616762, -0.0188904768335232, 0.00885295417184695, 93.9416363636365, 93.2704411764706, 93.2704411764706, 93.2704411764706
1/26/2017, 93.39, 93.85, 93.19, 93.26, 205151, 0, 0, 0, 0, 0, -0.0376515958823234, -0.0226427006432832, -0.0150088952390401, 93.7425454545456, 93.2188235294118, 93.2188235294118, 93.2188235294118
1/27/2017, 93.28, 93.29, 91.94, 92.3, 156338, 0, 0, 0, 0, 0, -0.135438672099284, -0.0452018949344833, -0.0902367771648002, 93.2645454545456, 92.9815204678363, 92.9815204678363, 92.9815204678363
1/30/2017, 92, 92.11, 91.41, 91.66, 180970, 0, 0, 0, 0, 0, -0.261563148655597, -0.088474145678706, -0.173089002976891, 92.5736363636366, 92.6622105263158, 92.6622105263158, 92.6622105263158
1/31/2017, 91.68, 93.08, 91.68, 92.46, 297781, 0, 0, 0, 0, 0, -0.293580181300513, -0.129495352803067, -0.164084828497445, 92.3580000000002, 92.5460000000001, 92.5460000000001, 92.5460000000001
2/1/2017, 92.49, 92.96, 91.21, 91.21, 273877, 0, 0, 0, 0, 0, -0.415034207659915, -0.186603123774437, -0.228431083885478, 91.8143636363639, 92.2281818181818, 92.2281818181818, 92.2281818181818
2/2/2017, 91.22, 92.47, 91.13, 92.33, 239133, 1.20018276833099, 0, 0, 0, 0, -0.416116032213182, -0.232505705462186, -0.183610326750996, 91.5961818181821, 92.1507114624506, 92.1507114624506, 92.1507114624506
2/3/2017, 92.67, 93.16, 92.42, 92.77, 422499, 1.17950017516439, 0, 0, 0, 0, -0.377121837407756, -0.2614289318513, -0.115692905556456, 91.6969090909094, 92.1582608695652, 92.1582608695652, 92.1582608695652
2/6/2017, 92.98, 93.06, 92.42, 92.65, 542546, 1.15651505329196, 0, 0, 0, 0, -0.351845794897429, -0.279512304460526, -0.072333490436903, 91.942363636364, 92.1478666666667, 92.1478666666667, 92.1478666666667
2/7/2017, 92.76, 93, 92.07, 92.22, 261268, 1.15423513015751, 0, 0, 0, 0, -0.362334983302205, -0.296076840228862, -0.0662581430733432, 92.100363636364, 92.0757538461539, 92.0757538461539, 92.0757538461539
2/8/2017, 92.3, 93.21, 92.09, 93.01, 225258, 1.14741840144037, -0.1251061963953, 0, 0, 0, -0.303403891786814, -0.297542250540452, -0.00586164124636235, 92.5012727272731, 92.1293162393163, 92.1293162393163, 92.1293162393163
2/9/2017, 92.98, 93.38, 92.89, 93.2, 175366, 1.11411283521535, -0.471631176976215, 0, 0, 0, -0.238618519325613, -0.285757504297484, 0.0471389849718717, 92.9567272727276, 92.2043386243387, 92.2043386243387, 92.2043386243387
2/10/2017, 93.16, 93.93, 93.02, 93.86, 191632, 1.09944119358584, -0.334694822172844, 0, 0, 0, -0.13249187686371, -0.25510437881073, 0.122612501947019, 93.4514545454549, 92.3610591133005, 92.3610591133005, 92.3610591133005
2/13/2017, 93.96, 94.25, 93.3, 93.89, 205514, 1.09472651942133, -0.357503905205277, 0, 0, 0, -0.0454411811814168, -0.213171739284867, 0.16773055810345, 93.7434545454549, 92.5046206896553, 92.5046206896553, 92.5046206896553
2/14/2017, 93.75, 93.89, 92.62, 93.42, 244586, 1.11319502529485, -0.229455300312235, 0, 0, 0, -0.0142140984539196, -0.173380211118678, 0.159166112664758, 93.9114545454549, 92.5733118279571, 92.5733118279571, 92.5733118279571
2/15/2017, 92.97, 93.21, 92.36, 93.05, 783122, 1.118699036001, -0.0532982796529524, 0, 0, 0, -0.0191021208360382, -0.14252459306215, 0.123422472226111, 93.6492727272731, 92.5632688172043, 92.5897580645162, 92.5897580645162
2/16/2017, 93.16, 94.3, 93.16, 93.65, 577595, 1.12269298488946, 0.363009192865772, 0, 0, 0, 0.0251491678484683, -0.108989840880026, 0.134139008728494, 93.7180000000004, 92.7218494623656, 92.6767045454546, 92.6767045454546
2/17/2017, 93.76, 94, 93.09, 93.94, 305917, 1.11170095947577, 0.310426308514922, 0, 0, 0, 0.0826662838508838, -0.0706586159338441, 0.153324899784728, 93.9029090909096, 92.9398279569892, 92.7889126559715, 92.7889126559715
2/21/2017, 93.96, 95.32, 93.57, 95.14, 734397, 1.13476485943342, 0.689967114755917, 0, 0, 0, 0.222513981187802, -0.0120240965095148, 0.234538077697317, 94.4145454545459, 93.3248817204301, 93.0255462184874, 93.0255462184874
2/22/2017, 95.25, 95.59, 94.33, 94.8, 676239, 1.1483486528499, 0.395973007841872, 0, 0, 0, 0.302422986438231, 0.0508653200800343, 0.251557666358196, 94.5869090909095, 93.6039139784946, 93.202380952381, 93.202380952381
2/23/2017, 95.15, 95.43, 94.48, 95.32, 304510, 1.13481199827594, 0.476376831124234, 0, 0, 0, 0.403064822615207, 0.121305220587069, 0.281759602028138, 94.9561818181822, 93.8801075268817, 93.4181981981982, 93.4181981981982
2/24/2017, 95.24, 95.7, 94.99, 95.64, 317808, 1.11158266093559, 0.909237326031334, 0, 0, 0, 0.502848998279617, 0.197613976125579, 0.305235022154039, 95.3480000000004, 94.1344086021505, 93.6475391180654, 93.6475391180654
2/27/2017, 95.78, 96.57, 95.57, 96.25, 274492, 1.10125898604972, 0.875005642262232, 0, 0, 0, 0.62395797923287, 0.282882776747037, 0.341075202485833, 95.949454545455, 94.4767741935484, 93.9180971659919, 93.9180971659919
2/28/2017, 96.2, 96.26, 95.36, 95.67, 323207, 1.0995752956718, 0.467263042219261, 0, 0, 0, 0.665465494461415, 0.359399320289912, 0.306066174171503, 96.2261818181823, 94.7145806451613, 94.1076794871795, 94.1076794871795
3/1/2017, 95.38, 95.87, 95.06, 95.31, 381086, 1.09103504469704, 0.39183114312297, 0, 0, 0, 0.661684026398731, 0.419856261511676, 0.241827764887055, 96.187454545455, 94.933182795699, 94.2462195121951, 94.2462195121951
3/2/2017, 95.04, 95.47, 94.5, 94.9, 237879, 1.09206767760349, 0.477595401148506, 0, 0, 0, 0.618474226333689, 0.459579854476079, 0.15889437185761, 95.8300000000005, 95.1035483870968, 94.3343902439024, 94.3343902439024
3/3/2017, 94.97, 95, 93.56, 94.45, 218118, 1.11863802513862, 0.387596479255557, 0, 0, 0, 0.541674819145015, 0.475998847409866, 0.0656759717351492, 95.3361818181823, 95.1427311827957, 94.3737209302325, 94.3737209302325
3/6/2017, 94.14, 94.25, 93.66, 94.01, 349983, 1.10969677056298, 0.575129700270111, 0, 0, 0, 0.440231695915784, 0.46884541711105, -0.0286137211952654, 94.7047272727277, 95.1631182795699, 94.3700634249471, 94.3700634249471
3/7/2017, 93.81, 93.88, 93.1, 93.63, 241957, 1.10708601656087, 0.674588679898404, 0, 0, 0, 0.325423189728582, 0.440160971634556, -0.114737781905974, 94.1781818181823, 95.1811397849463, 94.3329696969696, 94.3329696969696
3/8/2017, 93.21, 93.21, 92.07, 92.14, 224872, 1.15339310336515, -0.0808448493943162, 0, 0, 0, 0.112904580154805, 0.374709693338606, -0.261805113183801, 93.1512727272732, 95.0058494623656, 94.1702608695652, 94.1702608695652
3/9/2017, 92, 92.38, 90.43, 90.55, 278431, 1.22263896760753, -0.178964352339652, 0, 0, 0, -0.181722872703901, 0.263423180130105, -0.445146052834005, 91.8241818181823, 94.5973978494624, 93.8855226641997, 93.8855226641997
3/10/2017, 91.09, 91.61, 89.62, 90.17, 296253, 1.27674903616522, -0.665525514388924, 0, 0, 0, -0.440798821550985, 0.122578779793887, -0.563377601344871, 90.6900000000005, 94.1479784946237, 93.5899734042553, 93.5899734042553
3/13/2017, 90.27, 90.81, 89.9, 90.28, 933486, 1.26183249403486, -0.777058923165722, 0, 0, 0, -0.629980276385027, -0.0279330314418959, -0.602047244943131, 90.0141818181822, 93.6684516129032, 93.3242772108844, 93.3242772108844
3/14/2017, 90.27, 90.45, 89.79, 90.25, 230674, 1.2357044397052, -0.748841694026745, 0, 0, 0, -0.773413264914424, -0.177029078136402, -0.596384186778023, 89.5376363636368, 93.1554838709677, 93.0747591836735, 93.0747591836735
3/15/2017, 90.51, 92.56, 90.49, 92.16, 233031, 1.27491546657144, 0.00399018933175835, 0, 0, 0, -0.724611039233309, -0.286545470355783, -0.438065568877526, 89.9445454545459, 92.9472903225807, 92.9907058823529, 92.9907058823529
3/16/2017, 92.05, 92.56, 91.84, 92.03, 264287, 1.25199824980184, -0.249324370132126, -0.264871793987185, 0, 0, -0.688488371942029, -0.366934050673032, -0.321554321268996, 90.3963636363641, 92.6412043010753, 92.9025263951735, 92.9025263951735
3/17/2017, 91.61, 92.1, 91.31, 91.79, 574073, 1.23554122434688, -0.367671366256741, -0.590227891983697, 0, 0, -0.671486414697384, -0.427844523477903, -0.243641891219481, 90.8318181818186, 92.3740430107526, 92.8023657474601, 92.8023657474601
3/20/2017, 91.82, 92.1, 91.4, 91.6, 253036, 1.21440843377358, -0.61219502810359, -0.672866268266883, 0, 0, -0.665670221247041, -0.47540966303173, -0.19026055821531, 91.2587272727277, 92.1155913978494, 92.6949056603773, 92.6949056603773
3/21/2017, 91.73, 91.99, 91.11, 91.25, 203093, 1.20633229487098, -0.718077364446307, -0.765030789662886, 0, 0, -0.681447617019586, -0.516617253829301, -0.164830363190285, 91.6201818181822, 91.8122795698924, 92.5692323232323, 92.5692323232323
3/22/2017, 91.45, 91.45, 90.15, 91.13, 200079, 1.21885142995312, -0.625894545683517, -0.612626708618908, 0, 0, -0.695615689297014, -0.552416940922844, -0.14319874837417, 91.7720000000004, 91.4741075268817, 92.4431038961039, 92.4431038961039
3/23/2017, 91.17, 92.46, 90.91, 91.89, 221217, 1.23267204560939, -0.298882206523685, -0.258947381457298, 0, 0, -0.638162005875657, -0.569565953913407, -0.0685960519622502, 91.9234545454549, 91.292064516129, 92.3777819548872, 92.3777819548872
3/24/2017, 92.04, 92.29, 91.68, 91.75, 275413, 1.20606782079013, -0.509518601829748, -0.138610724312636, 0, 0, -0.597044025920169, -0.575061568314759, -0.0219824576054103, 91.8774545454549, 91.1121505376343, 92.307059891107, 92.307059891107
3/27/2017, 91.66, 91.99, 90.55, 90.84, 138382, 1.23650249262021, -0.828666326186823, -0.419546575406148, 0, 0, -0.63061775642889, -0.586172805937585, -0.0444449504913048, 91.4529090909095, 90.870129032258, 92.1796025715955, 92.1796025715955
3/28/2017, 90.79, 91.34, 90.08, 91.3, 127760, 1.23776223557654, -1.08060019353491, -0.29136633626612, 0, 0, -0.613040277409468, -0.591546300231962, -0.0214939771775058, 91.1507272727276, 90.7079569892472, 92.090220338983, 92.090220338983
3/29/2017, 91.25, 91.62, 90.99, 91.6, 177838, 1.20641165395995, -0.891602569425948, -0.368479973919593, 0, 0, -0.568350910343995, -0.586907222254368, 0.0185563119103739, 91.2769090909094, 90.5692258064515, 92.0257267759562, 92.0257267759562
3/30/2017, 91.54, 91.88, 90.83, 91.76, 356316, 1.20130712867911, -1.00418694201687, -0.382290124892259, 0, 0, -0.514097407254596, -0.572345259254414, 0.0582478519998181, 91.4629090909094, 90.4378709677419, 91.9753728186144, 91.9753728186144
3/31/2017, 91.77, 92.59, 91.57, 92.28, 290144, 1.19007742762479, -0.932834495285525, -0.0721880426801677, 0, 0, -0.424250960022121, -0.542726399407955, 0.118475439385834, 91.7952727272731, 90.420817204301, 91.9608294930875, 91.9608294930875
4/3/2017, 92.22, 92.74, 92.05, 92.58, 236662, 1.16417506772688, -1.0305453477924, -0.160820391225451, 0, 0, -0.325092051677316, -0.499199529861828, 0.174107478184511, 92.1665454545458, 90.4699999999999, 91.9659474206348, 91.9659474206348
4/4/2017, 92.46, 93.19, 92.41, 92.51, 113123, 1.14896077593392, -0.895033217518279, -0.334111956093094, 0, 0, -0.249282741131637, -0.44921617211579, 0.199933430984153, 92.3901818181821, 90.5990752688171, 91.9667740384615, 91.9667740384615
4/5/2017, 92.7, 93.08, 92.49, 92.63, 168967, 1.12194584165567, -0.757389777440994, -0.283265707038187, 0, 0, -0.177474503625689, -0.394867838417769, 0.217393334792081, 92.5625454545458, 90.7376774193548, 91.9750209790209, 91.9750209790209
4/6/2017, 92.65, 93.28, 92.21, 93.15, 137093, 1.11733280887747, -0.482020992570645, -0.0341330283248405, 0, 0, -0.0777105055384197, -0.3314363718419, 0.25372586630348, 92.9847272727276, 90.9909247311827, 92.0138851198552, 92.0138851198552
4/7/2017, 93.21, 93.6, 93.02, 93.19, 111593, 1.09212977346914, -0.344884468636175, 0.0103754133496678, 0, 0, 0.00452864402328146, -0.264243368668863, 0.268772012692145, 93.3240000000002, 91.2845806451612, 92.053314310799, 92.053314310799
4/10/2017, 93.27, 94.05, 92.98, 93.93, 82928, 1.08630677004269, -0.00385285333487361, 0.375106660598725, 0, 0, 0.12794075671097, -0.185806543592897, 0.313747300303867, 93.6583636363639, 91.7286021505375, 92.1335421994884, 92.1335421994884
4/11/2017, 93.98, 94.68, 93.8, 94.54, 629827, 1.07187386465628, 0.27433385653755, 0.646157586967142, 0, 0, 0.271834112728811, -0.0942784123285551, 0.366112525057366, 94.1269090909094, 92.226322580645, 92.2445672877846, 92.2445672877846
4/12/2017, 94.48, 94.81, 94.18, 94.31, 115600, 1.05416400600545, 0.69820960671223, 0.427157369706983, 0, 0, 0.363125669577798, -0.00279759594728449, 0.365923265525082, 94.399272727273, 92.6781505376343, 92.3374406438631, 92.3374406438631
4/13/2017, 94.29, 94.48, 93.99, 94.1, 82839, 1.02972685479336, 1.34348764480116, 0.683919071403201, 0, 0, 0.413760072583941, 0.0805139377589605, 0.33324613482498, 94.483272727273, 93.0824516129031, 92.4143779342723, 92.4143779342723
4/17/2017, 94.35, 95.27, 94.12, 95.27, 142255, 1.02763128145537, 1.83823562578302, 0.686627743298923, 0, 0, 0.542049019980965, 0.172820954203361, 0.369228065777603, 94.9478181818184, 93.6103655913977, 92.5514345509893, 92.5514345509893
4/18/2017, 95.19, 95.6, 95.13, 95.53, 246565, 0.998192301633416, 1.8890577925173, 0.645403056642036, 0, 0, 0.657123847485977, 0.269681532859885, 0.387442314626092, 95.3990909090912, 94.1366451612902, 92.6960977415772, 92.6960977415772
4/19/2017, 95.49, 95.72, 95.15, 95.33, 138789, 0.980168310566329, 1.81861621112196, 0.627919730074083, 0, 0, 0.723839181314858, 0.360513062550879, 0.363326118763979, 95.6063636363638, 94.6024086021504, 92.8235243243243, 92.8235243243243
4/20/2017, 95.36, 95.36, 94.58, 95.29, 146478, 0.972478463574076, 1.43285989719337, 0.721705506550085, 0, 0, 0.764669267006269, 0.441344303441957, 0.323324963564312, 95.6700000000002, 94.9527956989246, 92.9430771929825, 92.9430771929825
4/21/2017, 95.4, 95.4, 94.78, 94.92, 137836, 0.960114824634166, 1.3049197075564, 0.461027896787421, 0, 0, 0.758428801186056, 0.504761202990777, 0.253667598195279, 95.5647272727274, 95.1299139784945, 93.0381681476418, 93.0381681476418
4/24/2017, 95.24, 95.41, 92.98, 93.85, 300718, 1.05197010331978, 0.845774795315833, 0.169227433659828, 0, 0, 0.659540358720818, 0.535717034136785, 0.123823324584033, 95.0012727272728, 95.1177419354837, 93.0745254745255, 93.0745254745255
4/25/2017, 93.85, 94.37, 93.68, 94.28, 157830, 1.03140670859921, 1.09289841095091, 0.117691822290785, 0, 0, 0.608849523641538, 0.550343532037736, 0.0585059916038023, 94.6983636363637, 95.1437204301074, 93.1309380071406, 93.1309380071406
4/26/2017, 94.37, 94.38, 93.33, 93.37, 616857, 1.045613936622, 0.823927372427291, -0.0902825559567133, 0, 0, 0.489603433210306, 0.53819551227225, -0.0485920790619443, 94.184, 95.0264301075267, 93.1396993670886, 93.1396993670886
4/27/2017, 93.34, 93.73, 92.89, 93.02, 149295, 1.04222236722508, 0.730663061289625, -0.064505013631034, 0, 0, 0.362677254858653, 0.503091860789531, -0.140414605930878, 93.5665454545455, 94.9719354838707, 93.1309259259259, 93.1309259259259
4/28/2017, 92.81, 93.16, 91.77, 92.09, 201250, 1.07557984981337, 0.0884905434249981, -0.186019348152826, 0, 0, 0.184912559513521, 0.439456000534329, -0.254543441020808, 92.6561818181819, 94.7852258064514, 93.0774585968081, 93.0774585968081
5/1/2017, 92.23, 92.97, 91.78, 92.75, 255541, 1.0786807649687, 0.373813451699085, -0.171066455951802, 0, 0, 0.0961805325677574, 0.370800906941014, -0.274620374373257, 92.3174545454546, 94.6658709677417, 93.0578754040552, 93.0578754040552
5/2/2017, 92.77, 93.08, 92.23, 92.6, 193404, 1.07230301191474, 0.689660089245157, -0.267109768734684, 0, 0, 0.013599251825994, 0.29936057591801, -0.285761324092016, 92.1163636363636, 94.5086236559137, 93.0320309810671, 93.0320309810671
5/3/2017, 92.49, 92.52, 91.1, 91.34, 173296, 1.11485106150799, 0.0296734734099595, -0.803801017436732, 0, 0, -0.15176897954521, 0.209134664825366, -0.360903644370576, 91.5998181818182, 94.1617204301072, 92.9483333333333, 92.9483333333333
5/4/2017, 90.96, 91.4, 90.23, 91.34, 139016, 1.12315492840193, -0.0755745029454325, -0.732259294346082, 0, 0, -0.279601423160301, 0.111387447228233, -0.390988870388534, 91.2929090909091, 93.8062365591395, 92.8680656634746, 92.8680656634746
5/5/2017, 91.53, 91.95, 91.4, 91.92, 140778, 1.09344563318343, 0.0707566899399742, -0.712960038284832, 0, 0, -0.330300899802779, 0.0230497778220305, -0.35335067762481, 91.3278181818181, 93.5736559139782, 92.8175701684041, 92.8175701684041
5/8/2017, 91.95, 91.95, 90.88, 91.33, 106138, 1.1040627008881, -0.308904749022656, -0.908872570241392, 0, 0, -0.413324126234315, -0.0642250029892386, -0.349099123245076, 91.1085454545454, 93.2566881720427, 92.7424582027168, 92.7424582027168
5/9/2017, 91.27, 91.27, 90.5, 90.82, 176760, 1.1004442209701, -0.583294504510976, -1.15923830103944, 0, 0, -0.514344327840405, -0.154248867959472, -0.360095459880933, 90.9365454545453, 92.8170537634404, 92.647551072523, 92.647551072523
5/10/2017, 90.87, 91.96, 90.72, 91.64, 106138, 1.10372355893801, -0.265993215817322, -0.839192220726112, 0, 0, -0.522216630205975, -0.227842420408772, -0.294374209797202, 91.0545454545453, 92.5122580645157, 92.5926217228464, 92.5926217228464
5/11/2017, 91.24, 91.29, 90.34, 91.2, 158271, 1.12486804379414, -0.445410052191392, -0.858815563000235, 0, 0, -0.557532916900286, -0.293780519707075, -0.26375239719321, 91.044909090909, 92.1694408602147, 92.5206275946276, 92.5206275946276
5/12/2017, 91.36, 91.36, 90.6, 90.68, 331958, 1.11665821916987, -0.787887653734049, -0.884839524375064, 0, 0, -0.620330202294397, -0.35909045622454, -0.261239746069858, 90.7689090909089, 91.7738924731179, 92.4257362637363, 92.4289464882943
5/15/2017, 90.74, 91.63, 90.7, 90.9, 221038, 1.11051307974266, -0.72491437623518, -0.742137657334492, 0, 0, -0.644911207064212, -0.416254606392474, -0.228656600671738, 90.777818181818, 91.4478924731179, 92.3723345543346, 92.3501893408134
5/16/2017, 91.01, 91.01, 90.08, 90.22, 159237, 1.11447968301017, -1.21020497395539, -0.793917727643732, 0, 0, -0.711065427814759, -0.475216770676931, -0.235848657137828, 90.6227272727271, 91.0645161290319, 92.2970134310134, 92.2456531686113
5/17/2017, 90.12, 91.04, 90.12, 90.69, 139540, 1.10399094884903, -1.26061297488301, -0.606841156076449, 0, 0, -0.717299470535963, -0.523633310648737, -0.193666159887225, 90.507818181818, 90.7513333333329, 92.2482564102563, 92.1647256438969
5/18/2017, 90.58, 91.48, 90.19, 91.27, 149177, 1.11279601395379, -0.961994237506011, -0.17140810852159, 0, 0, -0.667741532832792, -0.552454955085548, -0.115286577747244, 90.6287272727271, 90.5314838709673, 92.2070525030524, 92.1108684210526
5/19/2017, 91.27, 92.32, 90.88, 91.82, 139259, 1.1292381570887, -0.699886715590327, 0.327750385863642, 0, 0, -0.577429854770955, -0.55744993502263, -0.0199799197483251, 91.0594545454544, 90.4248602150533, 92.1703028083028, 92.0816022336769
5/22/2017, 91.81, 92.47, 91.81, 92.01, 106264, 1.10642664063352, -1.08740864677249, 0.466926330323035, 0, 0, -0.484935749682379, -0.54294709795458, 0.058011348272201, 91.4432727272726, 90.353591397849, 92.1264835164835, 92.0611845150431
5/23/2017, 92.19, 92.59, 92.05, 92.2, 123635, 1.08039261870342, -1.11127495232091, 0.485266864284537, 0, 0, -0.391785829744819, -0.512714844312627, 0.120929014567808, 91.7536363636362, 90.3633763440855, 92.10157997558, 92.0492145949288
5/24/2017, 92.25, 92.95, 92.25, 92.83, 123085, 1.05980382928184, -0.801961906035319, 0.636725820232713, 0, 0, -0.264083917204047, -0.462988658890911, 0.198904741686864, 92.3703636363635, 90.5049247311824, 92.1014676434677, 92.0628242424242
5/25/2017, 93.06, 93.31, 92.64, 92.82, 115420, 1.04301346691038, -0.792173568196764, 0.19472170919131, 0, 0, -0.161820778692558, -0.402755082851241, 0.240934304158683, 92.8307272727271, 90.640903225806, 92.1158217338217, 92.0756554455445
5/26/2017, 92.76, 92.89, 91.8, 92.03, 117215, 1.05858833531121, -0.914560654249828, 0.0209353930609899, -0.199028891969081, 0, -0.142875917708452, -0.350779249822683, 0.207903332114231, 92.8258181818181, 90.6722580645157, 92.1012673992674, 92.0573034362259
5/30/2017, 92.01, 92.18, 91.42, 91.42, 151314, 1.05393557507937, -0.801522614130672, -0.0744008366676937, -0.509202789704364, 0, -0.175065830980628, -0.315636566054272, 0.140570735073644, 92.5805454545453, 90.7175698924727, 92.0390866910866, 92.0160822387207
5/31/2017, 91.54, 91.79, 91.14, 91.51, 548145, 1.03576932313483, -0.926363063478143, -0.00213896882871571, -0.529026195829368, 0, -0.191111309117176, -0.290731514666853, 0.0996202055496771, 92.2019999999999, 90.8164731182791, 91.9978144078144, 91.9797722180731
6/1/2017, 91.56, 92.03, 91.09, 91.93, 185292, 1.03061120659267, -0.487667196983211, 0.196740283012069, -0.477643366864137, 0, -0.168000372510562, -0.266185286235595, 0.0981849137250326, 91.9921818181817, 90.9812688172039, 91.9927814407814, 91.9606758241758
6/2/2017, 92.42, 92.92, 92.28, 92.78, 250801, 1.02346285633716, -0.0642327291450186, 0.437039187362546, -0.197004499229759, 0, -0.080172711379916, -0.228982771264459, 0.148810059884543, 92.1243636363636, 91.2731827956985, 92.0239072039071, 91.9742138364779
6/5/2017, 92.47, 92.73, 91.98, 92.53, 193579, 1.01814589452516, 0.170799545296096, 0.184443015363919, -0.0853695506191629, 0, -0.0303912365752126, -0.18926446432661, 0.158873227751397, 92.1978181818181, 91.524903225806, 92.030398046398, 91.978088520543
6/6/2017, 92.52, 92.59, 91.89, 92.08, 97647, 1.00997597349471, -0.224923109910001, 0.105303026555855, -0.0402012895033017, 0, -0.0269397536191178, -0.156799522185111, 0.129859768565994, 92.1150909090908, 91.6636129032253, 92.0141001221001, 91.9653271028037
6/7/2017, 92.12, 93, 92.11, 92.78, 97951, 1.00181782989247, 0.0779747287904669, 0.521757446614735, -0.00116809551338897, 0, 0.0319118612737697, -0.119057245493335, 0.150969106767105, 92.3083636363636, 91.9312258064512, 92.0079316239315, 91.9786204553176
6/8/2017, 92.83, 92.83, 91.84, 92.66, 173918, 1.00638058865262, 0.528873244505794, 0.373191455998713, 0.00355445996565659, 0, 0.0680843588534117, -0.0816289246239858, 0.149713283477397, 92.5545454545453, 92.1326236559136, 91.9819438339438, 91.9872226855712
6/9/2017, 92.66, 93.6, 92.32, 93.31, 223521, 1.01799018408878, 0.761689666806765, 0.45737763596876, 0.000583078085668108, 0, 0.147500596457377, -0.0358030204077133, 0.18330361686509, 93.0325454545453, 92.3977419354835, 92.0014139194139, 92.0189434889434
6/12/2017, 93.26, 94.27, 93.26, 94.21, 198344, 1.01145558723552, 0.853069562935346, 0.629312891218973, 0.105831906395163, 0, 0.279835248751553, 0.02732463342414, 0.252510615327413, 93.6367272727272, 92.7131827956985, 92.0318241758242, 92.0817422779922
6/13/2017, 94.2, 94.6, 93.79, 94.42, 123443, 1.00163915833282, 1.18714181151079, 0.553544634911352, 0.298336922899862, 0, 0.397079375207085, 0.101275581780729, 0.295803793426356, 94.0725454545454, 93.0855913978491, 92.094105006105, 92.1500647914032
6/14/2017, 95.01, 95.23, 94.3, 94.61, 114354, 0.998795379593022, 1.50202372808223, 0.525567543661688, 0.214355038197845, 0, 0.499568883111479, 0.180934242046879, 0.3186346410646, 94.4283636363636, 93.4613333333329, 92.1729377289378, 92.2229902189101
6/15/2017, 94.17, 95.35, 93.82, 95.15, 159474, 1.02386998759991, 1.4177145504732, 0.67116855725855, 0.181998544240849, 0, 0.617250761006829, 0.268197545838869, 0.34905321516796, 94.8856363636363, 93.8086236559136, 92.2713601953602, 92.3124546147979
6/16/2017, 94.22, 94.57, 93.64, 94.11, 251323, 1.06365070506986, 1.10470695871091, 0.37630256921874, 0.0369955315981439, 0, 0.619454502822194, 0.338448937235534, 0.28100556558666, 94.978, 93.9993763440856, 92.3129352869353, 92.3635667166417
6/19/2017, 94.1, 94.1, 93.65, 94.05, 93179, 1.03556788369397, 1.31739281171592, 0.238412190196187, 0.131895401576341, 0, 0.609335445807744, 0.392626238949976, 0.216709206857768, 94.9270909090909, 94.2033118279566, 92.3680586080586, 92.4111538461539
6/20/2017, 94.07, 94.31, 93.08, 93.81, 214135, 1.05186442264521, 1.12945024231609, 0.171081663576654, 0.1209765588847, 0, 0.575318116855598, 0.429164614531101, 0.146153502324498, 94.6203636363637, 94.3237204301071, 92.4161514041514, 92.4492713313053
6/21/2017, 93.87, 94.03, 93.13, 93.7, 171539, 1.04846991903874, 1.41823674178282, -0.0338997736955695, 0.259451036406805, 0, 0.533335102812131, 0.449998712187307, 0.0833363906248246, 94.3212727272728, 94.3801720430104, 92.4736556776557, 92.4826249821963
6/22/2017, 93.56, 93.94, 93.2, 93.73, 139827, 1.03520270823891, 1.24814040125642, -0.176568056500971, 0.370564762013049, 0, 0.49675769747536, 0.459350509244917, 0.0374071882304424, 93.9583636363637, 94.4765161290319, 92.5332551892552, 92.516037815126
6/23/2017, 93.7, 94.56, 93.49, 94.09, 390401, 1.03654025242929, 1.16868281746947, -0.0319062372069994, 0.298750109942665, 0, 0.491157078508095, 0.465711823097553, 0.0254452554105424, 93.7914545454547, 94.5757204301071, 92.5982637362638, 92.5603691460056
6/26/2017, 94.37, 94.98, 94.33, 94.5, 107985, 1.02753088606898, 1.11612408321754, 0.119003977964485, 0.58256220956391, 0, 0.513878450217391, 0.475345148521521, 0.03853330169587, 93.9036363636365, 94.6736344086017, 92.6724810744811, 92.6168473106626
6/27/2017, 94.23, 94.7, 93.84, 93.85, 148748, 1.02873292804307, 0.74095518285821, -0.333109241139623, 0.28830755180091, 0, 0.47397207819229, 0.475070534455674, -0.00109845626338462, 93.8174545454546, 94.6790967741932, 92.7305567765567, 92.6506957217113
6/28/2017, 94.01, 94.46, 93.85, 94, 497180, 1.00818357480851, 0.724290023888791, -0.360351997272219, 0.239128286751812, 0, 0.4492708228656, 0.46991059213766, -0.0206397692720596, 93.8521818181819, 94.6392258064512, 92.8014871794872, 92.6884329923944
6/29/2017, 93.49, 93.75, 93.02, 93.16, 364277, 1.01900808534135, 0.140407332421085, -0.512108498073523, 0.11765294866874, 0, 0.357789545069849, 0.447486382724098, -0.0896968376542484, 93.7380000000002, 94.4997204301072, 92.8623223443223, 92.6983651612903
6/30/2017, 93.43, 93.81, 92.82, 92.98, 94113, 1.02316899945021, 0.0752500828405784, -0.546855729166827, 0.160239653082232, 0, 0.2676798311835, 0.411525072415978, -0.143845241232478, 93.462181818182, 94.3601075268813, 92.9091843711844, 92.7023504761905
7/3/2017, 93.52, 94.57, 93.21, 94.43, 219773, 1.04127439257054, 0.856997436856957, -0.0899612177959706, 0.264679559337581, 0, 0.309700085760483, 0.391160075084879, -0.0814599893243964, 93.7369090909093, 94.4301075268814, 93.0323174603175, 92.7517335333084
7/5/2017, 94.36, 94.38, 92.8, 93, 117657, 1.09205552522489, 0.525259706658704, -0.17033976753474, 0.0014636347034783, 0, 0.225018517856284, 0.35793176363916, -0.132913245782876, 93.4489090909093, 94.3144946236555, 93.1007057387057, 92.7552743602362
7/6/2017, 92.73, 92.73, 91.03, 91.18, 183916, 1.16618891921056, -0.0727019486793156, -0.637156451334898, -0.382531409508341, 0, 0.0109230613175981, 0.288530023174848, -0.27760696185725, 92.5543636363638, 93.9742365591394, 93.1050280830281, 92.7025218023256
7/7/2017, 91.26, 91.86, 91.1, 91.63, 124374, 1.14390974976468, -0.063798536777613, -0.35180259237317, -0.31517212034523, 0, -0.121042587666466, 0.206615501006585, -0.327658088673051, 91.9587272727275, 93.7396559139781, 93.1198461538462, 92.6649970184855
7/10/2017, 91.72, 91.86, 90.64, 90.69, 130878, 1.1652401351019, -0.561622717841504, -0.474141148124042, -0.387546125075547, 0, -0.298040830173463, 0.105684234770575, -0.403725064944038, 91.2249090909093, 93.3928817204297, 93.0885347985347, 92.5999001761597
7/11/2017, 90.73, 90.81, 89.91, 90.55, 103488, 1.15838593550272, -0.532753551392111, -0.313174522613658, -0.35353106228352, 0, -0.444486281366423, -0.00434986845682421, -0.440136412909599, 90.7101818181821, 92.9894193548383, 93.0453772893773, 92.5323213046496
7/12/2017, 91.18, 92.09, 91.18, 91.53, 122017, 1.17280950657471, -0.127516151379355, -0.236649586502386, -0.288832106547569, 0, -0.475980737071836, -0.0986760421798266, -0.37730469489201, 90.6194545454548, 92.6791827956985, 93.0382442002442, 92.4959033948508
7/13/2017, 91.63, 92, 91.21, 91.76, 110465, 1.15442340268029, -0.257431184221962, -0.154762925027013, -0.297202986239316, 0, -0.476884020179241, -0.17431763777971, -0.302566382399532, 90.7647272727276, 92.4034193548384, 93.0335262515263, 92.4672999663338
7/14/2017, 92.22, 92.77, 92.22, 92.58, 88921, 1.14153593495838, -0.000648917972742838, 0.297214702865085, -0.35460079141019, 0, -0.406744039477857, -0.220802918119339, -0.185941121358518, 91.1474545454549, 92.258086021505, 93.0578559218559, 92.4636683250415
7/17/2017, 92.68, 93.57, 92.5, 93.39, 91732, 1.13233994020264, 0.0414575582829777, 0.46732964711943, -0.177315874722135, 0, -0.282540418820332, -0.233150418259538, -0.0493900005607944, 91.8056363636367, 92.2679999999996, 93.0852503052503, 92.4838910675381
7/18/2017, 93.48, 93.65, 92.97, 93.23, 90099, 1.11403803137132, -0.241027611899745, 0.308642121383722, -0.280280005695808, 0, -0.194773588745988, -0.225475052356828, 0.0307014636108394, 92.6761818181822, 92.2370107526878, 93.0694017094016, 92.4989684413912
7/19/2017, 93.32, 93.94, 93.15, 93.9, 131482, 1.09285066433984, -0.115445177575136, 0.581503487612762, -0.224838477429957, 0, -0.070343467306003, -0.194448735346663, 0.12410526804066, 93.5576363636367, 92.2565161290319, 93.0724322344321, 92.5330371310695
7/20/2017, 94.08, 94.08, 93.38, 93.43, 102397, 1.0808920423037, -0.286645989196475, 0.593920953860512, -0.386945120804097, 0, -0.00954672296064984, -0.15746833286946, 0.147921609908811, 93.8636363636368, 92.2513118279567, 93.0546300366299, 92.5527953289543
7/21/2017, 93.45, 93.53, 92.86, 93.31, 137591, 1.06406983535327, -0.463294589364547, 0.39243371676103, -0.32066170231486, 0, 0.028622198939118, -0.120250226507745, 0.148872425446863, 94.095454545455, 92.2186881720428, 93.0286080586079, 92.5686649537513
7/24/2017, 93.26, 93.39, 92.76, 93.13, 122206, 1.04664381531164, -0.248506840072799, 0.452970575888917, -0.294824553721291, 0, 0.0438414716646776, -0.0874318868732602, 0.131273358537938, 93.985454545455, 92.2023655913976, 93.0349206349205, 92.5790729483283
7/25/2017, 93.16, 93.49, 92.65, 93.31, 163754, 1.03740479684893, -0.182366865478712, 0.613879119270416, -0.206182775580078, 0, 0.0696247597355466, -0.0560205575514989, 0.125645317287045, 93.776545454546, 92.2700430107524, 93.0455018315018, 92.5942962740985
7/26/2017, 93.31, 94.3, 93.08, 93.98, 130577, 1.04341593439322, 0.0655096276382448, 0.705980627611997, -0.0358385726480185, 0, 0.142479190449336, -0.0163206079513319, 0.158799798400668, 93.844545454546, 92.4425376344084, 93.0790989010988, 92.6278410322073
7/27/2017, 93.62, 94.52, 93.13, 94.14, 134693, 1.06338663733335, 0.137904838908184, 0.906593406624497, 0.0548057725717576, 0, 0.210698710917995, 0.0290832558225336, 0.181615455095462, 93.8801818181824, 92.6508387096772, 93.1138632478632, 92.6650174825176
7/28/2017, 93.96, 94.44, 93.7, 93.89, 147589, 1.05231501902901, 0.0628036151455353, 0.74469490461778, 0.0746498199857102, 0, 0.241802908311769, 0.0716271863203806, 0.170175721991388, 93.8636363636369, 92.866451612903, 93.1280610500609, 92.6944406130269
7/31/2017, 94, 94, 93.11, 93.79, 186146, 1.04821158204288, -0.0607021121253336, 0.593599745554795, 0.294381739759716, 0, 0.255439497058305, 0.108389648467965, 0.147049848590339, 93.9030909090914, 93.0081720430105, 93.1332869352868, 92.72044307983
8/1/2017, 94.22, 94.71, 93.49, 94.27, 164565, 1.05543837982191, -0.0414234039184146, 0.575756112905692, 0.642458078421332, 0, 0.301503040981572, 0.147012326970687, 0.154490714010885, 94.0545454545459, 93.2088602150535, 93.1744346764345, 92.7588565837294
8/2/2017, 94.09, 94.09, 93.12, 93.37, 71172, 1.07391418295513, -0.1071434522597, 0.325531037320732, 0.556550270175497, 0, 0.262361908260701, 0.17008224322869, 0.0922796650320111, 93.9723636363641, 93.2779354838707, 93.1713870573868, 92.7721327449899
8/3/2017, 93.36, 93.77, 92.84, 93.16, 157606, 1.07243236259548, -0.202653746428043, 0.236852798273291, 0.504171194832136, 0, 0.211953762587527, 0.178456547100457, 0.0334972154870697, 93.752545454546, 93.3158709677416, 93.1377509157507, 92.7794893887176
8/4/2017, 93.05, 93.66, 93.05, 93.47, 80658, 1.04806257574008, 0.104014638356317, 0.16617504445955, 0.55850993149307, 0, 0.194774118398144, 0.181720061359994, 0.0130540570381492, 93.630545454546, 93.3986236559137, 93.1261880341878, 92.794923489933
8/7/2017, 93.5, 93.67, 93.12, 93.51, 92164, 1.02464216133787, 0.164100183145162, 0.177239252959468, 0.261078819298043, 0, 0.182285518325003, 0.181833152752996, 0.000452365572006702, 93.4776363636369, 93.5121290322578, 93.1214505494504, 92.8110657836645
8/8/2017, 93.37, 93.54, 92.85, 93.11, 62818, 1.01464476513123, -0.369066467260364, 0.267896336880203, 0.215411595281464, 0, 0.138514842845183, 0.173169490771433, -0.0346546479262506, 93.2018181818186, 93.6059569892471, 93.1013846153844, 92.8163541303591
8/9/2017, 93.21, 93.21, 92.56, 92.73, 70592, 1.00291055081743, -0.0703294874807519, 0.323178527891695, 0.1919858916394, 0, 0.0723296715394071, 0.153001526925028, -0.0806718553856211, 92.9396363636368, 93.6172043010751, 93.0752747252745, 92.8116279669764
8/10/2017, 92.55, 92.71, 92.12, 92.14, 438080, 0.991967664515251, 0.39195814271302, 0.167032174825981, 0.123962704009975, 0, -0.0274146042305432, 0.116918300693914, -0.144332904924457, 92.5738181818186, 93.5708172043009, 93.0297118437117, 92.7917426364485
8/11/2017, 92.1, 92.1, 91.04, 91.47, 155136, 1.00940095745068, -0.0476182059899767, -0.079599860119168, 0.069655189970083, 0, -0.158696705141693, 0.0617952995267924, -0.220492004668486, 92.0356363636368, 93.3954193548385, 92.9536288156286, 92.7550800167574
8/14/2017, 91.75, 93.12, 91.57, 92.99, 85382, 1.0319755919896, 0.830158449519838, 0.0701338326452136, 0.337990257344667, 0, -0.138490981295533, 0.0217380433623274, -0.16022902465786, 92.1345454545458, 93.4117849462364, 92.9474163614161, 92.7580967741936
8/15/2017, 92.78, 92.87, 92.14, 92.65, 94067, 1.02984608509614, 0.755443850105565, 0.0509345488567406, 0.157976498180931, 0, -0.148204548295894, -0.0122504749693169, -0.135954073326577, 92.2556363636367, 93.4816129032256, 92.9376336996334, 92.7524211987588
8/16/2017, 92.76, 93.3, 92.45, 92.81, 93440, 1.02245962498598, 0.488214279973249, 0.182704736478103, 0.207305850318225, 0, -0.141362419326981, -0.0380728638408497, -0.103289555486131, 92.340363636364, 93.4878924731181, 92.9361001220999, 92.7509183262114
8/17/2017, 92.68, 93.07, 92.27, 92.28, 75940, 1.0202617458301, 0.203979463797624, -0.0834228252526115, 0.273277628082513, 0, -0.176670011509998, -0.0657922933746794, -0.110877718135319, 92.2305454545458, 93.3068172043009, 92.9281221001219, 92.7361667064724
8/18/2017, 92.19, 92.23, 91.04, 91.37, 95859, 1.0467578659291, -0.422005837795159, -0.250633595790282, 0.0446258578155485, 0, -0.274911914086317, -0.107616217517007, -0.16729569656931, 91.916363636364, 93.0331827956988, 92.8951306471304, 92.6990683962264
8/21/2017, 91.44, 92.46, 91.27, 92.28, 72051, 1.0490913838258, -0.376869092940081, -0.190758369064407, 0.144365810983507, 0, -0.276156573779048, -0.141324288769415, -0.134832285009633, 92.0390909090912, 92.8140215053762, 92.8991282051279, 92.685323757764
8/22/2017, 92.4, 92.59, 91.74, 91.96, 84805, 1.04632063130135, -0.432704204206928, -0.454257343879006, 0.0660163297046755, 0, -0.299511716572155, -0.172961774329963, -0.126549942242192, 92.038363636364, 92.5346666666665, 92.8859584859583, 92.6640096618357
8/23/2017, 91.95, 93.06, 91.81, 92.88, 114118, 1.05144985994562, -0.331720832072598, -0.294200532699153, 0.130074748627273, 0, -0.241006353044568, -0.186570690072884, -0.0544356629716841, 92.3421818181821, 92.4282795698924, 92.9405714285712, 92.6656706809059
8/24/2017, 93.08, 93.64, 92.51, 92.54, 116008, 1.06360200823602, -0.290505125442102, -0.404175958912625, 0.027199024369485, 0, -0.219544813493968, -0.193165514757101, -0.0263792987368672, 92.402363636364, 92.2853763440858, 92.9878510378508, 92.6590401017507
8/25/2017, 92.89, 93.35, 92.48, 93.02, 192363, 1.05197208503605, -0.0823355645217259, -0.414776243240406, 0.115285887162332, 0, -0.161937683492852, -0.186919948504251, 0.0249822650113995, 92.4725454545458, 92.253010752688, 93.0538583638581, 92.6641618625278
8/28/2017, 93.1, 93.18, 91.95, 92.2, 113652, 1.07496443798862, -0.28947968759538, -0.376487294529603, -0.0344417436063626, 0, -0.180371553908017, -0.185610269585004, 0.00523871567698708, 92.4789090909095, 92.1677634408601, 93.0848253968251, 92.6494874041622
8/29/2017, 92.17, 92.56, 92.01, 92.05, 79226, 1.0527554060122, -0.398775654990051, -0.395776701548668, -0.141417106850884, 0, -0.204724340655972, -0.189433083799198, -0.0152912568567737, 92.4085454545459, 92.0604946236557, 93.1032771672769, 92.6315489502922
8/30/2017, 91.76, 92.62, 91.57, 92.62, 70474, 1.05064595516359, -0.431839048649439, -0.222763489385442, -0.0561257470861328, 0, -0.176001032943901, -0.186746673628139, 0.0107456406842373, 92.5998181818185, 92.0778279569891, 93.1249694749692, 92.6275256629598
8/31/2017, 92.87, 93.35, 92.74, 93.05, 98433, 1.03272742556571, -0.338004689751927, -0.109114916398265, -0.105073822958033, 0, -0.117189312851053, -0.172835201472721, 0.0556458886216682, 92.8440000000004, 92.1266451612901, 93.1759145299143, 92.6337440123979
9/1/2017, 93.12, 93.82, 93, 93.45, 89026, 1.02076535689079, -0.125426373201524, -0.0318825320163633, -0.137848310398933, 0, -0.0378674317201728, -0.145841647522212, 0.107974215802039, 93.002363636364, 92.2206666666665, 93.225023199023, 92.6492293769579
9/5/2017, 93.55, 93.84, 92.61, 93.11, 226424, 1.03931904705588, -0.202174322787382, -0.176443628410896, -0.155571772362684, 0, -0.00241162819347096, -0.117155643656464, 0.114744015462993, 93.1118181818185, 92.2586451612901, 93.2514334554332, 92.6564788441693
9/6/2017, 93.35, 94, 93.35, 93.49, 102023, 1.03093856720295, -0.234420212985665, -0.181866822352392, -0.0621856196175057, 0, 0.0557080085091428, -0.0825829132233423, 0.138290921732485, 93.2432727272731, 92.3569677419353, 93.2737216117214, 92.6724024207807
9/7/2017, 93.57, 94.26, 93.52, 94.06, 100140, 1.01438788342987, 0.244233016717383, 0.0691192447941986, -0.157833550066156, 0, 0.146078572780326, -0.0368506160226087, 0.182929188802934, 93.6721818181822, 92.5711182795698, 93.3345665445663, 92.7011547250975
9/8/2017, 93.91, 94.56, 93.81, 94.21, 51010, 1.00193883982213, 0.364285180343575, 0.0690502799278403, -0.174910417140243, 0, 0.227182820311526, 0.0159560712442183, 0.211226749067308, 94.0205454545458, 92.8144516129031, 93.3976752136751, 92.7327765596971
9/11/2017, 94.36, 95.05, 94.32, 94.95, 80405, 0.988657453340294, 0.494168383133378, 0.396177814319572, -0.0257766659360612, 0, 0.347168395211327, 0.08219853603764, 0.264969859173687, 94.6294545454549, 93.1345591397848, 93.463951159951, 92.7806403940887
9/12/2017, 94.88, 95.09, 93.47, 93.79, 393066, 1.03720411488355, 0.102462184451628, 0.190612450852188, -0.198075587347449, 0, 0.344682239987975, 0.134695276827707, 0.209986963160268, 94.568363636364, 93.2939784946235, 93.4768766788765, 92.8012720779221
9/13/2017, 93.74, 93.88, 93.38, 93.72, 72920, 1.01275507082994, 0.204292814313557, -0.124140756917951, -0.152382878676551, 0, 0.333222349257568, 0.174400691313679, 0.158821657943889, 94.366363636364, 93.4765161290321, 93.4978363858362, 92.8199248844377
9/14/2017, 93.74, 94.76, 93.44, 94.69, 86274, 1.02196256179399, 0.599298458878924, 0.390647050818169, 0.164989871198241, 0, 0.397825314078389, 0.219085615866621, 0.178739698211768, 94.5223636363639, 93.7256774193547, 93.5467667887665, 92.8599530248207
9/15/2017, 93.93, 94.16, 93.29, 94.02, 108804, 1.0522351970587, 0.577087047210906, 0.696128193755584, -0.00627447286623842, 0, 0.390459257296101, 0.253360344152517, 0.137098913143584, 94.4200000000002, 93.8673118279569, 93.5526153846151, 92.8842740568703
9/18/2017, 93.95, 94.15, 93.15, 93.56, 70644, 1.05797985855158, 0.651215218476299, 0.479266924081189, 0.0639073509094316, 0, 0.343543295346478, 0.271396934391309, 0.072146360955169, 94.1858181818185, 93.965698924731, 93.5542344322341, 92.8979329608939
9/19/2017, 93.6, 93.6, 92.77, 92.84, 155919, 1.05757610714974, -0.0327493347895517, 0.541702198022207, 0.00563868307593885, 0, 0.245434854555768, 0.266204518424201, -0.0207696638684332, 93.6289090909093, 93.9748172043009, 93.5131965811963, 92.8954640883978
9/20/2017, 93, 93.16, 92.24, 92.68, 170163, 1.0560649276909, 0.0262494136184001, 0.537621442203798, 0.128494780253531, 0, 0.153008755878673, 0.243565365915096, -0.0905566100364223, 93.1074545454548, 93.9412903225806, 93.4524078144075, 92.8895391900917
9/21/2017, 92.49, 93.23, 92.46, 92.46, 66904, 1.04728847743319, -0.0991489612286219, 0.251730524273184, -0.0131572305074273, 0, 0.0613015987284768, 0.207112612477772, -0.145811013749295, 92.6681818181821, 93.8572903225806, 93.3854261294259, 92.8789353269681
9/22/2017, 92.52, 92.79, 91.78, 91.86, 178707, 1.05639753965055, -0.122426770460248, 0.0466985305055626, -0.085449395104387, 0, -0.0591105796510618, 0.153867974052005, -0.212978553703067, 92.1389090909095, 93.6595698924731, 93.2759633699631, 92.8555286291281
9/25/2017, 91.96, 92.83, 91.96, 92.57, 65341, 1.04827313484589, 0.421784043609805, 0.0196310945901738, 0.234711296380266, 0, -0.0961388039694953, 0.103866618447705, -0.2000054224172, 92.1310909090913, 93.5090752688172, 93.2067789987787, 92.8478777908343
9/26/2017, 92.66, 93.02, 92.52, 92.78, 112847, 1.02055089338273, 0.191018576722431, -0.129363360180098, 0.26874906401986, 0, -0.107301785370339, 0.0616329376840962, -0.168934723054435, 92.0936363636368, 93.4794623655914, 93.1582857142854, 92.8448788142982
9/27/2017, 92.5, 92.56, 91.58, 91.89, 91875, 1.04420912279516, -0.00770613093276156, -0.304092984812013, 0.0285478581538626, 0, -0.185822049597533, 0.0121419402277703, -0.197963989825303, 91.7898181818187, 93.3156129032258, 93.0820048840046, 92.822953826692
9/28/2017, 91.73, 92.55, 91.72, 92.5, 70726, 1.0303217024753, -0.115909313716483, -0.317082931807168, 0.223901890907342, 0, -0.196562176275847, -0.0295988830729532, -0.166963293202894, 91.9905454545459, 93.2447311827956, 93.0365592185589, 92.814385026738
9/29/2017, 92.37, 92.72, 92.02, 92.51, 111825, 1.01653355966941, 0.00502721609602883, -0.202778797410363, 0.310223136806641, 0, -0.201939059841166, -0.0640669184265958, -0.13787214141457, 92.1801818181823, 93.1417849462365, 92.9954139194137, 92.8061904761905
10/2/2017, 92.62, 92.7, 92.18, 92.28, 213268, 0.996288942617752, -0.245740844478594, -0.229837851784004, 0.138420250163589, 0, -0.222197996425507, -0.095693134026378, -0.126504862399129, 92.2807272727278, 92.9475053763441, 92.9579877899876, 92.7933221943749
10/3/2017, 92.34, 92.36, 92, 92.25, 260626, 0.966294487192713, 0.0331607769459164, -0.193591547796267, 0.206764613868927, 0, -0.237931374132017, -0.124140782047506, -0.113790592084512, 92.2967272727278, 92.8042150537634, 92.9194310134308, 92.7800677872693
10/4/2017, 92.29, 92.8, 91.97, 92.8, 110201, 0.957258977600769, 0.286916416834838, -0.101234468951339, 0.383919803813455, 0, -0.203671982031636, -0.140047022044332, -0.0636249599873044, 92.5029090909097, 92.7095698924731, 92.8877777777776, 92.7784882198953
10/5/2017, 92.9, 93.55, 92.9, 93.17, 94214, 0.946033610231661, 0.215589259513668, -0.17476823832589, 0.407191938527684, 0, -0.144993860220438, -0.141036389679553, -0.00395747054088505, 92.7863636363642, 92.7177849462365, 92.8581782661781, 92.7845908894646
10/6/2017, 92.84, 92.95, 92.11, 92.93, 133843, 0.958085159711822, -0.029466667335351, -0.27187468639524, 0.484513175586915, 0, -0.116513920223397, -0.136131895788322, 0.0196179755649248, 92.8281818181825, 92.6710107526881, 92.8188058608057, 92.7856530099888
10/9/2017, 92.97, 93.3, 92.93, 93.12, 60710, 0.928190627120045, -0.107438936541368, -0.165139548194, 0.437285520842381, 0, -0.0777160878015195, -0.124448734190962, 0.0467326463894421, 93.0192727272734, 92.6778279569892, 92.7960317460316, 92.7905884218874
10/10/2017, 93.35, 93.95, 93.06, 93.36, 131189, 0.927179259185387, 0.107273143881137, -0.0822335845028485, 0.380310143263469, 0, -0.0272879730800923, -0.105016581968788, 0.0777286088886954, 93.3052727272734, 92.6597849462365, 92.8017655677654, 92.800326007326
10/11/2017, 93.42, 93.93, 93.11, 93.72, 126260, 0.921184196069893, 0.0995835866494964, -0.111191147879063, 0.347823735248186, 0, 0.0412501563806273, -0.0757632342989047, 0.117013390679532, 93.5060000000007, 92.669935483871, 92.8172551892551, 92.8171863669326
10/12/2017, 93.57, 94.22, 93.25, 94.2, 87495, 0.92215195024296, 0.0662213239966266, 0.226527030507611, 0.393857237109422, 0, 0.13276863209623, -0.0340568610198778, 0.166825493116108, 93.8947272727279, 92.7682150537634, 92.8428547008546, 92.8434256268266
10/13/2017, 94.57, 94.82, 94.08, 94.52, 91492, 0.912223635497699, 0.128405295990976, 0.356925705932349, 0.413992059955032, 0, 0.228485174242692, 0.0184515460326362, 0.210033628210056, 94.3032727272734, 92.9255698924731, 92.8964444444443, 92.8756235724075
10/16/2017, 94.53, 94.67, 93.95, 93.99, 92213, 0.909801139758276, -0.345679833383545, 0.149257263867351, 0.223364254428284, 0, 0.258593745163779, 0.0664799858588648, 0.192113759304914, 94.3730909090916, 93.0328602150538, 92.9229255189254, 92.896688442211
10/17/2017, 93.9, 94.16, 93.72, 94.07, 80470, 0.886962885825304, 0.129504878540829, 0.158966905501024, 0.23808360607087, 0, 0.285617910470464, 0.110307570781185, 0.175310339689279, 94.3712727272734, 93.1241505376344, 92.9663736263735, 92.9189776119403
10/18/2017, 93.96, 94.25, 93.79, 93.86, 69641, 0.869004567825559, 0.0710572397556509, 0.206735856670153, 0.337328700937375, 0.0590137771948158, 0.286783647842128, 0.145602786193373, 0.141180861648755, 94.3076363636371, 93.207935483871, 93.0200854700853, 92.9367351362002
10/19/2017, 93.87, 93.99, 93.19, 93.59, 126760, 0.87067560956621, -0.485018998325021, 0.235076487089949, 0.397231215227558, -0.0698465895389244, 0.262890323585268, 0.169060293671752, 0.0938300299135154, 94.1669090909099, 93.2930752688172, 93.066918192918, 92.9488816270789
10/20/2017, 93.55, 93.55, 92.7, 93.01, 282425, 0.880144111217466, -0.452135376128898, 0.239036007116256, 0.284088260603451, -0.133722707029802, 0.194906775251994, 0.1742295899878, 0.0206771852641933, 93.7549090909099, 93.3176559139785, 93.0932283272282, 92.9494769631991
10/23/2017, 93.16, 93.25, 92.71, 92.87, 92838, 0.866470265910625, -0.312249539879037, 0.377910400367361, 0.190098330271364, -0.153724605789565, 0.128254060458104, 0.165034484081861, -0.0367804236237569, 93.3281818181826, 93.3815483870967, 93.1265909645908, 92.9473385939742
10/24/2017, 92.67, 92.9, 91.83, 92.13, 83844, 0.887828491429109, -0.322901879988799, -0.211807478052229, -0.0771925982856067, -0.138900302500487, 0.0155403487482744, 0.135135657015144, -0.11959530826687, 92.7074545454554, 93.2876344086021, 93.1061660561659, 92.9309040966138
10/25/2017, 91.92, 92.21, 91.3, 91.97, 114677, 0.894377046532517, -0.323468784444199, -0.164402951769641, -0.0623243466708969, -0.0741228803767676, -0.0857087455970174, 0.0909667764927116, -0.176675522089729, 92.1705454545463, 93.1794623655914, 93.0788644688643, 92.9116645560715
10/26/2017, 92.2, 92.2, 90.87, 91.29, 114315, 0.928831899672645, -0.520367224278741, -0.386979163008652, -0.101328223315205, -0.0700698922825981, -0.218303235518874, 0.0291127740903944, -0.247416009609269, 91.5901818181827, 93.0609677419355, 93.0180293040291, 92.8797050353028
10/27/2017, 91.15, 91.89, 90.58, 91.64, 196169, 0.950495535956569, -0.0904379090075731, -0.152185387839618, -0.160600326915858, -0.0787319973398548, -0.291779793314987, -0.0350657393906819, -0.256714053924305, 91.3534545454554, 92.9641505376343, 92.9718949938948, 92.854965034965
10/30/2017, 91.46, 91.84, 91.28, 91.44, 115427, 0.935566933172649, -0.543621625347359, 0.0391407441051609, -0.17439712830219, -0.0830410191135225, -0.361976187106052, -0.100447828933756, -0.261528358172296, 91.0987272727281, 92.8266451612902, 92.9191941391939, 92.8268393711551
10/31/2017, 91.45, 91.52, 90.65, 91.47, 142707, 0.936053660772293, -0.63587778550205, -0.213531931430397, -0.280332268804641, -0.135680921172239, -0.410455114582192, -0.162449286063443, -0.248005828518749, 91.0094545454554, 92.6586236559139, 92.8774822954821, 92.7997503949447
11/1/2017, 91.65, 92.16, 91.5, 92.05, 89071, 0.921127506065177, 0.0935321132938955, 0.0447008430255885, -0.334374379381417, -0.105947000266078, -0.397491822837495, -0.209457793418253, -0.188034029419241, 91.2203636363645, 92.5623655913977, 92.8721538461536, 92.7840293302334
11/2/2017, 92.1, 93.06, 92.1, 92.58, 147039, 0.924608960754316, 0.0521385177357565, -0.067733334057899, -0.277655179432925, 0.0188056543255782, -0.340526374059294, -0.235671509546462, -0.104854864512833, 91.6590909090918, 92.5227526881719, 92.8773431013429, 92.7784998671272
11/3/2017, 92.16, 92.67, 91.65, 92.31, 88136, 0.936196324421004, -0.0931494423998492, -0.0479261284970617, -0.355059145127121, -0.0628177941917602, -0.313553143545789, -0.251247836346327, -0.0623053071994621, 91.9436363636372, 92.4081075268816, 92.8749938949937, 92.7680299240928
11/6/2017, 92.44, 93.18, 92.44, 92.94, 72740, 0.9301621322567, 0.338023513910913, -0.00404919335607233, -0.336891789670208, -0.071238706568037, -0.238590605182836, -0.248716390113629, 0.0101257849307931, 92.4560000000008, 92.4178279569892, 92.8827545787543, 92.7694279504456
11/7/2017, 92.99, 94.05, 92.99, 93.8, 168742, 0.93472073713583, 0.721844273237898, 0.476035174896766, -0.0202079173990649, 0.00930851038352451, -0.108536301847963, -0.220680372460496, 0.112144070612533, 93.1136363636372, 92.5482795698924, 92.9242686202684, 92.7866963824289
11/8/2017, 93.75, 94.25, 93.74, 94.21, 121845, 0.911187399280053, 0.662770023611184, 0.632848720769504, 0.0585459429009179, 0.0962189176570603, 0.0273015289910177, -0.171083992170193, 0.198385521161211, 93.7898181818191, 92.6648387096773, 93.0153260073258, 92.8112305854241
11/9/2017, 93.91, 95.02, 93.91, 94.47, 283721, 0.921994460059967, 0.613708506068359, 0.547344473626294, 0.142008575878069, 0.131140357782614, 0.154156792138465, -0.106035835308461, 0.260192627446927, 94.2976363636373, 92.8400860215053, 93.0861318681317, 92.8401344438337
11/10/2017, 94.2, 94.97, 93.94, 94.71, 169284, 0.928051692638284, 0.841592349090387, 0.493546687543307, 0.200249423222544, 0.230449841001133, 0.270933345406277, -0.0306419991655136, 0.301575344571791, 94.78490909091, 93.0337419354838, 93.1259072039071, 92.8729533743873
11/13/2017, 94.84, 95.3, 94.6, 95.15, 107357, 0.914356143134874, 0.943588920827542, 0.502349367666483, 0.267519654290388, 0.319916722351207, 0.394437102577271, 0.0543738211830433, 0.340063281394228, 95.2167272727282, 93.2536989247311, 93.1923296703296, 92.9132349522623
11/14/2017, 94.98, 95.18, 94.84, 94.96, 119568, 0.88827861908508, 0.742876346368484, 0.548465070329427, 0.176260832261033, 0.238406491908416, 0.471547600616347, 0.137808577069704, 0.333739023546643, 95.3865454545463, 93.4290322580644, 93.2269792429791, 92.9494500205677
11/15/2017, 94.84, 94.88, 94.02, 94.05, 69286, 0.902003091811836, 0.152739164655308, 0.175345910663992, -0.0420026042510773, 0.270291346806461, 0.453995454058742, 0.201045952467512, 0.25294950159123, 95.1676363636373, 93.5080860215052, 93.2156117216116, 92.9687367005014
11/16/2017, 93.69, 95.04, 93.69, 94.89, 138598, 0.920452326332154, 0.292860415090939, 0.246003155832506, 0.202976819450597, 0.245333201001853, 0.502078581923186, 0.261252478358647, 0.24082610356454, 95.235818181819, 93.7103225806451, 93.2601758241758, 93.0027552215893
11/17/2017, 94.68, 95.04, 94.36, 94.54, 124727, 0.913630581588483, 0.021167471723844, 0.109289844627086, 0.120931482942683, 0.179490268504417, 0.506108627037236, 0.310223708094364, 0.195884918942871, 95.0030909090918, 93.8410537634408, 93.2920903540902, 93.0300072069186
11/20/2017, 94.5, 94.59, 94.02, 94.17, 90192, 0.90162369570146, 0.0869250496709457, -0.196047899164509, 0.200170305613676, 0.158914593257071, 0.473982780593403, 0.342975522594172, 0.131007257999231, 94.6469090909099, 93.9271182795698, 93.324017094017, 93.0502726190476
11/21/2017, 94.42, 94.9, 94.31, 94.8, 97749, 0.889352407732027, 0.303445021395994, 0.308639137082937, 0.333017936856111, 0.246921901896911, 0.493667854968251, 0.373113989068988, 0.120553865899263, 94.6132727272735, 94.1023440860214, 93.4003174603173, 93.0813498525074
11/22/2017, 94.73, 94.91, 94.44, 94.62, 90377, 0.871328237585567, 0.316321424274893, 0.27706214158453, 0.0634411896363022, 0.166135839354841, 0.489105815176828, 0.396312354290556, 0.0927934608862718, 94.5449090909099, 94.2694408602149, 93.464161172161, 93.1087828934545
11/24/2017, 94.62, 94.86, 94.47, 94.71, 38861, 0.847564396033461, 0.463581820926217, 0.0237125420544191, 0.330460324781184, 0.157633187605112, 0.487137199212867, 0.414477323275018, 0.0726598759378491, 94.5372727272736, 94.4741505376343, 93.5458095238094, 93.1373695803385
11/27/2017, 94.71, 94.72, 94.24, 94.25, 126119, 0.834580188338595, 0.520387281104896, 0.0870900812493385, 0.603624156417569, 0.0644041389977888, 0.443348258509332, 0.420251510321881, 0.0230967481874507, 94.4056363636372, 94.6385376344085, 93.5963125763125, 93.1575009576343
11/28/2017, 94.24, 94.24, 93.23, 93.8, 111676, 0.851025838095597, 0.388499392956595, 0.0904905897785289, 0.434824315283682, 0.0244862976266175, 0.368090846180252, 0.409819377493555, -0.0417285313133034, 94.2316363636371, 94.7122365591396, 93.6238778998778, 93.1695154737043
11/29/2017, 93.63, 94.31, 93.46, 94.11, 138336, 0.850971336018475, 0.854484543910479, 0.412394642748222, 0.680704563335853, 0.089542434234088, 0.329663063344867, 0.393788114663818, -0.0641250513189504, 94.2003636363645, 94.8318279569891, 93.6606349206348, 93.1867024280068
11/30/2017, 94.24, 94.6, 94.03, 94.34, 82816, 0.836661721550389, 1.02391768201351, 0.533528954835499, 0.750925304423633, 0.139751066444229, 0.314146560401554, 0.377859803811365, -0.0637132434098111, 94.1129090909099, 94.9663440860214, 93.7107277167276, 93.2075850873265
12/1/2017, 94.43, 94.9, 93.77, 94.54, 149109, 0.852910233451561, 1.49092184591757, 0.665570011012243, 0.607672662270511, 0.106097025095626, 0.314364154273278, 0.365160673903747, -0.0507965196304694, 94.2467272727281, 95.105139784946, 93.783697191697, 93.2315779931923
12/4/2017, 94.75, 95, 94.28, 94.28, 113390, 0.850683355928989, 1.20234563598241, 0.787416569447257, 0.513007558441234, 0.0602170195209076, 0.290211395577074, 0.350170818238413, -0.0599594226613384, 94.2398181818189, 95.1661505376342, 93.8484468864467, 93.2507747331353
12/5/2017, 94.29, 94.41, 93.38, 93.43, 72634, 0.870622984663767, 0.851113372295613, 0.287140415843942, 0.191354540356696, -0.111370734244992, 0.200174773856943, 0.320171609362119, -0.119996835505175, 93.8794545454553, 95.1017849462364, 93.8703833943831, 93.2552456810329
12/6/2017, 93.53, 93.73, 92.88, 93.27, 96568, 0.874077304430996, 0.768080883083192, 0.170982170283792, 0.00436547128415043, -0.0967460314531612, 0.114588534345671, 0.279054994358829, -0.164466460013158, 93.6301818181826, 94.9641720430106, 93.8834407814405, 93.2569412188966
12/7/2017, 93.21, 93.57, 93.03, 93.48, 51726, 0.857391213896716, 0.623543780141076, 0.538610978052201, 0.0760610103017978, -0.122465961688096, 0.0629800727986947, 0.235840010046802, -0.172859937248108, 93.5009090909098, 94.8351827956988, 93.9167252747251, 93.2621454623472
12/8/2017, 93.63, 94.1, 93.29, 93.99, 54224, 0.85319166019057, 0.613027943003783, 0.505789522791851, 0.0449219822729505, -0.105750005249518, 0.0625121320106103, 0.201174434439564, -0.138662302428954, 93.6280000000007, 94.7158279569891, 93.9528815628814, 93.2758234939546
12/11/2017, 94.06, 94.15, 93.87, 94.02, 93974, 0.825163900598236, 0.749129121185691, 0.512265749599182, 0.14215032086985, -0.153995962791776, 0.0638262851594504, 0.173704804583541, -0.109878519424091, 93.712727272728, 94.6061935483869, 93.9852283272281, 93.2897992335009
12/12/2017, 94.24, 94.95, 94.04, 94.73, 146884, 0.827117221973333, 0.772500299713532, 0.803956899375798, 0.300540242236219, -0.0464317900787229, 0.120766703892471, 0.163117184445327, -0.0423504805528562, 93.9652727272734, 94.5579569892471, 94.0548693528691, 93.3153765690377
12/13/2017, 94.83, 95.26, 94.54, 94.66, 109179, 0.824373269761855, 0.398565445844347, 0.791211667229165, 0.322229278278601, -0.0225422404494841, 0.158417838752897, 0.162177315306841, -0.00375947655394465, 94.2049090909098, 94.4816129032257, 94.1214163614162, 93.3394197786999
12/14/2017, 94.73, 94.97, 94.49, 94.61, 96240, 0.808935789344407, 0.193812135867308, 0.604359886366916, 0.277863109803395, 0.00732601987898757, 0.182122655652037, 0.16616638337588, 0.0159562722761568, 94.4432727272734, 94.417010752688, 94.1760463980462, 93.3622869586091
12/15/2017, 94.67, 94.75, 94.15, 94.52, 150107, 0.800960053728106, 0.0344445238885304, 0.456532770339004, 0.131864967082577, 0.0374057273908167, 0.191439846605491, 0.171221076021802, 0.0202187705836881, 94.6758181818188, 94.3598064516128, 94.2171990231988, 93.3833425160698
12/18/2017, 94.72, 95.73, 94.57, 95.26, 116628, 0.818511516528045, 0.250862486026305, 0.758611473935178, 0.241274340395117, 0.136140011768722, 0.255589328445325, 0.188094726506507, 0.0674946019388179, 95.1130909090915, 94.3659784946235, 94.2762759462757, 93.4161981380287
12/19/2017, 95.24, 95.24, 92.99, 93.13, 194842, 0.917242958351107, -0.645377103558487, 0.0228974810220223, -0.106328360029277, -0.00856605796767368, 0.13302166517515, 0.177080114240236, -0.0440584490650856, 94.5910909090916, 94.1248602150537, 94.2250720390718, 93.4138758782201
12/20/2017, 93.1, 93.45, 92.02, 92.02, 111518, 0.959592424208614, -0.902337569594252, -0.32401269361184, -0.282786502205312, 0.0222764906244734, -0.0530700557934978, 0.131050080233489, -0.184120136026987, 93.6700000000006, 93.7990107526881, 94.1579096459094, 93.3935699352912
12/21/2017, 92.36, 92.62, 91.61, 91.73, 235158, 0.969547695758125, -0.735807744235163, -0.492654512330226, -0.419881731712833, 0.133708090259256, -0.221397528851057, 0.0605605584165797, -0.281958087267637, 92.7589090909097, 93.4751827956988, 94.0712258852257, 93.3688601428525
12/22/2017, 91.79, 92.48, 91.67, 92.32, 100419, 0.959053072197771, -0.827682807709173, -0.459166197923836, -0.157385254158119, 0.217089828990285, -0.303689451857977, -0.0122894436383316, -0.291400008219646, 92.2490909090915, 93.2595483870967, 94.0145616605614, 93.3539914457359
12/26/2017, 92.4, 93.09, 92.17, 92.92, 132312, 0.954722241110991, -0.503408505129107, -0.381704444504582, -0.0122152460789662, 0.257970192435017, -0.316839084392086, -0.0731993717890825, -0.243639712603004, 92.043636363637, 93.1499139784945, 93.9727057387055, 93.348946754761
12/27/2017, 93.07, 93.37, 92.88, 93.18, 162960, 0.930748563123328, -0.301403876121699, -0.184282864821895, -0.0209616874301168, 0.282406002317796, -0.302790060486984, -0.119117509528663, -0.183672550958321, 92.1300000000006, 93.1141505376343, 93.9215238095236, 93.3481204819277
12/28/2017, 93.26, 93.72, 92.97, 93.68, 144021, 0.919521707474809, -0.343943386034447, -0.076489184885405, 0.060321299465698, 0.16276231950559, -0.248446351609928, -0.144983277944916, -0.103463073665012, 92.4596363636369, 93.1418709677418, 93.9110940170939, 93.355254183267
12/29/2017, 93.85, 94.01, 93.6, 93.69, 225304, 0.895333054524796, -0.283342716090369, -0.0214418433157306, 0.132756899243916, 0.174998903194398, -0.202240353468525, -0.156434693049638, -0.0458056604188875, 92.8361818181823, 93.1184516129031, 93.8929645909644, 93.3624435590969
1/2/2018, 93.78, 93.78, 93.1, 93.4, 177917, 0.889609916322343, -0.405303217723862, -0.0265882343123153, 0.149157256871392, 0.171043518957898, -0.186868242634446, -0.1625214029666, -0.0243468396678468, 93.1447272727277, 93.1165591397847, 93.8813357753356, 93.364953886693
1/3/2018, 93.5, 93.59, 92.95, 93.25, 187420, 0.880805231906504, -0.309357726914917, 0.0824485979936679, 0.22887071177005, 0.174797354574134, -0.18466082539824, -0.166949287452928, -0.017711537945312, 93.6105454545459, 93.0819139784945, 93.8552136752135, 93.3650683140892
1/4/2018, 93.19, 93.36, 91.36, 91.36, 117634, 0.963532546864245, -0.67580151539707, -0.328563619743954, 0.0126363794606763, 0.0413766069606303, -0.331596201348233, -0.199878670231989, -0.131717531116245, 93.1070909090913, 92.7911182795697, 93.7566227106225, 93.3355886984715
1/5/2018, 91.58, 91.62, 91.24, 91.53, 116978, 0.934414037009085, -0.716519997831446, -0.11903303929921, -0.22890970180357, 0.0662944665308386, -0.429376382490275, -0.245778212683646, -0.183598169806629, 92.5369090909095, 92.5820215053762, 93.6484566544565, 93.3091593137255
1/8/2018, 91.52, 92.06, 91.45, 91.94, 286199, 0.916908537818898, -0.658411473527394, 0.0161465886714088, -0.0953805463532811, 0.036111008744864, -0.468385055664356, -0.290299581279788, -0.178085474384568, 92.0770909090913, 92.4340430107525, 93.5553699633697, 93.2894552529183
1/9/2018, 91.93, 91.94, 90.63, 90.72, 222085, 0.954977319430291, -1.0180253067645, -0.108139844746192, -0.333558385101315, -0.0557472408817829, -0.590931622331624, -0.350425989490155, -0.240505632841469, 91.302363636364, 92.1545591397848, 93.4217020757018, 93.2511374536241
1/10/2018, 90.38, 90.5, 89.3, 89.8, 583006, 0.995587586834969, -1.17859652875934, -0.395610392362505, -0.401048425911213, -0.0574671472490226, -0.753599939551478, -0.43106077950242, -0.322539160049058, 90.4170909090912, 91.7534193548384, 93.2587667887666, 93.1991535721769
1/11/2018, 90.05, 90.19, 89.39, 89.49, 230139, 0.993782288891398, -1.05740856420641, -0.421345357357876, -0.302412398498956, -0.12388100008664, -0.897187938062189, -0.524286211214374, -0.372901726847815, 89.6469090909093, 91.3116559139783, 93.0935506715505, 93.1431069201069
1/12/2018, 89.37, 89.41, 88.72, 88.8, 569109, 0.994784889428453, -1.19458397309803, -0.581209232524213, -0.589812744262606, -0.20898476183658, -1.05450402876932, -0.630329774725362, -0.424174254043953, 88.9396363636366, 90.8308172043008, 92.8935189255188, 93.0772555260831
1/16/2018, 89.02, 90.35, 88.84, 88.85, 245977, 1.03173948533691, -1.24073176017774, -0.706394508928915, -0.525308905736945, -0.218223199598123, -1.16175163227182, -0.736614146234653, -0.425137486037163, 88.5178181818184, 90.4059139784944, 92.7072747252745, 93.0130443684011
1/17/2018, 89.14, 89.66, 88.86, 89.56, 153729, 1.01760328951066, -1.16206536683747, -0.655563274194992, -0.56063449223456, -0.199769764181885, -1.17590002097296, -0.824471321182315, -0.351428699790646, 88.5472727272729, 90.1198494623654, 92.5681318681317, 92.9604649812789
1/18/2018, 89.2, 89.22, 88.33, 88.49, 535560, 1.04791188923208, -1.4247428786954, -0.82018463556115, -0.684300094268763, -0.315263548126106, -1.25894049621206, -0.911365156188264, -0.347575340023798, 88.3865454545456, 89.7128172043009, 92.3888473748472, 92.8924014863464
1/19/2018, 88.65, 88.94, 88.37, 88.92, 130573, 1.0227534516896, -1.5092035738218, -0.864069773681401, -0.689856443735621, -0.27162805058935, -1.27535180306647, -0.984162485563906, -0.291189317502565, 88.2560000000002, 89.3410322580643, 92.2489938949937, 92.8317158376215
1/22/2018, 89, 89.85, 89, 89.82, 200989, 1.0136503571368, -1.19450798643267, -0.843488887732056, -0.384962082701092, -0.202560133625746, -1.20188086908557, -1.02770616226824, -0.174174706817332, 88.6034545454547, 89.1018709677417, 92.1271208791207, 92.7853383458647
1/23/2018, 90.15, 91.12, 90.15, 91.1, 205512, 1.02078783012213, -0.798653781036427, -0.621174013554918, -0.128762789818973, -0.135206902558049, -1.02851326133316, -1.02786758208122, -0.000645679251936926, 89.5683636363637, 89.0613763440858, 92.0625518925517, 92.7587108219989
1/24/2018, 91.09, 91.16, 90.35, 90.68, 168094, 1.01890254474988, -0.876370972939426, -0.762887847242407, -0.297217684991731, -0.173130311951332, -0.914467263677196, -1.00518751840042, 0.0907202547232218, 90.19, 89.0169462365589, 92.0030989010987, 92.7261767007659
1/25/2018, 90.59, 90.68, 89.79, 90.33, 200254, 1.02097175489896, -1.1547346486395, -0.886672085326764, -0.430110827544952, -0.263065524094968, -0.842613934873498, -0.972672801695034, 0.130058866821536, 90.5089090909091, 88.9514623655912, 91.9163956043955, 92.6888739388559
1/26/2018, 90.33, 90.59, 89.66, 90.14, 333099, 1.02355402361906, -0.793868062767053, -1.02264325820214, -0.531051115311897, -0.328995044868744, -0.791872848946113, -0.93651281114525, 0.144639962199136, 90.6712727272727, 88.9330107526879, 91.813868131868, 92.6492482445271
1/29/2018, 89.64, 89.75, 88.95, 89.08, 265055, 1.05074092618513, -0.790721130477283, -1.18728275966122, -0.648561309159239, -0.396921058538013, -0.827652649442371, -0.914740778804674, 0.0870881293623033, 90.2939999999999, 88.805010752688, 91.6515115995115, 92.5945209785431
1/30/2018, 88.65, 89.08, 88.26, 88.34, 249288, 1.05297715213202, -0.906900218390418, -1.16719295313825, -0.835322747998643, -0.441250914960279, -0.905284656675121, -0.912849554378763, 0.0075648977036421, 89.655818181818, 88.6157849462363, 91.4560073260072, 92.5314978816455
1/31/2018, 88.26, 89.88, 88.26, 89.85, 323294, 1.07366724027129, -0.595904167214878, -0.971582966769521, -0.646929881841696, -0.403058415810745, -0.835334979644657, -0.897346639431942, 0.0620116597872855, 89.7090909090906, 88.6526021505374, 91.3247985347984, 92.50107366407
2/1/2018, 89.72, 90.16, 87.8, 87.92, 409919, 1.17658725502112, -1.14001372021923, -1.21760230181997, -0.945726804873423, -0.569850083343413, -0.92497172864195, -0.902871657273944, -0.0221000713680061, 88.8658181818179, 88.5239999999998, 91.0978046398045, 92.4442572092388
2/2/2018, 87.34, 87.8, 86.48, 87.2, 235025, 1.20955589321541, -1.36938078451249, -1.28366454545971, -1.17579951911961, -0.612359683349729, -1.04209485986613, -0.93071629779238, -0.111378562073745, 87.8909090909087, 88.2093978494622, 90.8580024420023, 92.3782367090338
2/5/2018, 86.95, 87.71, 84.44, 84.45, 193470, 1.38010195611563, -1.86879536899436, -1.74270604036612, -1.34466973891822, -0.798667987767444, -1.3413554913396, -1.01284413650182, -0.328511354837775, 86.2398181818177, 87.5101290322579, 90.5065934065932, 92.2653207598743
2/6/2018, 83.46, 84.95, 82.66, 84.6, 355361, 1.44411500808826, -1.83309530389818, -1.68303515396837, -1.31052434398756, -0.759731631201195, -1.54856703461549, -1.11998871612456, -0.428578318490931, 85.1894545454541, 86.8593978494622, 90.1480659340658, 92.148159901599
2/7/2018, 84.42, 85.78, 84.18, 84.22, 271272, 1.47308861553138, -1.85882073778048, -1.76764579308866, -1.52191336866484, -0.71624751009115, -1.72357816356823, -1.24070660561329, -0.482871557954942, 84.2783636363631, 86.2457849462364, 89.791824175824, 92.0206308596419
2/8/2018, 83.89, 84.82, 81.84, 81.89, 426275, 1.62120340749848, -2.1542752060208, -1.97692303197945, -1.69887224929774, -0.909876213067551, -2.02692217441647, -1.39794971937393, -0.628972455042542, 82.8447272727267, 85.4287956989246, 89.3400219780218, 91.8628640153068
2/9/2018, 82, 84.56, 81.59, 83.96, 697401, 1.67904156369757, -1.27987255656752, -1.43747120536428, -1.2522843747652, -0.657722429239397, -2.0763578276518, -1.5336313410295, -0.542726486622301, 82.5485454545448, 84.962946236559, 88.9813724053723, 91.7353940139401
2/12/2018, 84.21, 84.31, 81.65, 83.99, 436739, 1.75287192765383, -1.30537357351479, -1.47986641513867, -1.15952005563071, -0.63108219157148, -2.0890341049427, -1.64471189381214, -0.444322211130556, 82.3878181818175, 84.5937204301074, 88.6294627594626, 91.6140579472461
2/13/2018, 83.78, 84.78, 83.22, 84.59, 711519, 1.74562628612677, -1.25646355194491, -1.4089069407212, -1.04827755380498, -0.519451847763353, -2.0272957568949, -1.72122866642869, -0.306067090466207, 82.5639999999992, 84.3638064516128, 88.3220537240535, 91.5040467404673
2/14/2018, 83.87, 84.02, 82.84, 83.91, 323667, 1.7760624617601, -1.18666785005313, -1.54175404980844, -1.1120792786285, -0.619290748992383, -2.01006718498401, -1.77899637013976, -0.231070814844252, 83.0118181818173, 84.0869892473117, 87.9991575091574, 91.377360940276
2/15/2018, 84.2, 85.24, 84.12, 85.1, 377594, 1.74180882618068, -0.785120545284781, -1.28742209976589, -0.85442579042599, -0.510901779159225, -1.87873349263235, -1.79894379463828, -0.0797896979940738, 83.8087272727263, 84.0123870967741, 87.7297289377288, 91.2742654093208
2/16/2018, 85.12, 85.94, 84.95, 85.63, 323301, 1.70228348187057, -0.633038735205581, -1.08864955247276, -0.873448948303301, -0.38400547492685, -1.71214745454907, -1.78158452662043, 0.069437072071366, 84.7985454545444, 83.9316129032258, 87.493426129426, 91.1851460981276
2/20/2018, 85.27, 86.09, 84.54, 84.59, 259947, 1.72867014806653, -0.694384671369143, -1.21284259986986, -1.03450148125793, -0.460733048078314, -1.64508263890491, -1.75428414907733, 0.10920151017242, 84.9647272727262, 83.7671827956989, 87.2224835164834, 91.0805193385267
2/21/2018, 84.4, 84.78, 82.88, 82.88, 330115, 1.7907432122792, -0.972289629826063, -1.46436105867802, -1.13572137259168, -0.624458979761055, -1.71020185583436, -1.74546769042874, 0.035265834594379, 84.5625454545444, 83.4578924731182, 86.8912185592184, 90.9465895858958
2/22/2018, 83.36, 84.47, 83.14, 83.86, 206713, 1.77612637207269, -0.907615056348529, -1.36981475971965, -1.06903906507891, -0.505114647862296, -1.66355506732226, -1.72908516580744, 0.065530098485177, 84.5167272727261, 83.250064516129, 86.6213992673992, 90.8267038403717
2/23/2018, 84.16, 85.24, 83.99, 85.24, 200233, 1.7409509582815, -0.488056484457267, -1.14091947383258, -0.866792955616807, -0.360740589956035, -1.49796507555557, -1.68286114775707, 0.184896072201497, 84.5012727272716, 83.2002580645161, 86.4265885225884, 90.7208090747573
2/26/2018, 85.52, 85.58, 84.83, 85.38, 255215, 1.6951127512265, -0.534721535221305, -1.21916027749239, -0.820634692003409, -0.408757792066151, -1.33999040878047, -1.61428699996175, 0.274296591181281, 84.7654545454534, 83.1769677419354, 86.2329181929181, 90.6128150881508
2/27/2018, 85.43, 85.64, 83.27, 83.3, 255238, 1.79282461422249, -0.986863165040939, -1.45468870736152, -1.05298999715779, -0.521212090513224, -1.36687646291642, -1.56480489255268, 0.197928429636259, 84.2396363636351, 82.8702795698924, 85.9564126984126, 90.4806177395106
2/28/2018, 83.64, 84.47, 83.35, 83.35, 240220, 1.77234764062983, -1.20531575675727, -1.44089308326945, -1.11377039415543, -0.482637898591823, -1.36837549150822, -1.52551901234379, 0.157143520835572, 83.8887272727259, 82.6087526881721, 85.6853162393162, 90.3406488998222
3/1/2018, 83.45, 84.64, 82.89, 83.7, 219148, 1.78122959443455, -1.07644031395585, -1.37658559396161, -1.11133676866691, -0.471394377126994, -1.32603569349315, -1.48562234857366, 0.159586655080509, 83.5903636363623, 82.4744516129033, 85.4312185592186, 90.2147773677736
3/2/2018, 83.34, 83.76, 82.87, 83.68, 227365, 1.74575132888938, -1.02536844552647, -1.48111958523902, -1.08619462555275, -0.42730053108456, -1.27934741079197, -1.44436736101732, 0.165019950225354, 83.534545454544, 82.3040860215054, 85.1706031746031, 90.092578105781
3/5/2018, 83.3, 84.97, 83.3, 84.56, 163568, 1.73995089452921, -0.835960258485207, -1.11320118201529, -0.987568335167814, -0.392994832594511, -1.15798938405125, -1.38709176562411, 0.229102381572861, 83.9661818181803, 82.3050752688173, 84.9521782661783, 89.9832002186688
3/6/2018, 84.58, 85.02, 83.85, 84.82, 270978, 1.71685611010753, -0.637000703325704, -0.939110090239346, -0.98201918596902, -0.414101995985982, -1.02897110801165, -1.31546763410162, 0.286496526089971, 84.3379999999985, 82.427182795699, 84.7347619047619, 89.8751310646439
3/7/2018, 84.5, 85.43, 84.5, 85.38, 422550, 1.67477803345461, -0.431021563674401, -0.817913472826223, -0.950711288133813, -0.410407075839623, -0.871489881963399, -1.22667208367397, 0.355182201710574, 84.5487272727257, 82.7379354838711, 84.5436239316239, 89.7817709443761
3/8/2018, 85.48, 85.75, 85.08, 85.58, 321346, 1.62646554185016, -0.654403497941451, -0.86993249478543, -0.981925866227985, -0.40869102717767, -0.722221230421738, -1.12578191302353, 0.403560682601788, 84.8881818181801, 83.0829677419356, 84.3509450549451, 89.6933904605712
3/9/2018, 85.64, 86.03, 85, 86.03, 290838, 1.59692287594978, -0.285830158151015, -0.886036218520435, -0.960887802120134, -0.388509307173619, -0.561144979436989, -1.01285452630622, 0.45170954686923, 85.565272727271, 83.4946666666668, 84.1898974358975, 89.6171534782014
3/12/2018, 86.04, 86.51, 85.84, 86.36, 215721, 1.55007076501924, -0.109146581317653, -0.872901675031511, -0.859754522672042, -0.407607354767618, -0.402226036592097, -0.890728828363395, 0.488502791771297, 86.3412727272709, 83.9633118279571, 84.0429401709402, 89.5466426130927
3/13/2018, 86.64, 87, 86.04, 86.29, 300994, 1.52938817596139, 0.391620699810612, -0.950514106032697, -0.877696726493619, -0.411964312833138, -0.27871716642484, -0.768326495975684, 0.489609329550843, 86.6236363636345, 84.3767956989249, 83.8973113553114, 89.4722364356976
3/14/2018, 86.43, 86.67, 85.96, 86.38, 193529, 1.49250243596346, 0.379361426686148, -0.938926380803295, -0.842533971035125, -0.353590678917765, -0.171595206419994, -0.648980238064546, 0.477385031644552, 86.7839999999981, 84.770365591398, 83.7723003663004, 89.3970001366679
3/15/2018, 86.46, 86.66, 85.88, 86.32, 219306, 1.46404358662647, 0.444756337423328, -0.910041859643642, -0.819362024009322, -0.317184368198695, -0.0904985687361943, -0.537283904198876, 0.446785335462681, 86.8283636363616, 85.2696344086022, 83.6605982905983, 89.3258712587125
3/16/2018, 85.64, 86.61, 85.56, 86.48, 285753, 1.44897583577379, 1.08291410157523, -0.867545991937884, -0.734062795622252, -0.311736009061816, -0.0131664615054632, -0.432460415660193, 0.41929395415473, 86.7810909090889, 85.6833118279571, 83.5544761904762, 89.259848845155
3/19/2018, 86.34, 86.4, 85.22, 85.73, 370179, 1.46205597531589, 0.467619788724551, -0.744291285218358, -0.808070659608816, -0.393619448813995, -0.0122576428887413, -0.348419861105903, 0.336162218217161, 86.497999999998, 85.96311827957, 83.4338412698413, 89.1922774361076
3/20/2018, 85.73, 86.36, 85.07, 85.38, 696348, 1.47019156506957, 0.371196227513421, -0.817802263323048, -0.768329671729635, -0.477924600980764, -0.0393261451931437, -0.286601117923351, 0.247274972730207, 86.0821818181797, 86.0246666666667, 83.3223003663004, 89.1178026513597
3/21/2018, 85.32, 85.68, 84.38, 84.84, 270376, 1.48218656334698, 0.0861865464441592, -0.952044762011239, -0.816090957263963, -0.499979307745317, -0.103162423121745, -0.24991337896303, 0.146750955841285, 85.5612727272706, 86.0216989247312, 83.2024346764347, 89.039996446631
3/22/2018, 84.67, 85.81, 84.15, 84.15, 240274, 1.51825635927083, 0.0841646456411182, -0.895044423351772, -0.823513169398329, -0.519541749916154, -0.207043695879221, -0.241339442346268, 0.0342957464670467, 84.8714545454524, 85.9043010752688, 83.0650500610501, 88.95525433921
3/23/2018, 84.16, 84.32, 82.49, 82.7, 318706, 1.57827338574375, -0.571809013562779, -0.970423578772162, -1.0343632852465, -0.668428290403968, -0.401742200793166, -0.273419994035648, -0.128322206757518, 83.848727272725, 85.4480430107528, 82.8771770451771, 88.8546103594368
3/26/2018, 83.24, 83.76, 82.77, 83.63, 823813, 1.5460606068511, -0.457618689939417, -0.780633932855426, -0.885571941872444, -0.58802549646912, -0.475517471585633, -0.313839489545645, -0.161677982039988, 83.3949090909068, 85.242559139785, 82.7485323565324, 88.7644827114937
3/27/2018, 83.39, 85.02, 82.75, 83.95, 253996, 1.59835850057665, -0.134816001015022, -0.641355909279253, -0.848030320429092, -0.608452047540863, -0.502372541618655, -0.351546099960247, -0.150826441658408, 83.1865454545432, 85.0818064516129, 82.6380927960929, 88.6773901872351
3/28/2018, 84.24, 86.37, 84.18, 86.24, 323746, 1.61842632557096, 0.812133500589133, -0.299527879368631, -0.60545020495036, -0.487976580654761, -0.33500973276567, -0.348238826521331, 0.0132290937556616, 83.9149090909067, 85.251870967742, 82.6155970695971, 88.6219302993029
3/29/2018, 86.38, 86.64, 85.68, 86.14, 332176, 1.59501314141371, 0.56674727048508, -0.406851927768685, -0.676395436896174, -0.508409334546993, -0.208044458219703, -0.320199952861006, 0.112155494641303, 84.6043636363611, 85.3532688172043, 82.6131184371185, 88.5623739237391
4/2/2018, 86.05, 86.33, 84.43, 84.99, 278740, 1.64754336276395, -0.0356135170709666, -0.422137525631966, -0.775464219921708, -0.597106114311377, -0.197937254991729, -0.29574741328715, 0.0978101582954217, 84.9383636363611, 85.3736989247312, 82.5590036630037, 88.4832969796363
4/3/2018, 85.08, 86.26, 84.53, 85.86, 283088, 1.65005211834665, 0.137291986146321, -0.357971781576705, -0.739017806451687, -0.568556870003752, -0.118361101408652, -0.260270150911451, 0.141909049502798, 85.5041818181792, 85.5405591397849, 82.5416923076924, 88.4149624162907
4/4/2018, 85.45, 86.99, 85.26, 86.83, 192372, 1.64965796541726, 0.961460777622646, -0.343875528402039, -0.717044349298388, -0.435974296763231, 0.0227126497052552, -0.20367359078811, 0.226386240493365, 86.3279999999973, 85.7596774193549, 82.5868693528695, 88.3505187918544
4/5/2018, 86.91, 86.91, 85.78, 86.5, 148378, 1.63847180439678, 0.855765252588017, -0.558645009539276, -0.798978800748117, -0.454576683118793, 0.106656897447422, -0.141607493141003, 0.248264390588425, 86.8507272727245, 85.8084731182796, 82.6194603174604, 88.2698709853763
4/6/2018, 86.58, 87.02, 85.65, 85.89, 129171, 1.6473561593469, 0.59400968221369, -0.586084092414314, -0.895504911133956, -0.48062694222239, 0.122548750835762, -0.0887762443456503, 0.211324995181412, 86.9341818181791, 85.8218494623657, 82.6333357753359, 88.1777534508676
4/9/2018, 86.09, 86.14, 85.44, 85.49, 136516, 1.61325125160826, 0.492658845979939, -0.595128766971308, -0.966965493713173, -0.500982316624864, 0.101694234250147, -0.0506821486264909, 0.152376382876637, 86.4945454545426, 85.863376344086, 82.6259658119659, 88.0809085690854
4/10/2018, 85.93, 86.13, 85.52, 85.7, 144871, 1.56617277742113, 0.323019384501983, -0.541858039597443, -0.989696703428818, -0.48819044214432, 0.100948453628931, -0.0203560281754066, 0.121304481804337, 86.1612727272698, 85.9392688172044, 82.624192918193, 87.9873281399478
4/11/2018, 85.5, 86.45, 85.5, 85.75, 236891, 1.54239016529144, 0.267502678082642, -0.401998931999851, -0.963958081963074, -0.507794498253371, 0.103202346833072, 0.00435564682628915, 0.0988467000067829, 85.7963636363606, 85.8807741935484, 82.6374285714286, 87.9090056033891
4/12/2018, 85.82, 85.82, 84.65, 84.92, 162339, 1.54848043853102, -0.0974377855946626, -0.417382210886108, -0.964836612256298, -0.589728325244863, 0.0375812962456195, 0.0110007767101552, 0.0265805195354642, 85.5045454545424, 85.704494623656, 82.6256190476191, 87.818017493508
4/13/2018, 84.89, 85.47, 84.73, 85.44, 114412, 1.50540860133487, -0.0134290672440519, -0.55575325655911, -0.995125069879545, -0.512778825011837, 0.027221996825304, 0.014245020733185, 0.012976976092119, 85.4443636363605, 85.6073978494624, 82.6478852258853, 87.7334956949567
4/16/2018, 85.52, 86.18, 85.27, 85.82, 136182, 1.47682364662257, -0.0313351676449983, -0.254967376162803, -0.91301399653306, -0.495585410536323, 0.0491089047230702, 0.021217797531162, 0.0278911071919082, 85.3236363636331, 85.5459569892473, 82.6876507936508, 87.653685663523
4/17/2018, 86.07, 87.34, 85.87, 86.88, 126094, 1.47334202446468, 0.151554338177874, -0.0034318632481623, -0.744959164613668, -0.368625660932445, 0.150255525956666, 0.0470253432162629, 0.103230182740403, 85.6978181818149, 85.6638709677419, 82.7610598290599, 87.5873737870709
4/18/2018, 86.96, 87.19, 86.6, 86.62, 90162, 1.43793301005792, 0.104719642487002, 0.372303963078735, -0.842737766543544, -0.374815295768269, 0.207048399846727, 0.0790299545423556, 0.128018445304371, 86.1205454545421, 85.7511612903226, 82.8243467643468, 87.5167008336747
4/19/2018, 86.46, 86.47, 84.78, 85.34, 166944, 1.49432938205597, -0.221982598619909, 0.15127040346444, -0.961322756130856, -0.554694830083203, 0.147076453181143, 0.092639254270113, 0.0544371989110296, 86.0465454545421, 85.7017634408602, 82.841221001221, 87.433169331693
4/20/2018, 85.38, 85.58, 84.46, 84.55, 151187, 1.49911018322204, -0.390242953591567, 0.08920330738231, -1.05825531656346, -0.522477833960905, 0.03539385732428, 0.0811901748809464, -0.0457963175566664, 85.6409090909056, 85.5657204301075, 82.8408595848596, 87.3374989749894
4/23/2018, 84.6, 84.91, 84.05, 84.41, 151893, 1.47745856760872, -0.461199901367424, 0.453724344405298, -1.02762814297594, -0.421707331402959, -0.0636781919348124, 0.0522165015177947, -0.115894693452607, 85.1799999999965, 85.448559139785, 82.8419609279611, 87.2336156894899
4/24/2018, 84.62, 85.09, 84.22, 84.7, 148446, 1.4501377072876, -0.220282383539119, 0.16264060714444, -0.946999779310116, -0.430929430826012, -0.117439162813739, 0.018285368651488, -0.135724531465227, 84.9201818181782, 85.4006451612904, 82.8785567765569, 87.137939592729
4/25/2018, 84.48, 84.98, 83.91, 84.57, 91108, 1.44300970340424, -0.169086540677094, 0.134899695109444, -0.995233440632331, -0.379823851364021, -0.168591613926139, -0.0190900278640375, -0.149501586062102, 84.6799999999963, 85.3422795698925, 82.9152625152626, 87.0431116577829
4/26/2018, 84.85, 86.33, 84.8, 85.82, 146983, 1.45343234777502, 0.250777561772911, 0.242448598655235, -0.864649532807078, -0.279075572469799, -0.107031948969464, -0.0366784120851228, -0.0703535368843412, 84.7699999999962, 85.4596129032259, 83.012888888889, 86.9684613912802
4/27/2018, 85.93, 87.99, 85.79, 87.72, 150575, 1.47625268903043, 0.792121878734015, 0.65097199925189, -0.655018268266089, -0.208562278295507, 0.0939852466401305, -0.0105456803400721, 0.104530926980203, 85.571272727269, 85.8176344086023, 83.1980073260074, 86.9261424080904
4/30/2018, 87.65, 87.95, 87.29, 87.39, 305832, 1.44549767236139, 1.10473031978106, 0.408920860272791, -0.664435817979603, -0.245563177879694, 0.224081508195908, 0.036379757367124, 0.187701750828784, 86.2101818181779, 86.1354193548388, 83.390126984127, 86.8815577422437
5/1/2018, 87.31, 88.46, 86.9, 88.27, 77769, 1.44789780795603, 1.08586636452384, 0.460302900145273, -0.482999785564529, -0.238689445871553, 0.393654573423973, 0.107834720578494, 0.285819852845479, 87.2794545454506, 86.5089892473119, 83.5791452991453, 86.8498450184498
5/2/2018, 88.01, 88.09, 86.89, 87.7, 124933, 1.46312021132115, 0.872700860999542, 0.545915399817335, -0.526998405065903, -0.328868625419081, 0.476554786085003, 0.181578733679796, 0.294976052405208, 88.023999999996, 86.7705161290324, 83.7221416361417, 86.8109711630446
5/3/2018, 87.53, 88.23, 87.53, 87.9, 93481, 1.42661957231196, 0.449523642925398, 0.905415530580652, -0.526721492170679, -0.305229916638212, 0.552028687331287, 0.255668724410094, 0.296359962921193, 88.5227272727232, 87.0064516129034, 83.8706007326008, 86.7792999863328
5/4/2018, 87.86, 89.03, 87.81, 88.78, 79100, 1.41056394892893, 0.686806238275385, 0.881972428189427, -0.482173058063318, -0.28804363553836, 0.675069166229875, 0.33954881277405, 0.335520353455825, 89.0278181818141, 87.288301075269, 84.0734432234433, 86.7613204865379
5/7/2018, 88.83, 89.6, 88.82, 89.52, 96033, 1.37475842288444, 1.21835893306169, 0.777119819801105, -0.405498418967665, -0.209024638168944, 0.822806644954071, 0.436200379210054, 0.386606265744016, 89.529818181814, 87.5375053763442, 84.3245592185593, 86.7600863741967
5/8/2018, 89.24, 89.38, 88.84, 89.05, 243781, 1.35109438872301, 0.866725850025302, 0.669535774914517, -0.526322390053612, -0.232170213439659, 0.891685790450751, 0.527297461458194, 0.364388328992557, 89.648727272723, 87.7450752688173, 84.5633992673993, 86.7568079814128
5/9/2018, 89.06, 89.78, 88.94, 89.78, 277403, 1.31988424537753, 0.806170449569571, 1.25151740614153, -0.44103369460353, -0.17221894414677, 0.993722889737896, 0.620582547114134, 0.373140342623762, 89.7565454545412, 88.0316344086023, 84.8482857142858, 86.7630310236432
5/10/2018, 89.98, 90.51, 89.81, 90.39, 73834, 1.28580868649735, 1.0554705684575, 1.34775472972792, -0.371733089393197, -0.143479032376928, 1.11100297733051, 0.71866663315741, 0.392336344173104, 90.0409090909047, 88.5106451612904, 85.1629157509159, 86.7770569905695
5/11/2018, 90.31, 90.71, 89.93, 90.04, 91439, 1.26958057323268, 1.14497789777723, 1.2131118797158, -0.398772957172036, -0.208514422124679, 1.16230785533236, 0.8073948775924, 0.354912977739958, 90.3350909090865, 88.911806451613, 85.4582197802198, 86.7948973623066
5/14/2018, 89.92, 89.98, 88.81, 89.18, 555915, 1.28669413627693, 1.00394964032697, 1.04647090563849, -0.560501971562101, -0.273746704341227, 1.12065432265194, 0.870046766604309, 0.250607556047636, 90.139636363632, 89.1020215053764, 85.7150598290599, 86.8024223042226
5/15/2018, 88.64, 88.64, 87.35, 87.54, 164020, 1.34978311537032, 0.472680325751249, 0.565526437574625, -0.527119779540191, -0.361814015435112, 0.944422588242489, 0.884921930931945, 0.059500657310544, 89.4559999999956, 89.11511827957, 85.8611941391942, 86.7848246549128
5/16/2018, 87.71, 88.04, 87.08, 87.19, 118843, 1.34249355687054, 0.373958042976332, 0.4558338097524, -0.45517795591978, -0.378620777607236, 0.767666413554252, 0.861470827456406, -0.0938044139021541, 88.5772727272682, 89.1376344086022, 85.9986056166056, 86.7624130107963
5/17/2018, 87.18, 87.53, 86.58, 86.77, 156725, 1.33628457488032, 0.484634798503327, 0.280763602462209, -0.470641734058803, -0.436225753692316, 0.586929622404753, 0.806562586446076, -0.219632964041323, 87.6212727272682, 89.0825376344087, 86.1299487179488, 86.7317370507034
5/18/2018, 86.8, 87.12, 86.44, 86.79, 124448, 1.30835282790929, 0.360886274417964, 0.248407628129295, -0.53022338053999, -0.380732151364284, 0.440233508285843, 0.733296770814029, -0.293063262528186, 86.9098181818136, 88.9875698924732, 86.2388424908425, 86.6940981276475
5/21/2018, 86.97, 88.15, 86.52, 87.94, 848668, 1.31935802635359, 0.533305224101595, 0.365284978616998, -0.463557227282279, -0.289064534495992, 0.41202164100423, 0.669041744852069, -0.257020103847839, 86.8521818181772, 89.0060430107527, 86.3804395604396, 86.67716605166
5/22/2018, 87.96, 88.39, 87.62, 88.23, 100530, 1.29290635379868, 0.354298283680006, 0.357277650004555, -0.45879597127237, -0.289239054073355, 0.408356826000059, 0.616904761081667, -0.208547935081609, 86.8869090909044, 89.0595053763441, 86.5291868131869, 86.6582856361892
5/23/2018, 88.13, 89.55, 88.13, 89.23, 146032, 1.29406557453631, 0.648143299354742, 0.53421938340108, -0.400929381373234, -0.22534583891368, 0.480603972922736, 0.589644603449881, -0.109040630527145, 87.4578181818134, 89.2268602150538, 86.7072356532357, 86.6519669263354
5/24/2018, 89.19, 89.58, 88.57, 89.05, 135846, 1.28855696412219, 0.972145595956816, 0.48809479473912, -0.420732671489609, -0.212460911905857, 0.517371920250483, 0.575190066810002, -0.0578181465595188, 88.1185454545406, 89.2935913978494, 86.8782124542125, 86.6364182041815
5/25/2018, 89.12, 89.65, 89.12, 89.38, 114742, 1.25317406323928, 1.30196120950064, 0.553365335010778, -0.357046676936236, -0.167731668980399, 0.566607526615527, 0.573473558771107, -0.00686603215557924, 88.8963636363588, 89.4102150537634, 87.0792454212455, 86.6308694820277
5/29/2018, 89.03, 89.87, 88.89, 89.68, 166494, 1.24117153081747, 1.42307337459358, 0.575433767687928, -0.310543697508872, -0.112000851114241, 0.622656989988528, 0.583310245014591, 0.0393467449739368, 89.6418181818132, 89.5648172043011, 87.2697460317461, 86.6289058357246
5/30/2018, 89.58, 91.36, 89.58, 91.14, 140192, 1.25787634122806, 1.64143141931859, 0.933217630723692, 0.0307277661961816, 0.0232459035827976, 0.775941817531617, 0.621836559517996, 0.154105258013621, 90.5363636363586, 89.9504301075269, 87.5327496947497, 86.6393582069149
5/31/2018, 90.9, 91.11, 90.49, 90.9, 300065, 1.23389116889493, 1.61286316769926, 0.955890854741832, -0.0114603834305646, -0.0874357960834254, 0.868048826945355, 0.671079013003468, 0.196969813941887, 91.0816363636313, 90.2607741935483, 87.8036361416363, 86.6462911029105
6/1/2018, 90.82, 91.55, 90.64, 91.36, 197291, 1.21609754695624, 1.44883716957049, 1.12904542463459, -0.00600446413781462, -0.0372085347162287, 0.967015300680387, 0.730266270538852, 0.236749030141535, 91.4994545454495, 90.5165376344086, 88.1222832722834, 86.6643334700008
6/4/2018, 91.55, 92.29, 91.19, 92.29, 135478, 1.20324562027766, 1.29279343431814, 1.40361631725853, 0.214779740891514, 0.0114210111848017, 1.10772105302915, 0.805757227036912, 0.30196382599224, 91.9921818181767, 90.7987956989247, 88.4720586080587, 86.6917529041952
6/5/2018, 92.5, 92.72, 91.87, 92.02, 218043, 1.19262292306731, 1.3174880369211, 1.68095630079185, 0.283961520440811, 0.0274249437111274, 1.18379853930776, 0.881365489491081, 0.302433049816677, 92.3216363636312, 90.9875268817204, 88.8010744810746, 86.7113379800459
6/6/2018, 91.8, 92.32, 91.53, 92.32, 153181, 1.17209600640838, 1.17037787102796, 1.57327748600658, 0.347533191972534, 0.103083365290395, 1.25384444976186, 0.955861281545237, 0.297983168216621, 92.5901818181766, 91.1845591397849, 89.1377435897437, 86.7413185731852
6/7/2018, 92.19, 92.53, 91.73, 92.29, 82072, 1.15719480058555, 1.35708136375674, 1.50827211287738, 0.418624629966821, 0.0439887213576428, 1.29204173630268, 1.02309737249672, 0.268944363805954, 92.8252727272674, 91.3199569892473, 89.4479487179488, 86.7675421620877
6/8/2018, 92.25, 92.7, 92.25, 92.61, 56544, 1.1198319051802, 1.38729824246566, 1.23955479928854, 0.445997963224528, 0.0840662852675989, 1.33277132847793, 1.08503216369297, 0.247739164784966, 92.9679999999947, 91.5294838709677, 89.7533455433456, 86.7945390187229
6/11/2018, 92.4, 92.53, 92.06, 92.31, 151258, 1.09708862638719, 1.05511823504524, 1.20164533355093, 0.340164375621533, 0.00755528589541551, 1.32556207643884, 1.13313814624214, 0.192423930196701, 92.8789090909038, 91.7838064516128, 90.0760561660563, 86.8185873992068
6/12/2018, 92.15, 93.14, 92.01, 92.69, 150978, 1.09891723537287, 0.956616957156339, 1.54626577410674, 0.495958003048566, 0.0526263672427549, 1.33512107183343, 1.1735347313604, 0.161586340473028, 92.8212727272674, 92.0347311827956, 90.3706862026863, 86.8430815908153
6/13/2018, 92.7, 93.03, 90.98, 91.11, 170177, 1.17457695773654, 0.580512523808196, 1.02803850044852, 0.282808154928744, -0.075557490316729, 1.20135537224988, 1.1790988595383, 0.0222565127115835, 92.345636363631, 92.1096559139784, 90.5767570207571, 86.8475768757681
6/14/2018, 91.34, 92.29, 91.34, 91.93, 159027, 1.17007420089641, 0.597964198419724, 0.995216548300298, 0.272473807443383, 0.0267853344647922, 1.14827563186675, 1.17293421400399, -0.024658582137234, 92.1069090909037, 92.2323010752687, 90.7546959706961, 86.8684149241487
6/15/2018, 91.01, 91.69, 90.81, 90.96, 335858, 1.18498983315729, 0.170562726514874, 0.867296992312551, 0.03823739518744, -0.0243907775061066, 1.01622426111796, 1.14159222342678, -0.125367962308825, 91.5689090909036, 92.2179139784945, 90.8880879120881, 86.8789820964871
6/18/2018, 90.58, 91.08, 90.3, 90.91, 175163, 1.16925906350003, 0.250779795955173, 0.984274082567478, 0.076828234534028, -0.0630586157743671, 0.897195702712281, 1.09271291928388, -0.195517216571599, 91.221454545449, 92.2361075268816, 91.0061904761907, 86.8902905562384
6/19/2018, 90.54, 91.24, 90.54, 90.75, 72059, 1.15132203184185, 0.449594906071976, 1.03667308947214, 0.0968175843520585, -0.0998142235521763, 0.780951724443341, 1.03036068031577, -0.249408955872432, 90.8399999999944, 92.2695913978494, 91.0606202686205, 86.9007393740599
6/20/2018, 90.91, 91.98, 90.8, 91.89, 193362, 1.14711449200311, 1.32052111091399, 1.18615166930557, 0.234571766085881, -0.0521887382054918, 0.771917818683406, 0.978672107989299, -0.206754289305894, 90.9816363636308, 92.4084516129032, 91.2043907203909, 86.9327691676911
6/21/2018, 91.91, 92.42, 91.7, 92.41, 103646, 1.12258341236508, 1.59433891958755, 1.26733601106191, 0.401059272535291, 0.000880867143497388, 0.797524669513265, 0.942442620294093, -0.144917950780827, 91.320363636358, 92.6436344086022, 91.3657484737487, 86.9724630312965
6/22/2018, 92.65, 93.3, 92.26, 93.25, 166552, 1.11261165125817, 1.98088124387322, 1.59409009382048, 0.566207247662147, 0.0293907134930802, 0.875506963815724, 0.929055488998419, -0.0535485251826952, 92.0067272727216, 93.0090967741936, 91.5709890109893, 87.0187142271418
6/25/2018, 93.11, 93.41, 92.43, 93.01, 148308, 1.11239097576425, 1.88885268665009, 1.44868040502376, 0.38422504153533, -0.0199858041624656, 0.90748161645935, 0.924740714490605, -0.0172590980312552, 92.5152727272669, 93.3023225806452, 91.7442832722835, 87.0568109881094
6/26/2018, 93.14, 93.55, 92.91, 93.05, 71524, 1.09070725871082, 1.60878253347608, 1.38274779492246, 0.608380200455194, -0.0266241888622127, 0.925382194838704, 0.924869010560225, 0.000513184278479129, 93.0754545454488, 93.5241290322581, 91.939103785104, 87.0960333469996
6/27/2018, 93.28, 93.61, 92.79, 92.81, 280042, 1.08302763605096, 1.43141899637954, 1.14954489835269, 0.665681821259796, -0.0862396063008902, 0.909715899325818, 0.921838388313344, -0.012122488987526, 93.2170909090851, 93.581182795699, 92.1293870573873, 87.1347046603794
6/28/2018, 92.78, 93.81, 92.78, 93.69, 122889, 1.07418086409216, 1.39674462445381, 1.35249664703592, 1.12477026739974, 0.0377076216568899, 0.957274033618262, 0.928925517374327, 0.0283485162439345, 93.7339999999942, 93.692559139785, 92.3297655677659, 87.1925649856493
6/29/2018, 93.49, 94.28, 93.02, 93.96, 479398, 1.08458923902677, 1.54508571365658, 1.71788750930344, 1.13606033518512, 0.058445882834466, 1.00516403588593, 0.944173221076647, 0.0609908148092788, 94.0541818181759, 93.7682580645162, 92.49727960928, 87.2524766980998
7/2/2018, 93.63, 93.95, 92.12, 93.2, 95426, 1.13747429886274, 1.16479329432731, 1.745073581278, 1.09568157017978, -0.0470568261534302, 0.970603051498657, 0.949459187161049, 0.0211438643376074, 93.9381818181759, 93.7024731182797, 92.6452332112335, 87.2977408774083
7/3/2018, 93.25, 94.74, 92.98, 94, 83349, 1.16502100448199, 1.28705775496343, 1.91698945847051, 1.53565273324409, 0.0425786468796397, 0.996282017559921, 0.958823753240823, 0.037458264319097, 93.9416363636304, 93.7735053763442, 92.8519804639808, 87.3598846521793
7/5/2018, 94.15, 95.02, 93.8, 95.02, 164392, 1.15908625237047, 1.19766217111433, 2.02458590056668, 1.42042900966598, 0.132264394527875, 1.08641474575539, 0.984341951743737, 0.102072794011654, 94.3481818181758, 93.9541935483872, 93.1000073260076, 87.4360669673358
7/6/2018, 95.28, 95.46, 94.99, 95.29, 80121, 1.12267349055756, 1.36266249207871, 2.10525251451614, 1.44788635410685, 0.19271518591268, 1.16618922231018, 1.02071140585703, 0.145477816453155, 94.7812727272667, 94.1920000000001, 93.3065518925522, 87.5208484351505
7/9/2018, 95.28, 95.3, 94.12, 94.65, 70946, 1.13608641383484, 1.00336510089327, 1.75254925169429, 1.29169305380955, 0.163947855892854, 1.16434655610882, 1.04943843590739, 0.114908120201439, 95.0041818181758, 94.2975053763442, 93.4774481074485, 87.6027052070514
7/10/2018, 94.71, 95.18, 94.46, 94.81, 82921, 1.11543139031742, 0.79175050457733, 1.49172145373116, 1.40696894384099, 0.187165278961564, 1.16239749790425, 1.07203024830676, 0.0903672495974928, 95.1579999999939, 94.4091827956991, 93.6548376068379, 87.6884387043864
