Date,RXI_Open,RXI_High,RXI_Low,RXI_Close,RXI_Volume,RXI_ATRPercentOfClose20,RXI_SQN25,RXI_SQN50,RXI_SQN100,RXI_SQN200,RXI_MACD,RXI_MACD_Avg,RXI_MACD_Diff,RXI_LinReg10,RXI_LinReg30,RXI_LinReg90,RXI_LinReg270
1/3/2017, 90.71, 91.01, 90.28, 90.84, 93837, 0, 0, 0, 0, 0, 0, 0, 0, 90.84, 90.84, 90.84, 90.84
1/4/2017, 91.09, 91.97, 91.09, 91.96, 5487, 0, 0, 0, 0, 0, 0.0893447293447309, 0.0178689458689462, 0.0714757834757847, 91.96, 91.96, 91.96, 91.96
1/5/2017, 91.71, 92.06, 91.71, 92.06, 7666, 0, 0, 0, 0, 0, 0.166303195590956, 0.0475557958133481, 0.118747399777608, 92.23, 92.23, 92.23, 92.23
1/6/2017, 91.51, 92.33, 91.43, 92.16, 13419, 0, 0, 0, 0, 0, 0.232680305093353, 0.0845806976693492, 0.148099607424004, 92.364, 92.364, 92.364, 92.364
1/9/2017, 91.96, 92.24, 91.92, 92.24, 16517, 0, 0, 0, 0, 0, 0.288415301938912, 0.125347618523262, 0.16306768341565, 92.452, 92.452, 92.452, 92.452
1/10/2017, 92.24, 92.72, 92.19, 92.27, 33346, 0, 0, 0, 0, 0, 0.331188700584974, 0.166515834935604, 0.16467286564937, 92.4995238095238, 92.4995238095238, 92.4995238095238, 92.4995238095238
1/11/2017, 92.24, 92.85, 92.23, 92.83, 8148, 0, 0, 0, 0, 0, 0.405598757067395, 0.214332419361962, 0.191266337705433, 92.7767857142857, 92.7767857142857, 92.7767857142857, 92.7767857142857
1/12/2017, 92.69, 92.78, 92.13, 92.74, 17943, 0, 0, 0, 0, 0, 0.452095539131207, 0.261885043315811, 0.190210495815396, 92.9025, 92.9025, 92.9025, 92.9025
1/13/2017, 93.07, 93.07, 92.78, 92.91, 6860, 0, 0, 0, 0, 0, 0.496933809532962, 0.308894796559241, 0.18803901297372, 93.0413333333333, 93.0413333333333, 93.0413333333333, 93.0413333333333
1/17/2017, 92.89, 93.18, 92.72, 92.97, 14784, 0, 0, 0, 0, 0, 0.531186769995514, 0.353353191246496, 0.177833578749018, 93.1505454545454, 93.1505454545454, 93.1505454545454, 93.1505454545454
1/18/2017, 92.93, 92.93, 92.45, 92.61, 10987, 0, 0, 0, 0, 0, 0.523251775828058, 0.387332908162808, 0.135918867665249, 92.9667272727272, 93.1077272727272, 93.1077272727272, 93.1077272727272
1/19/2017, 92.78, 93.03, 92.37, 92.44, 6508, 0, 0, 0, 0, 0, 0.49751066329425, 0.409368459189097, 0.0881422041051531, 92.8516363636363, 93.0210256410256, 93.0210256410256, 93.0210256410256
1/20/2017, 92.69, 92.87, 92.42, 92.59, 79217, 0, 0, 0, 0, 0, 0.483639299761563, 0.42422262730359, 0.0594166724579732, 92.7821818181818, 92.992967032967, 92.992967032967, 92.992967032967
1/23/2017, 92.68, 92.75, 92.35, 92.72, 12238, 0, 0, 0, 0, 0, 0.477630233748641, 0.4349041485926, 0.042726085156041, 92.7487272727272, 93.0017142857143, 93.0017142857143, 93.0017142857143
1/24/2017, 92.89, 93.4, 92.89, 93.38, 7873, 0, 0, 0, 0, 0, 0.520128769108908, 0.451949072695862, 0.0681796964130459, 92.9287272727272, 93.1655, 93.1655, 93.1655
1/25/2017, 93.78, 94.05, 93.78, 93.99, 8313, 0, 0, 0, 0, 0, 0.59615891767767, 0.480791041692224, 0.115367875985446, 93.2632727272726, 93.4325735294118, 93.4325735294118, 93.4325735294118
1/26/2017, 93.86, 94.17, 93.86, 93.96, 11737, 0, 0, 0, 0, 0, 0.646539701682528, 0.513940773690284, 0.132598927992243, 93.6056363636363, 93.6392156862745, 93.6392156862745, 93.6392156862745
1/27/2017, 93.63, 93.63, 93.24, 93.51, 8624, 0, 0, 0, 0, 0, 0.642746416197056, 0.539701902191639, 0.103044514005417, 93.712909090909, 93.7133333333333, 93.7133333333333, 93.7133333333333
1/30/2017, 93.08, 93.21, 92.51, 93.13, 13685, 0, 0, 0, 0, 0, 0.602136333082257, 0.552188788369762, 0.0499475447124943, 93.680909090909, 93.6979473684211, 93.6979473684211, 93.6979473684211
1/31/2017, 92.83, 93.17, 92.64, 93.17, 26388, 0, 0, 0, 0, 0, 0.566648247073999, 0.55508068011061, 0.0115675669633896, 93.6627272727272, 93.6901428571429, 93.6901428571429, 93.6901428571429
2/1/2017, 93.22, 93.4, 92.68, 93.1, 10717, 0, 0, 0, 0, 0, 0.526802615619403, 0.549425067212368, -0.0226224515929658, 93.5374545454545, 93.6690476190476, 93.6690476190476, 93.6690476190476
2/2/2017, 92.78, 93.06, 92.78, 92.87, 40802, 0.63761306126844, 0, 0, 0, 0, 0.471233501338787, 0.533786754037652, -0.062553252698865, 93.2719999999999, 93.6101976284586, 93.6101976284586, 93.6101976284586
2/3/2017, 92.89, 93.01, 92.82, 92.93, 4419, 0.615564067039708, 0, 0, 0, 0, 0.427112588425615, 0.512451920915245, -0.0853393324896298, 93.0338181818181, 93.5680434782609, 93.5680434782609, 93.5680434782609
2/6/2017, 92.55, 92.55, 92.22, 92.38, 66287, 0.626695716740638, 0, 0, 0, 0, 0.343802897813575, 0.478722116294911, -0.134919218481336, 92.6130909090908, 93.4442, 93.4442, 93.4442
2/7/2017, 92.4, 92.4, 92.16, 92.24, 11583, 0.609274097971326, 0, 0, 0, 0, 0.263445699780632, 0.435666832992055, -0.172221133211423, 92.2945454545454, 93.3146461538462, 93.3146461538462, 93.3146461538462
2/8/2017, 92.12, 92.81, 92.12, 92.81, 13786, 0.612428301444148, 1.0617140512753, 0, 0, 0, 0.242955636367014, 0.397124593667047, -0.154168957300033, 92.3570909090908, 93.2836752136752, 93.2836752136752, 93.2836752136752
2/9/2017, 92.58, 93.24, 92.58, 93.03, 8915, 0.615903441085454, 0.695569453035637, 0, 0, 0, 0.241683300229653, 0.366036334979568, -0.124353034749915, 92.5539999999999, 93.2866402116402, 93.2866402116402, 93.2866402116402
2/10/2017, 93.26, 93.7, 93.26, 93.61, 25581, 0.61726976036717, 0.949407093340557, 0, 0, 0, 0.284200036301755, 0.349669075244006, -0.0654690389422509, 92.9119999999999, 93.3671428571429, 93.3671428571429, 93.3671428571429
2/13/2017, 94.03, 94.17, 94, 94.03, 4721, 0.613564725668109, 1.11654886637768, 0, 0, 0, 0.347776396058492, 0.349290539406903, -0.00151414334841066, 93.3336363636364, 93.4926896551724, 93.4926896551724, 93.4926896551724
2/14/2017, 94.05, 94.28, 94.01, 94.28, 8531, 0.595659912991553, 1.20921685915959, 0, 0, 0, 0.413566690499721, 0.362145769625467, 0.0514209208742543, 93.8005454545454, 93.6351827956989, 93.6351827956989, 93.6351827956989
2/15/2017, 93.99, 94.65, 93.99, 94.52, 5015, 0.599353319583173, 1.32647631419426, 0, 0, 0, 0.479544081409529, 0.385625431982279, 0.0939186494272496, 94.2758181818181, 93.7113978494624, 93.7909677419355, 93.7909677419355
2/16/2017, 94.43, 94.48, 94.16, 94.29, 7353, 0.58986458774686, 0.884957985223488, 0, 0, 0, 0.50742330128007, 0.409985005841837, 0.0974382954382331, 94.5481818181818, 93.8093548387097, 93.9021022727273, 93.9021022727273
2/17/2017, 93.94, 94.31, 93.94, 94.27, 8958, 0.580114727694058, 0.930212538337226, 0, 0, 0, 0.521887951591395, 0.432365594991749, 0.0895223565996465, 94.7481818181818, 93.8964086021505, 93.9987344028521, 93.9987344028521
2/21/2017, 94.68, 95.13, 94.68, 94.89, 19666, 0.592823739179397, 1.13960887789292, 0, 0, 0, 0.576731903241679, 0.461238856641735, 0.115493046599944, 94.9792727272727, 94.0545376344085, 94.1547563025211, 94.1547563025211
2/22/2017, 94.9, 95.04, 94.76, 95, 11031, 0.577267288212593, 1.16704747726357, 0, 0, 0, 0.621903296662936, 0.493371744645975, 0.12853155201696, 95.0834545454545, 94.2143440860215, 94.3069047619048, 94.3069047619048
2/23/2017, 95.26, 95.26, 94.69, 94.79, 7901, 0.579685333486512, 1.2804015625179, 0, 0, 0, 0.633454635706215, 0.521388322858023, 0.112066312848192, 95.0785454545453, 94.3316989247311, 94.4214864864866, 94.4214864864866
2/24/2017, 94.17, 94.63, 94.17, 94.63, 16193, 0.58439135710797, 1.29000545683229, 0, 0, 0, 0.622522441102461, 0.541615146506911, 0.0809072945955504, 94.9543636363636, 94.4498279569892, 94.5080796586061, 94.5080796586061
2/27/2017, 94.44, 94.69, 94.44, 94.65, 11188, 0.568261029233712, 1.21284486308901, 0, 0, 0, 0.608458500132528, 0.554983817232034, 0.0534746829004936, 94.8658181818181, 94.55288172043, 94.588097165992, 94.588097165992
2/28/2017, 94.55, 94.55, 94.08, 94.19, 2678, 0.572742447140061, 0.832386668992178, 0, 0, 0, 0.553810586265683, 0.554749171038764, -0.000938584773080731, 94.6456363636362, 94.5965806451612, 94.6148846153847, 94.6148846153847
3/1/2017, 95.07, 95.47, 95.07, 95.47, 6237, 0.603847078048772, 1.01166277896358, 0, 0, 0, 0.606792299489499, 0.565157796728911, 0.0416345027605874, 94.9089090909089, 94.7984301075268, 94.7618902439026, 94.7618902439026
3/2/2017, 94.87, 95.17, 94.87, 95.17, 443866, 0.606985568080807, 0.586107117169013, 0, 0, 0, 0.617455552875782, 0.575617347958285, 0.0418382049174968, 95.0516363636361, 94.9220860215052, 94.8676655052266, 94.8676655052266
3/3/2017, 95, 95.04, 94.47, 94.76, 7107, 0.61606664930918, 0.393184025361192, 0, 0, 0, 0.586066870453351, 0.577707252457298, 0.00835961799605245, 94.9712727272725, 94.9658709677418, 94.9263676633445, 94.9263676633445
3/6/2017, 94.76, 94.76, 94.32, 94.65, 23414, 0.609187024871749, 0.571174370570185, 0, 0, 0, 0.546020844390739, 0.571369970843987, -0.0253491264532475, 94.8232727272724, 94.9907311827955, 94.969735729387, 94.969735729387
3/7/2017, 94.44, 94.49, 94.23, 94.27, 7297, 0.603336950343752, 0.573709650256763, 0, 0, 0, 0.478109902667711, 0.552717957208732, -0.0746080545410204, 94.6472727272723, 94.9627526881719, 94.9755757575758, 94.9755757575758
3/8/2017, 94.45, 94.67, 94.45, 94.5, 3456, 0.592939106809103, 0.664139895934489, 0, 0, 0, 0.437802356842894, 0.529734837135564, -0.0919324802926698, 94.6065454545451, 94.9979569892472, 95.0000096618358, 95.0000096618358
3/9/2017, 94.82, 94.9, 94.49, 94.71, 9166, 0.583688188298884, 0.80065801434114, 0, 0, 0, 0.417985306902182, 0.507384931088888, -0.089399624186706, 94.623636363636, 95.0932473118278, 95.0396022201666, 95.0396022201666
3/10/2017, 95.29, 95.36, 94.85, 95.01, 3310, 0.586959824209009, 1.06617154587824, 0, 0, 0, 0.421627386784493, 0.490233422228009, -0.0686060354435156, 94.716727272727, 95.2199569892471, 95.1003723404256, 95.1003723404256
3/13/2017, 95.33, 95.4, 95.15, 95.34, 7103, 0.576134888328016, 1.18931423643336, 0, 0, 0, 0.44600078399391, 0.481386894581189, -0.0353861105872795, 94.9070909090906, 95.35176344086, 95.1828146258504, 95.1828146258504
3/14/2017, 94.97, 95.15, 94.9, 95.13, 1466, 0.571662622101686, 1.4191747583162, 0, 0, 0, 0.443261983699344, 0.47376191240482, -0.0304999287054761, 94.8952727272724, 95.4197849462363, 95.2422285714286, 95.2422285714286
3/15/2017, 95.23, 95.68, 95.19, 95.64, 2657, 0.568937180871045, 1.7327732216722, 0, 0, 0, 0.4767485420589, 0.474359238335636, 0.00238930372326374, 95.2643636363633, 95.5422795698922, 95.3365411764706, 95.3365411764706
3/16/2017, 96, 96.09, 95.86, 95.95, 1931, 0.562193792387509, 1.62931266962192, 1.90115453852384, 0, 0, 0.522280762516559, 0.483943543171821, 0.0383372193447381, 95.6712727272723, 95.6835053763438, 95.4475113122172, 95.4475113122172
3/17/2017, 96.28, 96.28, 96, 96.02, 1827, 0.55087866757553, 1.55098024921389, 1.63111217724693, 0, 0, 0.557586282675501, 0.498672091072557, 0.0589141916029446, 95.9778181818177, 95.799892473118, 95.5557837445573, 95.5557837445573
3/20/2017, 96.04, 96.04, 95.67, 95.71, 3476, 0.54435901345285, 1.10073477729237, 1.45297758293876, 0, 0, 0.554163698382084, 0.509770412534462, 0.0443932858476216, 96.0865454545449, 95.8606236559137, 95.6336897274633, 95.6336897274633
3/21/2017, 96.31, 96.31, 95, 95, 1856, 0.589953380196776, 0.48690644245709, 1.09021065231983, 0, 0, 0.488528754011085, 0.505522080829787, -0.0169933268187015, 95.8161818181813, 95.7766666666663, 95.6548754208754, 95.6548754208754
3/22/2017, 94.81, 94.98, 94.4, 94.98, 5925, 0.592159323676131, 0.3557102651472, 1.05158666972514, 0, 0, 0.4299426437032, 0.490406193404469, -0.0604635497012696, 95.5450909090903, 95.6639354838706, 95.6727207792208, 95.6727207792208
3/23/2017, 95.01, 95.51, 95.01, 95.08, 12710, 0.589830962711622, 0.287521952848772, 1.07728122087825, 0, 0, 0.387119421738873, 0.46974883907135, -0.0826294173324768, 95.3243636363631, 95.5842150537631, 95.6958458646617, 95.6958458646617
3/24/2017, 95.27, 95.64, 95.13, 95.13, 2003, 0.589478309028592, 0.429741916728186, 0.898206192391445, 0, 0, 0.353145451006256, 0.446428161458331, -0.0932827104520754, 95.1607272727267, 95.5108602150534, 95.7204355716879, 95.7204355716879
3/27/2017, 94.78, 95.65, 94.78, 95.59, 443973, 0.602816382058746, 0.654775697665214, 1.09653471310962, 0, 0, 0.359198374779794, 0.428982204122624, -0.0697838293428299, 95.215454545454, 95.5209892473115, 95.7739450613676, 95.7739450613676
3/28/2017, 95.76, 96.37, 95.76, 96.28, 7342, 0.609078282747671, 0.678605104892242, 1.25614835958923, 0, 0, 0.41489000024589, 0.426163763347277, -0.011273763101387, 95.4529090909085, 95.6338924731179, 95.8694237288136, 95.8694237288136
3/29/2017, 95.97, 96.5, 95.97, 96.5, 3413, 0.604766364868378, 0.728369907086909, 1.31136322147747, 0, 0, 0.471344806519937, 0.435199971981809, 0.036144834538128, 95.8056363636358, 95.7768602150534, 95.9732240437159, 95.9732240437159
3/30/2017, 96.31, 96.67, 96.31, 96.58, 3750, 0.592689547518208, 0.875306640771657, 1.49481317996883, 0, 0, 0.516586095691679, 0.451477196723783, 0.0651088989678956, 96.2010909090903, 95.9316559139781, 96.0757800105764, 96.0757800105764
3/31/2017, 96.5, 96.77, 96.47, 96.48, 14397, 0.579185931533407, 0.908150626157318, 1.52651429246893, 0, 0, 0.538167321160245, 0.468815221611076, 0.0693520995491692, 96.5416363636357, 96.0451397849459, 96.1658371735792, 96.1658371735792
4/3/2017, 96.34, 96.34, 95.75, 96.14, 4361, 0.590137983572144, 0.721522883508544, 1.32963832545857, 0, 0, 0.521820220645182, 0.479416221417897, 0.0424039992272852, 96.6776363636356, 96.100021505376, 96.229384920635, 96.229384920635
4/4/2017, 95.88, 95.96, 95.78, 95.92, 3008, 0.580682573536224, 0.858146193830781, 1.19433575178193, 0, 0, 0.485516136530563, 0.48063620444043, 0.00487993209013315, 96.572181818181, 96.1562580645157, 96.275576923077, 96.275576923077
4/5/2017, 95.79, 96.37, 95.42, 95.42, 15003, 0.604318998437591, -0.020478058461673, 0.770131117911846, 0, 0, 0.411653778474616, 0.466839719247267, -0.0551859407726517, 96.2398181818173, 96.1497419354834, 96.2887552447553, 96.2887552447553
4/6/2017, 95.54, 95.97, 95.54, 95.78, 4059, 0.600656847873973, 0.36596978419716, 0.684670533902854, 0, 0, 0.37781114719462, 0.449034004836738, -0.0712228576421176, 96.0278181818173, 96.1721935483866, 96.3220895522388, 96.3220895522388
4/7/2017, 95.82, 95.82, 95.49, 95.49, 295759, 0.589636268142221, 0.444588223982631, 0.584355809357793, 0, 0, 0.323856821864766, 0.423998568242344, -0.100141746377578, 95.6874545454536, 96.1407956989242, 96.3363081650571, 96.3363081650571
4/10/2017, 95.81, 96.04, 95.61, 95.78, 6124, 0.587170065594652, 0.677981280580818, 0.871591034149676, 0, 0, 0.301028141656317, 0.399404482925138, -0.0983763412688209, 95.5196363636354, 96.1419784946232, 96.3660358056267, 96.3660358056267
4/11/2017, 95.47, 96.01, 95.46, 96.01, 16004, 0.585118127679648, 1.07100914238296, 1.11552661411217, 0, 0, 0.298059481759012, 0.379135482691913, -0.0810760009329013, 95.5589090909081, 96.1343870967738, 96.4068819875777, 96.4068819875777
4/12/2017, 95.88, 95.96, 95.59, 95.75, 4505, 0.579303727066286, 0.761985790961716, 0.995044088065236, 0, 0, 0.271596178628528, 0.357627621879236, -0.0860314432507082, 95.5670909090899, 96.1673978494619, 96.430740442656, 96.430740442656
4/13/2017, 95.57, 95.67, 95.1, 95.13, 13857, 0.588089091488143, 0.246639849752083, 0.76658428326889, 0, 0, 0.19830901886958, 0.325763901277305, -0.127454882407725, 95.4179999999989, 96.0999354838705, 96.4188145539907, 96.4188145539907
4/17/2017, 95.33, 95.86, 95.33, 95.83, 2520, 0.592691949385409, 0.445333486901503, 1.08486164189379, 0, 0, 0.194470827960217, 0.299505286613887, -0.10503445865367, 95.5698181818171, 96.094215053763, 96.4451369863014, 96.4451369863014
4/18/2017, 95.78, 95.84, 95.45, 95.84, 7247, 0.583345012876915, 0.278292076605233, 1.06621757635763, 0, 0, 0.19004522735645, 0.2776132747624, -0.0875680474059499, 95.6925454545443, 96.07552688172, 96.4703554239171, 96.4703554239171
4/19/2017, 96.13, 96.28, 95.77, 95.77, 3607, 0.58120911279542, 0.356248382335036, 1.2742332137433, 0, 0, 0.178828073295321, 0.257856234468984, -0.0790281611736628, 95.7634545454533, 96.0149462365586, 96.4903027027028, 96.4903027027028
4/20/2017, 96.26, 96.97, 96.26, 96.91, 3114, 0.607566576161351, 0.611956017191817, 1.63126199378314, 0, 0, 0.258941948907875, 0.258073377356762, 0.000868571551112862, 96.1363636363624, 96.1046666666662, 96.568554385965, 96.568554385965
4/21/2017, 96.75, 96.75, 96.42, 96.64, 68325, 0.604152659882106, 0.336628022517221, 1.34828702019687, 0, 0, 0.297219863431579, 0.265902674571726, 0.0313171888598533, 96.4067272727258, 96.1585806451608, 96.6289507860561, 96.6289507860561
4/24/2017, 98.02, 98.07, 97.85, 97.99, 67674, 0.639004463705034, 0.801259705200963, 1.59153467775909, 0, 0, 0.431514869244396, 0.299025113506259, 0.132489755738136, 97.038545454544, 96.3913333333329, 96.755054945055, 96.755054945055
4/25/2017, 98.57, 98.94, 98.57, 98.84, 3682, 0.649891188066911, 1.22719305352476, 1.64216564572121, 0, 0, 0.599620473579265, 0.359144185520861, 0.240476288058404, 97.8856363636348, 96.7347096774189, 96.9179779292438, 96.9179779292438
4/26/2017, 99.02, 99.46, 98.94, 99.3, 3316, 0.64575511356603, 1.77372084373282, 1.64631160872782, 0, 0, 0.761189018587174, 0.439553152134123, 0.321635866453051, 98.7707272727256, 97.0998709677415, 97.0962689873418, 97.0962689873418
4/27/2017, 99.41, 99.6, 99.32, 99.58, 4820, 0.626805670197343, 1.89909529419321, 1.65073301577359, 0, 0, 0.901435724578135, 0.531929666622926, 0.36950605795521, 99.5210909090893, 97.507655913978, 97.2802314814816, 97.2802314814816
4/28/2017, 99.75, 99.75, 99.14, 99.23, 9494, 0.628302360237215, 1.68034015313507, 1.45776550598135, 0, 0, 0.973122622724006, 0.620168257843142, 0.352954364880864, 99.8176363636346, 97.866279569892, 97.4390003011142, 97.4390003011142
5/1/2017, 99.64, 99.75, 99.34, 99.53, 13478, 0.6212109016982, 1.7777306576802, 1.62517217056672, 0, 0, 1.04212947884713, 0.70456050204394, 0.33756897680319, 100.13418181818, 98.246473118279, 97.605060240964, 97.605060240964
5/2/2017, 99.57, 99.57, 99.2, 99.52, 5153, 0.608798884583207, 1.59293663911517, 1.62869139084932, 0, 0, 1.08352083929864, 0.78035256949488, 0.303168269803763, 100.247454545453, 98.5820860215049, 97.7633390705681, 97.7633390705681
5/3/2017, 99.56, 99.56, 99.03, 99.24, 11829, 0.606693689480398, 1.2144250370752, 1.35950877267003, 0, 0, 1.08126596968886, 0.840535249533676, 0.240730720155182, 100.049272727271, 98.8102580645156, 97.9016078431373, 97.9016078431373
5/4/2017, 99.24, 99.47, 99.06, 99.47, 5900, 0.5956355449566, 1.21565153267745, 1.39301322387314, 0, 0, 1.08552479298957, 0.889533158224855, 0.195991634764718, 99.9692727272707, 99.0389247311822, 98.044484268126, 98.044484268126
5/5/2017, 99.6, 99.86, 99.6, 99.86, 961, 0.583171182395267, 1.33126483439743, 1.57765578398944, 0, 0, 1.10760193611134, 0.933146913802152, 0.174455022309185, 99.8303636363616, 99.2947741935479, 98.1990376904572, 98.1990376904572
5/8/2017, 100.07, 100.08, 99.88, 99.98, 2790, 0.564349875578033, 1.42606079053048, 1.66992649306707, 0, 0, 1.12184924840204, 0.97088738072213, 0.150961867679913, 99.8272727272707, 99.5383440860209, 98.3524634273773, 98.3524634273773
5/9/2017, 100.06, 100.27, 100.06, 100.22, 4615, 0.549316658673689, 1.69466803259349, 1.73511121972584, 0, 0, 1.13937236488734, 1.00458437755517, 0.134787987332165, 99.9685454545433, 99.8117419354834, 98.5101736465782, 98.5101736465782
5/10/2017, 99.99, 100.04, 99.71, 99.97, 6419, 0.548663496605615, 1.68402292424455, 1.8251772002744, 0, 0, 1.120173981907, 1.02770229842554, 0.0924716834814638, 100.04018181818, 100.069548387096, 98.6502921348315, 98.6502921348315
5/11/2017, 99.72, 99.72, 99.08, 99.57, 5904, 0.568016423298987, 1.75493678433784, 1.37813230472787, 0, 0, 1.06045816638786, 1.034253472018, 0.0262046943698584, 99.9930909090887, 100.267462365591, 98.7671233211234, 98.7671233211234
5/12/2017, 99.48, 99.53, 99.38, 99.46, 4809, 0.549763980539776, 1.5518382659307, 1.45347773774443, 0, 0, 0.992812348914029, 1.02596524739721, -0.0331528984831786, 99.8385454545432, 100.436946236559, 98.8581684981687, 98.8743382704254
5/15/2017, 99.62, 99.88, 99.56, 99.66, 10679, 0.542299309946436, 1.78972913454602, 1.68345881447078, 0, 0, 0.944453804181947, 1.00966295875416, -0.0652091545722084, 99.8005454545431, 100.606559139784, 98.9765299145301, 98.9856591865359
5/16/2017, 99.88, 99.88, 99.5, 99.56, 6467, 0.534785775088376, 1.61479857938794, 1.6892768338765, 0, 0, 0.887825841167569, 0.985295535236838, -0.0974696940692694, 99.7189090909068, 100.720301075268, 99.0871013431015, 99.0881903454588
5/17/2017, 99.1, 99.13, 98.18, 98.18, 20689, 0.585466573430523, 0.799548635081052, 1.23822435469858, 0, 0, 0.723256059989154, 0.932887640187301, -0.209631580198147, 99.1023636363612, 100.622215053763, 99.1340781440783, 99.1287368421054
5/18/2017, 98.33, 98.96, 98.33, 98.84, 17776, 0.591936996868052, 1.11900395127942, 1.34768665127331, 0, 0, 0.63872696009166, 0.874055504168173, -0.235328544076513, 98.817636363634, 100.559956989247, 99.2072722832725, 99.1947500000001
5/19/2017, 99.05, 99.59, 98.94, 99.49, 26235, 0.596358429308637, 1.61114956890243, 1.45760626636314, 0, 0, 0.61707336945868, 0.822659077226275, -0.205585707767594, 98.8698181818157, 100.582107526881, 99.3047106227108, 99.2846434707904
5/22/2017, 99.5, 99.85, 99.5, 99.82, 7759, 0.582700011273497, 1.49515003856203, 1.46155488017681, 0, 0, 0.619400916746699, 0.782007445130359, -0.162606528383661, 99.0801818181793, 100.602860215053, 99.4237289377291, 99.3843298969073
5/23/2017, 99.87, 99.87, 99.35, 99.41, 15542, 0.582002407897139, 1.31654801970056, 1.23009037503292, 0, 0, 0.58145924106924, 0.741897804318135, -0.160438563248896, 99.2056363636338, 100.562989247311, 99.5177045177047, 99.4636178107607
5/24/2017, 99.25, 99.74, 99.09, 99.68, 7496, 0.584008992782923, 1.44270489298157, 1.37639290705595, 0, 0, 0.566645002392391, 0.706847243932987, -0.140202241540595, 99.4185454545428, 100.54929032258, 99.6223736263738, 99.5504848484849
5/25/2017, 99.87, 100.38, 99.87, 100.15, 5888, 0.587152427164969, 1.26821478582467, 1.36065728076286, 0, 0, 0.586073789726569, 0.682692553091703, -0.096618763365134, 99.7296363636336, 100.554215053763, 99.7439609279611, 99.6524752475248
5/26/2017, 100.2, 100.23, 100.1, 100.23, 3410, 0.563834678255443, 1.42282756192586, 1.2924541193811, 2.21461208714666, 0, 0.600998636900343, 0.666353769853431, -0.0653551329530884, 100.014727272725, 100.499569892473, 99.8557851037853, 99.7537041351194
5/30/2017, 100.27, 100.6, 100.27, 100.44, 3918, 0.552941978409656, 1.10657386301753, 1.33154922314276, 2.05308049189656, 0, 0.622595042670099, 0.657602024416765, -0.0350069817466658, 100.370363636361, 100.485333333333, 99.9674285714288, 99.8592271083191
5/31/2017, 100.01, 100.61, 100.01, 100.58, 7675, 0.554390710836076, 0.835398400359678, 1.47745268972396, 2.06001845056538, 0, 0.64358829456755, 0.654799278446922, -0.0112109838793718, 100.711818181815, 100.459784946236, 100.082664224664, 99.9661781179985
6/1/2017, 101.17, 101.39, 101.17, 101.38, 1565, 0.562463866749832, 0.953231509322104, 1.95284434746308, 2.18967426264857, 0, 0.716519323324036, 0.667143287422345, 0.0493760359016912, 100.997999999997, 100.500494623656, 100.229904761905, 100.099516483517
6/2/2017, 101.81, 102.24, 101.81, 102.21, 4184, 0.572071788186509, 1.14086747538085, 2.16151584027044, 2.32519439709266, 0, 0.831704382055477, 0.700055506348971, 0.131648875706506, 101.528363636361, 100.686322580645, 100.421748473749, 100.259248876909
6/5/2017, 101.85, 101.85, 101.66, 101.76, 3760, 0.572895878508411, 1.09336772991085, 1.97388455247155, 2.20323204190529, 0, 0.87657353767635, 0.735359112614447, 0.141214425061903, 101.849454545452, 100.762860215053, 100.601008547009, 100.396639040734
6/6/2017, 101.33, 101.33, 101.04, 101.13, 2705, 0.583239299586325, 0.670669490781917, 1.74080960384182, 1.91875214322029, 0, 0.851481582249107, 0.758583606541379, 0.0928979757077282, 101.895090909088, 100.816430107527, 100.746371184371, 100.505976116303
6/7/2017, 101.17, 101.2, 100.99, 101.2, 1662, 0.564069573604811, 0.703741772934374, 1.63258865905094, 1.95714594533406, 0, 0.827703194581034, 0.77240752414931, 0.0552956704317235, 101.811454545451, 100.91529032258, 100.879540903541, 100.613982330955
6/8/2017, 100.9, 100.9, 100.22, 100.4, 14370, 0.588940725163013, 0.469815293760388, 1.18540935980423, 1.71009126992601, 0, 0.735823224817395, 0.765090664282927, -0.0292674394655323, 101.407818181815, 100.928086021505, 100.963663003663, 100.689219349458
6/9/2017, 100.31, 100.42, 99.79, 99.91, 6045, 0.593766053108279, 0.183500909559182, 0.974657857035927, 1.57805915634506, 0, 0.616363724577283, 0.735345276341798, -0.118981551764515, 100.889636363633, 100.890279569892, 101.021929181929, 100.744132678133
6/12/2017, 99.66, 100.06, 99.66, 99.79, 3154, 0.584798156606331, -0.0145172818656611, 0.917527275750241, 1.64245429728092, 0, 0.506173361431024, 0.689510893359644, -0.183337531928619, 100.359090909087, 100.811784946236, 101.068456654457, 100.792693050193
6/13/2017, 100.3, 100.68, 100.3, 100.68, 2576, 0.594846619441384, 0.271309799310135, 1.1637581759424, 1.85024385088219, 0, 0.485070673935454, 0.648622849474806, -0.163552175539352, 100.201999999997, 100.862602150537, 101.143875457876, 100.870747471555
6/14/2017, 100.97, 100.97, 100.17, 100.49, 9193, 0.605977706867256, 0.112963668990685, 1.21288181626473, 1.77239571946292, 0, 0.4478526632317, 0.608468812226185, -0.160616148994485, 99.9941818181782, 100.881225806451, 101.206600732601, 100.939408476945
6/15/2017, 99.38, 99.9, 99.15, 99.85, 11818, 0.646469351777025, -0.0294959673366275, 1.08619557360602, 1.58810625577403, 0, 0.362535388028093, 0.559282127386566, -0.196746739358474, 99.7301818181781, 100.793720430107, 101.22358974359, 100.983459954234
6/16/2017, 99.98, 99.99, 99.56, 99.99, 3439, 0.634788144176309, 0.167211171719677, 1.27872628682607, 1.48084319507943, 0, 0.302728002748609, 0.507971302458975, -0.205243299710366, 99.7639999999962, 100.735376344086, 101.238114774115, 101.030635682159
6/19/2017, 100.24, 100.61, 100.24, 100.44, 3491, 0.631211103239543, 0.367746719434439, 1.29614603534389, 1.44400495199974, 0, 0.288317908837357, 0.464040623734651, -0.175722714897294, 99.9843636363597, 100.756774193548, 101.279299145299, 101.091370468612
6/20/2017, 99.11, 99.11, 98.8, 98.87, 5064, 0.692109851814612, -0.234407649384677, 0.879404460819866, 1.05476653700011, 0, 0.148500109803308, 0.400932520948383, -0.252432411145074, 99.6083636363597, 100.583225806451, 101.251155067155, 101.096967984934
6/21/2017, 98.87, 99.01, 98.63, 98.86, 5852, 0.676789965572175, -0.206070793971402, 0.803133122210893, 1.15618965721503, 0, 0.0364662204198964, 0.328039260842685, -0.291573040422789, 99.3661818181778, 100.431569892473, 101.231184371185, 101.101726249822
6/22/2017, 99, 99.12, 98.83, 98.83, 5960, 0.657817294309845, 0.245149735312665, 0.73676950154541, 1.23799490792991, 0, -0.0541183506972516, 0.251607738534698, -0.30572608923195, 99.0812727272686, 100.268215053763, 101.21538949939, 101.105016806723
6/23/2017, 98.77, 98.97, 98.47, 98.92, 13756, 0.649630803040941, 0.0430164670026845, 0.829131343476935, 1.24780543961473, 0, -0.117292948003296, 0.177827601227099, -0.295120549230395, 98.8150909090867, 100.096967741935, 101.205567765568, 101.110848484849
6/26/2017, 99.27, 99.42, 98.97, 98.97, 15115, 0.642097656713847, -0.180226412207448, 1.01891371772013, 1.27396513054878, 0, -0.161463439362691, 0.109969393109141, -0.271432832471832, 98.5961818181776, 99.9289247311824, 101.199865689866, 101.1178254979
6/27/2017, 98.81, 99.08, 98.61, 98.63, 4369, 0.635921979425337, -0.431023227484923, 0.75307297467204, 1.25245197624526, 0, -0.221352417614497, 0.0437050309644134, -0.265057448578911, 98.4825454545412, 99.7342365591394, 101.170930402931, 101.113278688525
6/28/2017, 98.94, 99.45, 98.93, 99.35, 3289, 0.641015959629441, -0.00786583920869959, 0.923273642904607, 1.37558284348101, 0, -0.208315549662345, -0.00669908516093825, -0.201616464501407, 98.6914545454502, 99.6308817204297, 101.169843711844, 101.131683713611
6/29/2017, 98.98, 99.07, 97.88, 98.4, 5149, 0.689539520424041, -0.429347196570153, 0.679960539748608, 1.28593628602708, 0, -0.271510988735017, -0.0596614658757539, -0.211849522859263, 98.5063636363592, 99.3163440860211, 101.137286935287, 101.11899483871
6/30/2017, 98.81, 99.14, 98.74, 98.97, 13702, 0.688674895112048, -0.389493627277616, 0.54808217733323, 1.4258115733366, 0, -0.272458857082711, -0.102220944117145, -0.170237912965566, 98.6252727272683, 99.116709677419, 101.129518925519, 101.124384761905
7/3/2017, 99.5, 99.5, 98.78, 98.78, 10390, 0.691944185571749, -0.4821489346902, 0.570702200542402, 1.27070475608462, 0, -0.285253239895511, -0.138827403272818, -0.146425836622692, 98.8241818181774, 98.935462365591, 101.105870573871, 101.123375828022
7/5/2017, 98.7, 98.83, 98.3, 98.83, 8425, 0.683828132330654, -0.53823279612799, 0.247224113246773, 1.23421052189768, 0, -0.288037975832651, -0.168669517784785, -0.119368458047866, 98.8169090909046, 98.7871397849458, 101.07792918193, 101.123666338583
7/6/2017, 98.22, 98.36, 97.88, 98.03, 7141, 0.703392814468292, -0.839675880354667, -0.202300808791414, 0.939895660354478, 0, -0.350754928765369, -0.205086599980902, -0.145668328784467, 98.53345454545, 98.5163655913974, 101.012385836386, 101.098960755814
7/7/2017, 97.91, 98.55, 97.91, 98.44, 3853, 0.697947152805875, -0.995506445579181, -0.215300783338151, 0.934295508797924, 0, -0.363188382729561, -0.236706956530634, -0.126481426198927, 98.4309090909045, 98.3245161290318, 100.952065934066, 101.087212880143
7/10/2017, 98.39, 98.73, 98.29, 98.63, 6172, 0.684078088168912, -1.27137229301679, -0.239621979371721, 0.920328935216972, 0, -0.353634098710273, -0.260092384966562, -0.0935417137437117, 98.4332727272681, 98.1961075268813, 100.925382173382, 101.081290663535
7/11/2017, 98.48, 98.72, 98.23, 98.58, 4757, 0.675056712764199, -1.13732992527041, -0.159236241240826, 0.860355439298135, 0, -0.346107134322409, -0.277295334837731, -0.068811799484678, 98.4441818181772, 98.0764946236555, 100.887531135532, 101.073754337266
7/12/2017, 99.25, 99.52, 99.25, 99.35, 5928, 0.683641028757725, -0.609597599956083, -0.0291674527902763, 1.05440101978226, 0, -0.274841197729955, -0.276804507416176, 0.0019633096862206, 98.6743636363589, 98.0792258064512, 100.871728937729, 101.089229892914
7/13/2017, 99.42, 99.65, 99.39, 99.42, 5250, 0.664089211393342, -0.609148775237294, -0.00779504129973218, 1.07255311927866, 0, -0.210289923217573, -0.263501590576455, 0.0532116673588824, 99.0334545454498, 98.1072043010749, 100.85317948718, 101.106131747279
7/14/2017, 99.7, 99.88, 99.62, 99.81, 3533, 0.651463399728381, -0.19796361073239, 0.170595714320783, 1.02530167849208, 0, -0.126207985372048, -0.236042869535574, 0.109834884163526, 99.3334545454498, 98.2454838709673, 100.839738705739, 101.133860696518
7/17/2017, 100.16, 100.23, 100.11, 100.15, 1935, 0.637757701752823, 0.10076452650672, 0.19901491818472, 1.06810223280944, 0, -0.0317710484802944, -0.195188505324518, 0.163417456844224, 99.7879999999952, 98.4923655913975, 100.842212454213, 101.170595860567
7/18/2017, 100.04, 100.28, 99.88, 100.23, 3977, 0.625340338611374, 0.173370024589753, 0.117091105799742, 1.12920189087867, 0, 0.0489618342523386, -0.146358437409147, 0.195320271661485, 100.167818181813, 98.7326881720426, 100.848710622711, 101.20848003435
7/19/2017, 100.44, 100.84, 100.43, 100.73, 3402, 0.621403445170923, 0.0320204299603321, 0.215944016876643, 1.25780967237089, 0, 0.15154216306847, -0.0867783173136234, 0.238320480382093, 100.651272727268, 99.0043225806448, 100.879687423688, 101.259606474135
7/20/2017, 100.89, 101.02, 100.54, 100.7, 13572, 0.614342309637177, 0.0920388056390174, 0.145101641028916, 1.24759962407475, 0, 0.227791227946426, -0.0238644082616135, 0.25165563620804, 100.860727272722, 99.279397849462, 100.912495726496, 101.308351579606
7/21/2017, 100.34, 100.63, 100.23, 100.63, 2883, 0.607384050993148, 0.315676614204049, 0.193007664323326, 1.33718374885083, 0, 0.279350566777339, 0.0367785867461769, 0.242571980031162, 100.982363636359, 99.4954838709674, 100.933650793651, 101.35365364851
7/24/2017, 100.29, 100.36, 100.11, 100.16, 8351, 0.605680952464741, 0.0781194802116896, 0.174937178493522, 1.00340315360835, 0, 0.279069700428039, 0.0852368094825493, 0.19383289094549, 100.860181818177, 99.6177849462363, 100.941565323566, 101.384316109423
7/25/2017, 100.56, 100.92, 100.43, 100.72, 6580, 0.609926072169629, 0.118914333493062, 0.348359339348905, 1.17867550426832, 0, 0.320341731630975, 0.132257793912235, 0.188083937718741, 100.837999999995, 99.8015268817201, 100.977536019536, 101.429714314254
7/26/2017, 100.77, 100.96, 100.77, 100.91, 1754, 0.590230564755513, 0.988520107849314, 0.345155181215514, 1.31091203311607, 0, 0.364183445745738, 0.178642924278935, 0.185540521466803, 100.918727272722, 100.062709677419, 101.019873015873, 101.479073180341
7/27/2017, 101.16, 101.53, 101.16, 101.27, 3457, 0.589336999851929, 1.15606554169871, 0.463276897911863, 1.40611828270179, 0, 0.423100077080719, 0.227534354839292, 0.195565722241427, 101.052727272722, 100.355419354838, 101.067474969475, 101.536975524476
7/28/2017, 100.74, 100.94, 100.49, 100.94, 3473, 0.600337329861845, 0.997784845401212, 0.79303089636834, 1.42351318720123, 0, 0.438113391350782, 0.26965016214159, 0.168463229209192, 101.049818181813, 100.558559139785, 101.080800976801, 101.584188697318
7/31/2017, 101.19, 101.25, 100.84, 101.16, 18995, 0.589345072879022, 1.05510644847289, 0.675542477131666, 1.41843780211723, 0, 0.462433071860374, 0.308206744085347, 0.154226327775028, 101.129272727268, 100.791913978494, 101.098947496948, 101.636058573453
8/1/2017, 101.51, 101.62, 101.22, 101.46, 168354, 0.580891387678098, 1.16494229058245, 0.580525700437685, 1.43280282498716, 0, 0.50014868397632, 0.346595132063542, 0.153553551912779, 101.273272727268, 101.085784946236, 101.127902319903, 101.694612804026
8/2/2017, 101.44, 101.44, 100.84, 101.43, 20436, 0.582572988111297, 1.33751349277155, 0.47843233058746, 1.36346786752782, 0, 0.521605090232669, 0.381597123697367, 0.140007966535302, 101.439818181813, 101.264602150537, 101.151982905983, 101.750760250046
8/3/2017, 101.43, 101.51, 101.17, 101.18, 6860, 0.571613552825878, 0.904817760704653, 0.528381436491863, 1.24149634003558, 0, 0.51252842743942, 0.407783384445778, 0.104745042993643, 101.475818181813, 101.394516129032, 101.170742368743, 101.798687647379
8/4/2017, 101.26, 101.38, 100.97, 101.36, 9078, 0.562293471894004, 1.70292906367611, 0.501997920474219, 1.32483501929412, 0, 0.513935276505222, 0.429013762857667, 0.0849215136475557, 101.533818181813, 101.530301075269, 101.208608058609, 101.850069798658
8/7/2017, 101.32, 101.49, 101.26, 101.46, 3415, 0.544986822349866, 1.48269554471545, 0.397059883408644, 1.24101082888981, 0, 0.517157904388625, 0.446642591163858, 0.070515313224767, 101.49254545454, 101.668451612903, 101.252012210013, 101.902692273731
8/8/2017, 101.38, 101.76, 101.19, 101.31, 30172, 0.546635523105681, 1.51525141388097, 0.33011734210627, 1.14452166752512, 0, 0.501823405956671, 0.457678754122421, 0.0441446518342499, 101.44054545454, 101.774516129032, 101.287003663004, 101.949961659115
8/9/2017, 100.34, 100.88, 100.25, 100.82, 18382, 0.574396574127601, 1.13285868117456, 0.126589573479207, 1.02361771310725, 0, 0.445002093442085, 0.455143421986354, -0.0101413285442689, 101.225090909086, 101.78064516129, 101.294888888889, 101.983175954592
8/10/2017, 100.41, 100.41, 99.46, 99.46, 1927, 0.621507434882038, 0.702064843878502, -0.283662860556722, 0.784308463862534, 0, 0.286922693683451, 0.421499276325773, -0.134576582642322, 100.616727272722, 101.648086021505, 101.232590964592, 101.980222391987
8/11/2017, 99.48, 99.86, 99.48, 99.65, 7814, 0.609376547914693, 0.601446035311614, -0.457400600816772, 0.979952891668771, 0, 0.174958232975882, 0.372191067655795, -0.197232834679913, 100.106727272722, 101.475591397849, 101.171277167278, 101.982020946795
8/14/2017, 100.26, 100.56, 100.26, 100.39, 2930, 0.619963685125154, 0.825165413152992, -0.480711611853515, 1.12203138587071, 0, 0.144274302416108, 0.326607714607857, -0.18233341219175, 99.966727272722, 101.426924731183, 101.128466422467, 102.002493796526
8/15/2017, 100.39, 100.39, 99.65, 99.76, 8915, 0.629773923739259, 0.53423164948959, -0.528926674935363, 0.968289155915282, 0, 0.0683336240297763, 0.274952896492241, -0.206619272462465, 99.7110909090857, 101.276494623656, 101.062476190477, 102.006315531602
8/16/2017, 99.98, 100.26, 99.98, 100.22, 4017, 0.62048427759546, 0.408541371550176, -0.232112900212236, 1.04505678430786, 0, 0.0447523674703234, 0.228912790687858, -0.184160423217534, 99.7010909090857, 101.181440860215, 101.007233211234, 102.021468193179
8/17/2017, 99.89, 99.89, 98.83, 98.84, 54099, 0.668005742468496, -0.212609577131807, -0.592897873767808, 0.658650551634219, 0, -0.0843184445630811, 0.16626654363767, -0.250584988200751, 99.2303636363583, 100.848989247312, 100.894647130648, 102.001490327203
8/18/2017, 98.73, 98.73, 98.43, 98.62, 1717, 0.656807982217672, -0.454730558222211, -0.453676991035088, 0.483710402647792, 0, -0.202031263739528, 0.0926069821622304, -0.294638245901758, 98.8472727272674, 100.510731182795, 100.775313797314, 101.97627908805
8/21/2017, 98.51, 98.68, 98.22, 98.68, 4879, 0.646895855755893, -0.570011058465691, -0.310826203573498, 0.45210787635224, 0, -0.287167731598686, 0.0166520394100471, -0.303819771008733, 98.6543636363584, 100.191591397849, 100.650913308914, 101.952917701863
8/22/2017, 98.89, 99.55, 98.89, 99.39, 3842, 0.653927949428433, -0.304678508445646, -0.0857559270594059, 0.568543308393963, 0, -0.293959349076971, -0.0454702382873565, -0.248489110789615, 98.8283636363583, 99.9588817204299, 100.541623931625, 101.947356797792
8/23/2017, 98.87, 99.07, 98.75, 98.85, 3890, 0.656997510865021, -0.701709830424994, -0.469885165793779, 0.482782115581643, 0, -0.339007375886709, -0.104177665807227, -0.234829710079482, 98.8225454545401, 99.70376344086, 100.421164835165, 101.928527607362
8/24/2017, 99.16, 99.16, 98.57, 98.68, 26517, 0.655117488361947, -0.75531638586863, -0.465505035986935, 0.517644734595822, 0, -0.38399933562782, -0.160141999771346, -0.223857335856474, 98.5934545454492, 99.4349677419353, 100.291284493285, 101.905792308843
8/25/2017, 98.97, 99.22, 98.87, 99.05, 18377, 0.647295750267331, -0.578462142437198, -0.197343909038605, 0.630753684722602, 0, -0.385357716215552, -0.205185143060187, -0.180172573155365, 98.5727272727218, 99.243892473118, 100.173941391942, 101.892310421286
8/28/2017, 99.24, 99.24, 98.92, 98.99, 17372, 0.631466934647743, -0.431580467848902, -0.251476284394133, 0.721268632052963, 0, -0.38681675837158, -0.241511466122466, -0.145305292249115, 98.7119999999946, 99.0727741935482, 100.076905982907, 101.877503468419
8/29/2017, 98.37, 98.87, 98.37, 98.86, 5781, 0.632039917739643, -0.712573614456047, -0.410933650933776, 0.626075164737878, 0, -0.393922084751694, -0.271993589848311, -0.121928494903382, 98.7567272727218, 98.8979784946235, 99.9666642246649, 101.859737392685
8/30/2017, 98.98, 99.36, 98.98, 99.3, 2282, 0.622953604776979, -0.603763643456846, 0.14535549217752, 0.767030155974634, 0, -0.359900080237523, -0.289574887926154, -0.0703251923113694, 99.09454545454, 98.8211827956987, 99.9040293040299, 101.852624037639
8/31/2017, 99.52, 99.81, 99.43, 99.69, 15193, 0.61507000006657, -0.588592686426103, 0.262914830503296, 0.783116366883492, 0, -0.298032127068439, -0.291266335754611, -0.00676579131382798, 99.3412727272673, 98.8010967741933, 99.8763711843718, 101.854702028741
9/1/2017, 100.01, 100.23, 100.01, 100.04, 142964, 0.609261414347306, -0.327516616032764, 0.373370579332135, 0.803286423080543, 0, -0.218243478550562, -0.276661764313801, 0.0584182857632388, 99.61854545454, 98.827268817204, 99.8736117216123, 101.864791507135
9/5/2017, 100, 100.24, 99.41, 99.85, 8092, 0.62146205605147, -0.484329522423834, 0.290617641605996, 0.819209151680416, 0, -0.168400594628594, -0.255009530376759, 0.0866089357481658, 99.7647272727218, 98.8018064516126, 99.8682271062277, 101.87008875129
9/6/2017, 99.99, 100.35, 99.99, 100.34, 2207, 0.612421137949993, -0.405179648129335, 0.415414314454085, 1.03977016029021, 0, -0.0883424879133372, -0.221676121884075, 0.133333633970738, 100.158363636358, 98.8778494623653, 99.8762857142863, 101.886487828097
9/7/2017, 100.91, 101.02, 100.16, 100.26, 13447, 0.625152804037574, -0.424062627391867, 0.494460592582324, 0.892120410883862, 0, -0.0309939144137417, -0.183539680390008, 0.152545765976267, 100.36454545454, 98.9588602150535, 99.8867008547014, 101.900560559215
9/8/2017, 100.44, 100.46, 100.04, 100.05, 3565, 0.616131225648843, -0.410500840333419, 0.225248140818078, 0.849000182813459, 0, -0.00246162561020924, -0.147324069434048, 0.144862443823839, 100.387272727267, 99.0414193548385, 99.8871794871801, 101.909388080526
9/11/2017, 100.63, 100.81, 100.56, 100.75, 3161, 0.618975014092888, -0.206459205640529, 0.733911394671296, 0.989468015529899, 0, 0.0757612402684487, -0.102707007493549, 0.178468247761998, 100.651090909085, 99.1986666666664, 99.9116459096465, 101.933846305419
9/12/2017, 100.89, 101.2, 100.89, 101.12, 3833, 0.608125455264691, -0.107507201750766, 0.675147708003408, 0.851818179842602, 0, 0.165699254956664, -0.0490257550035065, 0.21472500996017, 100.937999999994, 99.4187526881717, 99.9562905982912, 101.966058441559
9/13/2017, 101, 101.44, 101, 101.44, 2896, 0.597584421673376, 0.0600806557743899, 0.83044969589005, 0.967987394500122, 0, 0.259802266408016, 0.012739849278798, 0.247062417129218, 101.193272727267, 99.6996989247308, 100.022380952381, 102.004701463791
9/14/2017, 101.17, 101.28, 101.05, 101.23, 5669, 0.588145960168131, 0.161683262637029, 0.749192785522294, 0.679460437134944, 0, 0.313816850691467, 0.0729552495613318, 0.240861601130135, 101.323272727267, 99.9521290322577, 100.080800976802, 102.037736938996
9/15/2017, 101.3, 101.4, 101.15, 101.19, 3970, 0.571312528613785, 0.741053168146157, 1.02015112840018, 0.504170649517731, 0, 0.349368825834446, 0.128237964815955, 0.221130861018492, 101.412181818176, 100.184107526881, 100.141890109891, 102.069094218819
9/18/2017, 101.28, 101.63, 100.88, 100.94, 4780, 0.5812419163058, 0.552016818846501, 0.811117554658352, 0.359710416553109, 0, 0.353298506350058, 0.173250073122775, 0.180048433227282, 101.402909090903, 100.396301075268, 100.185785103786, 102.094162011173
9/19/2017, 101.08, 101.24, 100.88, 101.19, 3068, 0.568603924106256, 0.358697560001754, 0.827680760352868, 0.352816988546938, 0, 0.372294142009295, 0.213058886900079, 0.159235255109216, 101.392909090903, 100.649591397849, 100.231008547009, 102.1241160221
9/20/2017, 101.39, 101.53, 101.06, 101.5, 5564, 0.561676645579276, 0.79802613423218, 0.938357619449627, 0.488049230602548, 0, 0.407663438984372, 0.251979797316938, 0.155683641667434, 101.514909090903, 100.933956989247, 100.286151404152, 102.160151174792
9/21/2017, 101.43, 101.43, 101.17, 101.39, 14197, 0.550445512870911, 0.546552411401527, 0.674691789238562, 0.404406967044325, 0, 0.42195376067157, 0.285974589987864, 0.135979170683706, 101.51963636363, 101.170473118279, 100.339435897436, 102.192963430013
9/22/2017, 101.28, 101.63, 101.28, 101.52, 2865, 0.539491597936195, 1.67325532933257, 0.693180944482019, 0.432681693103259, 0, 0.438711662156749, 0.316522004421641, 0.122189657735107, 101.46563636363, 101.329139784946, 100.394913308914, 102.227834996436
9/25/2017, 101.36, 101.36, 101.14, 101.21, 2216, 0.532859674650315, 1.60287695461823, 0.467301209044872, 0.427620516446356, 0, 0.422112164321405, 0.337640036401594, 0.0844721279198108, 101.364363636358, 101.447849462365, 100.404737484738, 102.255228554642
9/26/2017, 101.33, 101.6, 101.06, 101.06, 2925, 0.53368485343153, 1.45787041774387, 0.309901229800507, 0.349820487125986, 0, 0.39233065274874, 0.348578159671023, 0.0437524930777167, 101.260181818176, 101.586795698924, 100.420451770452, 102.278756756757
9/27/2017, 101.26, 101.63, 101.23, 101.44, 1853, 0.533196783550876, 1.32882532141198, 0.403706974801665, 0.346610807188109, 0, 0.394839945359919, 0.357830516808802, 0.037009428551117, 101.354545454539, 101.727634408602, 100.465594627595, 102.309819446841
9/28/2017, 101.18, 101.37, 101.15, 101.35, 10146, 0.521293612602178, 1.76537163683043, 0.216131226262787, 0.303742808962016, 0, 0.385126827658041, 0.36328977897865, 0.0218370486793911, 101.375818181812, 101.87688172043, 100.512708180709, 102.338263738765
9/29/2017, 101.63, 101.86, 101.59, 101.83, 7743, 0.517936288474607, 2.19345604536109, 0.376741800633772, 0.350499481560507, 0, 0.411418523730248, 0.37291552792897, 0.0385029958012781, 101.548363636358, 101.987741935483, 100.570571428572, 102.376183721716
10/2/2017, 101.86, 101.98, 101.83, 101.84, 25601, 0.499355652421454, 1.96523948101149, 0.402602278899859, 0.404134992828826, 0, 0.428126621522097, 0.383957746647595, 0.0441688748745016, 101.639454545448, 102.065913978494, 100.633098901099, 102.413487050961
10/3/2017, 102.24, 102.28, 102.06, 102.28, 1763, 0.493856674427755, 2.27678593353385, 0.697154721839521, 0.574754526409343, 0, 0.471437790771873, 0.401453755472451, 0.069984035299422, 101.883454545449, 102.183139784946, 100.723721611722, 102.459170019289
10/4/2017, 102.54, 102.75, 102.48, 102.72, 3808, 0.490031908366893, 2.6613441757928, 0.659294245076666, 0.68353437501737, 0, 0.535098247696666, 0.428182653917294, 0.106915593779372, 102.281999999994, 102.380301075268, 100.833794871795, 102.513036649215
10/5/2017, 102.79, 103.1, 102.79, 103.01, 4326, 0.482664534958498, 2.59214124884437, 0.688627192546951, 0.699637618742557, 0, 0.602010591467405, 0.462948241427316, 0.139062350040089, 102.692181818176, 102.556774193548, 100.959387057387, 102.571795660622
10/6/2017, 102.84, 103.17, 102.84, 103.07, 334381, 0.474272921885816, 2.39050582917175, 0.594268775893527, 0.732285539891867, 0, 0.65236059765283, 0.500830712672419, 0.151529884980411, 103.060727272721, 102.702688172042, 101.088830280831, 102.630603600235
10/9/2017, 103.34, 103.34, 102.87, 102.87, 8211, 0.474279620451371, 1.97679693767415, 0.640298558475468, 1.01878636292072, 0, 0.66841988343738, 0.534348546825411, 0.134071336611969, 103.21363636363, 102.819569892473, 101.225484737485, 102.684139571769
10/10/2017, 103.39, 103.39, 103.1, 103.29, 3808, 0.473905386078429, 2.40962370325346, 0.699168555967062, 0.968256958483193, 0, 0.706888897844806, 0.56885661702929, 0.138032280815516, 103.391090909085, 102.961096774193, 101.397851037851, 102.745144950288
10/11/2017, 103.46, 103.55, 103.11, 103.48, 10180, 0.470643631248926, 2.26583228866309, 0.66381832157325, 0.873875972440944, 0, 0.744129420268351, 0.603911177677102, 0.140218242591248, 103.588545454539, 103.090322580645, 101.567731379732, 102.808791049415
10/12/2017, 103.08, 103.16, 102.8, 103.02, 7283, 0.482111170778071, 1.86507934816502, 0.520971945095046, 0.703604844487427, 0, 0.728131203702546, 0.628755182882191, 0.0993760208203547, 103.497818181812, 103.160709677419, 101.702244200244, 102.861919704661
10/13/2017, 103.3, 103.35, 103.2, 103.22, 3061, 0.473103450618863, 2.19331462225767, 0.666100872293988, 0.837398688314903, 0, 0.723253612903648, 0.647654868886482, 0.075598744017165, 103.481090909085, 103.258473118279, 101.845670329671, 102.918001116695
10/16/2017, 103.4, 103.4, 103.03, 103.15, 5612, 0.467688330239798, 1.80137109936278, 0.586271519727291, 0.764719246958241, 0, 0.705605886632114, 0.659245072435609, 0.0463608141965051, 103.366363636357, 103.347913978494, 101.966778998779, 102.97158241206
10/17/2017, 103.11, 103.34, 103.01, 103.3, 6381, 0.459631642797903, 1.66844561032281, 0.601262590421502, 0.697000930621458, 0, 0.695704039705632, 0.666536865889613, 0.0291671738160184, 103.319999999994, 103.423655913978, 102.081540903541, 103.027086567164
10/18/2017, 103.44, 103.53, 103.21, 103.21, 8862, 0.452533197034902, 1.36655659904052, 0.621673186088914, 0.660479317156375, 1.42414085157392, 0.672838444082814, 0.667797181528254, 0.00504126255456017, 103.274909090903, 103.498387096774, 102.187218559219, 103.079730062559
10/19/2017, 102.61, 103.05, 102.52, 103.02, 12339, 0.464188057684659, 1.38981775233804, 0.728167468304713, 0.5746870002531, 1.28918360998623, 0.632099433904457, 0.660657632003494, -0.0285581980990368, 103.195454545448, 103.525161290322, 102.301863247864, 103.127610593572
10/20/2017, 103.05, 103.13, 102.9, 102.98, 67399, 0.45231715884191, 1.39042463140149, 1.3098145718483, 0.536041957957678, 1.27262334296467, 0.589787110443865, 0.646483527691568, -0.0566964172477035, 103.11363636363, 103.51505376344, 102.408822954823, 103.173767024051
10/23/2017, 103.16, 103.26, 102.45, 102.45, 5266, 0.471455734179238, 1.10033597328444, 1.02451484997434, 0.253006134828774, 1.19833584537938, 0.507636006758858, 0.618714023505026, -0.111078016746168, 102.81363636363, 103.465462365591, 102.476568986569, 103.208699665232
10/24/2017, 102.74, 103.03, 102.74, 103.03, 1779, 0.473508764130154, 1.26259619458569, 0.973973523036704, 0.199302312319748, 1.24757151374824, 0.483755386985607, 0.591722296201142, -0.107966909215536, 102.820909090902, 103.503161290322, 102.570874236875, 103.254154392612
10/25/2017, 102.73, 102.82, 102.37, 102.76, 3691, 0.483128917574088, 0.857569451488883, 1.13805838862847, 0.23944487556911, 1.21346922363062, 0.437994156257417, 0.560976668212398, -0.12298251195498, 102.787090909084, 103.515612903225, 102.661150183151, 103.293517658647
10/26/2017, 102.76, 103.23, 102.76, 103.08, 36644, 0.480345471395204, 1.13703962833589, 1.0889656880143, 0.449251624747489, 1.18426697331764, 0.422677019290816, 0.533316738428081, -0.110639719137265, 102.811090909084, 103.546150537634, 102.728825396826, 103.338239966555
10/27/2017, 103.57, 103.79, 103.57, 103.77, 1628, 0.48750419805191, 1.39756252578518, 2.17209618130234, 0.577404086052547, 1.26375774715381, 0.460902316319363, 0.518833854006338, -0.057931537686975, 103.110181818175, 103.649634408602, 102.823355311356, 103.395270518955
10/30/2017, 104.01, 104.07, 104, 104.07, 985, 0.47620731334923, 1.82194885940988, 2.4161814204999, 0.828632772130872, 1.27485080742922, 0.509530086739801, 0.51697310055303, -0.00744301381322943, 103.468909090902, 103.757870967741, 102.926735042735, 103.456935064935
10/31/2017, 104.21, 104.33, 104.15, 104.22, 18554, 0.464219442959525, 2.04271597859702, 2.45366790475395, 0.977214729757441, 1.283515037082, 0.553787968559362, 0.524336074154297, 0.0294518944050656, 103.859272727266, 103.881612903225, 103.034832722833, 103.520297901151
11/1/2017, 104.66, 104.82, 104.4, 104.47, 4790, 0.468669501560061, 1.97484525926058, 2.3242970735693, 1.05831130839209, 1.35547913868296, 0.602094993135253, 0.539887857950488, 0.0622071351847652, 104.267818181811, 104.038193548386, 103.151086691087, 103.587205132791
11/2/2017, 104.42, 104.42, 103.75, 104, 19119, 0.48186353544789, 1.63616932231062, 2.3966096516221, 0.764585605289164, 1.32278360616752, 0.595588018166097, 0.55102788999361, 0.0445601281724873, 104.407272727266, 104.10864516129, 103.235211233212, 103.644092479405
11/3/2017, 104.05, 104.32, 104.05, 104.32, 2659, 0.47170357843416, 1.56174065276027, 2.63272926724282, 0.877662701772319, 1.33799782262622, 0.609229698538812, 0.56266825170265, 0.0465614468361614, 104.595818181811, 104.21152688172, 103.34538949939, 103.705901891098
11/6/2017, 104.7, 104.83, 104.7, 104.82, 1897, 0.470308256412316, 1.81559054866886, 2.66257940385621, 1.14117958120631, 1.3725514005248, 0.652860876055442, 0.580706776573209, 0.0721540994822333, 104.777999999993, 104.339118279569, 103.452671550672, 103.775871332319
11/7/2017, 104.51, 104.56, 104.09, 104.09, 3731, 0.484992082479412, 1.01224419622801, 2.21944049321552, 0.935086913654889, 1.215509999926, 0.621371218827107, 0.588839665023988, 0.032531553803119, 104.69472727272, 104.340795698924, 103.536007326008, 103.831105943153
11/8/2017, 104.24, 104.48, 104.12, 104.48, 5686, 0.477686490926664, 0.986474142677047, 2.43802658618063, 0.919295986116117, 1.18859164703374, 0.620729792578956, 0.595217690534982, 0.0255121020439741, 104.634363636357, 104.397741935483, 103.628417582418, 103.892508107186
11/9/2017, 103.34, 103.82, 103.25, 103.82, 4940, 0.515924199031179, 0.432116525833407, 1.8912733456694, 1.19913437706531, 1.11629285905455, 0.560503834206997, 0.588274919269385, -0.0277710850623877, 104.316181818175, 104.345333333332, 103.688913308914, 103.940728871602
11/10/2017, 103.74, 104.12, 103.74, 104.05, 6489, 0.507305024759694, 0.517686730013048, 1.83130050653937, 1.25407064924457, 1.19668320766776, 0.525278324551394, 0.575675600325787, -0.050397275774393, 104.175090909084, 104.33817204301, 103.73802930403, 103.992257132085
11/13/2017, 103.66, 104.43, 103.34, 104.3, 26583, 0.533037712703106, 0.753239955216068, 1.79177993997828, 1.31821290439349, 1.27050251351654, 0.51163693294599, 0.562867866849828, -0.0512309339038376, 104.165090909084, 104.349075268816, 103.802774114774, 104.047388127854
11/14/2017, 103.91, 104.28, 103.91, 104.22, 3119, 0.52548495263085, 0.500454455200846, 1.84843133506662, 1.27723849894594, 1.25705498872301, 0.488736846270001, 0.548041662733862, -0.0593048164638613, 104.144909090902, 104.36329032258, 103.863951159952, 104.100089263678
11/15/2017, 103.58, 103.97, 103.58, 103.78, 1445, 0.532161685055192, 0.164036995788158, 1.44677923934408, 1.15600655404408, 1.21572971900413, 0.430125817150412, 0.524458493617172, -0.0943326764667606, 104.02272727272, 104.338494623655, 103.900688644689, 104.143937874526
11/16/2017, 104.19, 104.76, 104.19, 104.76, 3500, 0.547597868377973, 0.838937201206459, 1.7699399781241, 1.43817854660784, 1.33546842316131, 0.457480414653304, 0.511062877824399, -0.0535824631710946, 104.18272727272, 104.450537634408, 103.993565323566, 104.204525916051
11/17/2017, 104.73, 104.98, 104.73, 104.8, 16321, 0.531946899396113, 0.763287530147459, 1.88224473223863, 1.29185863073362, 1.33258225307483, 0.476889510535571, 0.504228204366633, -0.027338693831062, 104.379090909084, 104.560365591397, 104.085782661783, 104.264769378604
11/20/2017, 105.27, 105.47, 105.21, 105.28, 3602, 0.534865437916765, 1.00803450484439, 1.82005302295474, 1.6703295210468, 1.45166010702945, 0.5249520271324, 0.508372968919787, 0.0165790582126136, 104.815090909084, 104.706602150537, 104.203706959707, 104.332479761905
11/21/2017, 105.59, 106.04, 105.59, 105.92, 9972, 0.540928074383339, 1.19675329630453, 1.88874360914463, 1.6758176975171, 1.53021552286711, 0.607679616749479, 0.528234298485725, 0.079445318263754, 105.301090909084, 104.946494623655, 104.353155067155, 104.410333923304
11/22/2017, 106.11, 106.14, 105.78, 106.13, 4994, 0.529825181916037, 1.33623111399175, 1.84684962129908, 1.77374597052775, 1.4895274080778, 0.682321692754329, 0.559051777339446, 0.123269915414883, 105.837818181811, 105.208731182795, 104.509333333334, 104.490570348135
11/24/2017, 106.39, 106.53, 106.2, 106.44, 1633, 0.520657922105521, 1.57392726898577, 2.05841204202142, 1.83014638144648, 1.49515965733792, 0.757755550675455, 0.598792532006648, 0.158963018668807, 106.259636363629, 105.462537634408, 104.685851037851, 104.574892186413
11/27/2017, 106.57, 106.67, 106.1, 106.1, 17408, 0.523071515244732, 1.41227110797496, 1.91972287306843, 1.98717507523381, 1.39480995895956, 0.781098253597406, 0.635253676324799, 0.145844577272607, 106.467090909084, 105.664473118279, 104.842656898657, 104.651889986976
11/28/2017, 106.39, 106.99, 106.35, 106.99, 2899, 0.534376982700185, 2.03860762127479, 2.28180271454775, 2.06263068664771, 1.42980872543606, 0.861482442455369, 0.680499429550913, 0.180983012904456, 106.920181818175, 105.956086021504, 105.032854700855, 104.743051072717
11/29/2017, 107.18, 107.72, 107.11, 107.2, 3703, 0.54071216147517, 1.8989039568842, 2.26364261416897, 2.06338715274722, 1.42261780827303, 0.931396180820386, 0.730678779804808, 0.200717401015578, 107.283090909084, 106.259569892472, 105.217128205129, 104.836350084698
11/30/2017, 107.63, 108.07, 107.43, 107.63, 3832, 0.552040569772658, 2.24947508954664, 2.29278683217405, 2.16890339299329, 1.43727478210672, 1.00985969457281, 0.786514962758408, 0.223344731814402, 107.543999999993, 106.586451612902, 105.427484737485, 104.93552992984
12/1/2017, 107.26, 107.76, 106.55, 107.48, 162189, 0.581459994402677, 2.01247208569822, 2.27817053219579, 1.96968002196442, 1.44951212115677, 1.04785977293071, 0.838783924792868, 0.209075848137839, 107.739090909083, 106.853118279569, 105.630444444445, 105.030540920527
12/4/2017, 108.23, 108.84, 108.03, 108.14, 27289, 0.611897116594042, 1.9980502968336, 2.42299955475392, 2.08633472286203, 1.51350702799632, 1.11834006483015, 0.894695152800325, 0.223644912029825, 108.021818181811, 107.172086021504, 105.865440781441, 105.135278969957
12/5/2017, 108.3, 108.37, 107.76, 107.82, 9073, 0.611315400473528, 1.6808167091109, 2.42802740417567, 1.91464951268085, 1.41360888416923, 1.13528798509518, 0.942813719259295, 0.19247426583588, 108.107818181811, 107.381827956988, 106.074083028083, 105.232912165849
12/6/2017, 107.42, 107.66, 107.15, 107.22, 11883, 0.615243659346231, 1.28514165625311, 2.21067884191579, 1.67823232652227, 1.33442189910635, 1.08776526752395, 0.971804028912226, 0.115961238611723, 107.975999999992, 107.51946236559, 106.256346764347, 105.318839523981
12/7/2017, 107.22, 107.66, 107.22, 107.64, 11168, 0.602639389607467, 1.34514435083445, 2.21523959080067, 1.74867789134799, 1.40035996419419, 1.07164045726132, 0.991771314582045, 0.0798691426792788, 107.960363636356, 107.665354838709, 106.459196581197, 105.410461274405
12/8/2017, 108.08, 108.22, 108.01, 108.19, 4722, 0.596401688718739, 1.81192765366334, 2.42062252848239, 1.75107269746613, 1.47152337278059, 1.09066927591867, 1.01155090684937, 0.0791183690693005, 108.114363636356, 107.870881720429, 106.680893772894, 105.509849661384
12/11/2017, 108.36, 108.36, 108.09, 108.09, 1684, 0.579595372072868, 1.62378264885685, 2.2232301402706, 1.73505705708944, 1.45884404201746, 1.08517140705001, 1.0262750068895, 0.0588964001605132, 108.070363636356, 108.076752688171, 106.887711843712, 105.606002250273
12/12/2017, 108.2, 108.37, 108.1, 108.31, 2201, 0.562423050309191, 1.51626575850221, 2.29587456890346, 1.80130714137867, 1.53860308441856, 1.08604719175918, 1.03822944386344, 0.0478177478957431, 108.17181818181, 108.302666666666, 107.103084249085, 105.70430125523
12/13/2017, 108.49, 108.76, 108.47, 108.61, 6271, 0.553542386060575, 2.12753955570322, 2.24957941354113, 1.99650336138853, 1.44917931526001, 1.09828836562808, 1.05024122821636, 0.0480471374117153, 108.346909090901, 108.549290322579, 107.328700854701, 105.806031120332
12/14/2017, 108.61, 108.83, 108.42, 108.54, 5208, 0.545091455892179, 1.90750571982871, 2.07502813125442, 1.85607947517432, 1.47911401080475, 1.08977887660083, 1.05814875789326, 0.0316301187075745, 108.506909090901, 108.775376344085, 107.542686202686, 105.90502451905
12/15/2017, 108.75, 108.98, 108.47, 108.8, 28115, 0.540036905251933, 2.5512144939181, 2.06088814909687, 1.86777969101532, 1.55757445733221, 1.09143350626209, 1.06480570756702, 0.0266277986950678, 108.677090909083, 108.976860215053, 107.751851037851, 106.006752372207
12/18/2017, 109.73, 110.04, 109.73, 109.94, 10408, 0.56410964641477, 2.72788585436373, 2.29726169185775, 1.98650691066201, 1.66812933192592, 1.17123205079712, 1.08609097621304, 0.0851410745840731, 109.301090909083, 109.313354838708, 107.974778998779, 106.125560277947
12/19/2017, 109.93, 110.23, 109.91, 109.97, 56750, 0.550307391111193, 2.61164403276433, 2.38982126643812, 2.08084004828881, 1.71992736242513, 1.22279806659185, 1.1134323942888, 0.109365672303045, 109.773272727265, 109.650731182794, 108.195562881563, 106.243048845768
12/20/2017, 110, 110, 109.7, 109.76, 10316, 0.53745844215081, 2.53165967068936, 2.17340668429044, 1.97925036041983, 1.67113557877954, 1.23251163376329, 1.1372482421837, 0.0952633915795926, 109.935636363628, 109.879569892472, 108.416051282052, 106.355346938776
12/21/2017, 109.46, 110.02, 109.17, 109.88, 7463, 0.548706467782574, 2.93189423465681, 2.14740781622849, 1.93686517983461, 1.6591180971144, 1.23564891136185, 1.15692837601933, 0.0787205353425178, 110.084909090901, 110.11305376344, 108.620920634921, 106.467881570719
12/22/2017, 109.43, 109.64, 109.27, 109.64, 4293, 0.550230512093687, 2.45756956477759, 2.25722169290397, 1.88731110416205, 1.59967834119052, 1.20488012416573, 1.16651872564861, 0.0383613985171154, 110.139090909083, 110.237247311827, 108.818107448108, 106.574853075617
12/26/2017, 109.42, 109.81, 109.42, 109.73, 3270, 0.540061147167176, 2.48505570320565, 2.21733051341827, 1.97213114557443, 1.57192591456494, 1.17422218406432, 1.16805941733175, 0.00616276673256744, 110.125272727265, 110.350645161289, 108.981660561661, 106.681651768364
12/27/2017, 109.83, 110.12, 109.52, 109.64, 23864, 0.540841519470281, 2.19931446605724, 2.21141070370388, 1.90869491974514, 1.58834423846171, 1.12964149385306, 1.16037583263601, -0.0307343387829557, 110.034909090901, 110.432645161289, 109.128412698413, 106.785405943775
12/28/2017, 109.84, 109.84, 109.65, 109.7, 6184, 0.522634193117461, 1.95830906228336, 2.17820685766164, 1.89812443680203, 1.53932242626851, 1.08662652011087, 1.14562597013098, -0.0589994500201154, 109.952727272719, 110.482473118278, 109.271047619048, 106.888555219124
12/29/2017, 109.89, 109.89, 109.39, 109.39, 10219, 0.520763528985613, 1.64924196854559, 2.09184114581485, 1.86149398833551, 1.47122225430641, 1.01581277692128, 1.11966333148904, -0.103850554567764, 109.689999999992, 110.428279569891, 109.407836385837, 106.985248529691
1/2/2018, 109.6, 110.59, 109.6, 110.59, 22375, 0.543611595207066, 1.85551506715947, 2.42333844508308, 2.19678888256274, 1.56430447246392, 1.04448220573946, 1.10462710633913, -0.0601449005996699, 109.847454545446, 110.555483870966, 109.577753357754, 107.099426250079
1/3/2018, 110.67, 111.37, 110.67, 111.25, 6419, 0.548423424703388, 2.31380097388209, 2.6143560461638, 2.80260196994014, 1.6623193252493, 1.10769065047461, 1.10523981516622, 0.00245083530838652, 110.363272727265, 110.731483870966, 109.764141636142, 107.222291245215
1/4/2018, 111.66, 111.93, 111.49, 111.9, 14644, 0.548360149225553, 2.26279803681651, 3.03394852917511, 2.88123638377775, 1.81582595752004, 1.19644153281156, 1.12348015869529, 0.0729613741162716, 111.038181818174, 110.98034408602, 109.977956043956, 107.353533117184
1/5/2018, 112.32, 112.73, 112.32, 112.73, 2695, 0.55392021346068, 2.44494760008536, 3.06427206217755, 2.88111779099587, 1.88983026771728, 1.31855186475292, 1.16249449990682, 0.156057364846103, 111.852545454537, 111.334473118278, 110.217304029304, 107.495810968137
1/8/2018, 112.9, 113, 112.67, 112.75, 22739, 0.540765005589812, 2.26258057548127, 3.19049206700915, 3.09227687352335, 1.8801975524069, 1.40079156225966, 1.21015391237738, 0.190637649882271, 112.53581818181, 111.661204301074, 110.444571428572, 107.636348492218
1/9/2018, 113.16, 113.17, 112.82, 113.06, 3986, 0.530892372733405, 2.49424686993275, 3.17947318210717, 3.05438204872302, 1.90364276489542, 1.47399028181896, 1.2629211862657, 0.211069095553257, 113.121636363628, 112.00522580645, 110.684991452992, 107.779662473984
1/10/2018, 112.92, 113.09, 112.76, 112.76, 7378, 0.520322428859319, 2.05806057324747, 2.86766948388206, 3.5814716343766, 1.82287486105126, 1.49061047199426, 1.30845904341141, 0.182151428582848, 113.435272727264, 112.245806451612, 110.910884004884, 107.916301218162
1/11/2018, 113.07, 114.32, 113.07, 114.32, 6174, 0.555790581038032, 2.55038996875782, 2.998820922145, 3.82308530478404, 1.86680276656068, 1.61108941903196, 1.36898511853552, 0.242104300496436, 114.104545454537, 112.700688172042, 111.20316971917, 108.07493941194
1/12/2018, 114.7, 115.63, 114.7, 115.47, 23165, 0.579467223201303, 3.2677466989071, 3.17011001271514, 3.97287720382436, 1.93203461680753, 1.77885965481326, 1.45096002579107, 0.327899629022192, 114.92781818181, 113.268193548386, 111.531040293041, 108.248925729443
1/16/2018, 116.48, 116.74, 115.27, 115.42, 31551, 0.614412807571493, 3.04771188096495, 3.07443493695237, 3.81508830703733, 1.91823278763472, 1.88604306284918, 1.53797663320269, 0.348066429646491, 115.357090909082, 113.804666666665, 111.856170940171, 108.419710157644
1/17/2018, 115.8, 116.22, 115.41, 116.05, 7562, 0.615422231257274, 3.05789219228097, 3.43223088594667, 4.13639323875111, 1.98348660909237, 1.99878170945453, 1.63013764845306, 0.368644061001474, 115.915090909082, 114.3608172043, 112.196014652015, 108.597668708095
1/18/2018, 115.74, 115.99, 115.55, 115.71, 6978, 0.607974785589287, 2.91949961921229, 3.20682613848151, 4.09258169562065, 1.99089900847738, 2.03720906267009, 1.71155193129647, 0.325657131373622, 116.18981818181, 114.862537634407, 112.504761904762, 108.768008987211
1/19/2018, 116.54, 116.69, 116.24, 116.66, 3143, 0.614875058447707, 3.10496521558454, 3.26598681629066, 4.15418692565604, 2.09246322035191, 2.11988338142676, 1.79321822132252, 0.326665160104236, 116.679454545446, 115.414623655913, 112.859118437119, 108.950293882219
1/22/2018, 116.75, 117.77, 116.75, 117.77, 14393, 0.625751533519437, 3.27212352294794, 3.82683078211286, 4.33325977173579, 2.23977804149223, 2.24904550146202, 1.88438367735042, 0.364661824111597, 117.4589090909, 116.010516129031, 113.258561660562, 109.146721804512
1/23/2018, 118.16, 118.58, 118.14, 118.58, 26343, 0.624557431248565, 3.58714318659023, 3.89108827038044, 4.51388563121264, 2.26583735832557, 2.38922613110262, 1.98535216810086, 0.403873963001755, 118.247272727264, 116.669118279569, 113.688324786325, 109.35256737349
1/24/2018, 119.04, 119.04, 118.03, 118.89, 14120, 0.6342587197206, 3.59732406760136, 4.329382408561, 4.47714426247994, 2.32881104670733, 2.49655595625005, 2.0875929257307, 0.408963030519349, 118.886727272718, 117.333139784945, 114.114415140416, 109.56022248309
1/25/2018, 119.14, 119.14, 118.18, 118.2, 7438, 0.646672320035559, 2.87236634941959, 3.93547831892493, 4.17000090980939, 2.22518077387986, 2.49715275992681, 2.16950489256992, 0.327647867356884, 118.909818181809, 117.833913978493, 114.496517704518, 109.754813294124
1/26/2018, 118.99, 119.68, 118.93, 119.68, 6307, 0.668573151878283, 3.16579183279265, 4.0642669929027, 4.24963871473062, 2.29882297782513, 2.58722543790802, 2.25304900163754, 0.334176436270477, 119.459454545446, 118.471913978493, 114.925296703297, 109.968644361834
1/29/2018, 119.27, 119.56, 119, 119.16, 13829, 0.666449253742475, 3.01017143592747, 3.89601948314676, 4.16429583287861, 2.27825972900802, 2.58682966780319, 2.31980513487067, 0.267024532932517, 119.767090909082, 118.99058064516, 115.323172161173, 110.171929479295
1/30/2018, 118.4, 118.76, 118.07, 118.57, 19407, 0.682241616109941, 2.68233962102662, 3.85784799768238, 3.89676852468111, 2.2990317275747, 2.50997452407088, 2.35783901271071, 0.152135511360171, 119.659636363627, 119.361655913977, 115.688981684982, 110.359816044827
1/31/2018, 118.91, 118.91, 117.95, 118.14, 52104, 0.691118325724123, 2.60465225970037, 3.49520932646949, 3.80873127145222, 2.18964345095775, 2.38685468753904, 2.36364214767638, 0.0232125398626635, 119.357818181809, 119.630795698923, 116.021045177046, 110.547389913899
2/1/2018, 117.77, 118.41, 117.48, 117.56, 65339, 0.699355929321159, 2.32841676316511, 3.27593362240975, 3.71535325935619, 2.1299330639433, 2.21692484766322, 2.33429868767375, -0.117373840010526, 118.673636363627, 119.842086021504, 116.318373626374, 110.725012710127
2/2/2018, 117.75, 117.75, 116.09, 116.09, 36200, 0.744297259871183, 1.73805686199514, 2.58411222740641, 3.13496904975743, 1.97141899989726, 1.94125987513758, 2.25569092516651, -0.314431050028938, 117.570727272718, 119.81969892473, 116.532805860806, 110.879627989613
2/5/2018, 115.09, 115.96, 111.22, 112.01, 23490, 0.950229403209743, 0.445874861980392, 1.08719528355202, 1.78585457679439, 1.34306559853359, 1.37769033968144, 2.0800908080695, -0.702400468388062, 115.311454545445, 119.226150537633, 116.55465934066, 110.972763700971
2/6/2018, 110.41, 114.99, 110.41, 114.44, 30212, 1.08365462845899, 0.873151914699767, 1.36308427097429, 1.98505149237777, 1.51338488671662, 1.11429323538184, 1.88693129353197, -0.772638058150129, 114.367818181809, 118.934408602149, 116.683155067156, 111.100301216346
2/7/2018, 114.34, 115.51, 114.07, 114.07, 17955, 1.09593025244854, 0.614120001268941, 1.25028274391811, 1.96389996931231, 1.37910071825231, 0.86571381480087, 1.68268779778575, -0.816973982984877, 113.584181818172, 118.550301075267, 116.783953601954, 111.224717780511
2/8/2018, 114.37, 114.53, 110.79, 110.79, 5182, 1.24074488403254, -0.038521047636747, 0.708786947890369, 1.35594574686316, 0.985847075223544, 0.399439752353672, 1.42603818869933, -1.02659843634566, 111.792363636354, 117.727440860214, 116.742725274726, 111.29840235069
2/9/2018, 111.19, 111.37, 107.48, 110.6, 18966, 1.3565914956317, -0.164976567986072, 0.554311575586437, 1.36762151807083, 0.933273510805325, 0.0144166008368671, 1.14371387112684, -1.12929727028997, 110.635090909082, 116.867634408601, 116.68684981685, 111.369066830669
2/12/2018, 111.72, 112.9, 111.41, 112.38, 74382, 1.37068044532856, -0.0194554602575006, 0.755312617392179, 1.52991810750106, 1.02765063713532, -0.145409704207196, 0.885889156060032, -1.03129886026723, 110.483999999991, 116.231483870966, 116.712141636142, 111.464949569496
2/13/2018, 111.78, 112.66, 111.78, 112.66, 24982, 1.33796569344685, 0.0181178036931685, 0.732655625197696, 1.52207309330926, 1.07817694495271, -0.246636470789227, 0.65938403069018, -0.906020501479407, 110.681454545445, 115.592903225805, 116.752051282052, 111.560699193659
2/14/2018, 111.98, 114.59, 111.98, 114.49, 35398, 1.36473451194459, 0.229742525098356, 0.977617356510587, 1.73024331519161, 1.16858963455778, -0.1771516130311, 0.492076901945924, -0.669228514977024, 111.747454545445, 115.245419354837, 116.871115995116, 111.680506491732
2/15/2018, 115.2, 115.38, 114.36, 115.28, 13195, 1.33185315370324, 0.378764628707298, 0.988086117283973, 1.80298185684435, 1.22244333532197, -0.0576731448384749, 0.382126892589044, -0.439800037427519, 113.169454545445, 115.017010752687, 117.017636141637, 111.811255705891
2/16/2018, 115.33, 116.1, 115.14, 115.39, 60844, 1.30565239605653, 0.180732002328992, 1.04862098382807, 1.86206568707114, 1.25401894113497, 0.0453675142279764, 0.314775016916831, -0.269407502688854, 114.459818181809, 114.819892473117, 117.155575091576, 111.942727893946
2/20/2018, 114.7, 115.47, 114.44, 114.57, 27016, 1.29419803161312, -0.0947900347639894, 1.02286298354926, 1.77300695101068, 1.17304347872572, 0.0601672611976767, 0.263853465773, -0.203686204575323, 114.689090909081, 114.551548387095, 117.257831501832, 112.065149104825
2/21/2018, 115.05, 115.48, 114.68, 114.71, 17252, 1.26765282065923, -0.0681032472822138, 0.983405513238297, 1.73893070950253, 1.15199641120023, 0.0822449289238136, 0.227531758403163, -0.145286829479349, 115.313090909081, 114.290430107525, 117.362166056167, 112.192413830805
2/22/2018, 114.67, 115, 114.14, 114.25, 7964, 1.24675564380682, -0.221234137260281, 0.846191030413751, 1.69197870543085, 1.1082863199874, 0.0619098261004325, 0.194407371942617, -0.132497545842184, 115.689454545445, 113.978967741934, 117.427943833944, 112.310980183135
2/23/2018, 114.81, 115.52, 114.53, 115.52, 6771, 1.22636548380958, 0.00556638781836119, 1.01520277231667, 1.76581388450069, 1.17061370468203, 0.146582781710592, 0.184842453896212, -0.0382596721856199, 115.838727272718, 113.800967741934, 117.545452991454, 112.443260079268
2/26/2018, 116.05, 116.44, 115.88, 116.43, 8051, 1.19545008722149, 0.000275256205955965, 1.09646365588149, 1.8651539643905, 1.25053261163209, 0.28384412548823, 0.204642788214615, 0.0792013372736144, 116.006363636354, 113.824623655913, 117.692173382174, 112.584327183272
2/27/2018, 116.4, 116.4, 114.47, 114.47, 8189, 1.24073504824354, -0.410502056931899, 0.781597202324521, 1.53175939137851, 1.12745679083795, 0.231797097103325, 0.210073649992357, 0.0217234471109675, 115.534909090899, 113.662645161289, 117.746822954824, 112.694903649037
2/28/2018, 114.92, 115.09, 113.68, 113.68, 20426, 1.24890564676123, -0.628091365716529, 0.688644452234375, 1.37672246333833, 1.07831537733306, 0.125358005381784, 0.193130521070243, -0.0677725156884585, 114.732545454536, 113.403548387095, 117.756757020758, 112.791576055761
3/1/2018, 113.41, 113.68, 111.16, 112.05, 26881, 1.3161696941332, -0.879343837509651, 0.442718623967027, 1.12782531869674, 0.937651317588686, -0.0894915166836086, 0.136606113519472, -0.226097630203081, 113.677454545445, 112.990860215052, 117.683548229549, 112.860842695094
3/2/2018, 111.1, 112.42, 110.84, 112.4, 9444, 1.31675243341854, -0.740576929757945, 0.344264392534136, 1.16022920452655, 0.969308202845142, -0.228880840048987, 0.0635087228057806, -0.292389562854768, 113.034363636354, 112.625720430106, 117.618134310135, 112.934137488042
3/5/2018, 111.67, 113.52, 111.67, 113.26, 28112, 1.32308692248307, -0.827127157616334, 0.444814822847484, 1.28037393325996, 1.14657245805311, -0.26687668211531, -0.00256835817843754, -0.264308323936872, 112.867454545445, 112.454387096773, 117.571633699634, 113.014431870986
3/6/2018, 114, 114.16, 113.54, 114.13, 9754, 1.28677984402357, -0.632921693534173, 0.575404467312751, 1.32292781402103, 1.15318097587167, -0.22420246513461, -0.046895179569672, -0.177307285564938, 112.953272727263, 112.489376344085, 117.568131868133, 113.104794587946
3/7/2018, 113.06, 113.66, 112.72, 113.39, 21190, 1.29259347754202, -0.655621407476112, 0.468526654110304, 1.21040998682882, 1.05033800817876, -0.247244574735092, -0.086965058602756, -0.160279516132336, 112.835454545445, 112.507956989246, 117.518151404152, 113.186682246823
3/8/2018, 113.8, 113.87, 113.34, 113.61, 52138, 1.24891132556611, -0.56920959639963, 0.525499562019281, 1.29516647535316, 1.03996368067384, -0.244930050066145, -0.118558056895434, -0.126371993170711, 112.773636363626, 112.608602150536, 117.477111111112, 113.271753177532
3/9/2018, 114.01, 114.65, 113.88, 114.53, 8617, 1.2223380329406, -0.365649344357357, 0.622388712538001, 1.36864339472196, 1.13280714529946, -0.166935137005652, -0.128233472917477, -0.0387016640881744, 113.318545454535, 112.814043010751, 117.483904761905, 113.372987016537
3/12/2018, 115.15, 115.35, 114.93, 115.33, 12200, 1.18871634585149, -0.0686445317659501, 0.726877563144525, 1.46282796676462, 1.16351404002187, -0.0401079528470802, -0.110608368903398, 0.0705004160563178, 114.375818181808, 113.243333333332, 117.524451770452, 113.487402760695
3/13/2018, 115.71, 115.89, 114.26, 114.26, 3925, 1.21118434586645, 0.388850402116162, 0.587279643206374, 1.31462134068777, 1.04974307727302, -0.0256409800408335, -0.0936148911308851, 0.0679739110900516, 114.731454545445, 113.530258064515, 117.513311355312, 113.586159628263
3/14/2018, 115.17, 115.17, 114.38, 114.52, 4139, 1.18774386300004, 0.0393130716780067, 0.656872572060945, 1.35462379321114, 1.06097623844975, 0.00672648845456081, -0.0735466152137959, 0.0802731036683567, 115.030363636354, 113.842451612902, 117.511736263737, 113.688886428865
3/15/2018, 114.76, 115.03, 114.45, 114.53, 21328, 1.15357902585547, 0.104831701704766, 0.514601993912303, 1.37982504950633, 1.04559076146887, 0.0328066818517385, -0.052275955800689, 0.0850826376524275, 114.960909090899, 114.153376344085, 117.492791208792, 113.788416837502
3/16/2018, 114.6, 114.95, 114.53, 114.54, 3934, 1.11413860258133, 0.827829602641417, 0.435497785407361, 1.38597025522788, 1.03552238696831, 0.0536637372842677, -0.0310880171836977, 0.0847517544679654, 114.829636363626, 114.450193548386, 117.473680097681, 113.886286729534
3/19/2018, 113.99, 113.99, 112.63, 113.21, 12636, 1.15522271674483, 0.562939612246579, 0.194681763082593, 1.29165773121803, 0.879581837590298, -0.0367036835282306, -0.0322111504526043, -0.00449253307562632, 114.294181818172, 114.499741935482, 117.400056166057, 113.967492414924
3/20/2018, 113.48, 113.93, 113.48, 113.84, 3714, 1.12301146850446, 0.338570315938431, 0.169979390549073, 1.29053953262814, 0.86114648630003, -0.0568296834978241, -0.0371348570616483, -0.0196948264361759, 114.153090909081, 114.375806451611, 117.331601953603, 114.057292332924
3/21/2018, 113.82, 114.18, 113.77, 113.92, 3482, 1.08410677928214, 0.29482529523778, 0.177098249858583, 1.33356292128556, 0.901703600939216, -0.0655685189896928, -0.0428215894472572, -0.0227469295424357, 113.907454545444, 114.412215053762, 117.268168498169, 114.145170425038
3/22/2018, 112.91, 112.98, 111.89, 111.89, 7260, 1.13930084977236, -0.53928784407588, -0.0989567954075814, 1.04292509656572, 0.798498208364311, -0.233605287321055, -0.0809783290220167, -0.152626958299038, 112.975636363626, 114.169741935482, 117.094417582418, 114.200387043871
3/23/2018, 111.84, 111.84, 109.73, 109.73, 11583, 1.20206464482802, -1.09904246153956, -0.30909106500519, 0.706503626022219, 0.633151364534214, -0.534903549833416, -0.171763373184297, -0.363140176649119, 111.575454545444, 113.448602150536, 116.825448107449, 114.22251359847
3/26/2018, 111.38, 111.88, 110.33, 111.83, 60983, 1.21664513818411, -0.620965005163723, -0.23776948761402, 0.879044465218639, 0.820980754819563, -0.597346307644145, -0.256879960076266, -0.340466347567879, 111.322545454535, 112.988086021504, 116.649667887669, 114.270935082684
3/27/2018, 112.85, 112.85, 110.72, 110.72, 4073, 1.26358882327468, -0.673237504125549, -0.490812992149186, 0.741390722875896, 0.780858828471649, -0.728008339460018, -0.351105635953017, -0.376902703507002, 110.663090909081, 112.49746236559, 116.418073260074, 114.311038130382
3/28/2018, 110.49, 110.5, 109.88, 109.88, 6980, 1.2478096722545, -0.84793465728054, -0.579126890633117, 0.623624277138353, 0.732065740931884, -0.889091032883172, -0.458702715339048, -0.430388317544124, 109.958545454535, 111.929634408601, 116.135221001222, 114.335292879596
3/29/2018, 110.33, 111.92, 110.33, 111.48, 94562, 1.25990186982381, -0.448843986134236, -0.45740436670671, 0.833319232070274, 0.767831200570275, -0.877528003139105, -0.542467772899059, -0.335060230240046, 110.061818181808, 111.70475268817, 115.939616605617, 114.378876862102
4/2/2018, 111.07, 111.16, 108.11, 108.94, 190756, 1.37948565655921, -1.04994627489494, -0.679301665287266, 0.521720739631184, 0.601139938735867, -1.06108941284802, -0.646192100888851, -0.414897311959168, 109.45599999999, 111.229677419353, 115.628949938951, 114.382853628537
4/3/2018, 109.83, 110.55, 109.08, 110.13, 10781, 1.36944619135823, -0.982240088227536, -0.644152312280976, 0.585860663350431, 0.719977337755116, -1.09788437016586, -0.736530554744253, -0.361353815421605, 109.300727272717, 110.953827956988, 115.377934065935, 114.400375837092
4/4/2018, 108.75, 111.89, 108.75, 111.89, 9278, 1.42082629012037, -0.381441730802319, -0.560022076392665, 0.827759534182501, 0.81237682979394, -0.97380196498564, -0.78398483679253, -0.18981712819311, 110.047454545444, 110.880559139783, 115.214520146521, 114.444230968977
4/5/2018, 112.56, 113.16, 112.5, 112.88, 7286, 1.39420128385444, -0.0977669164540882, -0.535540862782589, 0.880009551474362, 0.840260078251407, -0.786514588106698, -0.784490787055364, -0.00202380105133415, 111.258545454535, 110.959526881719, 115.094673992675, 114.502801148012
4/6/2018, 112.2, 112.7, 110.89, 111.16, 10797, 1.4344959416644, -0.11332313760174, -0.735819586554686, 0.774707687311499, 0.843475002395453, -0.76802431177012, -0.781197491998315, 0.0131731802281955, 111.526181818171, 110.801397849461, 114.901587301588, 114.536763154299
4/9/2018, 111.92, 112.46, 111.42, 111.42, 4655, 1.41792892148308, -0.127348693892903, -0.641768136738509, 0.776006661545767, 0.860177283821445, -0.724044473480561, -0.769766888294764, 0.0457224148142035, 111.491454545444, 110.780860215052, 114.708852258853, 114.575675823425
4/10/2018, 112.81, 112.86, 112.18, 112.68, 5929, 1.39586757552416, -0.0616793551409759, -0.657239757122392, 0.865518468371632, 0.935146311395144, -0.580823295635682, -0.731978169762948, 0.151154874127266, 112.219818181808, 111.007311827955, 114.587074481075, 114.630277709444
4/11/2018, 112.36, 113.23, 112.27, 112.27, 8602, 1.37367097612505, -0.262802185432448, -0.649203981144444, 0.834328294286278, 0.90320676504256, -0.494700454923773, -0.684522626795113, 0.18982217187134, 112.538181818171, 111.075268817203, 114.447873015874, 114.681177805112
4/12/2018, 112.86, 113.06, 112.59, 112.83, 4553, 1.33351890866863, -0.0595942490236225, -0.532844757203153, 0.932116236507642, 0.933065826457673, -0.376915318127544, -0.623001165061599, 0.246085846934055, 112.797454545444, 111.175806451611, 114.338991452992, 114.741260899276
4/13/2018, 113.32, 113.32, 113.06, 113.06, 1241, 1.28593571149679, -0.0578468090945601, -0.467014769149141, 0.857291614457416, 0.971181240108449, -0.261990606186032, -0.550799053286486, 0.288808447100454, 113.295272727262, 111.20234408602, 114.233020757022, 114.803866885336
4/16/2018, 113.14, 113.37, 112.61, 113.21, 20397, 1.25358622882021, -0.179915718703713, -0.394926676095716, 0.867321414546046, 0.93220358538515, -0.156998417557361, -0.472038926140661, 0.3150405085833, 113.250727272717, 111.264731182794, 114.144185592186, 114.864989203226
4/17/2018, 114.05, 114.58, 114.05, 114.58, 4108, 1.23645114432273, -0.0867567272707349, -0.108779419775778, 0.941230337667583, 1.07953730494328, 0.0363373247306953, -0.37036367596639, 0.406701000697085, 113.684545454535, 111.553053763439, 114.104410256411, 114.939601202679
4/18/2018, 115.08, 115.36, 114.88, 115.16, 9347, 1.20257852996417, 0.168025839541141, 0.392244492296741, 0.930992293272173, 1.07487538269345, 0.233664902594782, -0.249557960254155, 0.483222862848937, 114.427999999989, 111.964451612902, 114.071702075703, 115.021004510046
4/19/2018, 114.99, 114.99, 114.11, 114.41, 3762, 1.19582638174233, 0.0112775168710248, 0.0346922282395488, 0.838840729209671, 1.0411772309472, 0.32577437354135, -0.134491493495054, 0.460265867036404, 114.931999999989, 112.224709677418, 114.009726495727, 115.090444171109
4/20/2018, 114.41, 114.43, 113.37, 113.66, 4228, 1.19016163574154, -0.105701529601829, -0.00900444609479775, 0.737103120252936, 0.990449284141863, 0.334398325154282, -0.040713529765187, 0.375111854919469, 114.749454545444, 112.397892473117, 113.92222954823, 115.147619516196
4/23/2018, 113.71, 114.27, 113.04, 113.53, 23312, 1.18611893721892, -0.127354721291676, 0.382053143701878, 0.759124790163581, 1.04145970184106, 0.326973804906245, 0.0328239371690995, 0.294149867737146, 114.437636363626, 112.615591397848, 113.822820512821, 115.204767527676
4/24/2018, 114.16, 114.16, 112.2, 112.2, 2300, 1.22751407125972, -0.129125595457637, 0.236768290339612, 0.545178329625243, 0.92651913426057, 0.211333809784207, 0.0685259116921211, 0.142807898092086, 113.803272727262, 112.724322580644, 113.666178266179, 115.245960912943
4/25/2018, 112.41, 113, 112.23, 113, 4899, 1.19328075093428, -0.1012675705057, 0.113653881186369, 0.597840819239618, 0.960095497424841, 0.182141975317833, 0.0912491244172635, 0.0908928509005697, 113.389454545444, 112.883419354837, 113.548322344323, 115.299264725981
4/26/2018, 113.63, 114.24, 113.13, 114.03, 9730, 1.1777487381636, 0.0456588764613173, 0.206668990642294, 0.648923092221076, 1.02214577610595, 0.239360430077014, 0.120871385549214, 0.1184890445278, 113.403636363626, 113.198666666665, 113.470717948719, 115.366982916496
4/27/2018, 115.11, 115.11, 114.42, 114.5, 3612, 1.16143016752974, 0.44788086991045, 0.0357733356327531, 0.705953079441447, 0.998956887423991, 0.318954827052707, 0.160488073849912, 0.158466753202795, 113.560727272717, 113.577376344085, 113.415413919415, 115.439453874539
4/30/2018, 114.48, 114.48, 114.11, 114.26, 86676, 1.12274257371825, 0.819899430083425, -0.0953812330116988, 0.621137645720486, 0.979623410911583, 0.358534997594319, 0.200097458598794, 0.158437538995525, 113.586363636353, 113.926494623654, 113.370776556777, 115.504392783928
5/1/2018, 113.89, 114.21, 113.2, 114.21, 12495, 1.11347813807368, 0.465007993733784, -0.11571168282997, 0.647776897930073, 0.950484645224831, 0.381470629812469, 0.236372092841529, 0.14509853697094, 113.811454545444, 114.182408602149, 113.321455433456, 115.56547956813
5/2/2018, 114.3, 114.51, 113.8, 113.8, 4568, 1.09281037998177, 0.610986938246888, -0.0646279777227854, 0.669081352394241, 0.902632632090609, 0.362386345882939, 0.261574943449811, 0.100811402433128, 114.03109090908, 114.421849462364, 113.246439560441, 115.615322399891
5/3/2018, 113.59, 113.63, 112.37, 113.35, 10024, 1.10537035888689, 0.696876450772916, -0.14030355222952, 0.586740654266182, 0.86959904988362, 0.307407076754302, 0.270741370110709, 0.036665706643593, 114.019454545444, 114.609784946235, 113.151460317461, 115.65969495695
5/4/2018, 113.01, 114.63, 113.01, 114.55, 6461, 1.10981269027357, 0.624169620263439, 0.0725925274079295, 0.641028776539838, 0.90417443276511, 0.356555431975409, 0.287904182483649, 0.0686512494917596, 114.330181818171, 114.818322580644, 113.101059829061, 115.718157988247
5/7/2018, 114.82, 114.85, 114.37, 114.64, 7069, 1.0744294442367, 1.36059119680423, -0.0780710607011029, 0.658847177268886, 0.911516656852016, 0.398178155502208, 0.309958977087361, 0.0882191784148474, 114.597454545444, 114.877118279568, 113.052996336997, 115.778532185322
5/8/2018, 114.42, 114.72, 114.03, 114.36, 14694, 1.05337497300569, 1.03285013800006, -0.231045336666043, 0.612162036297222, 0.899418109344931, 0.40391472629382, 0.328750126928653, 0.0751645993651675, 114.441454545444, 115.008709677418, 112.987096459097, 115.834938362718
5/9/2018, 114.47, 114.7, 113.92, 114.46, 5409, 1.03390497830932, 0.682548089853787, 0.0315452844877509, 0.592660185105952, 0.938003155565522, 0.411783381742609, 0.345356777891444, 0.0664266038511649, 114.362181818171, 115.062666666665, 112.923443223444, 115.889387180539
5/10/2018, 114.85, 115.33, 114.75, 115.28, 6681, 1.01295737011121, 0.63982962639983, 0.245984959182732, 0.672147399546511, 0.947846371016911, 0.478668700037332, 0.372019162320622, 0.10664953771671, 114.692545454534, 115.140537634407, 112.885257631259, 115.949790077901
5/11/2018, 115.35, 115.68, 115.35, 115.51, 24803, 0.977707898407923, 1.31584725813395, 0.508005341411806, 0.668049627242877, 0.948567782253672, 0.543964391578342, 0.406408208172166, 0.137556183406176, 115.128181818171, 115.319419354837, 112.879477411478, 116.017114391145
5/14/2018, 116.1, 116.1, 115.55, 115.55, 2772, 0.954031046108561, 1.24786825441963, 0.464903346941104, 0.566169588877418, 0.927193168580796, 0.592113843451457, 0.443549335228024, 0.148564508223433, 115.474545454534, 115.308043010751, 112.886507936509, 116.083488314884
5/15/2018, 115.03, 115.13, 114.61, 115.12, 17352, 0.950541808625365, 0.774819966685856, 0.288027421473232, 0.524108762358142, 0.923910037131908, 0.588788042571963, 0.472597076696812, 0.116190965875151, 115.591999999989, 115.278795698923, 112.886036630038, 116.141392373924
5/16/2018, 115.26, 115.91, 115.26, 115.87, 2047, 0.931259638892762, 1.13000508404151, 0.270212359671999, 0.610688989539959, 0.951775362838215, 0.639301582708299, 0.505937977899109, 0.13336360480919, 115.836909090898, 115.429849462364, 112.934434676436, 116.217203772038
5/17/2018, 115.87, 116.17, 115.53, 115.62, 70245, 0.91428646981992, 0.87972705396758, 0.340090345996789, 0.57673388257447, 0.917154949621877, 0.651649210077693, 0.535080224334826, 0.116568985742867, 115.792545454534, 115.589505376343, 112.97004884005, 116.285777231106
5/18/2018, 115.48, 115.48, 115.37, 115.37, 1170, 0.881288996780361, 0.727222387157942, 0.274990537833673, 0.576965223694417, 0.904296593324113, 0.633954055337739, 0.554854990535409, 0.0790990648023303, 115.777999999989, 115.585096774192, 112.999521367522, 116.359111111112
5/21/2018, 116.02, 116.11, 115.88, 115.93, 9089, 0.865096144057817, 0.843454417584613, 0.224780357391102, 0.61819164778108, 0.953235587515848, 0.657538147147307, 0.575391621857788, 0.0821465252895183, 115.930181818171, 115.641913978493, 113.045113553114, 116.445566488999
5/22/2018, 116.34, 116.34, 115.56, 115.56, 7723, 0.858221410363374, 0.334154470380063, 0.0631931301722621, 0.593227654066037, 0.919212836459538, 0.63900673022151, 0.588114643530533, 0.0508920866909774, 115.828181818171, 115.706688172042, 113.106876678878, 116.528576739101
5/23/2018, 114.8, 115.43, 114.75, 115.43, 6655, 0.851314761089075, 0.102662320033664, 0.195640818778696, 0.575823252866801, 0.904885910075946, 0.606835315476559, 0.591858777919738, 0.0149765375568209, 115.635818181807, 115.709053763439, 113.187604395605, 116.610412464125
5/24/2018, 115.15, 115.49, 115.15, 115.49, 3263, 0.823048746461913, 0.384795807395465, 0.167362370816831, 0.610842034762394, 0.918511808821714, 0.579500613719375, 0.589387145079665, -0.00988653136029016, 115.575272727261, 115.735978494622, 113.269873015874, 116.689239852399
5/25/2018, 115.7, 115.7, 115.2, 115.4, 3702, 0.804169885116482, 0.638151445497971, 0.153333459383754, 0.491957689326189, 0.947012225631866, 0.544301054066665, 0.580369926877065, -0.0360688728104004, 115.51818181817, 115.749655913977, 113.362156288157, 116.767630176302
5/29/2018, 114.41, 114.71, 113.53, 113.8, 12920, 0.856864187217223, 0.0986090273936052, -0.0704355927059325, 0.282674032735057, 0.944022492956749, 0.382884862839418, 0.540872914069536, -0.157988051230118, 114.922363636352, 115.55522580645, 113.377421245422, 116.821072570726
5/30/2018, 114.55, 115.1, 114.26, 115.09, 5046, 0.861374465896724, 0.940085054471201, 0.291918263019855, 0.337752397599729, 1.00241763064633, 0.354961808597679, 0.503690692975165, -0.148728884377486, 114.781636363625, 115.611999999999, 113.471584859586, 116.89027524942
5/31/2018, 114.98, 115.03, 114.27, 114.36, 81250, 0.859380971633887, 0.44663256808505, 0.103632183622982, 0.196445735702018, 0.910026381847862, 0.270806004749062, 0.457113755329944, -0.186307750580882, 114.540363636352, 115.611526881719, 113.559655677657, 116.949126964604
6/1/2018, 115.11, 115.38, 115.01, 115.15, 25141, 0.855100890319138, 0.375086669573634, 0.200349131807, 0.265005798889804, 0.998753604923049, 0.264805805098433, 0.418652165283642, -0.153846360185209, 114.604363636352, 115.666451612902, 113.702757020758, 117.021285499522
6/4/2018, 116.01, 116.49, 115.96, 116.4, 9634, 0.861182338008902, 0.587657024959744, 0.669189756100016, 0.346217955419555, 1.03653601639281, 0.356802163718626, 0.406282164970639, -0.0494800012520126, 115.075818181807, 115.825204301074, 113.909899877901, 117.111495148285
6/5/2018, 116.58, 117.1, 116.28, 117.1, 7710, 0.848245456336672, 0.860630459033666, 1.13746426783854, 0.434103667852617, 1.1783305756936, 0.480653417182097, 0.42115641541293, 0.0594970017691666, 115.844909090897, 116.046430107525, 114.134131868133, 117.212449091158
6/6/2018, 117.56, 118.06, 117.19, 118.06, 4660, 0.839937877267264, 1.12723885993613, 0.991055447460161, 0.379047294363778, 1.24601201815629, 0.648791539785293, 0.466683440287403, 0.18210809949789, 116.807818181807, 116.277763440859, 114.434021978023, 117.324310509772
6/7/2018, 118.08, 118.37, 117.65, 117.94, 13123, 0.829276856882012, 1.22672140102999, 1.17136680050969, 0.266822950942158, 1.23489796561654, 0.763557401770328, 0.526058232583988, 0.23749916918634, 117.566909090897, 116.509397849461, 114.718297924299, 117.42995763291
6/8/2018, 117.69, 118.16, 117.69, 118.09, 11691, 0.806712396270906, 1.42889085660382, 1.34953338679846, 0.284376907322875, 1.19726280611765, 0.856737978519021, 0.592194181770995, 0.264543796748027, 118.252909090897, 116.796860215052, 114.996913308914, 117.535493508269
6/11/2018, 118.22, 118.9, 118.22, 118.58, 32754, 0.797364087804434, 1.26472919498439, 1.19244075343651, 0.271064444282902, 1.2634145136453, 0.95906762721367, 0.66556887085953, 0.293498756354141, 118.948363636352, 117.151634408601, 115.287743589744, 117.64820226869
6/12/2018, 118.55, 118.91, 118.4, 118.63, 4987, 0.778672021033948, 1.25109942650481, 1.83376773135451, 0.305775646491034, 1.2782314655343, 1.03229948727682, 0.738914994142987, 0.293384493133829, 119.167636363625, 117.470430107525, 115.567548229549, 117.759355473555
6/13/2018, 119.03, 119.56, 118.85, 119.2, 7609, 0.775211147336362, 1.51802599460646, 1.7337738367137, 0.271269345014581, 1.28493173229535, 1.12338086496418, 0.815808168307225, 0.307572696656951, 119.578363636352, 117.830021505375, 115.838818070819, 117.867120404538
6/14/2018, 119.38, 119.82, 119.38, 119.58, 11556, 0.76003437300861, 1.6004011980823, 1.53354725778142, 0.206729742876817, 1.31033233696333, 1.21225224788203, 0.895096984222187, 0.317155263659848, 119.75018181817, 118.178301075267, 116.033753357754, 117.983649036491
6/15/2018, 119.31, 119.76, 119.3, 119.64, 17632, 0.740894891408819, 1.38596570783186, 1.36406874193836, 0.140892024358024, 1.32285534123668, 1.27285230859678, 0.970648049097106, 0.302204259499676, 119.815999999988, 118.466903225805, 116.279765567766, 118.104175755092
6/18/2018, 118.65, 119.26, 118.65, 119.07, 24562, 0.748791732323369, 1.10848593830735, 1.71730163308983, 0.0640616901046755, 1.25961555350529, 1.26035546375967, 1.02858953202962, 0.231765931730048, 119.689999999988, 118.722602150536, 116.488830280831, 118.217096897636
6/19/2018, 116.87, 117.41, 116.51, 117.41, 3220, 0.830429264878259, 0.523150598224932, 1.23258651092787, -0.020351498392718, 1.12865549459496, 1.10377981081025, 1.04362758778574, 0.0601522230245073, 118.984909090897, 118.744516129031, 116.548781440782, 118.300946016127
6/20/2018, 117.96, 118.17, 117.62, 117.85, 10287, 0.818206745777587, 0.764984504241588, 1.08691790351256, -0.111623834261047, 1.13016691275678, 1.00362760623952, 1.0356275914765, -0.0319999852369808, 118.606909090897, 118.785720430106, 116.618893772895, 118.391801558016
6/21/2018, 117.02, 117.17, 116.95, 116.95, 2123, 0.821756149981993, 0.307320495254191, 0.977711110848151, -0.14550797769254, 1.08881971826821, 0.841928555863689, 0.996887784353937, -0.154959228490249, 117.905454545443, 118.696881720429, 116.683909645911, 118.471389093892
6/22/2018, 117.69, 117.69, 116.91, 117.15, 25172, 0.812626228368539, 0.429902741756663, 0.905134823890542, -0.0765543816766668, 1.0683239632931, 0.721601054220372, 0.941830438327224, -0.220229384106853, 117.357090909079, 118.672021505375, 116.760542124543, 118.553138171382
6/25/2018, 116.33, 116.33, 114.34, 114.49, 36250, 0.912649179148447, -0.176378561165875, 0.28384594941509, -0.267453615324399, 0.901037386429163, 0.406910264565695, 0.834846403574919, -0.427936139009223, 116.039090909079, 118.312924731181, 116.758278388279, 118.595866065328
6/26/2018, 115.06, 115.6, 114.74, 115.27, 4425, 0.90929768625549, -0.125250098536679, 0.393689927116917, -0.14875292516079, 0.957712819144634, 0.217942719798458, 0.711465666819627, -0.493522947021169, 115.223636363624, 118.062043010751, 116.807665445666, 118.649970479705
6/27/2018, 115.53, 115.92, 113.91, 113.91, 16464, 0.962373866034035, -0.33106768626146, -0.095519640222482, -0.141750011611534, 0.831722949175421, -0.0410824815980817, 0.560956037136085, -0.602038518734167, 114.235636363624, 117.611741935482, 116.800056166057, 118.68875960093
6/28/2018, 113.76, 114.75, 113.23, 114.33, 10184, 0.977370827656259, -0.212324439832226, -0.123983440309149, 0.267902416292733, 0.831814538010403, -0.210050004269462, 0.406754828854976, -0.616804833124438, 113.757272727261, 117.272537634407, 116.793667887669, 118.738857181906
6/29/2018, 115.13, 115.47, 114.65, 114.87, 56043, 0.973758739354427, -0.109245757980245, 0.107062323435822, 0.086858710755734, 0.841516585302034, -0.296961311157077, 0.266011600852565, -0.562972912009642, 113.763818181806, 116.995118279568, 116.814170940172, 118.792583299167
7/2/2018, 113.66, 114.49, 113.57, 114.48, 61602, 0.985000725630337, -0.171968255837329, 0.173387779515221, 0.085055993092401, 0.832655798061268, -0.392781152038751, 0.134253050274302, -0.527034202313053, 113.781818181806, 116.656387096773, 116.807286935288, 118.834821921553
7/3/2018, 114.89, 114.89, 114.5, 114.57, 3153, 0.952908605364867, 0.192067707134489, 0.213503785817623, 0.435808299662932, 0.840313519515964, -0.45619805128176, 0.0161628299630897, -0.472360881244849, 113.749272727261, 116.372150537633, 116.832390720392, 118.87781030477
7/5/2018, 114.67, 114.81, 113.91, 114.81, 7425, 0.942565995739223, -0.0460108997075431, 0.516265854000236, 0.480479963583402, 0.870046348225433, -0.48153951876526, -0.0833776397825802, -0.39816187898268, 114.042545454533, 116.102473118278, 116.888903540904, 118.917312286457
7/6/2018, 114.72, 115.6, 114.35, 115.5, 7995, 0.944200882011076, 0.283986156623618, 0.493815301905237, 0.367841542133166, 0.891912679387552, -0.440863579970113, -0.154874827820087, -0.285988752150026, 114.559999999988, 115.916516129031, 116.93320879121, 118.962168648354
7/9/2018, 116.22, 116.81, 116.08, 116.64, 68275, 0.944379644878818, 0.357225572558717, 0.508446853880478, 0.452830957881482, 0.932757179180862, -0.313030709632358, -0.186506004182541, -0.126524705449817, 115.590363636352, 115.878752688171, 117.009035409036, 119.021653136532
7/10/2018, 116.95, 117.15, 116.63, 117.02, 10263, 0.916465729702035, 0.163308944401922, 0.490565280685913, 0.304609242949908, 0.960533643905852, -0.178996059542882, -0.185004015254609, 0.00600795571172694, 116.247818181806, 115.875784946235, 117.063081807083, 119.091946972804
