Date,SLV_Open,SLV_High,SLV_Low,SLV_Close,SLV_Volume,SLV_ATRPercentOfClose20,SLV_SQN25,SLV_SQN50,SLV_SQN100,SLV_SQN200,SLV_MACD,SLV_MACD_Avg,SLV_MACD_Diff,SLV_LinReg10,SLV_LinReg30,SLV_LinReg90,SLV_LinReg270
1/3/2017, 15.25, 15.64, 15.19, 15.44, 11033724, 0, 0, 0, 0, 0, 0, 0, 0, 15.44, 15.44, 15.44, 15.44
1/4/2017, 15.58, 15.66, 15.49, 15.58, 6142924, 0, 0, 0, 0, 0, 0.0111680911680914, 0.00223361823361827, 0.00893447293447309, 15.58, 15.58, 15.58, 15.58
1/5/2017, 15.73, 15.85, 15.66, 15.76, 7785596, 0, 0, 0, 0, 0, 0.0341497228106906, 0.00861683914903274, 0.0255328836616579, 15.7533333333333, 15.7533333333333, 15.7533333333333, 15.7533333333333
1/6/2017, 15.57, 15.7, 15.55, 15.64, 6097948, 0, 0, 0, 0, 0, 0.0421934544644582, 0.0153321622121178, 0.0268612922523404, 15.722, 15.722, 15.722, 15.722
1/9/2017, 15.69, 15.83, 15.65, 15.7, 7288880, 0, 0, 0, 0, 0, 0.0528010111223729, 0.0228259319941689, 0.029975079128204, 15.74, 15.74, 15.74, 15.74
1/10/2017, 15.8, 16.03, 15.8, 15.91, 7865116, 0, 0, 0, 0, 0, 0.0772621907133626, 0.0337131837380076, 0.043549006975355, 15.8566666666667, 15.8566666666667, 15.8566666666667, 15.8566666666667
1/11/2017, 15.77, 16, 15.67, 15.87, 7950580, 0, 0, 0, 0, 0, 0.0923555685614197, 0.04544166070269, 0.0469139078587297, 15.9025, 15.9025, 15.9025, 15.9025
1/12/2017, 15.98, 16.07, 15.86, 15.91, 6089614, 0, 0, 0, 0, 0, 0.106319262675294, 0.0576171810972108, 0.0487020815780832, 15.945, 15.945, 15.945, 15.945
1/13/2017, 15.82, 15.95, 15.73, 15.94, 5281245, 0, 0, 0, 0, 0, 0.118441025725479, 0.0697819500228645, 0.0486590757026148, 15.982, 15.982, 15.982, 15.982
1/17/2017, 16.21, 16.32, 16.17, 16.28, 7882785, 0, 0, 0, 0, 0, 0.153710885371915, 0.0865677370926746, 0.0671431482792401, 16.1229090909091, 16.1229090909091, 16.1229090909091, 16.1229090909091
1/18/2017, 16.28, 16.43, 16.15, 16.19, 8199371, 0, 0, 0, 0, 0, 0.172412788110611, 0.103736747296262, 0.0686760408143491, 16.184, 16.1927272727273, 16.1927272727273, 16.1927272727273
1/19/2017, 15.95, 16.17, 15.87, 16.12, 7699053, 0, 0, 0, 0, 0, 0.179516412329127, 0.118892680302835, 0.060623732026292, 16.208, 16.221282051282, 16.221282051282, 16.221282051282
1/20/2017, 16.12, 16.27, 16.02, 16.19, 8462434, 0, 0, 0, 0, 0, 0.188620204382618, 0.132838185118791, 0.0557820192638263, 16.2627272727273, 16.2601098901099, 16.2601098901099, 16.2601098901099
1/23/2017, 16.23, 16.31, 16.18, 16.29, 4206909, 0, 0, 0, 0, 0, 0.201580494972871, 0.146586647089607, 0.054993847883264, 16.3045454545455, 16.314, 16.314, 16.314
1/24/2017, 16.28, 16.39, 16.14, 16.22, 7348484, 0, 0, 0, 0, 0, 0.203853309595175, 0.158039979590721, 0.045813330004454, 16.2987272727273, 16.33775, 16.33775, 16.33775
1/25/2017, 15.96, 16.13, 15.91, 16.1, 8319481, 0, 0, 0, 0, 0, 0.193738240600167, 0.16517963179261, 0.0285586088075569, 16.2650909090909, 16.3278676470588, 16.3278676470588, 16.3278676470588
1/26/2017, 15.94, 16.02, 15.84, 15.93, 5941786, 0, 0, 0, 0, 0, 0.170044232235417, 0.166152551881172, 0.00389168035424578, 16.1543636363636, 16.2819607843137, 16.2819607843137, 16.2819607843137
1/27/2017, 15.9, 16.35, 15.85, 16.22, 8214085, 0, 0, 0, 0, 0, 0.172676627593683, 0.167457367023674, 0.00521926057000893, 16.1485454545454, 16.3027485380117, 16.3027485380117, 16.3027485380117
1/30/2017, 16.28, 16.37, 16.18, 16.23, 6467690, 0, 0, 0, 0, 0, 0.173568941591261, 0.168679681937191, 0.00488925965406992, 16.1352727272727, 16.321, 16.321, 16.321
1/31/2017, 16.56, 16.69, 16.5, 16.63, 11082328, 0, 0, 0, 0, 0, 0.204198886272083, 0.17578352280417, 0.0284153634679133, 16.3123636363636, 16.4097142857143, 16.4097142857143, 16.4097142857143
2/1/2017, 16.54, 16.72, 16.45, 16.61, 7615246, 0, 0, 0, 0, 0, 0.224274211748256, 0.185481660592987, 0.0387925511552687, 16.4454545454545, 16.4800865800866, 16.4800865800866, 16.4800865800866
2/2/2017, 16.73, 16.76, 16.5, 16.56, 5407869, 1.72551328502416, 0, 0, 0, 0, 0.233458307642717, 0.195076990002933, 0.0383813176397842, 16.5243636363636, 16.5305138339921, 16.5305138339921, 16.5305138339921
2/3/2017, 16.49, 16.63, 16.47, 16.57, 5402462, 1.68652836451418, 0, 0, 0, 0, 0.238791051632479, 0.203819802328842, 0.0349712493036365, 16.5967272727273, 16.5744565217391, 16.5744565217391, 16.5744565217391
2/6/2017, 16.71, 16.83, 16.66, 16.82, 6729329, 1.6556769470868, 0, 0, 0, 0, 0.260190881805279, 0.21509401822413, 0.0450968635811495, 16.7547272727273, 16.6506666666667, 16.6506666666667, 16.6506666666667
2/7/2017, 16.76, 16.87, 16.75, 16.79, 4528469, 1.61143906715307, 0, 0, 0, 0, 0.271598829868811, 0.226394980553066, 0.0452038493157451, 16.8594545454546, 16.7113846153846, 16.7113846153846, 16.7113846153846
2/8/2017, 16.88, 16.94, 16.76, 16.84, 4534413, 1.57976596440766, 1.91583649549582, 0, 0, 0, 0.281430141544014, 0.237402012751256, 0.0440281287927586, 16.9263636363637, 16.7707692307692, 16.7707692307692, 16.7707692307692
2/9/2017, 16.89, 16.92, 16.69, 16.75, 4814733, 1.57749826260261, 1.58726710430769, 0, 0, 0, 0.278746067881634, 0.245670823777331, 0.0330752441043031, 16.8878181818182, 16.8093915343915, 16.8093915343915, 16.8093915343915
2/10/2017, 16.75, 17.07, 16.75, 17.02, 8820767, 1.56885670409307, 1.64835831812614, 0, 0, 0, 0.295005029338384, 0.255537664889542, 0.039467364448842, 16.9558181818182, 16.8792118226601, 16.8792118226601, 16.8792118226601
2/13/2017, 16.96, 16.98, 16.83, 16.89, 5948033, 1.55813167841805, 1.6476670053394, 0, 0, 0, 0.294011280857625, 0.263232388083158, 0.0307788927744661, 16.9372727272727, 16.9231724137931, 16.9231724137931, 16.9231724137931
2/14/2017, 17.11, 17.12, 16.81, 17.01, 8069340, 1.56090545832198, 1.71093835892364, 0, 0, 0, 0.299454796653521, 0.270476869797231, 0.0289779268562899, 17.0041818181818, 16.9767096774194, 16.9767096774194, 16.9767096774194
2/15/2017, 16.91, 17.05, 16.89, 17.04, 4081628, 1.52719787287289, 1.50230428097326, 0, 0, 0, 0.302700231574484, 0.276921542152682, 0.0257786894218023, 17.0567272727273, 17.0196559139785, 17.0274193548387, 17.0274193548387
2/16/2017, 17.11, 17.19, 17.08, 17.15, 4991812, 1.48526409131582, 1.70250388183887, 0, 0, 0, 0.310568304728232, 0.283650894667792, 0.0269174100604404, 17.1138181818182, 17.0755698924731, 17.0852272727273, 17.0852272727273
2/17/2017, 17.06, 17.13, 17.04, 17.06, 4638757, 1.45068377536712, 1.5108374857454, 0, 0, 0, 0.306014022387402, 0.288123520211714, 0.0178905021756879, 17.1096363636364, 17.121935483871, 17.1260249554367, 17.1260249554367
2/21/2017, 16.96, 17.14, 16.9, 17.03, 4800241, 1.4510412182839, 1.42691926295655, 0, 0, 0, 0.296565350782618, 0.289811886325895, 0.0067534644567237, 17.1183636363637, 17.1481075268817, 17.1587394957983, 17.1587394957983
2/22/2017, 17.06, 17.11, 16.99, 17.11, 4657333, 1.40711106662806, 1.17173134144136, 0, 0, 0, 0.292164649658844, 0.290282438992484, 0.0018822106663593, 17.1372727272727, 17.1794623655914, 17.1964285714286, 17.1964285714286
2/23/2017, 17.23, 17.27, 17.11, 17.24, 4873927, 1.37307928262795, 1.48822292914568, 0, 0, 0, 0.295757665591399, 0.291377484312267, 0.00438018127913159, 17.1936363636364, 17.2322150537635, 17.2438288288288, 17.2438288288288
2/24/2017, 17.37, 17.45, 17.29, 17.4, 8025935, 1.35277543051038, 1.81005935645496, 0, 0, 0, 0.307965781600192, 0.294695143769852, 0.0132706378303397, 17.2654545454546, 17.2940215053764, 17.3029160739687, 17.3029160739687
2/27/2017, 17.41, 17.53, 17.27, 17.27, 8487005, 1.37008557419436, 1.49188567529892, 0, 0, 0, 0.30365059292788, 0.296486233601458, 0.0071643593264224, 17.3109090909091, 17.3321290322581, 17.342995951417, 17.342995951417
2/28/2017, 17.42, 17.5, 17.34, 17.37, 6983057, 1.36029412625329, 1.48410184807464, 0, 0, 0, 0.304786549461792, 0.298146296773525, 0.00664025268826696, 17.3512727272728, 17.3761505376344, 17.3888974358974, 17.3888974358974
3/1/2017, 17.34, 17.49, 17.33, 17.44, 6245944, 1.33296407823215, 1.69493095867845, 0, 0, 0, 0.307787238490217, 0.300074485116863, 0.00771275337335398, 17.4136363636364, 17.4424946236559, 17.4370975609756, 17.4370975609756
3/2/2017, 17.34, 17.4, 16.75, 16.8, 15848295, 1.51991362191371, 0.768928206926163, 0, 0, 0, 0.255576527746218, 0.291174893642734, -0.0355983658965163, 17.2374545454545, 17.4141505376344, 17.4205574912892, 17.4205574912892
3/3/2017, 16.81, 17.04, 16.73, 16.98, 8780338, 1.51989525357731, 1.15428739634988, 0, 0, 0, 0.226117121576458, 0.278163339229479, -0.0520462176530211, 17.1585454545455, 17.4000430107527, 17.4213953488372, 17.4213953488372
3/6/2017, 16.93, 16.93, 16.77, 16.83, 5618693, 1.51915807103123, 0.693377902403594, 0, 0, 0, 0.188493744986747, 0.260229420380933, -0.0717356753941853, 17.0190909090909, 17.3660215053764, 17.4082135306554, 17.4082135306554
3/7/2017, 16.63, 16.69, 16.55, 16.55, 6595536, 1.55220899206543, 0.364320189089745, 0, 0, 0, 0.134532481333988, 0.235090032571544, -0.100557551237556, 16.7894545454546, 17.2990107526882, 17.371, 17.371
3/8/2017, 16.41, 16.44, 16.31, 16.32, 6856500, 1.56890967388166, -0.316238630064431, 0, 0, 0, 0.0723744259783068, 0.202546911252896, -0.130172485274589, 16.5225454545455, 17.1964731182796, 17.3164154589372, 17.3164154589372
3/9/2017, 16.32, 16.34, 16.04, 16.06, 8481542, 1.60799349837243, -0.564802411852287, 0, 0, 0, 0.00210957433521131, 0.162459443869359, -0.160349869534148, 16.2349090909091, 17.0523010752688, 17.2436170212766, 17.2436170212766
3/10/2017, 16.07, 16.16, 16, 16.15, 6809216, 1.56861652041289, -0.410254526666221, 0, 0, 0, -0.0457857889103437, 0.120810397313419, -0.166596186223762, 16.0747272727273, 16.9084731182796, 17.1831914893617, 17.1831914893617
3/13/2017, 16.08, 16.13, 16.06, 16.07, 4252908, 1.52560665615649, -0.506660960075914, 0, 0, 0, -0.089170637163587, 0.0788141904180176, -0.167984827581605, 15.9290909090909, 16.7724086021506, 17.120306122449, 17.120306122449
3/14/2017, 16.05, 16.12, 15.97, 15.99, 4760859, 1.50348180213965, -0.894678529319334, 0, 0, 0, -0.128527191924235, 0.0373459139495671, -0.165873105873802, 15.8412727272727, 16.6278279569893, 17.0552081632653, 17.0552081632653
3/15/2017, 16.03, 16.45, 15.94, 16.43, 9717970, 1.5452611269265, -0.318535887456196, 0, 0, 0, -0.122797687056657, 0.00531719374832225, -0.128114880804979, 15.9947272727273, 16.5672903225807, 17.0284941176471, 17.0284941176471
3/16/2017, 16.56, 16.57, 16.34, 16.4, 5720659, 1.54080538412392, -0.396798797682131, 0.806687233999101, 0, 0, -0.119302517293661, -0.0196067484600745, -0.099695768833587, 16.0649090909091, 16.5029032258065, 17.0010784313726, 17.0010784313726
3/17/2017, 16.41, 16.5, 16.4, 16.47, 3079646, 1.48790211807229, -0.241209441774185, 0.748847036007315, 0, 0, -0.109620517994525, -0.0376095023669646, -0.0720110156275605, 16.2170909090909, 16.4454193548388, 16.9805079825835, 16.9805079825835
3/20/2017, 16.49, 16.53, 16.44, 16.51, 2600629, 1.43733861238148, -0.480192789494249, 0.63798443297155, 0, 0, -0.0975947861448354, -0.0496065591225388, -0.0479882270222966, 16.3809090909091, 16.3942580645162, 16.9640251572327, 16.9640251572327
3/21/2017, 16.6, 16.68, 16.57, 16.61, 5533193, 1.40842489258864, -0.250315780520416, 0.817621543889847, 0, 0, -0.0790835171897264, -0.0555019507359763, -0.0235815664537501, 16.5407272727273, 16.3728387096775, 16.9556296296296, 16.9556296296296
3/22/2017, 16.61, 16.66, 16.56, 16.62, 3137753, 1.36728282747307, -0.362447467913782, 0.776195424055134, 0, 0, -0.0628814287811359, -0.0569778463450082, -0.00590358243612767, 16.6547272727273, 16.3520430107527, 16.9483116883117, 16.9483116883117
3/23/2017, 16.73, 16.75, 16.62, 16.67, 3978647, 1.33401491079618, -0.340999244583584, 0.650065810502408, 0, 0, -0.045482283403679, -0.0546787337567424, 0.00919645035306339, 16.7176363636364, 16.3420215053764, 16.9447744360902, 16.9447744360902
3/24/2017, 16.71, 16.84, 16.69, 16.81, 5578051, 1.30732463621794, -0.306776884544187, 0.790364893029487, 0, 0, -0.0201640665591931, -0.0477758003172325, 0.0276117337580394, 16.8136363636364, 16.3448602150538, 16.9508832425892, 16.9508832425892
3/27/2017, 17.11, 17.17, 17.05, 17.15, 9629975, 1.3222927567395, 0.115479750352034, 0.99213513301146, 0, 0, 0.0270244402740545, -0.0328157521989751, 0.0598401924730296, 16.9750909090909, 16.4084516129033, 16.9793512565751, 16.9793512565751
3/28/2017, 17.2, 17.27, 17.11, 17.18, 7429490, 1.3005503340616, 0.171512384274519, 0.990411342159842, 0, 0, 0.0660806842001165, -0.0130364649191568, 0.0791171491192733, 17.072, 16.4663440860216, 17.0080169491525, 17.0080169491525
3/29/2017, 17.14, 17.28, 17.13, 17.25, 4464632, 1.2739873624475, 0.161667859186448, 0.796974304722348, 0, 0, 0.101511294863553, 0.00987308703738508, 0.0916382078261675, 17.2161818181818, 16.539247311828, 17.0394644808743, 17.0394644808743
3/30/2017, 17.18, 17.33, 17.14, 17.15, 6001773, 1.27273865318417, -0.0524302502383214, 0.793200021547275, 0, 0, 0.120136288461818, 0.0319257273222718, 0.0882105611395467, 17.2750909090909, 16.5999139784947, 17.0626123744051, 17.0626123744051
3/31/2017, 17.23, 17.3, 17.2, 17.25, 4732311, 1.24557069605815, -0.108426241665726, 0.927112165412209, 0, 0, 0.141336653378275, 0.0538079125334724, 0.0875287408448026, 17.3416363636363, 16.6798924731184, 17.0906451612903, 17.0906451612903
4/3/2017, 17.21, 17.3, 17.2, 17.24, 4050383, 1.21298084580353, 0.00272674937480971, 0.862954104292344, 0, 0, 0.15553823098087, 0.0741539762229519, 0.081384254757918, 17.3701818181818, 16.7519569892474, 17.1163988095238, 17.1163988095238
4/4/2017, 17.33, 17.39, 17.23, 17.33, 4374633, 1.19251011497809, -0.0065348932719619, 0.851026450712265, 0, 0, 0.172071794846371, 0.0937375399476357, 0.0783342548987351, 17.41, 16.8322795698926, 17.1461346153846, 17.1461346153846
4/5/2017, 17.23, 17.34, 17.17, 17.32, 5676170, 1.18261491212135, -0.081595807669745, 0.902040746963625, 0, 0, 0.182266788816818, 0.111443389721472, 0.0708233990953461, 17.4090909090909, 16.9147311827958, 17.1735664335665, 17.1735664335665
4/6/2017, 17.22, 17.31, 17.19, 17.26, 3934648, 1.16504900139308, 0.575761827344895, 0.958282465117912, 0, 0, 0.183390880516551, 0.125832887880488, 0.0575579926360633, 17.3592727272727, 16.9968817204302, 17.1958842152872, 17.1958842152872
4/7/2017, 17.4, 17.42, 16.91, 17.03, 10875982, 1.27148023933308, 0.0837337530885282, 0.915809091228756, 0, 0, 0.163834076229829, 0.133433125550356, 0.0304009506794729, 17.2258181818181, 17.0603870967743, 17.2034986830553, 17.2034986830553
4/10/2017, 16.93, 17.03, 16.8, 17, 5560339, 1.27768488541472, 0.228932048525244, 0.669963327160166, 0, 0, 0.144251576276073, 0.1355968156955, 0.00865476058057318, 17.138, 17.113806451613, 17.2088746803069, 17.2088746803069
4/11/2017, 17.1, 17.35, 17.09, 17.31, 7559469, 1.29316065276995, 0.942911821418791, 0.884190579229312, 0, 0, 0.151994613904598, 0.138876375337319, 0.0131182385672791, 17.1714545454545, 17.2149677419356, 17.2314451345756, 17.2314451345756
4/12/2017, 17.37, 17.47, 17.28, 17.46, 6480384, 1.27235855409366, 1.47403682695223, 0.705158313072087, 0, 0, 0.168294775990713, 0.144760055467998, 0.0235347205227149, 17.2636363636363, 17.3402150537636, 17.2611750503018, 17.2611750503018
4/13/2017, 17.57, 17.59, 17.43, 17.53, 8297375, 1.24954999068749, 2.0842038854358, 0.776422829291839, 0, 0, 0.18473171465088, 0.152754387304574, 0.0319773273463055, 17.3485454545454, 17.4315483870969, 17.2932042253521, 17.2932042253521
4/17/2017, 17.53, 17.58, 17.38, 17.43, 5066057, 1.25125535111383, 1.7811415023528, 0.737427568210803, 0, 0, 0.187527245343027, 0.159708958912265, 0.027818286430762, 17.3981818181818, 17.5174838709679, 17.3181392694064, 17.3181392694064
4/18/2017, 17.42, 17.44, 17.11, 17.34, 11434006, 1.29001797759045, 1.77469528452301, 0.656204255378077, 0, 0, 0.180400926137807, 0.163847352357373, 0.0165535737804336, 17.404909090909, 17.5790967741937, 17.3369455757127, 17.3369455757127
4/19/2017, 17.27, 17.29, 17.14, 17.18, 7431458, 1.29513772670823, 1.64003708198053, 0.328080273505736, 0, 0, 0.159998243841549, 0.163077530654209, -0.00307928681265915, 17.368909090909, 17.5984516129033, 17.3462810810811, 17.3462810810811
4/20/2017, 17.11, 17.19, 16.92, 17.06, 10709892, 1.31816780994168, 1.01839525622346, 0.255259327651397, 0, 0, 0.132617244961672, 0.156985473515701, -0.0243682285540293, 17.2976363636363, 17.583182795699, 17.3487964912281, 17.3487964912281
4/21/2017, 16.97, 17.02, 16.86, 17.02, 10720592, 1.31395685638806, 1.00330155244324, 0.182319521874378, 0, 0, 0.106462704586136, 0.146880919729788, -0.0404182151436525, 17.2147272727272, 17.5407311827958, 17.349019138756, 17.349019138756
4/24/2017, 16.84, 16.99, 16.79, 16.98, 6885114, 1.31892629039685, 0.826213313744154, 0.223873557084426, 0, 0, 0.081567122188364, 0.133818160221503, -0.0522510380331394, 17.0850909090908, 17.4930107526883, 17.3470829170829, 17.3470829170829
4/25/2017, 16.74, 16.8, 16.62, 16.68, 8457961, 1.38342925601868, 0.264624259978402, -0.239056614367647, 0, 0, 0.0372008724785609, 0.114494702672915, -0.077293830194354, 16.8485454545454, 17.3965376344087, 17.3300324569945, 17.3300324569945
4/26/2017, 16.57, 16.6, 16.4, 16.57, 9668600, 1.4074725401854, -0.0360921212647177, -0.225092291645103, 0, 0, -0.00675788011434264, 0.0902441861154634, -0.097002066229806, 16.6534545454545, 17.2768387096776, 17.3081582278481, 17.3081582278481
4/27/2017, 16.49, 16.49, 16.35, 16.37, 9606652, 1.42063097075922, -0.324151132543024, -0.484146271225573, 0, 0, -0.0570759013183064, 0.0607801686287094, -0.117856069947016, 16.4596363636363, 17.1573548387098, 17.2773148148148, 17.2773148148148
4/28/2017, 16.31, 16.39, 16.25, 16.3, 7524077, 1.39834003323693, -0.490647360093296, -0.565933800664977, 0, 0, -0.101432460366219, 0.0283376428297238, -0.129770103195943, 16.3150909090908, 17.0273763440862, 17.2442999096658, 17.2442999096658
5/1/2017, 16.22, 16.28, 15.9, 15.99, 13640156, 1.47925549810343, -1.05934128661465, -0.890504447508111, 0, 0, -0.159758169473655, -0.00928151963095193, -0.150476649842703, 16.1105454545453, 16.8633763440862, 17.1977402292095, 17.1977402292095
5/2/2017, 15.97, 15.98, 15.89, 15.93, 7183634, 1.44197304732833, -1.81132459852816, -0.871395246181181, 0, 0, -0.20842066897978, -0.0491093495007176, -0.159311319479063, 15.9458181818181, 16.6975268817206, 17.1501979345955, 17.1501979345955
5/3/2017, 15.79, 15.8, 15.58, 15.59, 10586772, 1.51200122589758, -2.19288844696784, -1.09410906612626, 0, 0, -0.271293901709885, -0.0935462599425512, -0.177747641767334, 15.7085454545453, 16.4989462365593, 17.0886330532213, 17.0886330532213
5/4/2017, 15.48, 15.57, 15.35, 15.43, 12118179, 1.52906637434582, -2.54019165603137, -1.28324094070919, 0, 0, -0.33022542135074, -0.140882092224189, -0.189343329126551, 15.4787272727271, 16.2873118279571, 17.0221067031464, 17.0221067031464
5/5/2017, 15.43, 15.51, 15.36, 15.5, 8476591, 1.49443996440956, -2.25839345155158, -1.32786677039744, 0, 0, -0.367049541623761, -0.186115582104103, -0.180933959519657, 15.3539999999999, 16.0955698924733, 16.9613953488372, 16.9613953488372
5/8/2017, 15.43, 15.47, 15.38, 15.41, 6149623, 1.46694539104029, -2.58734027878417, -1.53714788189784, 0, 0, -0.398896934525716, -0.228671852588426, -0.17022508193729, 15.2730909090908, 15.9092903225808, 16.8989785788924, 16.8989785788924
5/9/2017, 15.35, 15.35, 15.21, 15.3, 7632302, 1.46897693151205, -2.74652118823449, -1.53324746339832, 0, 0, -0.428077690394474, -0.268553020149636, -0.159524670244839, 15.179818181818, 15.7407526881722, 16.8340551583248, 16.8340551583248
5/10/2017, 15.38, 15.4, 15.32, 15.35, 6780401, 1.42355568075098, -2.81881787348527, -1.57065495442621, 0, 0, -0.442073123734447, -0.303257040866598, -0.138816082867849, 15.1570909090907, 15.5924946236561, 16.7738277153558, 16.7738277153558
5/11/2017, 15.37, 15.47, 15.35, 15.45, 7017943, 1.38245959317483, -2.57671228006716, -1.53332650639195, 0, 0, -0.440023128502411, -0.33061025839376, -0.10941287010865, 15.1954545454544, 15.4733978494625, 16.7202564102564, 16.7202564102564
5/12/2017, 15.57, 15.61, 15.53, 15.57, 6334541, 1.35459541932072, -2.23797198920192, -1.06081396226986, 0, 0, -0.423829848722297, -0.349254176459468, -0.0745756722628295, 15.3114545454544, 15.3744731182797, 16.6518510378511, 16.6738867654085
5/15/2017, 15.87, 15.88, 15.72, 15.75, 6766116, 1.37057131078619, -1.6386314106927, -1.04629258538736, 0, 0, -0.391953862014548, -0.357794113570484, -0.0341597484440639, 15.4674545454544, 15.3152473118281, 16.5943296703297, 16.6369424964937
5/16/2017, 15.82, 15.98, 15.8, 15.93, 6901751, 1.35952123274566, -1.29941842763443, -0.746838304055253, 0, 0, -0.348154113317428, -0.355866113519873, 0.00771200020244511, 15.6867272727271, 15.2878709677421, 16.5485518925519, 16.6089773507207
5/17/2017, 16.08, 16.13, 15.87, 16, 11164130, 1.36714466098478, -1.7286137530503, -0.457878278947806, 0, 0, -0.304286457063931, -0.345550182228684, 0.0412637251647533, 15.8621818181816, 15.2838279569894, 16.5030427350427, 16.5849630459127
5/18/2017, 15.88, 15.89, 15.56, 15.71, 9208010, 1.46280069044994, -2.29263601513358, -0.512459294282215, 0, 0, -0.289583461913026, -0.334356838165553, 0.044773376252527, 15.8830909090907, 15.2509032258066, 16.4459267399268, 16.5497960526316
5/19/2017, 15.94, 15.96, 15.85, 15.94, 6136067, 1.44802816214681, -1.93157808768615, -0.0732327832093005, 0, 0, -0.256416346488095, -0.318768739830061, 0.0623523933419662, 15.9821818181816, 15.253548387097, 16.4035238095238, 16.5253264604811
5/22/2017, 16.1, 16.29, 16.09, 16.23, 6458044, 1.45887187057235, -1.3174116476493, 0.104760469105958, 0, 0, -0.204374688004309, -0.295889929464911, 0.0915152414606015, 16.1394545454544, 15.2861720430109, 16.3728864468865, 16.5135030507048
5/23/2017, 16.34, 16.38, 16.11, 16.15, 8053586, 1.47638488770401, -1.31323704822444, 0.105104031656487, 0, 0, -0.16765401895856, -0.270242747363641, 0.102588728405081, 16.2023636363635, 15.3118064516131, 16.3393772893773, 16.4988806431664
5/24/2017, 16.12, 16.28, 16.1, 16.28, 6475738, 1.4466483500982, -0.976154329510203, 0.286147584166889, 0, 0, -0.126603306527176, -0.241514859196348, 0.114911552669171, 16.273818181818, 15.3800860215056, 16.3120415140415, 16.4899434343434
5/25/2017, 16.29, 16.32, 16.21, 16.23, 4171640, 1.41243766990874, -0.906856985294432, -0.150984109113547, 0, 0, -0.0969868987074065, -0.212609267098559, 0.115622368391153, 16.2972727272725, 15.4586666666669, 16.2898266178266, 16.4793465346535
5/26/2017, 16.38, 16.45, 16.31, 16.4, 5724862, 1.39497989106633, -0.650063738222001, 0.0336672422130538, 0.633822772655895, 0, -0.059116643022886, -0.181910742283425, 0.122794099260539, 16.3609090909089, 15.5714193548389, 16.2730793650794, 16.4757483983692
5/30/2017, 16.39, 16.52, 16.39, 16.47, 6493034, 1.35906415924793, -0.526526106255728, 0.0336672422130538, 0.589127429029255, 0, -0.0231884752584008, -0.15016628887842, 0.126977813620019, 16.4394545454543, 15.693677419355, 16.2576825396825, 16.474980011422
5/31/2017, 16.35, 16.5, 16.33, 16.39, 5178610, 1.34927378692329, -0.307414558111399, -0.0744902912535607, 0.432303355566851, 0, -0.00115713612373725, -0.120364458327483, 0.119207322203746, 16.4870909090907, 15.8059784946238, 16.2400879120879, 16.4711781179985
6/1/2017, 16.16, 16.41, 16.14, 16.38, 5242117, 1.36501022584183, -0.194800241595249, -0.174141848194813, 0.50185706571867, 0, 0.0153193505045479, -0.0932276965610772, 0.108547047065625, 16.5201818181816, 15.9124731182798, 16.2241318681319, 16.4671263736264
6/2/2017, 16.45, 16.64, 16.44, 16.59, 6867958, 1.35870549272602, 0.281458745648672, 0.00776059320616562, 0.585518063885854, 0, 0.0448058360337811, -0.0656209900421055, 0.110426826075887, 16.5470909090907, 16.0427741935486, 16.2157338217338, 16.471097933513
6/5/2017, 16.64, 16.71, 16.59, 16.63, 4483177, 1.32374491389708, 0.410942634485782, -0.000979231864330516, 0.483054278462905, 0, 0.0705880587585774, -0.0383791802819689, 0.108967239040546, 16.585818181818, 16.1785161290325, 16.2061465201465, 16.4764309645565
6/6/2017, 16.73, 16.8, 16.69, 16.76, 5424070, 1.29851933306701, 0.997480186413877, -0.00949408887470826, 0.582604492153256, 0, 0.100353753955968, -0.0106325934343816, 0.11098634739035, 16.689818181818, 16.3306021505378, 16.1980757020757, 16.4863862928349
6/7/2017, 16.7, 16.78, 16.57, 16.65, 4312664, 1.30480629556113, 0.931531358183169, -0.419498812038027, 0.49310936047156, 0, 0.113755894022798, 0.0142451040570544, 0.0995107899657439, 16.7109090909089, 16.4501505376346, 16.191032967033, 16.4920064559973
6/8/2017, 16.68, 16.68, 16.37, 16.49, 7440389, 1.34558966525399, 1.28878819370179, -0.588087728410434, 0.379712526100232, 0, 0.11019624998373, 0.0334353332423895, 0.0767609167413404, 16.6754545454543, 16.5422580645163, 16.1769035409035, 16.4916580483736
6/9/2017, 16.32, 16.35, 16.25, 16.28, 5441106, 1.36850951480567, 1.21232062231928, -0.832079910770033, 0.0511222308589306, 0, 0.0893994206085793, 0.0446281507156275, 0.0447712698929518, 16.5459999999998, 16.5949032258066, 16.162293040293, 16.4837886977887
6/12/2017, 16.11, 16.18, 16, 16.04, 5966830, 1.40681846359006, 0.738246804779857, -0.94885106095745, -0.0387660695673268, 0, 0.0529415124587196, 0.0462908230642459, 0.00665068939447368, 16.3649090909088, 16.6130107526884, 16.1370036630037, 16.4676335263835
6/13/2017, 15.85, 16, 15.82, 15.95, 9314010, 1.41298431023105, 0.742770883308703, -1.12124759686745, -0.0512312328234912, 0, 0.0165948150483324, 0.0403516214610632, -0.0237568064127308, 16.1863636363634, 16.6007096774196, 16.1070866910867, 16.4488084702908
6/14/2017, 16.3, 16.37, 15.94, 15.95, 13651500, 1.47713133296401, 0.906207406145642, -1.11252226949266, -0.0934430577867729, 0, -0.0120710568834355, 0.0298670857921635, -0.0419381426755989, 16.0201818181816, 16.5846666666669, 16.0778388278388, 16.4305635770843
6/15/2017, 15.82, 15.94, 15.79, 15.88, 6266507, 1.45983832007161, 0.73855778977849, -1.25961327194505, -0.196236109007182, 0, -0.0399765570364323, 0.0158983572264443, -0.0558749142628766, 15.8518181818179, 16.5369462365593, 16.0515409035409, 16.4104530892449
6/16/2017, 15.81, 15.82, 15.75, 15.79, 4806695, 1.43591645956937, 0.480302408046552, -1.33298919746732, -0.209426975623757, 0, -0.068563754512013, -0.000994065121247157, -0.0675696893907659, 15.7216363636361, 16.4652688172045, 16.0213308913309, 16.3878635682159
6/19/2017, 15.68, 15.7, 15.6, 15.61, 7444926, 1.44070883099105, 0.0770610526498798, -1.43659468078838, -0.247441573968481, 0, -0.104538752482771, -0.0217030025935519, -0.0828357498892191, 15.5809090909088, 16.3730967741938, 15.9850964590965, 16.3598275862069
6/20/2017, 15.57, 15.61, 15.51, 15.59, 6194251, 1.40250106537407, -0.192494305451658, -1.27830663173631, -0.158415651604811, 0, -0.133128408984273, -0.0439880838716962, -0.0891403251125771, 15.5149090909088, 16.2716774193551, 15.9468888888889, 16.3319542228017
6/21/2017, 15.52, 15.59, 15.5, 15.54, 6018918, 1.36562046516877, -0.518797770073353, -1.29948186222164, -0.372646221391673, 0, -0.15799918363378, -0.0667903038241131, -0.0912088798096674, 15.4734545454543, 16.1554193548389, 15.9133455433456, 16.3032345819684
6/22/2017, 15.68, 15.73, 15.63, 15.68, 5295659, 1.34634278873001, -0.411104689688142, -1.48409865796353, -0.288463286764003, 0, -0.164516181622609, -0.0863354793838123, -0.078180702238797, 15.5089090909088, 16.0587096774196, 15.8841172161172, 16.2800084033613
6/23/2017, 15.83, 15.85, 15.76, 15.79, 5237671, 1.32394693989375, 0.138405484371719, -1.51521168255914, -0.475380489649155, 0, -0.158972334672288, -0.100862850441508, -0.0581094842307809, 15.5845454545452, 15.9804946236561, 15.8632503052503, 16.261085399449
6/26/2017, 15.71, 15.74, 15.65, 15.68, 3805360, 1.31121594846149, -0.375514086609058, -1.68697719860632, -0.532633598121457, 0, -0.161592143076767, -0.113008708968559, -0.0485834341082076, 15.6009090909088, 15.8941290322583, 15.8391355311355, 16.2391247798401
6/27/2017, 15.73, 15.85, 15.68, 15.79, 4350081, 1.29080891502738, -0.709886304787245, -1.47854650081227, -0.430208259534368, 0, -0.153028264840087, -0.121012620142865, -0.0320156446972218, 15.6569090909088, 15.8330107526884, 15.8232698412698, 16.2213634546182
6/28/2017, 15.89, 15.92, 15.82, 15.92, 4787983, 1.25708411619775, -0.35275750114476, -1.26034252392167, -0.351980784251954, 0, -0.134204391408611, -0.123650974396014, -0.0105534170125968, 15.7665454545452, 15.8001290322583, 15.812083028083, 16.2082926829268
6/29/2017, 15.74, 15.85, 15.71, 15.73, 5029964, 1.27540624115542, -0.859765447103062, -1.29423203275885, -0.626943858987782, 0, -0.133083642806644, -0.12553750807814, -0.00754613472850427, 15.7981818181816, 15.7478709677422, 15.7927594627595, 16.1895458064516
6/30/2017, 15.72, 15.78, 15.7, 15.71, 3820326, 1.23863992136894, -0.814516097445891, -1.21202749486922, -0.621800023242153, 0, -0.132284382303034, -0.126886882923119, -0.00539749937991504, 15.8130909090907, 15.675483870968, 15.7752918192918, 16.170700952381
7/3/2017, 15.37, 15.43, 15.23, 15.3, 7903599, 1.365103366436, -1.54896280590494, -1.47509620257516, -0.887529927190458, 0, -0.16285721943208, -0.134080950224911, -0.0287762692071691, 15.654727272727, 15.5664086021508, 15.7438168498169, 16.1395275590551
7/5/2017, 15.07, 15.19, 15.04, 15.18, 9527474, 1.39273896120865, -1.83705625541154, -1.54799015414404, -0.910762493969732, 0, -0.194527023798917, -0.146170164939712, -0.0483568588592049, 15.4678181818179, 15.4655698924733, 15.7120732600733, 16.1054859744095
7/6/2017, 15.15, 15.17, 15.08, 15.15, 5154518, 1.35872531746468, -1.7719615565837, -1.3596893402635, -1.10330023063352, 0, -0.219515878800866, -0.160839307711943, -0.058676571088923, 15.2829090909088, 15.3623655913981, 15.6777557997558, 16.071457122093
7/7/2017, 14.95, 14.96, 14.53, 14.73, 19192389, 1.53804848143994, -2.09916393931425, -1.56462030476048, -1.2621066516673, 0, -0.270096709599533, -0.182690788089461, -0.0874059215100722, 15.0021818181815, 15.220989247312, 15.6288547008547, 16.025488372093
7/10/2017, 14.46, 14.9, 14.44, 14.83, 14637895, 1.60638445212609, -2.30020847704557, -1.31016970291726, -1.26544851794624, 0, -0.298670332480546, -0.205886696967678, -0.0927836355128676, 14.8298181818179, 15.0989677419357, 15.5878144078144, 15.9838073987082
7/11/2017, 14.85, 15, 14.76, 14.99, 7774360, 1.5898297100586, -2.04729627202654, -1.08931937363846, -1.17132565246363, 0, -0.30488989077786, -0.225687335729715, -0.0792025550481452, 14.7430909090906, 15.017612903226, 15.5414578754579, 15.9480811936156
7/12/2017, 15.09, 15.12, 15.02, 15.05, 8272880, 1.54750631136807, -2.15704300707923, -0.800170295735645, -1.19649340626805, 0, -0.301501910631561, -0.240850250710084, -0.0606516599214774, 14.736727272727, 14.9576344086024, 15.5030500610501, 15.9151139211666
7/13/2017, 15.04, 15.05, 14.84, 14.87, 7214910, 1.55853876844553, -2.24231417513079, -0.904243952005033, -1.25508474836233, 0, -0.309770565381537, -0.254634313644375, -0.0551362517371629, 14.7345454545451, 14.8786451612906, 15.4548547008547, 15.8776770283919
7/14/2017, 15.14, 15.22, 15.01, 15.08, 7841837, 1.57604097562638, -1.66826797600645, -0.426800226329151, -1.09219769192522, 0, -0.295966570494691, -0.262900765014438, -0.0330658054802535, 14.8241818181815, 14.8354408602153, 15.4110525030525, 15.8474328358209
7/17/2017, 15.27, 15.32, 15.22, 15.22, 7567182, 1.56231031647986, -1.23686711956222, -0.154729964196085, -1.04551611590316, 0, -0.270610545207338, -0.264442721053018, -0.00616782415432032, 14.993636363636, 14.8323870967744, 15.3693357753358, 15.8220936819172
7/18/2017, 15.37, 15.45, 15.32, 15.38, 7794600, 1.54352697438116, -0.762141239586284, -0.070888246134284, -1.01548769611211, 0, -0.2348972998089, -0.258533636804194, 0.0236363369952948, 15.1630909090906, 14.8611397849465, 15.329641025641, 15.8020813653929
7/19/2017, 15.43, 15.48, 15.33, 15.4, 5131273, 1.5131475729015, -0.633300083950096, 0.0272858323004551, -1.09519337769179, 0, -0.202644502988941, -0.247355810041144, 0.0447113070522031, 15.3110909090906, 14.9091612903228, 15.2933186813187, 15.7831799428753
7/20/2017, 15.38, 15.53, 15.3, 15.42, 7564096, 1.51020421475674, -0.608303637438651, 0.144802343569534, -1.01420090684418, 0, -0.173470437070293, -0.232578735446973, 0.0591082983766806, 15.4479999999997, 14.9611612903228, 15.2566422466422, 15.7653539776874
7/21/2017, 15.57, 15.63, 15.52, 15.6, 7450358, 1.48544753474177, -0.298518330394494, 0.258737581024106, -0.953884128647736, 0, -0.134277417480808, -0.21291847185374, 0.0786410543729323, 15.5483636363633, 15.0332688172045, 15.2265323565324, 15.7531243576567
7/24/2017, 15.66, 15.67, 15.54, 15.58, 5812744, 1.45470683343216, -0.219067802950597, 0.15202920438558, -1.00483894382316, 0, -0.103635850366759, -0.191061947556344, 0.0874260971895852, 15.6143636363633, 15.0945806451615, 15.2056117216117, 15.7406595744681
7/25/2017, 15.62, 15.72, 15.56, 15.59, 6720359, 1.43239998984152, 0.00268158344714007, 0.0539976351942504, -0.694627396980043, 0, -0.0776501684356194, -0.168379591732199, 0.0907294232965798, 15.6749090909087, 15.1456774193551, 15.1850842490842, 15.7288093097593
7/26/2017, 15.56, 15.79, 15.52, 15.75, 9831234, 1.43267047933637, 0.216103975876278, 0.0360874208690876, -0.699477252968592, 0, -0.0436425809575383, -0.143432189577267, 0.0997896086197288, 15.7699999999996, 15.2139784946239, 15.1736996336996, 15.7217354476509
7/27/2017, 15.9, 15.9, 15.65, 15.68, 7377167, 1.44683240096113, 0.192877413776873, -0.186859311582127, -0.657411139277516, 0, -0.0220851539481295, -0.11916278245144, 0.09707762850331, 15.7667272727269, 15.2746881720433, 15.1606715506715, 15.7129224941725
7/28/2017, 15.76, 15.84, 15.74, 15.81, 5840991, 1.41378971819842, 0.179984535793428, -0.131365418469407, -0.41189535907718, 0, 0.00542662110423464, -0.0942449017403047, 0.0996715228445393, 15.8061818181814, 15.3489677419357, 15.1561562881563, 15.7079224137931
7/31/2017, 15.9, 15.96, 15.86, 15.9, 5672180, 1.38266758946422, 0.155943897384201, 0.208276658558918, -0.215839449498306, 0, 0.0340990759617377, -0.0685761061998962, 0.102675182161634, 15.8649090909087, 15.4291182795701, 15.1563833943834, 15.7055257439773
8/1/2017, 15.83, 15.92, 15.79, 15.79, 6443638, 1.3638501544558, 0.156856645782423, -0.104584495490273, -0.125509467467715, 0, 0.0473997277622118, -0.0453809394074746, 0.0927806671696864, 15.8805454545451, 15.4826021505379, 15.1534407814408, 15.7002292423819
8/2/2017, 15.69, 15.86, 15.66, 15.67, 6322226, 1.36939593120065, -0.114028923192269, -0.499315373784058, -0.260914054045027, 0, 0.0477076489419304, -0.0267632217375936, 0.074470870679524, 15.8363636363632, 15.5183655913981, 15.1490085470085, 15.69185144328
8/3/2017, 15.72, 15.79, 15.7, 15.72, 5365416, 1.33495626780016, -0.209600854139628, -0.376349526306134, -0.17740779223693, 0, 0.0513938248070449, -0.0111318124286659, 0.0625256372357108, 15.7987272727269, 15.5566236559142, 15.1551526251526, 15.685033557047
8/4/2017, 15.54, 15.56, 15.31, 15.38, 12170841, 1.42953425899399, -0.371197371682132, -0.794837236473298, -0.340711528608741, 0, 0.0265736625953021, -0.00359071742387231, 0.0301643800191745, 15.6632727272723, 15.5599139784949, 15.1481489621489, 15.6693637583893
8/7/2017, 15.27, 15.41, 15.27, 15.33, 4191890, 1.40814905793615, -0.406013095023469, -0.797396391758195, -0.676813159804971, 0, 0.00283622881008583, -0.00230532817708069, 0.00514155698716651, 15.518545454545, 15.5661290322583, 15.1418339438339, 15.6527620309051
8/8/2017, 15.51, 15.58, 15.36, 15.56, 7409420, 1.39830197977205, 0.349138803846204, -0.721792070701521, -0.494270349438079, 0, 0.00255378092924552, -0.00133350635581544, 0.00388728728506096, 15.4689090909087, 15.5971612903229, 15.144757020757, 15.6426002091321
8/9/2017, 15.86, 16.01, 15.83, 15.98, 12546203, 1.43427408416711, 0.924646299222228, -0.367210471822908, -0.25008093457409, 0, 0.0358076604422131, 0.00609472700379026, 0.0297129334384228, 15.5979999999996, 15.6895913978497, 15.1694261294261, 15.6436403508772
8/10/2017, 16.26, 16.28, 16.1, 16.18, 10522558, 1.43842489936594, 1.16264737685601, -0.13266827522714, -0.148593922467992, 0, 0.0774076211951975, 0.0203573058420717, 0.0570503153531258, 15.7696363636359, 15.8148387096777, 15.2035457875458, 15.6498599439776
8/11/2017, 16.09, 16.18, 16.03, 16.17, 6302184, 1.4137309293849, 1.91944849749549, -0.132772954016043, -0.214905140918448, 0, 0.108320324107705, 0.0379499094951984, 0.0703704146125067, 15.936545454545, 15.9244731182798, 15.2400048840049, 15.655706744868
8/14/2017, 16.14, 16.22, 16.08, 16.13, 5294939, 1.38977232930851, 1.72218511949204, -0.340163072125203, -0.245279044207349, 0, 0.128114375402603, 0.0559828026766794, 0.0721315727259239, 16.0879999999996, 16.024860215054, 15.2753431013431, 15.6604243176179
8/15/2017, 15.71, 15.84, 15.68, 15.74, 8833983, 1.49594512631251, 0.903267759378915, -0.665698958971409, -0.500754227426751, 0, 0.11105143125584, 0.0669965283925114, 0.0440549028633283, 16.0701818181814, 16.0457204301078, 15.2931721611721, 15.6551559692961
8/16/2017, 15.77, 16.18, 15.77, 16.15, 9819967, 1.52129210363783, 1.1961630629614, -0.410613247277896, -0.321580109475842, 0, 0.129124037052469, 0.0794220301245029, 0.0497020069279658, 16.1727272727268, 16.1077634408605, 15.3249255189255, 15.6603741030396
8/17/2017, 16.18, 16.23, 16.04, 16.12, 6398735, 1.50685013027689, 1.40206935799891, -0.354148386921858, -0.538547676994654, 0, 0.139418824647521, 0.0914213890291065, 0.0479974356184145, 16.2487272727268, 16.1577419354842, 15.3553455433455, 15.6647480296155
8/18/2017, 16.21, 16.24, 16.04, 16.1, 8798685, 1.49539769534536, 1.15904357523889, -0.25345640647806, -0.567216033929115, 0, 0.144300281314326, 0.10199716748615, 0.0423031138281755, 16.2279999999995, 16.1709247311831, 15.3924249084249, 15.6685503144654
8/21/2017, 16.12, 16.19, 16.05, 16.07, 4983025, 1.46683931240244, 0.970835748540708, -0.121194045134871, -0.624491240619685, 0, 0.144087174357388, 0.110415168860398, 0.03367200549699, 16.1476363636359, 16.1781290322584, 15.4324126984127, 15.6715489130435
8/22/2017, 16.14, 16.16, 15.95, 16.07, 5127338, 1.45883648803932, 0.796946082945458, 0.0632405703764778, -0.569779171491071, 0, 0.14227819113634, 0.116787773315586, 0.0254904178207535, 16.0729090909086, 16.1880000000003, 15.4749743589743, 15.6745042558086
8/23/2017, 16.12, 16.16, 16.04, 16.15, 3175388, 1.41618125353884, 0.860083723577064, 0.197386417656403, -0.578208494173867, 0, 0.145621259084107, 0.12255447046929, 0.0230667886148168, 16.0819999999995, 16.2050537634412, 15.5198803418803, 15.6793743846095
8/24/2017, 16.04, 16.08, 15.95, 16.03, 4151372, 1.41782663021957, 0.698601303875654, 0.102813775814016, -0.642428157722739, 0, 0.137008320763027, 0.125445240528038, 0.0115630802349889, 16.0803636363632, 16.1877849462369, 15.5584786324786, 15.6812434535388
8/25/2017, 16.18, 16.21, 15.81, 16.11, 11920064, 1.46439309983232, 0.591446569140746, 0.221013651549947, -0.644701105285746, 0, 0.135080710160889, 0.127372334454608, 0.00770837570628069, 16.112545454545, 16.1871827956992, 15.597978021978, 15.6850266075388
8/28/2017, 16.24, 16.52, 16.21, 16.5, 11081495, 1.48253358765962, 0.967340851325899, 0.574497100268897, -0.396964920333615, 0, 0.163142203732882, 0.134526308310263, 0.0286158954226191, 16.2747272727268, 16.2387526881723, 15.6526422466422, 15.6981190215407
8/29/2017, 16.67, 16.68, 16.32, 16.42, 12355652, 1.52489122938883, 0.872252700235833, 0.659700408525346, -0.409651780492202, 0, 0.176886767600022, 0.142998400168215, 0.0338883674318077, 16.3110909090904, 16.2825806451616, 15.7033308913309, 15.7090462448597
8/30/2017, 16.44, 16.5, 16.42, 16.46, 3300529, 1.46942759946758, 0.752167674805247, 0.705354793023617, -0.265025231869254, 0, 0.188830380115871, 0.152164796157746, 0.0366655839581248, 16.4061818181813, 16.326107526882, 15.7553186813187, 15.7207142857143
8/31/2017, 16.46, 16.66, 16.46, 16.65, 6445913, 1.44008644882129, 1.00764922067489, 0.880180587090182, -0.139697038376359, 0, 0.211192693282239, 0.163970375582645, 0.0472223176995947, 16.5439999999995, 16.3882365591401, 15.809326007326, 15.7366427162581
9/1/2017, 16.71, 16.77, 16.55, 16.73, 7278945, 1.4272903409582, 0.954623421462368, 0.831937306709485, -0.268317483226452, 0, 0.232688036152958, 0.177713907696707, 0.0549741284562504, 16.676545454545, 16.4645806451616, 15.8644078144078, 15.7541378350157
9/5/2017, 16.94, 17.01, 16.83, 16.91, 10761363, 1.42428379858186, 1.02930304318066, 0.873953933297636, -0.248109794458066, 0, 0.261236375596937, 0.194418401276753, 0.0668179743201838, 16.8309090909086, 16.5551397849466, 15.9227960927961, 15.7754901960784
9/6/2017, 16.99, 17, 16.83, 16.87, 8542048, 1.40666313469581, 1.11273606271593, 0.93372890520624, -0.308317768673062, 0, 0.277435372305501, 0.211021795482503, 0.0664135768229981, 16.9256363636359, 16.6327096774197, 15.9774847374847, 15.7954970760234
9/7/2017, 16.99, 17.14, 16.97, 17.1, 9221553, 1.39730331743873, 1.46070184627022, 1.00583225909423, -0.12524695411225, 0, 0.305312815626394, 0.229879999511281, 0.0754328161151129, 17.0721818181813, 16.7418709677422, 16.0349206349206, 15.8204173948111
9/8/2017, 17.12, 17.13, 16.92, 17.02, 7804465, 1.39536970574572, 1.3205495559058, 0.85011352879664, -0.120733782906466, 0, 0.317293002665537, 0.247362600142132, 0.0699304025234045, 17.1152727272722, 16.8275053763444, 16.086713064713, 15.8430177396851
9/11/2017, 16.85, 16.93, 16.76, 16.77, 7282225, 1.42288209732872, 1.49288945949835, 0.812009002589842, -0.170864715468585, 0, 0.303120294474947, 0.258514139008695, 0.0446061554662522, 17.0339999999995, 16.8814408602154, 16.1192234432234, 15.8594824302135
9/12/2017, 16.83, 16.92, 16.8, 16.89, 4304074, 1.38653914349275, 1.67754136917701, 0.911674010528562, -0.0393085988584131, 0, 0.298134608063801, 0.266438232819716, 0.0316963752440849, 17.0361818181813, 16.9504086021509, 16.1525592185592, 15.8783525974026
9/13/2017, 16.81, 16.83, 16.69, 16.76, 6739226, 1.38709509707117, 1.29351905530458, 1.19290076861896, -0.0888835176914284, 0, 0.280460527735251, 0.269242691802823, 0.0112178359324275, 16.9561818181813, 16.9891612903229, 16.1806984126984, 15.8939329738059
9/14/2017, 16.71, 16.81, 16.7, 16.77, 4091825, 1.3497512305049, 0.928575633308202, 1.30952542290188, -0.0615513303788259, 0, 0.264214903230148, 0.268237134088288, -0.00402223085814057, 16.8690909090904, 17.0149247311831, 16.2063516483516, 15.909443280645
9/15/2017, 16.72, 16.72, 16.61, 16.62, 4176112, 1.34197122315216, 0.528759627564792, 1.21060159993563, 0.0196079963225472, 0, 0.236510041828939, 0.261891715636418, -0.025381673807479, 16.7512727272722, 17.0178924731186, 16.2220073260073, 15.9213194400854
9/18/2017, 16.39, 16.41, 16.12, 16.27, 11597634, 1.45595474138595, 0.13565161618007, 1.33271159849287, -0.114018135198526, 0, 0.184188454784355, 0.246351063466006, -0.0621626086816508, 16.5301818181813, 16.947978494624, 16.2225079365079, 15.9252197392924
9/19/2017, 16.27, 16.38, 16.25, 16.36, 4238754, 1.41527900123667, 0.273661141908088, 1.31751874914446, 0.0484200289626431, 0, 0.148276231831655, 0.226736097139136, -0.0784598653074803, 16.4012727272722, 16.8804086021509, 16.2284908424908, 15.9310386740332
9/20/2017, 16.31, 16.43, 16.03, 16.19, 10542139, 1.48216591953183, 0.555227411924441, 1.03588058410091, -0.00817483178218264, 0, 0.104888863628464, 0.202366650437001, -0.0974777868085375, 16.2356363636358, 16.7999569892477, 16.2290427350427, 15.9330301742456
9/21/2017, 15.96, 16.11, 15.94, 16.03, 7150206, 1.50009063788892, -0.131579306149938, 0.847570831177181, 0.0769706982408003, 0, 0.0569370638837619, 0.173280733126353, -0.116343669242592, 16.0978181818176, 16.7231397849466, 16.2261465201465, 15.9315060349487
9/22/2017, 16.01, 16.09, 15.98, 16.05, 3621233, 1.45757821053529, -0.0668266955157239, 1.03210996211573, 0.123695374145922, 0, 0.0203145761762755, 0.142687501736338, -0.122372925560062, 16.0092727272722, 16.6618709677423, 16.2279194139194, 15.930454383464
9/25/2017, 15.95, 16.22, 15.91, 16.21, 8925880, 1.46665168199487, 0.163624217025322, 0.985393915305489, 0.422976072634239, 0, 0.00415377154874363, 0.114980755698819, -0.110826984150075, 15.9789090909085, 16.6210752688176, 16.2381538461538, 15.9328824911869
9/26/2017, 16.02, 16.02, 15.85, 15.91, 7685304, 1.53272800608925, -0.165242160719434, 0.604720872212892, 0.340998322790793, 0, -0.0324867878779393, 0.0854872469834673, -0.117974034861407, 15.899454545454, 16.539290322581, 16.2286764346764, 15.9288404533566
9/27/2017, 15.82, 15.98, 15.82, 15.83, 9022065, 1.5139872045506, -0.260443511208462, 0.408594389295252, 0.251071640797175, 0, -0.0672053254586444, 0.054948732495045, -0.122154057953689, 15.8198181818176, 16.4227741935488, 16.2206666666666, 15.9231769305963
9/28/2017, 15.88, 15.96, 15.8, 15.92, 4344038, 1.48040807635893, -0.246595136114368, 0.463842415739537, 0.359061470551319, 0, -0.0864610990565318, 0.0266667661847296, -0.113127865241261, 15.8239999999994, 16.3444301075273, 16.223115995116, 15.9195380589373
9/29/2017, 15.87, 15.9, 15.71, 15.74, 6330528, 1.48917990767805, -0.316481635450682, 0.299219640241873, 0.31880646675825, 0, -0.114921194051384, -0.00165082586249303, -0.113270368188891, 15.7823636363631, 16.2427311827961, 16.2161465201465, 15.9121766295171
10/2/2017, 15.75, 15.81, 15.66, 15.67, 5120984, 1.46890281809252, -0.495781685311895, 0.0962454730395415, 0.246476918285804, 0, -0.141493391622266, -0.0296193390144476, -0.111874052607818, 15.6945454545449, 16.1332688172047, 16.2093064713065, 15.9034903926483
10/3/2017, 15.69, 15.75, 15.68, 15.71, 3838606, 1.41736612358589, -1.03020217476018, 0.145101441996958, 0.209743908798559, 0, -0.157508721438514, -0.0551972154992609, -0.102311505939253, 15.6712727272722, 16.0296559139789, 16.2035506715507, 15.8958082116286
10/4/2017, 15.72, 15.76, 15.62, 15.69, 6719332, 1.39282859856326, -0.955270487044896, 0.120671339008081, 0.125398532406585, 0, -0.169856814924881, -0.0781291353843849, -0.0917276795404958, 15.6425454545449, 15.9258279569896, 16.2010793650793, 15.887859947644
10/5/2017, 15.76, 15.81, 15.66, 15.69, 4530584, 1.37098831586263, -1.01121802154253, -0.0102208056631943, 0.0169794800894228, 0, -0.177595556944969, -0.0980224196965016, -0.0795731372484669, 15.6090909090903, 15.829784946237, 16.2006837606837, 15.880065306563
10/6/2017, 15.67, 15.93, 15.42, 15.85, 12122377, 1.45017453262401, -1.04874841743849, 0.176816377774046, 0.00536300686402997, 0, -0.168871260157912, -0.112192187788784, -0.0566790723691285, 15.653454545454, 15.7490107526886, 16.2060757020757, 15.8757112333743
10/9/2017, 15.95, 16.04, 15.94, 16.02, 5576184, 1.42234725499288, -0.895961421050761, 0.207150719661929, 0.0649375387012176, 0, -0.146550272530927, -0.119063804737212, -0.0274864677937147, 15.799454545454, 15.6963010752692, 16.219072039072, 15.8749230769231
10/10/2017, 16.23, 16.29, 16.15, 16.15, 8355203, 1.42394445038617, -0.965019211637579, 0.237359881464488, 0.315780140830644, 0, -0.117021860315701, -0.11865541585291, 0.0016335555372094, 15.9407272727267, 15.6866666666671, 16.2426813186813, 15.8768048142334
10/11/2017, 16.2, 16.28, 16.11, 16.25, 6933455, 1.39673032184922, -0.770216139022304, 0.404475885016792, 0.237123859800471, 0, -0.0845762739896347, -0.111839587480255, 0.0272633134906203, 16.087454545454, 15.6866451612907, 16.271873015873, 15.8806878690563
10/12/2017, 16.22, 16.3, 16.16, 16.26, 4340332, 1.36912818841005, -1.10523210161252, 0.511790574148068, 0.0693537431780347, 0, -0.0573943898425497, -0.100950547952714, 0.0435561581101643, 16.2327272727267, 15.6916559139789, 16.3046691086691, 15.8847131210583
10/13/2017, 16.38, 16.43, 16.31, 16.41, 6616929, 1.34058032458074, -0.77254589044629, 0.58585957074791, 0.206818044708919, 0, -0.0234781627775398, -0.0854560709176792, 0.0619779081401394, 16.3752727272721, 15.7296559139789, 16.3419438339438, 15.8916841784681
10/16/2017, 16.43, 16.49, 16.15, 16.25, 7914337, 1.39070627508009, -0.68253578086552, 0.761830257407167, 0.0336598584983866, 0, -0.0094015955582023, -0.0702451758457838, 0.0608435802875815, 16.4119999999994, 15.7542365591402, 16.3688449328449, 15.8953502512563
10/17/2017, 16.11, 16.17, 16.02, 16.09, 7724442, 1.40578173533554, -1.06522851330028, 0.669309502262132, -0.0319870096671428, 0, -0.0110293381007907, -0.0584020082967852, 0.0473726701959945, 16.3698181818176, 15.7736129032262, 16.3842612942612, 15.8957850746269
10/18/2017, 16.06, 16.09, 16.01, 16.06, 4124872, 1.36289394243284, -0.942710899204417, 0.456978365682306, -0.152070351764086, 0.242194917563352, -0.0145721068951161, -0.0496360280164514, 0.0350639211213352, 16.2925454545449, 15.7918064516133, 16.3931721611721, 15.8956282941727
10/19/2017, 16.06, 16.31, 16.05, 16.27, 7656627, 1.35793932880749, -0.627929860836823, 0.286521772542098, -0.0659898126277252, 0.261055544924002, -0.000429579803547853, -0.0397947383738707, 0.0393651585703228, 16.2676363636358, 15.8572043010757, 16.4092478632478, 15.8996103009316
10/20/2017, 16.17, 16.26, 15.98, 16.08, 8794376, 1.39545952958414, -0.679000414983696, -0.0506548981672699, -0.131120809421055, 0.148869975799459, -0.00450105197051442, -0.0327360010931994, 0.028234949122685, 16.1774545454539, 15.8985161290327, 16.4167838827838, 15.8998159953637
10/23/2017, 15.97, 16.16, 15.92, 16.14, 6320440, 1.39510779268447, -0.166843046278306, 0.0100079526139098, -0.0893875368339124, 0.203849712433167, -0.00285333299055068, -0.0267594674726697, 0.023906134482119, 16.1294545454539, 15.9368387096779, 16.4252918192918, 15.9011941654711
10/24/2017, 16.02, 16.1, 15.94, 16.02, 6171732, 1.39770210894076, -0.469712339646325, -0.0588330298365767, -0.285226656574608, 0.149240722898741, -0.0111025180291513, -0.023628077583966, 0.0125255595548147, 16.0594545454539, 15.9720000000004, 16.4263638583638, 15.9002325361118
10/25/2017, 16.04, 16.05, 15.94, 16.01, 4316479, 1.36299989981071, -0.247792225973954, 0.284435624147433, -0.314607769067901, 0.0820099221516382, -0.0182367511160422, -0.0225498122903812, 0.00431306117433906, 16.0130909090903, 16.0028387096779, 16.4228302808302, 15.8991022935134
10/26/2017, 15.97, 16, 15.82, 15.85, 6617974, 1.36785785338618, -0.25030959544905, -0.263455533994682, -0.485902367273843, 0.0456627853307502, -0.0363819565132815, -0.0253162411349613, -0.0110657153783202, 15.9265454545448, 16.0188817204306, 16.4115653235653, 15.8949293942772
10/27/2017, 15.74, 15.93, 15.7, 15.91, 7225612, 1.3668459853779, -0.188561271583843, -0.174291705623883, -0.386519082290553, 0.0517699043229797, -0.0453973515508501, -0.0293324632181391, -0.0160648883327111, 15.9130909090903, 16.03847311828, 16.4016214896214, 15.8919796650718
10/30/2017, 15.86, 15.96, 15.8, 15.91, 3854257, 1.34878652708952, -0.441046566496438, -0.154807935770533, -0.29500392882258, 0.042657590525967, -0.0519433465056309, -0.0338546398756374, -0.0180887066299935, 15.8949090909085, 16.0393118279574, 16.3945177045176, 15.8890868079289
10/31/2017, 15.82, 15.85, 15.71, 15.79, 10656744, 1.35441633715608, -0.186523938680345, -0.242581882683296, -0.245900849528222, -0.0978511735677452, -0.0660526776353798, -0.0402942474275859, -0.0257584302077939, 15.8218181818176, 16.0332473118284, 16.3844444444444, 15.8839801399233
11/1/2017, 15.95, 16.24, 15.93, 16.18, 10689112, 1.39474179638503, 0.519954069071669, 0.133670721789579, 0.135387419086052, 0.0490015389731469, -0.0452431487183986, -0.0412840276857484, -0.00395912103265018, 15.8938181818175, 16.0690107526886, 16.3889743589743, 15.8863064472861
11/2/2017, 16.18, 16.28, 16.09, 16.17, 5499608, 1.38457490118951, 0.378618253534094, 0.0522510000835096, 0.183360410873766, 0.0668707956407484, -0.0292215161057392, -0.0388715253697466, 0.0096500092640074, 15.9978181818175, 16.0929032258069, 16.3951452991452, 15.8884148285942
11/3/2017, 16.2, 16.22, 15.84, 15.92, 6779743, 1.45534845129539, 0.27525514160779, -0.0638136306482349, 0.0350519490940479, -0.028365403238774, -0.0362789661544483, -0.0383530135266869, 0.00207404737223868, 15.9829090909085, 16.0855053763446, 16.3929987789987, 15.8858343205651
11/6/2017, 15.94, 16.3, 15.94, 16.27, 9806147, 1.46961831452929, 0.786911456572852, 0.171842998040022, 0.278998463179003, 0.046910469202324, -0.0134746439287419, -0.0333773396070979, 0.0199026956783561, 16.1096363636357, 16.1340215053768, 16.4019291819291, 15.8897996087807
11/7/2017, 16.21, 16.23, 15.97, 16.01, 6467645, 1.5125019037178, 0.388473532944807, -0.391664237452188, 0.181562233417253, -0.00846666873646372, -0.016195193251292, -0.0299409103359368, 0.0137457170846447, 16.1154545454539, 16.1291612903231, 16.3986544566544, 15.8889043927649
11/8/2017, 16.14, 16.29, 16.05, 16.06, 6397543, 1.51957644486898, 0.472659484896642, -0.278912496936876, 0.31668447159529, 0.0412209832174606, -0.0141535131678054, -0.0267834309023105, 0.0126299177345051, 16.1370909090903, 16.1246666666672, 16.3882344322344, 15.8889503328213
11/9/2017, 16.02, 16.1, 15.99, 16.07, 4291536, 1.47692456872222, 0.484662040069169, -0.304832834544927, 0.334306114783225, 0.09427362854236, -0.0115948918697129, -0.023745723095791, 0.0121508312260781, 16.1274545454539, 16.1259569892478, 16.375028083028, 15.8891857269691
11/10/2017, 16.1, 16.15, 15.85, 15.95, 7895177, 1.50767830272086, 0.146934444832227, -0.580427039965029, 0.294347600726575, -0.0274600882284312, -0.019030788096341, -0.022802736095901, 0.00377194799956001, 16.076363636363, 16.0990537634414, 16.3552576312576, 15.8872376523816
11/13/2017, 16.04, 16.12, 15.99, 16.09, 5959440, 1.47265975649334, 0.110199457260061, -0.520293501457459, 0.292262186869922, 0.0114039037730051, -0.0134716664722276, -0.0209365221711663, 0.00746485569893866, 16.0714545454539, 16.0838924731188, 16.3316874236874, 15.8878671647987
11/14/2017, 16.01, 16.14, 15.93, 16.08, 6728562, 1.46519531765416, -0.0598244850945412, -0.691909182581386, 0.222274486812087, -0.110308114552582, -0.00976042683542389, -0.0187013031040178, 0.00894087626859393, 16.0292727272721, 16.0674193548392, 16.3089059829059, 15.8883130399013
11/15/2017, 16.19, 16.21, 16, 16.03, 6371336, 1.46177939316812, -0.243913245180301, -0.702461014173084, 0.258353121209502, -0.119483717881179, -0.010730134506467, -0.0171070693845077, 0.00637693487804067, 16.0319999999993, 16.0408817204306, 16.2865787545787, 15.887859850801
11/16/2017, 16.1, 16.17, 16.09, 16.12, 4404873, 1.42436150675315, -0.144205537366169, -0.833253832905117, 0.245568746526358, -0.0778474141478407, -0.00418810906917599, -0.0145232773214413, 0.0103351682522653, 16.0719999999993, 16.0235698924736, 16.268757020757, 15.889031228538
11/17/2017, 16.14, 16.41, 16.1, 16.31, 9025155, 1.43241398616908, -0.0929823552031714, -0.581872268644247, 0.27765311513333, -0.0238719155214236, 0.0161418323312006, -0.00839025539091294, 0.0245320877221135, 16.130363636363, 16.0382580645167, 16.2544566544566, 15.8935762331839
11/20/2017, 16.14, 16.17, 15.9, 15.98, 12877676, 1.5171801319585, -0.280721276538282, -0.649704706676028, 0.198752204844166, -0.19278680608959, 0.00556111026789097, -0.00559998225915216, 0.0111610925270431, 16.1234545454539, 16.0194408602156, 16.2293431013431, 15.8922035714286
11/21/2017, 16.04, 16.11, 15.99, 16.01, 5835837, 1.47921996147795, -0.0661963598397349, -0.728929036472643, 0.227489814687003, -0.175262038037308, -0.000398841323228538, -0.00455975407196743, 0.0041609127487389, 16.0907272727266, 16.0133548387102, 16.2079926739926, 15.8913883972468
11/22/2017, 16.15, 16.2, 16.13, 16.17, 5600427, 1.45010488584409, 0.152465397800468, -0.472838495028031, 0.571695361879621, -0.141390730234749, 0.00769975889824437, -0.00210785147792507, 0.00980761037616944, 16.1232727272721, 16.0351397849468, 16.1966129426129, 15.8934053253284
11/24/2017, 16.1, 16.18, 16.05, 16.08, 2423836, 1.42573297287898, -0.194305890758627, -0.55902536773866, 0.593903415745462, -0.142440421367838, 0.00677758233218029, -0.000330764715904002, 0.00710834704808429, 16.1207272727266, 16.0466881720435, 16.1811648351648, 15.893822165546
11/27/2017, 16.2, 16.21, 16.06, 16.1, 4960258, 1.39934763314902, 0.0498392030229269, -0.417541724023578, 0.62429871455382, -0.214758106096229, 0.00757328351452813, 0.00125004493018242, 0.0063232385843457, 16.1005454545448, 16.0719354838715, 16.1665372405372, 15.8945874511607
11/28/2017, 16.11, 16.12, 15.82, 15.91, 13159703, 1.43953626957978, -0.243914641331719, -0.294627199943619, 0.797007226506144, -0.234328756386577, -0.00704630426015029, -0.00040922490788412, -0.00663707935226617, 16.0345454545448, 16.0644086021511, 16.1471062271062, 15.8920501234099
11/29/2017, 15.76, 15.79, 15.59, 15.64, 9101712, 1.49347000937107, -0.408016598159063, -0.610290412606718, 0.560126141726262, -0.347982933323059, -0.0399585590208247, -0.00831909173047223, -0.0316394672903524, 15.8830909090902, 16.0141505376349, 16.1152014652014, 15.8848921513269
11/30/2017, 15.47, 15.56, 15.4, 15.51, 11035928, 1.50805785939622, -0.542878380058829, -0.582600603036355, 0.378274159177822, -0.395523945685673, -0.0756595157818012, -0.021787176540738, -0.0538723392410632, 15.7007272727266, 15.9483010752694, 16.0777924297924, 15.8756116584565
12/1/2017, 15.42, 15.63, 15.33, 15.53, 14631941, 1.52739720085471, -0.34409572734921, -0.425357474861452, 0.352537390096959, -0.420558513407552, -0.101172692551431, -0.0376642797428767, -0.0635084128085547, 15.5716363636357, 15.9025376344092, 16.0448717948717, 15.8668192245079
12/4/2017, 15.45, 15.45, 15.34, 15.44, 6857304, 1.52101389914572, -0.518573897998777, -0.526319621068405, 0.413669245517825, -0.423115545439813, -0.127188170732181, -0.0555690579407375, -0.0716191127914432, 15.4816363636357, 15.8374623655919, 16.0066227106227, 15.8566292505778
12/5/2017, 15.29, 15.29, 15.13, 15.23, 10123965, 1.56666000477147, -0.748365483545501, -0.863968872872217, 0.147108307058696, -0.477732615151354, -0.162873366791375, -0.0770299197108651, -0.0858434470805103, 15.3005454545448, 15.7538709677425, 15.9622588522588, 15.843030369158
12/6/2017, 15.11, 15.18, 15.02, 15.1, 8124656, 1.57067683967126, -0.764516072906378, -0.739488705469175, -0.0242185689872937, -0.540142445987464, -0.199346117358649, -0.101493159240422, -0.0978529581182274, 15.1214545454539, 15.651655913979, 15.9146373626373, 15.8274406779661
12/7/2017, 14.92, 14.97, 14.77, 14.87, 11106988, 1.6261842141953, -1.62982169959575, -0.873098237937827, -0.270428851252533, -0.646371603113051, -0.243997461907268, -0.129994019773791, -0.114003442133477, 14.9445454545448, 15.525526881721, 15.8551037851038, 15.808213902596
12/8/2017, 14.93, 15.01, 14.89, 14.96, 6584380, 1.58237241322393, -1.4765641249953, -0.867296549146527, -0.224574079955546, -0.66244299536417, -0.269020624024765, -0.157799340623986, -0.111221283400779, 14.8516363636357, 15.4075053763446, 15.7975115995116, 15.7907857320143
12/11/2017, 14.88, 14.94, 14.81, 14.85, 6204356, 1.56489405634603, -1.35519200060463, -0.815506176461621, -0.30655228990778, -0.661906192025523, -0.294334832247593, -0.185106438948707, -0.109228393298885, 14.7858181818175, 15.2852688172049, 15.7367423687423, 15.7717822861362
12/12/2017, 14.78, 14.88, 14.74, 14.86, 7052957, 1.53275524225448, -2.04513836134927, -0.741374796993523, -0.414117013876757, -0.686763602614668, -0.310015937467785, -0.210088338652523, -0.0999275988152622, 14.7536363636357, 15.1711397849468, 15.669492063492, 15.7532290794979
12/13/2017, 14.86, 15.25, 14.8, 15.15, 15271645, 1.5767594557694, -1.14015792601849, -0.473409688004, -0.210795310631936, -0.608103231738457, -0.29563485537571, -0.22719764199716, -0.0684372133785493, 14.8249090909084, 15.0925806451619, 15.614188034188, 15.7397555325035
12/14/2017, 15.05, 15.05, 14.94, 15.02, 7594537, 1.58079297384562, -1.38474125423442, -0.57249534100395, -0.296827165934701, -0.489562470498487, -0.291368938005842, -0.240031901198897, -0.0513370368069455, 14.8519999999993, 15.0276559139791, 15.5584444444444, 15.7243397002846
12/15/2017, 15.14, 15.17, 15.08, 15.15, 7126994, 1.53837194348535, -1.18585011442199, -0.448000821986501, -0.312370839544741, -0.500008060950825, -0.274335880943912, -0.2468926971479, -0.0274431837960125, 14.9547272727266, 14.9860430107533, 15.5181123321123, 15.7112886440159
12/18/2017, 15.2, 15.26, 15.18, 15.22, 4684291, 1.49086847546734, -0.934356806079074, -0.529720788320446, -0.226998907435471, -0.435346827097492, -0.252280512807715, -0.247970260279863, -0.00431025252785239, 15.0843636363629, 14.9432258064522, 15.4858925518925, 15.6995773460163
12/19/2017, 15.2, 15.24, 15.14, 15.22, 5052990, 1.44917656286349, -1.14134587267551, -0.688335139953532, -0.305990521986099, -0.356968339607759, -0.232125674378413, -0.244801343099573, 0.0126756687211602, 15.1839999999993, 14.9282580645167, 15.4541538461538, 15.6880408163265
12/20/2017, 15.29, 15.33, 15.24, 15.25, 4520076, 1.41007501130775, -1.0834841749148, -0.78101692456324, -0.341587964468465, -0.280818115620795, -0.2112963773255, -0.238100349944758, 0.0268039726192585, 15.2685454545447, 14.9065376344092, 15.4235335775336, 15.6771627675461
12/21/2017, 15.22, 15.32, 15.2, 15.22, 3909980, 1.38163349055986, -1.0598498037804, -0.902130828268672, -0.295331141344099, -0.213709831820868, -0.194962353966945, -0.229472750749196, 0.0345103967822506, 15.2885454545448, 14.8892473118286, 15.38357997558, 15.6659616207498
12/22/2017, 15.34, 15.49, 15.31, 15.4, 8326703, 1.38487263896136, -0.90412081217172, -0.729354348186915, -0.11094422080446, -0.182580450171765, -0.165584274652213, -0.216695055529799, 0.0511107808775861, 15.3696363636357, 14.9008817204307, 15.3609865689866, 15.6578235601411
12/26/2017, 15.55, 15.63, 15.53, 15.59, 6380425, 1.37336027633128, -0.89010715080658, -0.680590302029884, -0.0245303725091827, -0.0973586665231929, -0.125523565506459, -0.198460757525131, 0.0729371920186722, 15.4703636363629, 14.9329462365597, 15.3465811965812, 15.6528536727555
12/27/2017, 15.67, 15.78, 15.65, 15.73, 6516574, 1.3534744038528, -0.315002932326228, -0.418116971427281, 0.266966761830143, -0.0289924550941241, -0.0815384108708237, -0.17507628819427, 0.0935378773234459, 15.5810909090902, 14.9944301075275, 15.3382393162393, 15.650196626506
12/28/2017, 15.85, 15.92, 15.82, 15.88, 10101830, 1.33347888878931, -0.147479583123917, -0.147402925175439, 0.387663602626541, -0.118804075807411, -0.0341820827560575, -0.146897447106627, 0.11271536435057, 15.7541818181811, 15.0766021505382, 15.3360586080586, 15.6499700398406
12/29/2017, 16.02, 16.15, 15.93, 15.99, 13888444, 1.34251798100535, -0.214487698516213, -0.0246775584294649, 0.313317339738144, -0.075230914682951, 0.0120849216957506, -0.115100973346152, 0.127185895041902, 15.8994545454538, 15.1706881720436, 15.3388253968254, 15.6514968696642
1/2/2018, 16.13, 16.23, 16.12, 16.21, 8943159, 1.33211100496371, 0.189762408213583, -0.015173043046311, 0.191255486367412, -0.0280154164799985, 0.0657461369022041, -0.0789315512964805, 0.144677688198685, 16.0938181818175, 15.2989462365597, 15.3530451770452, 15.6564815860468
1/3/2018, 16.19, 16.26, 16.09, 16.17, 9149509, 1.32120243790592, 0.113367974523663, 0.113926367712625, 0.0443725832584037, -0.0522118173753251, 0.103848272612078, -0.0423755865147688, 0.146223859126847, 16.2305454545447, 15.434215053764, 15.3628058608058, 15.6607765086676
1/4/2018, 16.21, 16.3, 16.19, 16.23, 7466259, 1.29055152494712, 0.44503174847144, 0.11363647884778, 0.08714809841717, -0.0638431683226214, 0.137303241927654, -0.00643982082628421, 0.143743062753938, 16.3361818181811, 15.5560000000006, 15.3768644688644, 15.6659592403891
1/5/2018, 16.18, 16.29, 16.16, 16.22, 5651532, 1.26685380316875, 0.855814101707993, 0.210568113642775, 0.105548094423406, -0.0698668512491758, 0.161151970115894, 0.0270785373621514, 0.134073432753742, 16.389272727272, 15.6769032258071, 15.3990647130647, 15.6709224877451
1/8/2018, 16.17, 16.19, 16.07, 16.15, 6706993, 1.25516719832986, 0.963321428121675, 0.158130345771308, 0.310877781032749, -0.106060012667811, 0.1724163358461, 0.056146097058941, 0.116270238787159, 16.359272727272, 15.7982365591404, 15.4166324786325, 15.6747379620623
1/9/2018, 16.01, 16.07, 15.95, 16.03, 6975433, 1.26371819964915, 0.744533079852134, 0.195143401852112, -0.0309873205350127, -0.184400488216071, 0.169704185511121, 0.0788577147493769, 0.0908464707617436, 16.2730909090901, 15.8984731182802, 15.4300415140415, 15.6766518867071
1/10/2018, 16.07, 16.1, 16, 16.02, 8167753, 1.23249267186998, 0.873291572964057, 0.132885149219297, -0.0180088743316261, -0.290514869778369, 0.164847609772762, 0.0960556937540539, 0.0687919160187081, 16.1870909090901, 15.9990967741942, 15.4475506715506, 15.6783927449044
1/11/2018, 16.01, 16.07, 15.91, 16.01, 5981867, 1.22156814323481, 1.25218613233841, 0.124030691224966, -0.0115220308370882, -0.302407082184342, 0.158366274253847, 0.108517809854013, 0.0498484643998346, 16.102181818181, 16.0863010752694, 15.466862026862, 15.6799634689635
1/12/2018, 16.1, 16.31, 16.08, 16.27, 9850132, 1.23413894742039, 1.82665271726426, 0.452634789352767, 0.176503476360111, -0.24008810811531, 0.172224301704796, 0.121259108224169, 0.0509651934806269, 16.1218181818174, 16.1878494623662, 15.5020659340659, 15.6854969053934
1/16/2018, 16.13, 16.25, 16.09, 16.25, 8985910, 1.22925960866482, 2.40351037890591, 0.0976302663625832, 0.16373008294533, -0.217562550175237, 0.179523618919015, 0.132912010363138, 0.0466116085558768, 16.1352727272719, 16.2741290322587, 15.5359755799756, 15.6906583603872
1/17/2018, 16.18, 16.23, 16.02, 16.06, 10718193, 1.25321887974864, 1.79389716808141, -0.0650749720980667, -0.0091928527608094, -0.303956146397277, 0.168039908828518, 0.139937590056215, 0.028102318772304, 16.1129090909083, 16.3328602150544, 15.5671452991453, 15.6928734798131
1/18/2018, 16.08, 16.16, 15.95, 15.97, 8512327, 1.26301568242486, 1.85666263121425, 0.0802610514061475, 0.00965464375005167, -0.328645517888228, 0.149948228172674, 0.141939717679506, 0.00800851049316748, 16.0596363636356, 16.3707526881727, 15.5933650793651, 15.69370463187
1/19/2018, 16.05, 16.12, 16.02, 16.05, 7674657, 1.24061323525911, 1.96707148759509, -0.182147387753053, 0.009848160824243, -0.329709849827232, 0.140446789161143, 0.141641131975834, -0.00119434281469111, 16.0569090909083, 16.4013763440867, 15.6182954822955, 15.6957364208119
1/22/2018, 16.07, 16.09, 16, 16.04, 4588122, 1.20737221350457, 1.60385137631456, 0.0612055945711344, -0.254724965770466, -0.329937706589351, 0.130604387779901, 0.139433783136647, -0.00882939535674643, 16.0585454545446, 16.416774193549, 15.6459829059829, 15.6975976734288
1/23/2018, 15.86, 16.09, 15.79, 16.08, 9722787, 1.23743394212579, 2.00910261384895, 0.0510126737952039, -0.17654312543508, -0.300426501170541, 0.124595618745824, 0.136466150258482, -0.0118705315126587, 16.0698181818174, 16.4158494623662, 15.6731526251526, 15.7000388611979
1/24/2018, 16.38, 16.62, 16.35, 16.56, 17237387, 1.30453145530879, 2.09035147383468, 0.474136227235556, 0.110691130040985, -0.0849367568588107, 0.156758598918602, 0.140524639990506, 0.0162339589280955, 16.2267272727264, 16.474021505377, 15.7220244200244, 15.7096050645648
1/25/2018, 16.54, 16.64, 16.16, 16.31, 17380071, 1.40544996044867, 1.50344110064003, 0.35555015781498, -0.159591170410164, -0.149088561614135, 0.160228072285667, 0.144465326449538, 0.0157627458361288, 16.2663636363628, 16.4828172043017, 15.7567887667888, 15.7153423403429
1/26/2018, 16.38, 16.5, 16.36, 16.41, 7151763, 1.38493262718903, 1.63387876120273, 0.318738822659971, -0.146048593401276, -0.209195308694545, 0.169097567689658, 0.149391774697562, 0.0197057929920955, 16.3227272727264, 16.4955483870974, 15.7883736263736, 15.7224898802148
1/29/2018, 16.29, 16.29, 16.13, 16.21, 7179701, 1.41828545290335, 1.26835548526415, 0.149472049258316, -0.377824235370912, -0.310464777759452, 0.158165148787486, 0.151146449515547, 0.00701869927193877, 16.340181818181, 16.4922365591404, 15.8131135531135, 15.7266043460434
1/30/2018, 16.31, 16.32, 16.1, 16.15, 8424968, 1.42048834872973, 1.22840149266491, 0.141006184484902, -0.39118559488318, -0.34808684316548, 0.143011086698465, 0.149519376952131, -0.00650829025366573, 16.336181818181, 16.4658064516136, 15.8315628815629, 15.7215664889982
1/31/2018, 16.26, 16.41, 16.17, 16.35, 12327111, 1.41246743060465, 1.23696402298869, 0.234307994048008, -0.40450512827002, -0.259148247904365, 0.145462906011073, 0.148708082763919, -0.00324517675284641, 16.3687272727264, 16.4661290322587, 15.8552283272283, 15.7204540112067
2/1/2018, 16.16, 16.27, 16.13, 16.25, 6985177, 1.41779386866872, 0.870475129991266, -0.0169668679520717, -0.418749915015082, -0.263711677004491, 0.137748942156151, 0.146516254642365, -0.00876731248621471, 16.3329090909082, 16.4506881720437, 15.8747326007326, 15.7191384447177
2/2/2018, 16.02, 16.02, 15.63, 15.66, 17895863, 1.59560618439166, -0.0425735114465629, -0.225069173900831, -0.604864968860605, -0.384350392390394, 0.0830699227010854, 0.133826988254109, -0.050757065553024, 16.0939999999991, 16.3537419354845, 15.8718559218559, 15.7082014486811
2/5/2018, 15.91, 15.93, 15.72, 15.74, 11728113, 1.59389029257908, -0.116250742929334, -0.182584941153585, -0.625310660685779, -0.327340926357469, 0.04566533568984, 0.116194657741255, -0.0705293220514155, 15.9019999999991, 16.2661075268824, 15.8662124542124, 15.6988858821921
2/6/2018, 15.75, 15.76, 15.63, 15.65, 10021203, 1.56443715942076, -0.326866576234471, -0.389560196126111, -0.606966893862596, -0.343085383357426, 0.00865985771020128, 0.0946876977350447, -0.0860278400248434, 15.7032727272718, 16.161892473119, 15.8549816849817, 15.6897966379663
2/7/2018, 15.53, 15.58, 15.34, 15.41, 11937278, 1.60994610432759, -0.814207507716127, -0.509218700155428, -0.752883276007285, -0.402427371855418, -0.0395770251252419, 0.0678347531629874, -0.107411778288229, 15.54109090909, 16.0364516129039, 15.8353919413919, 15.6768965422987
2/8/2018, 15.52, 15.54, 15.41, 15.46, 8688875, 1.56654631269753, -0.716291934993315, -0.482955935083362, -0.638252844765687, -0.306114457498171, -0.0729298304792181, 0.0396818364345463, -0.112611666913764, 15.4089090909082, 15.929956989248, 15.8143614163614, 15.6650671040043
2/9/2018, 15.4, 15.4, 15.26, 15.39, 8531204, 1.55996528229945, -0.856261525244697, -0.392898451474857, -0.489478151213976, -0.296485534169027, -0.103813882189838, 0.0109826927096694, -0.114796574899508, 15.3189090909082, 15.8247526881727, 15.7889206349206, 15.6524654913215
2/12/2018, 15.51, 15.68, 15.49, 15.57, 10638796, 1.55796226139108, -0.634900934604152, -0.0207864136377526, -0.42723745167977, -0.184049848416902, -0.112468750257245, -0.0137075958837134, -0.0987611543735312, 15.3067272727264, 15.754580645162, 15.772442002442, 15.6450794041273
2/13/2018, 15.59, 15.66, 15.51, 15.62, 5358944, 1.52334179189284, -0.5114146917681, 0.131286658053722, -0.296794273051295, -0.148651544825629, -0.113979330649007, -0.0337619428367722, -0.0802173878122351, 15.3347272727264, 15.7000860215061, 15.7578070818071, 15.6378215115484
2/14/2018, 15.66, 15.97, 15.64, 15.91, 14553137, 1.5307899968509, -0.0850538044786587, 0.349524581947008, -0.0200556465321153, 0.029154530923553, -0.0907300209200592, -0.0451555584534296, -0.0455744624666296, 15.5318181818173, 15.6994408602157, 15.7558998778999, 15.6343643569769
2/15/2018, 15.91, 15.94, 15.69, 15.91, 9021567, 1.53281743604041, -0.0753234246900197, 0.42537164306102, -0.0320401160283112, 0.0469255170776165, -0.0714807894125347, -0.0504206046452506, -0.021060184767284, 15.7329090909082, 15.6980645161297, 15.757387057387, 15.631442941096
2/16/2018, 15.83, 15.88, 15.67, 15.73, 7210141, 1.54912709072046, -0.238649989171717, 0.457131863169299, -0.236197678508528, 0.0951046742455416, -0.0699438611441021, -0.0543252559450209, -0.0156186051990812, 15.7723636363627, 15.6795268817211, 15.7547399267399, 15.6266333196665
2/20/2018, 15.69, 15.73, 15.49, 15.54, 8763820, 1.56688421365387, -0.689422264240358, 0.408593440419223, -0.176101205178669, 0.0863650575692448, -0.083099329182863, -0.0600800705925893, -0.0230192585902737, 15.7583636363627, 15.6394408602157, 15.7468888888889, 15.6185518655186
2/21/2018, 15.63, 15.81, 15.52, 15.54, 10420774, 1.58184759627877, -0.669862703335545, 0.617800911910232, -0.127563727448782, 0.0647803690593847, -0.0924593189091514, -0.0665559202559017, -0.0259033986532496, 15.7372727272718, 15.5990752688179, 15.741706959707, 15.6096372830395
2/22/2018, 15.63, 15.74, 15.6, 15.66, 5645720, 1.55509681123011, -0.365811363450683, 0.638659644253939, -0.107684765905137, 0.129195406551207, -0.0891663271686767, -0.0710780016384567, -0.0180883255302199, 15.7156363636354, 15.5698709677426, 15.7425128205128, 15.6012772994396
2/23/2018, 15.62, 15.63, 15.56, 15.59, 4306911, 1.51604716232652, -0.348331628525192, 0.678834353742989, -0.04172150023606, 0.142009090958129, -0.0911542529883178, -0.075093251908429, -0.0160610010798889, 15.6661818181809, 15.5335053763448, 15.7440317460317, 15.5940563072297
2/26/2018, 15.67, 15.69, 15.55, 15.68, 4902406, 1.47662095010439, -0.335874672289701, 0.744589469875395, 0.0576643750140691, 0.153874757900862, -0.0844934626420155, -0.0769732940551463, -0.00752016858686924, 15.6267272727263, 15.5106666666674, 15.7465299145299, 15.58828700287
2/27/2018, 15.64, 15.65, 15.39, 15.48, 7695402, 1.51458305379554, -0.518540682854833, 0.325060171204522, -0.0904924414705606, 0.0618789120494283, -0.0942664221981371, -0.0804319196837444, -0.0138345025143926, 15.5383636363627, 15.4819139784953, 15.7371477411477, 15.5825791991253
2/28/2018, 15.51, 15.57, 15.44, 15.46, 4056427, 1.48275927484588, -0.578328776834111, 0.425324241850005, -0.0906748047656786, 0.0188588788447647, -0.102444479717057, -0.084834431690407, -0.0176100480266504, 15.4579999999991, 15.4543870967749, 15.7266715506715, 15.5765228918955
3/1/2018, 15.33, 15.61, 15.23, 15.54, 10568563, 1.52363484360755, -1.09778470971519, 0.380076958583416, -0.040681644994532, -0.011552814369301, -0.101302564898926, -0.0881280583321109, -0.0131745065668154, 15.471999999999, 15.4294408602157, 15.7247985347985, 15.571369140358
3/2/2018, 15.61, 15.63, 15.49, 15.56, 6299026, 1.49057976839192, -0.827725988127217, 0.335608590957297, -0.127184083376463, -0.0600993570686787, -0.0976580155126516, -0.090034049768219, -0.0076239657444326, 15.51309090909, 15.4043870967749, 15.7201123321123, 15.5666677600109
3/5/2018, 15.49, 15.51, 15.42, 15.49, 4056353, 1.46764042197349, -1.03146674578829, 0.274232790791027, -0.275952876177136, -0.102640192609379, -0.0992737330531739, -0.09188198642521, -0.00739174662796388, 15.5130909090899, 15.3784301075276, 15.7140805860806, 15.5628697553642
3/6/2018, 15.69, 15.9, 15.68, 15.78, 11502787, 1.4985464277282, -0.441517176292737, 0.48576410981851, -0.170406742908925, 0.0735800953130168, -0.0762743808920092, -0.0887604653185699, 0.0124860844265606, 15.5883636363627, 15.3922150537641, 15.7185347985348, 15.5632311056443
3/7/2018, 15.65, 15.65, 15.49, 15.53, 8255477, 1.53990402434471, -0.634230785189467, 0.297418167433326, -0.378493532406348, -0.0721010249978347, -0.0773287416672552, -0.0864741205883069, 0.0091453789210517, 15.5641818181808, 15.3786236559147, 15.7120146520146, 15.5603624436244
3/8/2018, 15.55, 15.57, 15.49, 15.55, 6899867, 1.48675074103985, -0.846014995033714, 0.164209202198967, -0.372065493724828, -0.154034911071297, -0.0756781269849878, -0.0843149218676431, 0.00863679488265534, 15.5714545454536, 15.4031182795706, 15.7031648351648, 15.5572291922919
3/9/2018, 15.5, 15.74, 15.47, 15.63, 7958790, 1.49155632258549, -0.646718364370264, 0.0718247613000107, -0.412040132481184, -0.10552955489993, -0.0671407151742667, -0.0808800805289678, 0.0137393653547011, 15.5983636363626, 15.4276129032265, 15.699365079365, 15.557372967063
3/12/2018, 15.54, 15.62, 15.51, 15.61, 4990088, 1.45723088122426, -0.0480568436567535, -0.0628288768237758, -0.332548471474259, -0.150662264312559, -0.0612821650071833, -0.0769604974246109, 0.0156783324174276, 15.6341818181808, 15.4606236559147, 15.6948962148962, 15.556373103731
3/13/2018, 15.63, 15.68, 15.53, 15.61, 6471074, 1.43241546144235, -0.162061240383765, -0.190003638735625, -0.239245482494486, -0.135883926365727, -0.0559937605742018, -0.0727671500545291, 0.0167733894803273, 15.6338181818172, 15.4854623655921, 15.6879804639804, 15.5563670903375
3/14/2018, 15.61, 15.63, 15.56, 15.61, 4069964, 1.38321621303391, -0.0350976358962856, -0.283330306666743, -0.221338927941261, -0.186879331704844, -0.0512123182341266, -0.0684561836904486, 0.017243865456322, 15.6223636363626, 15.5101720430115, 15.6898632478632, 15.5566981003143
3/15/2018, 15.52, 15.52, 15.43, 15.45, 5760320, 1.38591617030333, 0.0816577979854112, -0.610042695270298, -0.447417564831154, -0.256583769123844, -0.0596460905519116, -0.0666941650627412, 0.0070480745108296, 15.5634545454535, 15.5313978494631, 15.6849474969475, 15.5556039360393
3/16/2018, 15.46, 15.48, 15.28, 15.39, 6681631, 1.38673064260085, -0.083585874524873, -0.628769649695572, -0.374160413056082, -0.251931762610351, -0.0703603441849143, -0.0674274008871758, -0.00293294329773849, 15.4927272727263, 15.5441505376351, 15.6723809523809, 15.553098537652
3/19/2018, 15.36, 15.42, 15.31, 15.39, 4884310, 1.35313160234865, 0.0214296644548143, -0.680071123062026, -0.410712259520574, -0.248987516233581, -0.0779528751602303, -0.0695324957417867, -0.00842037941844358, 15.4172727272717, 15.5231182795706, 15.6679804639804, 15.5505078584119
3/20/2018, 15.33, 15.33, 15.19, 15.28, 7426393, 1.36017412252215, -0.429124652988104, -0.765701619474291, -0.407995564444746, -0.3463707952303, -0.0917880162359292, -0.0739835998406152, -0.017804416395314, 15.3672727272717, 15.495204301076, 15.6536385836385, 15.5470236435697
3/21/2018, 15.51, 15.71, 15.42, 15.65, 12896683, 1.3989960103854, 0.0637650610868957, -0.362088223723504, -0.162088519121495, -0.237552315315324, -0.0720658274350008, -0.0736000453594924, 0.00153421792449157, 15.4223636363626, 15.511204301076, 15.657115995116, 15.5501035943692
3/22/2018, 15.52, 15.54, 15.4, 15.44, 10591506, 1.42808116479307, -0.625506492541978, -0.434387614516266, -0.193781678819453, -0.338122591102742, -0.072544843873759, -0.0733890050623457, 0.000844161188586656, 15.4023636363626, 15.4845591397857, 15.6519365079365, 15.5514052207188
3/23/2018, 15.68, 15.71, 15.57, 15.58, 9556160, 1.43113572048682, -0.419582735121741, -0.309558628978735, -0.143582450028463, -0.263383467175478, -0.0609253286178149, -0.0708962697734395, 0.00997094115562468, 15.4527272727262, 15.4788172043018, 15.6506715506715, 15.553967199672
3/26/2018, 15.73, 15.82, 15.71, 15.72, 8509258, 1.42380660298508, 0.00984889350101065, -0.187653899296477, -0.0589813816981575, -0.174926019445104, -0.039959322891729, -0.0647088803970974, 0.0247495575053684, 15.5501818181808, 15.4853978494631, 15.6589084249084, 15.5594710947109
3/27/2018, 15.62, 15.63, 15.52, 15.57, 9363351, 1.42987333391003, 0.0647044579721343, -0.517161489016138, -0.0775762115146697, -0.15998775701583, -0.035043400195887, -0.0587757843568554, 0.0237323841609683, 15.5898181818171, 15.4828172043018, 15.6606373626373, 15.5634188875222
3/28/2018, 15.43, 15.43, 15.32, 15.36, 10915060, 1.45833147256056, -0.217451808297991, -0.664070942183164, -0.443130323857334, -0.154131865187599, -0.0475446755744073, -0.0565295626003658, 0.00898488702595842, 15.5590909090899, 15.4569247311835, 15.6524493284493, 15.5596853901872
3/29/2018, 15.31, 15.43, 15.3, 15.41, 6913080, 1.42310011989641, -0.313694568493991, -0.480852636960802, -0.405959301548693, -0.111893675574725, -0.0528086984427691, -0.0557853897688464, 0.00297669132607729, 15.5272727272717, 15.4583870967749, 15.6489377289377, 15.5581399480661
4/2/2018, 15.62, 15.72, 15.58, 15.65, 9473126, 1.43025394282579, 0.101716941486835, -0.210025390728195, -0.110221471290328, -0.0373768599741688, -0.0371858252092334, -0.0520654768569238, 0.0148796516476904, 15.5685454545444, 15.4935268817212, 15.6606593406593, 15.5591480114801
4/3/2018, 15.51, 15.53, 15.41, 15.46, 5832816, 1.45305954042447, -0.250935216420646, -0.418932834990501, -0.442174395714138, -0.0739468700837954, -0.039678607431286, -0.0495881029717963, 0.00990949554051024, 15.529999999999, 15.4942365591405, 15.6572258852258, 15.5553795271285
4/4/2018, 15.38, 15.45, 15.32, 15.38, 8229112, 1.43310048570964, -0.105269452281174, -0.474112986578794, -0.341167441245189, -0.0716234237324741, -0.0475612304550435, -0.0491827284684457, 0.00162149801340226, 15.437999999999, 15.4738709677427, 15.651343101343, 15.5488180948475
4/5/2018, 15.28, 15.48, 15.27, 15.45, 6121521, 1.42323826515881, 0.0119865723316341, -0.448294286002878, -0.327018842387959, 0.00386421509625183, -0.0476110207961078, -0.0488683869339781, 0.00125736613787034, 15.4387272727262, 15.4634193548395, 15.6525372405372, 15.5414391143911
4/6/2018, 15.52, 15.55, 15.39, 15.43, 6906749, 1.40567593239588, -0.117982722204411, -0.896221661115832, -0.345749405396739, 0.00380127506538827, -0.0487028961824567, -0.0488352887836739, 0.000132392601217141, 15.4014545454535, 15.4590107526889, 15.6513846153846, 15.5344821648216
4/9/2018, 15.47, 15.6, 15.43, 15.56, 6558347, 1.37886250996304, 0.0251415229299612, -0.59051735144182, -0.190267798490027, 0.0588984583507981, -0.0386329649759478, -0.0467948240221286, 0.00816185904618083, 15.4376363636353, 15.4679139784954, 15.6568351648351, 15.5289069290692
4/10/2018, 15.66, 15.69, 15.57, 15.62, 7259740, 1.34650100014556, 0.191068553065472, -0.622379078990624, -0.239026641983909, 0.0345398951970679, -0.0255168312389316, -0.0425392254654892, 0.0170223942265577, 15.5236363636353, 15.4906236559147, 15.6610818070818, 15.5236648899822
4/11/2018, 15.67, 15.9, 15.65, 15.69, 13825047, 1.36269779102358, -0.0982325756620854, -0.403064526694737, -0.18887790318336, 0.0225338972435917, -0.00936582239951278, -0.0359045448522939, 0.0265387224527812, 15.6092727272717, 15.5092688172051, 15.6626007326007, 15.5227437474374
4/12/2018, 15.58, 15.59, 15.5, 15.52, 7487072, 1.36995437655297, 0.00857764968675996, -0.495175553677819, -0.263113068393854, 0.00416330796813483, -0.0101664186375814, -0.0307569196093514, 0.02059050097177, 15.5876363636353, 15.5036559139793, 15.6537631257631, 15.5191564848981
4/13/2018, 15.64, 15.73, 15.64, 15.68, 6159006, 1.35514077346281, 0.20170752876719, -0.525329569641597, -0.216643762986738, 0.0197506112771372, 0.00208572298373433, -0.0241883910907343, 0.0262741140744686, 15.6225454545444, 15.5232903225814, 15.6523565323565, 15.5185171518381
4/16/2018, 15.77, 15.81, 15.69, 15.72, 5231234, 1.32545654971387, 0.146741731556429, -0.40943509618774, -0.308175847246865, -0.00715618223045297, 0.0148520935077432, -0.0163802941710388, 0.031232387678782, 15.7045454545444, 15.5484301075277, 15.6505885225885, 15.518828208282
4/17/2018, 15.72, 15.83, 15.69, 15.8, 6926405, 1.2971119059131, 0.282548318327393, 0.169308758465195, -0.0622039372696958, 0.0737348294909434, 0.0310667474110797, -0.00689088585461509, 0.0379576332656948, 15.7723636363626, 15.5780215053771, 15.6474456654456, 15.521123411234
4/18/2018, 16.15, 16.26, 16.09, 16.18, 19800153, 1.34546660740146, 0.715550317095064, 0.433824829612425, 0.153827745950504, 0.19163471228101, 0.073729889387641, 0.00923326919383614, 0.0644966201938049, 15.936909090908, 15.6731612903234, 15.6576068376068, 15.5291575782424
4/19/2018, 16.27, 16.35, 16.1, 16.26, 17017048, 1.34878027197834, 0.80925497912427, 0.589686116440524, 0.105381924583856, 0.342431811488903, 0.112696967695344, 0.0299260088941377, 0.0827709588012063, 16.0994545454535, 15.7592043010761, 15.6653626373626, 15.5387768211015
4/20/2018, 16.15, 16.22, 16.11, 16.13, 8050540, 1.3381654594699, 0.860296776180444, 0.710182901222484, 0.0816892222676072, 0.341688443472795, 0.131572063603711, 0.0502552198360524, 0.0813168437676586, 16.168909090908, 15.8253763440868, 15.6684175824175, 15.5475514555145
4/23/2018, 15.79, 15.81, 15.63, 15.67, 15510945, 1.46811604455565, 0.333314581973168, 0.220305398951783, -0.199153590545598, 0.211328952136424, 0.10816569072732, 0.061837314014306, 0.0463283767130143, 16.0672727272716, 15.8347741935492, 15.6480634920634, 15.552123274566
4/24/2018, 15.69, 15.79, 15.67, 15.76, 7465492, 1.42481659246686, 0.428621161864454, 0.359909515245511, -0.0354822196367715, 0.374091754152074, 0.0957741941349628, 0.0686246900384373, 0.0271495040965255, 16.0027272727262, 15.8540000000008, 15.6312649572649, 15.5583646303129
4/25/2018, 15.62, 15.64, 15.55, 15.61, 6278606, 1.43384715069915, 0.386458734816454, 0.0716401295625093, 0.0347237119385246, 0.296156587918306, 0.0730085008602099, 0.0695014522027919, 0.00350704865741808, 15.8927272727262, 15.8532258064524, 15.6136947496947, 15.5630310236435
4/26/2018, 15.63, 15.64, 15.47, 15.58, 8415315, 1.41933480881214, -0.05375103806846, 0.00162253478673282, 0.0954718442834813, 0.236339743984839, 0.0519469633844327, 0.06599055443912, -0.0140435910546873, 15.7427272727262, 15.8486451612911, 15.5915873015872, 15.5666491731583
4/27/2018, 15.54, 15.59, 15.49, 15.57, 5690929, 1.38134711016239, 0.183812553305216, -0.269502537092645, 0.0771459898288943, 0.214289089627216, 0.0340560498249545, 0.0596036535162869, -0.0255476036913325, 15.6179999999989, 15.832322580646, 15.5715213675213, 15.5709894765613
4/30/2018, 15.31, 15.5, 15.26, 15.38, 13944305, 1.42927150715, -0.212091808853368, -0.435892210929967, 0.0162477444007303, 0.213103600702932, 0.00449415401824282, 0.0485817536166781, -0.0440875995984353, 15.4416363636353, 15.7871182795707, 15.544398046398, 15.5725942326089
5/1/2018, 15.3, 15.32, 15.12, 15.24, 14157649, 1.45558307027353, -0.549617247665417, -0.406774035649834, 0.0589885717011678, 0.102747778073522, -0.0298861820584477, 0.0328881664816529, -0.0627743485401007, 15.2514545454534, 15.7242150537643, 15.5110378510378, 15.5729555828891
5/2/2018, 15.44, 15.57, 15.38, 15.42, 10561191, 1.47366612784826, -0.150286592431831, -0.0725404773258333, 0.251299570400421, 0.11467568551454, -0.0421227851720012, 0.0178859761509221, -0.0600087613229233, 15.2299999999989, 15.6777849462374, 15.4861978021977, 15.576066147328
5/3/2018, 15.56, 15.59, 15.44, 15.46, 6541651, 1.45134121001612, 0.149262860575342, -0.0362661697297311, 0.424464654862281, 0.077095227702978, -0.0480389524527389, 0.00470099043018991, -0.0527399428829288, 15.2798181818171, 15.6601935483879, 15.4623150183149, 15.5794773814404
5/4/2018, 15.43, 15.55, 15.41, 15.54, 4829736, 1.41672125814072, 0.18507902205892, -0.0720723015306339, 0.416244108521279, 0.0955598062703146, -0.0457449074168164, -0.00538818913921134, -0.040356718277605, 15.374909090908, 15.6399784946245, 15.4457533577533, 15.5825111384446
5/7/2018, 15.5, 15.55, 15.47, 15.52, 3331554, 1.37339277924816, -0.139057626467383, -0.0275276984895287, 0.475534155193644, 0.0832069227053143, -0.0450217107941793, -0.0133148934702049, -0.0317068173239743, 15.4032727272716, 15.6259139784954, 15.4324371184371, 15.5851501981685
5/8/2018, 15.49, 15.56, 15.36, 15.51, 9529702, 1.37003888699129, 0.0902760565217558, -0.11798872469053, 0.462868826831664, 0.0244414552929623, -0.0447397566220946, -0.0195998661005829, -0.0251398905215117, 15.4543636363625, 15.6203010752697, 15.4218461538461, 15.5900595872624
5/9/2018, 15.55, 15.65, 15.52, 15.53, 6852053, 1.34493483453787, 0.222882822293771, 0.0810858398908322, 0.293028592278438, 0.0367636935921119, -0.042413555984453, -0.0241626040773569, -0.0182509519070961, 15.4959999999989, 15.6085806451621, 15.4156239316239, 15.5965223452233
5/10/2018, 15.73, 15.78, 15.68, 15.74, 8470636, 1.34005693020041, 0.393924299623121, 0.288024466079778, 0.506472666260085, 0.0980771395853824, -0.0233555519978736, -0.0240011936614602, 0.000645641663586594, 15.6085454545443, 15.6097634408611, 15.421282051282, 15.6067557742243
5/11/2018, 15.83, 15.85, 15.68, 15.7, 6681221, 1.33043766097368, 0.368734697549265, 0.17978057419213, 0.39880583154659, 0.0370572243125368, -0.0113487904471601, -0.0214707130186002, 0.0101219225714401, 15.6965454545443, 15.6067526881729, 15.4302637362637, 15.6158059313925
5/14/2018, 15.68, 15.71, 15.54, 15.56, 7360148, 1.32991502014283, 0.0254445712645464, 0.0357702484692609, 0.266092003285262, 0.0156445046860059, -0.0129805437570329, -0.0197726791662868, 0.00679213540925381, 15.6910909090898, 15.6001075268826, 15.4326105006104, 15.6222686893534
5/15/2018, 15.32, 15.36, 15.26, 15.33, 10317359, 1.38022203703531, -0.329715480968774, -0.105891794177237, 0.121294240125144, -0.0942320411412144, -0.0324586348829214, -0.0223098703096137, -0.0101487645733077, 15.5683636363625, 15.552193548388, 15.4266837606837, 15.62430367637
5/16/2018, 15.35, 15.47, 15.32, 15.41, 7638150, 1.35307356498142, -0.315240954054029, -0.300546211941016, 0.152339392658218, -0.0965001481456444, -0.0409675822335984, -0.0260414126944106, -0.0149261695391878, 15.5043636363625, 15.5099354838718, 15.424691086691, 15.6267801011342
5/17/2018, 15.5, 15.53, 15.46, 15.47, 4987336, 1.31921916318976, -0.0362942043237953, -0.0215889243460448, 0.208506913105816, -0.0450615955939905, -0.042380944605398, -0.0293093190766081, -0.0130716255287899, 15.4696363636352, 15.4797634408611, 15.4243589743589, 15.6299794997949
5/18/2018, 15.43, 15.51, 15.42, 15.48, 3883015, 1.28151837414847, -0.227546923987059, -0.0308889972034593, 0.101878298072683, -0.00578502180693865, -0.0422075852715622, -0.0318889723155989, -0.0103186129559633, 15.453818181817, 15.4493978494632, 15.4222954822954, 15.6331570315702
5/21/2018, 15.53, 15.56, 15.46, 15.54, 4405101, 1.24491693759507, -0.201051731542662, -0.0493388718155835, 0.0203095795167683, -0.00251648023122517, -0.0368044395225855, -0.0328720657569962, -0.00393237376558925, 15.4579999999989, 15.4349892473127, 15.4230354090354, 15.635119311193
5/22/2018, 15.66, 15.69, 15.55, 15.58, 5562559, 1.22777334722182, -0.251589758775421, 0.00658228237371838, -0.042085505384733, 0.114129786887171, -0.0289608986705652, -0.03208983233971, 0.00312893366914486, 15.4729090909079, 15.4297849462374, 15.4256532356532, 15.6369495694956
5/23/2018, 15.4, 15.53, 15.37, 15.5, 7300124, 1.24014666530517, -0.950322100641481, -0.0677103264782206, -0.185742173077869, 0.105008882024146, -0.0288674020067816, -0.0314453462731244, 0.00257794426634274, 15.4603636363625, 15.4193548387105, 15.4308669108669, 15.6362009020089
5/24/2018, 15.61, 15.72, 15.59, 15.69, 7045977, 1.2339808570184, -0.756244893083212, 0.107927032173297, -0.132929191222905, 0.0919387857188519, -0.0133084812359332, -0.0278179732656861, 0.0145094920297529, 15.5570909090898, 15.4229247311837, 15.4445054945054, 15.6378042913762
5/25/2018, 15.65, 15.67, 15.52, 15.53, 5169641, 1.23909218701145, -0.797966755748714, 0.108683399480809, -0.367833561534783, -0.0888880617527078, -0.0137303127546602, -0.0250004411634809, 0.0112701284088208, 15.5932727272716, 15.4157634408611, 15.4473382173382, 15.6348041547081
5/29/2018, 15.42, 15.51, 15.39, 15.44, 9718176, 1.2293359184633, -0.377205274064227, 0.081293156004395, -0.399901323797503, -0.179145167599906, -0.0210838239131519, -0.0242171177134151, 0.00313329380026324, 15.5796363636352, 15.4008172043019, 15.4446251526251, 15.6300713407133
5/30/2018, 15.48, 15.59, 15.47, 15.55, 4684318, 1.20783918019419, -0.337898627561877, 0.18170591200401, -0.365863373561343, -0.140917857988154, -0.0178299215568369, -0.0229396784820995, 0.00510975692526256, 15.5645454545443, 15.4069677419364, 15.4488864468864, 15.6244807981412
5/31/2018, 15.53, 15.6, 15.45, 15.46, 5554441, 1.20263934601673, -0.24336856220366, 0.20131467675469, -0.415713304404822, -0.157083192827901, -0.0222568650491048, -0.0228031157955006, 0.000546250746395718, 15.5223636363625, 15.4286451612912, 15.4493577533577, 15.6163823971572
6/1/2018, 15.46, 15.54, 15.41, 15.44, 6197622, 1.18608575614947, -0.226464233634169, -0.170582914223622, -0.386555267862736, -0.0454748034368668, -0.0270670701778126, -0.023655906671963, -0.00341116350584965, 15.4825454545443, 15.4577634408611, 15.4502686202686, 15.6085053983872
6/4/2018, 15.53, 15.56, 15.44, 15.45, 3993251, 1.16488711140456, -0.19141563048295, 0.0424994258448576, -0.308570301478467, -0.174812050084302, -0.0297295719717834, -0.0248706397319271, -0.00485893223985633, 15.449818181817, 15.4847741935493, 15.4627521367521, 15.6001139811397
6/5/2018, 15.47, 15.57, 15.44, 15.52, 6568434, 1.14353289804384, 0.276086259786232, -0.027570233559435, -0.25794771944639, -0.142412310281036, -0.0258927335257884, -0.0250750584906993, -0.000817675035089036, 15.4549090909079, 15.4943870967751, 15.473553113553, 15.5919357660242
6/6/2018, 15.7, 15.76, 15.65, 15.7, 8717313, 1.15033433431582, 0.860194510596109, 0.0128716222213792, -0.137811700673195, -0.0772023509458166, -0.00823261527293262, -0.021706569847146, 0.0134739545742134, 15.5312727272715, 15.5338064516138, 15.4950231990231, 15.5867617876178
6/7/2018, 15.82, 15.91, 15.68, 15.72, 8920023, 1.16458248068196, 0.590113104125988, 0.181597497362787, -0.286484378554127, -0.0613901625162133, 0.00729292028440831, -0.0159066718208351, 0.0231995921052434, 15.5919999999988, 15.5661505376353, 15.5134432234432, 15.582594505945
6/8/2018, 15.82, 15.83, 15.72, 15.78, 4128920, 1.13700093577341, 0.624868820373368, 0.461597888999667, -0.2367745100387, -0.0421335115359956, 0.0241600160027318, -0.00789333425612175, 0.0320533502588535, 15.6994545454533, 15.6033978494633, 15.5335115995115, 15.5801779417793
6/11/2018, 15.88, 15.96, 15.88, 15.94, 10123533, 1.12577045346168, 0.750446540603703, 0.565392110241974, -0.0226748041087973, -0.0160935870644745, 0.0498631819814435, 0.00365796899139129, 0.0462052129900522, 15.8252727272715, 15.6589892473127, 15.5652893772893, 15.581434741014
6/12/2018, 15.88, 15.96, 15.83, 15.87, 6500895, 1.11515702437116, 0.654522207751795, 0.256980720278418, -0.0107723216674339, -0.000811410805218416, 0.0638487031102759, 0.0156961158151682, 0.0481525872951077, 15.8865454545442, 15.6906451612912, 15.5920854700854, 15.5829779964465
6/13/2018, 15.97, 16.11, 15.83, 16.08, 12232487, 1.1326284128067, 0.994900186021295, 0.667863017865221, 0.0695380908206175, 0.0405221819612073, 0.0908305364378759, 0.0307229999397097, 0.0601075364981661, 16.0189090909079, 15.7364516129041, 15.6152283272283, 15.5881385813857
6/14/2018, 16.16, 16.28, 16.14, 16.17, 13476531, 1.13185105961875, 1.10481485181328, 0.843998308481432, 0.130044154883584, -0.0535619784352601, 0.118114530794966, 0.0482013061107609, 0.0699132246842047, 16.1354545454533, 15.8002580645171, 15.6437753357753, 15.5924704113707
6/15/2018, 15.96, 15.96, 15.49, 15.6, 24728295, 1.33249551617522, -0.152992114324334, 0.171542398589313, -0.224918285050166, -0.201959905569439, 0.0926747596411772, 0.0570959968168442, 0.035578762824333, 16.0123636363624, 15.789569892474, 15.6450915750915, 15.5900705207051
6/18/2018, 15.56, 15.59, 15.45, 15.51, 8991584, 1.32157211797013, -0.216378190278164, 0.108352693320298, -0.575436091965383, -0.242304730865333, 0.0645077052085359, 0.0585783384951825, 0.00592936671335337, 15.8514545454533, 15.7718924731192, 15.637177045177, 15.588520705207
6/19/2018, 15.37, 15.42, 15.33, 15.36, 10823333, 1.32634794090045, -0.230750217935675, -0.144615245243391, -0.526528528232444, -0.347357243236633, 0.0297385576592184, 0.0528103823279897, -0.0230718246687713, 15.6494545454533, 15.7340430107536, 15.6237435897435, 15.5842274156074
6/20/2018, 15.36, 15.39, 15.31, 15.34, 7787325, 1.28774896698953, 0.0379356920001323, -0.2169908830049, -0.599465257805283, -0.377747645137367, 0.000563430004804744, 0.0423609918633527, -0.041797561858548, 15.4852727272715, 15.6940215053773, 15.6079536019536, 15.5806672133387
6/21/2018, 15.37, 15.4, 15.31, 15.36, 7075685, 1.25106547499599, -0.0433033342629874, -0.26196717345714, -0.471988835275385, -0.425728646099935, -0.020705555251558, 0.0297476824403706, -0.0504532376919286, 15.3516363636351, 15.6589677419364, 15.5970744810744, 15.5771083777503
6/22/2018, 15.42, 15.52, 15.38, 15.5, 7711876, 1.22939015555751, 0.0643860497532482, 0.0176964682221923, -0.346043800615292, -0.368059568285128, -0.0259652382273234, 0.0186050983068318, -0.0445703365341552, 15.2979999999988, 15.6567741935493, 15.5935799755799, 15.5769427360939
6/25/2018, 15.39, 15.4, 15.33, 15.37, 5508723, 1.23310149906209, -0.119151748016166, -0.246085147905903, -0.54992347120242, -0.478520918076156, -0.0401605426872234, 0.00685197010802073, -0.0470125127952441, 15.246727272726, 15.6369677419364, 15.5909352869352, 15.5754541478747
6/26/2018, 15.33, 15.37, 15.29, 15.33, 6087096, 1.20059566461547, -0.250788323271192, -0.318937239952684, -0.516372714792401, -0.468373726339949, -0.054015433159373, -0.005321510545458, -0.048693922613915, 15.198727272726, 15.604881720431, 15.5869377289377, 15.5728738554051
6/27/2018, 15.24, 15.31, 15.03, 15.12, 12641214, 1.25561342338806, -0.563059912300942, -0.5763268699053, -0.312982364211976, -0.46377129993971, -0.0810069805873006, -0.0204586045538265, -0.0605483760334741, 15.1496363636351, 15.5323010752698, 15.5701855921856, 15.5672125187918
6/28/2018, 15.1, 15.11, 14.99, 15.07, 8801190, 1.2399224428365, -0.528291786172714, -1.02159139211014, -0.400167146779374, -0.516372593407486, -0.105219651870298, -0.0374108140171208, -0.0678088378531773, 15.1536363636351, 15.46006451613, 15.5474725274725, 15.5624734180674
6/29/2018, 15.08, 15.22, 15.04, 15.15, 7989953, 1.23111218830817, -0.683886795242987, -1.01564793414062, -0.286346476326273, -0.45191272533936, -0.116608842740218, -0.0532504197617403, -0.063358422978478, 15.1312727272715, 15.4041720430117, 15.5286007326007, 15.5593338800054
7/2/2018, 14.96, 15, 14.84, 14.91, 9148837, 1.29233951510565, -0.777662489725456, -1.11221848666212, -0.291327984915833, -0.530616333974338, -0.143348421424742, -0.0712700200943406, -0.0720784013304012, 15.0325454545442, 15.3205591397859, 15.5021904761904, 15.5537427907612
7/3/2018, 15.05, 15.1, 15.03, 15.03, 4606008, 1.28112728288184, -0.49802637266437, -0.624429675647046, -0.24108383424591, -0.446555085985635, -0.153091983967606, -0.0876344128689937, -0.0654575710986122, 14.9779999999987, 15.2598494623665, 15.4800195360195, 15.5492565258985
7/5/2018, 15.07, 15.15, 15.04, 15.1, 7141266, 1.25116396745883, -0.549676200518897, -0.642573620508027, -0.146646284551566, -0.322556927263375, -0.153397145686743, -0.100786959432544, -0.0526101862541992, 14.9616363636351, 15.2139784946246, 15.4633186813186, 15.5447492141587
7/6/2018, 15.06, 15.1, 15.03, 15.08, 4791656, 1.21339171838176, -0.464177269507553, -0.518315295230806, -0.28253462178683, -0.357102227735475, -0.153483558478809, -0.111326279241797, -0.0421572792370127, 14.9554545454533, 15.1633333333343, 15.441724053724, 15.5385056717233
7/9/2018, 15.21, 15.25, 15.13, 15.17, 6847462, 1.20191494776118, -0.318371822736244, -0.390632449967241, -0.253632133945222, -0.275746146088873, -0.144622673247765, -0.11798555804299, -0.0266371152047747, 15.0236363636351, 15.1394838709687, 15.4239120879121, 15.5319087057536
7/10/2018, 15.14, 15.16, 15.08, 15.12, 4298003, 1.17535696227912, -0.395005432871424, -0.432268041525431, -0.488836792671996, -0.243276074182004, -0.140020866605234, -0.122392619755439, -0.0176282468497946, 15.0665454545442, 15.1019784946246, 15.4059047619047, 15.523979773131
