Date,SMH_Open,SMH_High,SMH_Low,SMH_Close,SMH_Volume,SMH_ATRPercentOfClose20,SMH_SQN25,SMH_SQN50,SMH_SQN100,SMH_SQN200,SMH_MACD,SMH_MACD_Avg,SMH_MACD_Diff,SMH_LinReg10,SMH_LinReg30,SMH_LinReg90,SMH_LinReg270
1/3/2017, 72.84, 72.84, 71.32, 71.76, 2870740, 0, 0, 0, 0, 0, 0, 0, 0, 71.76, 71.76, 71.76, 71.76
1/4/2017, 72.08, 72.3, 71.78, 71.99, 1935225, 0, 0, 0, 0, 0, 0.018347578347587, 0.00366951566951741, 0.0146780626780696, 71.99, 71.99, 71.99, 71.99
1/5/2017, 72.16, 72.42, 71.57, 71.57, 1508335, 0, 0, 0, 0, 0, -0.000990901047870807, 0.00273743232603977, -0.00372833337391057, 71.6783333333333, 71.6783333333333, 71.6783333333333, 71.6783333333333
1/6/2017, 71.67, 72.22, 71.39, 71.94, 2593994, 0, 0, 0, 0, 0, 0.0133848304918445, 0.00486691195920071, 0.00851791853264376, 71.833, 71.833, 71.833, 71.833
1/9/2017, 72.04, 72.97, 72.04, 72.77, 2354399, 0, 0, 0, 0, 0, 0.0907061605529691, 0.0220347616779544, 0.0686713988750147, 72.4, 72.4, 72.4, 72.4
1/10/2017, 72.72, 73.21, 72.72, 73.05, 1771042, 0, 0, 0, 0, 0, 0.172588044098831, 0.0521454181621296, 0.120442625936701, 72.8342857142857, 72.8342857142857, 72.8342857142857, 72.8342857142857
1/11/2017, 72.85, 73.38, 72.76, 73.36, 2212901, 0, 0, 0, 0, 0, 0.259503046374363, 0.0936169438045762, 0.165886102569786, 73.2185714285714, 73.2185714285714, 73.2185714285714, 73.2185714285714
1/12/2017, 72.88, 72.88, 71.79, 72.14, 3917954, 0, 0, 0, 0, 0, 0.227319608882283, 0.120357476820118, 0.106962132062165, 72.9383333333333, 72.9383333333333, 72.9383333333333, 72.9383333333333
1/13/2017, 72.85, 73.35, 72.73, 73.21, 1130673, 0, 0, 0, 0, 0, 0.284870253481003, 0.153260032152295, 0.131610221328708, 73.1504444444444, 73.1504444444444, 73.1504444444444, 73.1504444444444
1/17/2017, 73, 73.07, 72.17, 72.35, 1565652, 0, 0, 0, 0, 0, 0.258109416588468, 0.174229909039529, 0.0838795075489386, 72.9932727272727, 72.9932727272727, 72.9932727272727, 72.9932727272727
1/18/2017, 72.73, 73.63, 72.6, 73.63, 2001051, 0, 0, 0, 0, 0, 0.336309793193024, 0.206645885870228, 0.129663907322796, 73.2825454545454, 73.2836363636363, 73.2836363636363, 73.2836363636363
1/19/2017, 73.13, 73.64, 72.93, 73.07, 1067148, 0, 0, 0, 0, 0, 0.349072939613194, 0.235131296618821, 0.113941642994373, 73.3223636363636, 73.3276923076923, 73.3276923076923, 73.3276923076923
1/20/2017, 73.76, 74.25, 73.66, 73.77, 2720985, 0, 0, 0, 0, 0, 0.410934972396944, 0.270292031774446, 0.140642940622498, 73.4610909090909, 73.5491208791208, 73.5491208791208, 73.5491208791208
1/23/2017, 73.56, 73.68, 72.76, 73.12, 1664337, 0, 0, 0, 0, 0, 0.402867505519296, 0.296807126523416, 0.10606037899588, 73.3292727272726, 73.5485714285714, 73.5485714285714, 73.5485714285714
1/24/2017, 73.44, 74.55, 73.44, 74.55, 4116704, 0, 0, 0, 0, 0, 0.506029831976747, 0.338651667614082, 0.167378164362665, 73.7930909090908, 73.8901666666667, 73.8901666666667, 73.8901666666667
1/25/2017, 75.26, 75.52, 74.87, 75.47, 2740210, 0, 0, 0, 0, 0, 0.654478608181563, 0.401817055727578, 0.252661552453985, 74.5336363636362, 74.3684558823529, 74.3684558823529, 74.3684558823529
1/26/2017, 75.55, 75.55, 74.62, 74.89, 2616556, 0, 0, 0, 0, 0, 0.717058377479589, 0.464865320077981, 0.252193057401608, 75.0038181818181, 74.6256862745097, 74.6256862745097, 74.6256862745097
1/27/2017, 75.25, 75.85, 75.25, 75.85, 1689866, 0, 0, 0, 0, 0, 0.834497702399915, 0.538791796542367, 0.295705905857548, 75.4781818181817, 75.0283040935672, 75.0283040935672, 75.0283040935672
1/30/2017, 75.62, 75.62, 74.65, 75.49, 1784671, 0, 0, 0, 0, 0, 0.88828067545829, 0.608689572325552, 0.279591103132738, 75.839818181818, 75.2867368421052, 75.2867368421052, 75.2867368421052
1/31/2017, 75.09, 75.36, 74.16, 74.44, 2182845, 0, 0, 0, 0, 0, 0.836534791951792, 0.6542586162508, 0.182276175700992, 75.5423636363635, 75.3031428571428, 75.3031428571428, 75.3031428571428
2/1/2017, 75.31, 75.52, 74.71, 75.2, 1706646, 0, 0, 0, 0, 0, 0.847086765934435, 0.692824246187527, 0.154262519746908, 75.6494545454543, 75.4477922077921, 75.4477922077921, 75.4477922077921
2/2/2017, 74.75, 75.44, 74.5, 75.28, 1145116, 1.37139678533475, 0, 0, 0, 0, 0.852082337961477, 0.724675864542317, 0.12740647341916, 75.5865454545452, 75.5804743083003, 75.5804743083003, 75.5804743083003
2/3/2017, 75.65, 75.8, 75.44, 75.61, 1645287, 1.33152774103954, 0, 0, 0, 0, 0.872610693960297, 0.754262830425913, 0.118347863534384, 75.6570909090907, 75.7442391304347, 75.7442391304347, 75.7442391304347
2/6/2017, 75.65, 75.81, 75.26, 75.52, 959936, 1.30287303859904, 0, 0, 0, 0, 0.871570395167808, 0.777724343374292, 0.0938460517935158, 75.4661818181815, 75.8677999999999, 75.8677999999999, 75.8677999999999
2/7/2017, 75.9, 76.04, 75.5, 75.84, 1426401, 1.26810816562829, 0, 0, 0, 0, 0.886349985627618, 0.799449471824957, 0.0869005138026604, 75.5409090909088, 76.0199076923076, 76.0199076923076, 76.0199076923076
2/8/2017, 75.83, 76.15, 75.57, 75.92, 1339320, 1.24163141619056, 1.176482969055, 0, 0, 0, 0.894210348687281, 0.818401647197422, 0.0758087014898589, 75.7569090909088, 76.1610256410256, 76.1610256410256, 76.1610256410256
2/9/2017, 76.02, 76.06, 75.25, 75.26, 1788875, 1.24370747091852, 0.912001278779032, 0, 0, 0, 0.837528748820205, 0.822227067521979, 0.0153016812982261, 75.6043636363633, 76.1891798941799, 76.1891798941799, 76.1891798941799
2/10/2017, 75.94, 75.94, 74.75, 75.34, 2011542, 1.25924280658696, 1.06236322651212, 0, 0, 0, 0.789957367171411, 0.815773127451865, -0.0258157602804544, 75.6512727272724, 76.2220689655172, 76.2220689655172, 76.2220689655172
2/13/2017, 75.9, 76.33, 75.72, 76.33, 1713532, 1.24561490103299, 1.19679918399188, 0, 0, 0, 0.822658337478799, 0.817150169457252, 0.00550816802154708, 75.9959999999996, 76.3783448275862, 76.3783448275862, 76.3783448275862
2/14/2017, 75.92, 75.92, 75.34, 75.74, 1922725, 1.25790726334904, 0.815366318173655, 0, 0, 0, 0.791838204956335, 0.812087776557069, -0.0202495716007339, 75.8810909090905, 76.4398279569892, 76.4398279569892, 76.4398279569892
2/15/2017, 75.97, 76.52, 75.65, 76.52, 1623028, 1.23967853266797, 0.930381140915374, 0, 0, 0, 0.820889802496225, 0.8138481817449, 0.00704162075132508, 76.1167272727269, 76.5814623655914, 76.5882661290322, 76.5882661290322
2/16/2017, 76.59, 76.81, 76.32, 76.81, 1929991, 1.20514504952175, 0.921877838310038, 0, 0, 0, 0.857430059229799, 0.82256455724188, 0.0348655019879188, 76.396545454545, 76.7445161290322, 76.7534659090909, 76.7534659090909
2/17/2017, 76.42, 77.09, 76.24, 77.09, 1688507, 1.19585979622619, 1.41625525177813, 0, 0, 0, 0.898623365112456, 0.837776318815995, 0.0608470462964612, 76.755636363636, 76.884, 76.9320677361854, 76.9320677361854
2/21/2017, 77.48, 77.82, 77.24, 77.82, 1121057, 1.17231290293656, 1.33424575423598, 0, 0, 0, 0.978890218836895, 0.865999098820175, 0.11289112001672, 77.2681818181814, 77.1051612903225, 77.173025210084, 77.173025210084
2/22/2017, 77.56, 77.74, 77.26, 77.48, 1310056, 1.15472277492511, 1.54972104280662, 0, 0, 0, 1.00349940373397, 0.893499159802934, 0.110000243931035, 77.6018181818178, 77.3005806451612, 77.3513809523809, 77.3513809523809
2/23/2017, 77.45, 77.47, 76.34, 76.62, 2727720, 1.18369256814327, 0.92313012788745, 0, 0, 0, 0.94274022490707, 0.903347372823761, 0.0393928520833084, 77.5649090909086, 77.3751612903225, 77.4192342342342, 77.4192342342342
2/24/2017, 75.78, 76.75, 75.5, 76.73, 1375859, 1.20435029770077, 1.15408338544508, 0, 0, 0, 0.89316833010075, 0.901311564279159, -0.00814323417840934, 77.3958181818177, 77.4613333333333, 77.4903271692745, 77.4903271692745
2/27/2017, 76.68, 77.1, 76.51, 77.1, 1888729, 1.17690413003179, 1.0583496413214, 0, 0, 0, 0.87366706402625, 0.895782664228577, -0.0221156002023271, 77.2903636363631, 77.491376344086, 77.5906477732793, 77.5906477732793
2/28/2017, 76.94, 76.98, 76.2, 76.39, 2416695, 1.18735885592589, 1.04654338693277, 0, 0, 0, 0.791793797853643, 0.87498489095359, -0.0831910930999475, 77.0416363636359, 77.4706666666666, 77.6103461538462, 77.6103461538462
3/1/2017, 77.01, 77.39, 76.41, 77.28, 1832562, 1.17970012750996, 0.91888035151367, 0, 0, 0, 0.789621936346833, 0.857912300032239, -0.0682903636854058, 76.9790909090904, 77.4850322580645, 77.7124024390244, 77.7124024390244
3/2/2017, 77.2, 77.36, 76.57, 76.6, 1917158, 1.1822306078495, 0.394691628190766, 0, 0, 0, 0.724676780621039, 0.831265196149999, -0.10658841552896, 76.7536363636359, 77.4666451612903, 77.7403832752613, 77.7403832752613
3/3/2017, 76.81, 76.87, 76.34, 76.87, 1335488, 1.15364799444787, 0.691969656052252, 0, 0, 0, 0.687073860543876, 0.802426929028774, -0.115353068484898, 76.6750909090904, 77.4260215053763, 77.7893466223699, 77.7893466223699
3/6/2017, 76.52, 76.99, 76.22, 76.9, 2562462, 1.14560305938293, 0.390909870453456, 0, 0, 0, 0.65217614412397, 0.772376772047814, -0.120200627923843, 76.6596363636359, 77.4113548387097, 77.8356342494714, 77.8356342494714
3/7/2017, 76.72, 77.42, 76.62, 77.09, 1532941, 1.13752797383863, 0.59222275182139, 0, 0, 0, 0.632559116796415, 0.744413240997534, -0.111854124201119, 76.8661818181813, 77.3572688172043, 77.893606060606, 77.893606060606
3/8/2017, 77.08, 77.69, 76.99, 77.17, 1500499, 1.12488570594867, 1.09881689999912, 0, 0, 0, 0.616362766419599, 0.718803146081947, -0.102440379662348, 77.0721818181813, 77.3830537634409, 77.9526956521739, 77.9526956521739
3/9/2017, 76.93, 77.33, 76.7, 77.2, 1069073, 1.10902925429606, 0.834283855114492, 0, 0, 0, 0.59904240340164, 0.694850997545886, -0.0958085941442456, 77.133454545454, 77.4570752688172, 78.0086123959296, 78.0086123959296
3/10/2017, 77.68, 78.13, 77.53, 77.93, 1791100, 1.10337746067077, 1.06153437782304, 0, 0, 0, 0.636879242593821, 0.683256646555473, -0.0463774039616516, 77.4372727272721, 77.5738924731183, 78.1193882978723, 78.1193882978723
3/13/2017, 78.18, 78.31, 77.81, 78.31, 2734076, 1.07504654877499, 1.07485226848102, 0, 0, 0, 0.689578997031063, 0.684521116650591, 0.00505788038047239, 77.8809090909086, 77.7833118279571, 78.2517517006803, 78.2517517006803
3/14/2017, 78.05, 78.08, 77.52, 78.03, 1269899, 1.0755805520036, 0.994884679884886, 0, 0, 0, 0.700673345982963, 0.687751562517065, 0.012921783465898, 78.0198181818176, 77.9173333333334, 78.3515102040816, 78.3515102040816
3/15/2017, 78.06, 78.8, 77.83, 78.74, 2406914, 1.07418304482092, 1.11512987047857, 0, 0, 0, 0.758018794922691, 0.701805008998191, 0.0562137859245005, 78.4925454545449, 78.0550537634409, 78.4984, 78.4984
3/16/2017, 78.86, 79.06, 78.61, 78.8, 1604174, 1.04825018149415, 1.10639783673971, 1.5963060637823, 0, 0, 0.799095499420503, 0.721263107082653, 0.0778323923378497, 78.7703636363631, 78.223311827957, 78.6388536953243, 78.6388536953243
3/17/2017, 79.07, 79.22, 78.8, 79.01, 2049543, 1.01976975808951, 1.50983982135321, 1.58752072886983, 0, 0, 0.838923737993781, 0.744795233264879, 0.0941285047289024, 79.0547272727267, 78.4003225806452, 78.7846226415094, 78.7846226415094
3/20/2017, 79.34, 79.83, 79.02, 79.5, 1135204, 1.0143824925449, 1.65506788963449, 1.79997492494342, 0, 0, 0.89965613302418, 0.775767413216739, 0.123888719807441, 79.3976363636358, 78.6374408602151, 78.9558071278826, 78.9558071278826
3/21/2017, 79.78, 79.98, 77.8, 77.99, 5382500, 1.12208280227534, 0.601200466702094, 1.31622575257594, 0, 0, 0.816530161802717, 0.783919962933935, 0.0326101988687825, 79.1150909090903, 78.651870967742, 79.0062222222222, 79.0062222222222
3/22/2017, 78.06, 78.82, 77.86, 78.75, 3312888, 1.11664350300928, 1.07743218451936, 1.2930126935212, 0, 0, 0.802724569970479, 0.787680884341244, 0.0150436856292355, 79.0619999999994, 78.7681290322581, 79.1062012987013, 79.1062012987013
3/23/2017, 78.61, 78.89, 78.32, 78.51, 1330277, 1.10035526772235, 0.7318618090325, 1.18055489838089, 0, 0, 0.763615065600831, 0.782867720593161, -0.0192526549923301, 78.8458181818176, 78.8404946236559, 79.1823120300752, 79.1823120300752
3/24/2017, 79.72, 79.99, 78.88, 79.13, 1624163, 1.13066406502512, 0.833640098874372, 1.23356245413166, 0, 0, 0.773730239492409, 0.781040224373011, -0.00730998488060219, 78.9183636363631, 78.9308172043011, 79.2951966122202, 79.2951966122202
3/27/2017, 78.79, 79.53, 78.33, 79.49, 1247930, 1.14474745366921, 0.856736963050288, 1.63926773337985, 0, 0, 0.801555743373356, 0.78514332817308, 0.0164124152002764, 79.1258181818176, 79.047182795699, 79.4245938047926, 79.4245938047926
3/28/2017, 79.41, 79.91, 79.15, 79.64, 2331915, 1.13317649846255, 0.667027091666804, 1.45893493644007, 0, 0, 0.826187625406888, 0.793352187619842, 0.0328354377870466, 79.2647272727267, 79.2218064516129, 79.5553898305085, 79.5553898305085
3/29/2017, 79.5, 79.53, 79.15, 79.32, 1179056, 1.11174820374029, 0.677843969183724, 1.6254532215021, 0, 0, 0.810543799360133, 0.7967905099679, 0.013753289392233, 79.3472727272721, 79.2951397849462, 79.6569180327869, 79.6569180327869
3/30/2017, 79.31, 79.9, 79.3, 79.72, 588072, 1.08849315284302, 1.19950446690613, 1.46054717114636, 0, 0, 0.820959106025953, 0.80162422917951, 0.0193348768464423, 79.548363636363, 79.4481290322581, 79.7773664727658, 79.7773664727658
3/31/2017, 79.63, 80.05, 79.45, 79.71, 865657, 1.07183465609602, 1.15151858753306, 1.61729283382846, 0, 0, 0.818965866450455, 0.805092556633699, 0.0138733098167555, 79.7378181818175, 79.5985376344087, 79.8895698924732, 79.8895698924732
4/3/2017, 79.8, 79.95, 78.94, 79.52, 1260512, 1.08418188399827, 0.935998904182697, 1.40978900020938, 0, 0, 0.792914572008684, 0.802656959708696, -0.00974238770001268, 79.9214545454538, 79.7247956989248, 79.9829464285715, 79.9829464285715
4/4/2017, 79.1, 79.57, 78.99, 79.24, 1487700, 1.0702099475614, 1.15069075390364, 1.52855003468083, 0, 0, 0.741131767850504, 0.790351921337058, -0.0492201534865536, 79.705272727272, 79.8485161290324, 80.0533028846154, 80.0533028846154
4/5/2017, 79.35, 79.93, 78.69, 78.77, 1445710, 1.10147599888952, 0.624956463624511, 1.10749733207386, 0, 0, 0.654622371226822, 0.763206011315011, -0.108583640088189, 79.4105454545447, 79.8807741935485, 80.0907832167832, 80.0907832167832
4/6/2017, 78.62, 79.01, 78.18, 78.81, 1010129, 1.09852938980968, 0.969902355216675, 0.897564320464095, 0, 0, 0.582575153117375, 0.727079839675484, -0.144504686558109, 79.0805454545448, 79.8524516129034, 80.1278154681139, 80.1278154681139
4/7/2017, 78.74, 79.31, 78.67, 79.12, 861581, 1.07995887449894, 0.982457646752911, 1.14731469422801, 0, 0, 0.544218214107232, 0.690507514561833, -0.146289300454601, 78.965272727272, 79.8566666666668, 80.1802063213345, 80.1802063213345
4/10/2017, 79.08, 79.09, 78.25, 78.42, 1961279, 1.09058950322415, 0.639148882306462, 0.711789274585953, 0, 0, 0.452124108454171, 0.642830833340301, -0.19070672488613, 78.6807272727266, 79.7813118279571, 80.1888491048593, 80.1888491048593
4/11/2017, 78.16, 78.16, 76.81, 77.83, 6764926, 1.14734456380183, 0.311248215405456, 0.649309830063385, 0, 0, 0.327752668316251, 0.579815200335491, -0.25206253201924, 78.2807272727265, 79.5752473118281, 80.1627991718426, 80.1627991718426
4/12/2017, 77.85, 77.89, 76.57, 76.82, 7894115, 1.19022306730879, -0.112607804090292, 0.672088213256958, 0, 0, 0.14600578309917, 0.493053316888227, -0.347047533789057, 77.5665454545447, 79.2910752688173, 80.0807726358148, 80.0807726358148
4/13/2017, 76.43, 77.4, 76.25, 76.25, 2710157, 1.21457428497218, -0.329489728295018, 0.311494692738432, 0, 0, -0.0435224692287335, 0.385738159664835, -0.429260628893568, 76.8718181818174, 78.8922150537635, 79.9705516431924, 79.9705516431924
4/17/2017, 76.61, 77.12, 76.59, 77.08, 2189251, 1.19785579615558, -0.285986803879508, 0.503279532366805, 0, 0, -0.125306456445983, 0.283529236442671, -0.408835692888655, 76.6510909090901, 78.6189247311829, 79.9100761035008, 79.9100761035008
4/18/2017, 76.77, 77.42, 76.63, 77.39, 2125676, 1.18444487051671, -0.310677791333982, 0.496226347006312, 0, 0, -0.163224891371797, 0.194178410879778, -0.357403302251575, 76.6429090909083, 78.3856129032259, 79.8684413180303, 79.8684413180303
4/19/2017, 78.04, 78.41, 77.62, 77.81, 3590650, 1.18469321556129, -0.0597200873893505, 0.627627359417068, 0, 0, -0.157568680657008, 0.123828992572421, -0.281397673229428, 76.8399999999992, 78.2150967741937, 79.8503675675675, 79.8503675675675
4/20/2017, 78.32, 79.01, 77.98, 78.93, 2255623, 1.18550525969445, 0.0825683617687958, 0.804442535011572, 0, 0, -0.0619967927105876, 0.0866638355158189, -0.148660628226406, 77.4079999999992, 78.1873763440861, 79.8910771929824, 79.8910771929824
4/21/2017, 78.61, 78.78, 78.08, 78.61, 2723997, 1.18487894212312, -0.0442084007888994, 0.701761487800623, 0, 0, -0.0119390822943188, 0.0669432519537913, -0.0788823342481102, 77.8647272727265, 78.1096989247313, 79.9128434723171, 79.9128434723171
4/24/2017, 79.81, 80, 79.48, 79.75, 2186893, 1.19669174869321, 0.249688169263692, 1.13279131301415, 0, 0, 0.118356150451135, 0.07722583165326, 0.0411303187978746, 78.788181818181, 78.2162365591399, 79.9911488511488, 79.9911488511488
4/25/2017, 80.13, 80.6, 79.85, 80.55, 2010854, 1.17832847436834, 0.337957162636033, 1.28613484176936, 0, 0, 0.282908185787861, 0.11836230248018, 0.16454588330768, 79.8136363636356, 78.437870967742, 80.1056832197338, 80.1056832197338
4/26/2017, 80.49, 80.54, 79.75, 79.94, 1996493, 1.17799150212473, 0.681327143676922, 0.907102496423319, 0, 0, 0.359945727025604, 0.166678987389265, 0.193266739636339, 80.394181818181, 78.548989247312, 80.1843607594937, 80.1843607594937
4/27/2017, 80.37, 81.08, 80.37, 81.01, 2521904, 1.17467236940944, 0.758434765012975, 1.2930033211716, 0, 0, 0.5015569547529, 0.233654580861992, 0.267902373890908, 81.0272727272719, 78.8308817204302, 80.311611111111, 80.311611111111
4/28/2017, 80.53, 80.67, 79.48, 79.7, 4391671, 1.23026597507611, 0.38139457455545, 0.766478907446097, 0, 0, 0.50228874907198, 0.287381414503989, 0.21490733456799, 80.8652727272719, 78.9359139784947, 80.3693947606142, 80.3693947606142
5/1/2017, 79.94, 80.53, 79.57, 80.53, 2299323, 1.21631178818934, 0.436391045720489, 0.874909909184599, 0, 0, 0.563348830101759, 0.342574897623543, 0.220773932478216, 80.9678181818174, 79.1544516129034, 80.4639700264472, 80.4639700264472
5/2/2017, 80.41, 80.41, 79.66, 80.1, 3248670, 1.21600635315534, 0.2012671392169, 0.71054558765795, 0, 0, 0.570466000935895, 0.388153118286014, 0.182312882649881, 80.7956363636355, 79.3412903225808, 80.533734939759, 80.533734939759
5/3/2017, 79.94, 80.6, 79.88, 80.56, 2662384, 1.19329696429191, 0.289970185211672, 0.649449329003323, 0, 0, 0.60623625157875, 0.431769744944561, 0.174466506634189, 80.7185454545446, 79.4819569892475, 80.6216330532212, 80.6216330532212
5/4/2017, 80.57, 80.7, 80.17, 80.48, 952947, 1.16768642235572, 0.362536153908905, 0.712742937621034, 0, 0, 0.620970935112865, 0.469609982978222, 0.151360952134643, 80.6878181818173, 79.6465591397851, 80.7017510259917, 80.7017510259917
5/5/2017, 80.56, 80.8, 80.11, 80.8, 1029456, 1.14760684539144, 0.338249564573875, 1.00692828494454, 0, 0, 0.650965676512939, 0.505881121685165, 0.145084554827774, 80.6190909090901, 79.8246021505378, 80.7927746591819, 80.7927746591819
5/8/2017, 80.9, 80.93, 80.5, 80.6, 927494, 1.11960671776982, 0.282231042827446, 0.932881439525796, 0, 0, 0.651093001809159, 0.534923497709964, 0.116169504099195, 80.5898181818173, 80.0038279569895, 80.8706478578891, 80.8706478578891
5/9/2017, 80.73, 81.57, 80.73, 81.41, 1630290, 1.11261867558819, 0.562524671762476, 1.0176472887876, 0, 0, 0.708388279442289, 0.569616454056429, 0.13877182538586, 80.9539999999991, 80.3003440860217, 80.9811695607762, 80.9811695607762
5/10/2017, 82.23, 82.67, 81.92, 82.44, 1665179, 1.12020101965858, 0.909625302647032, 1.41144075329594, 0, 0, 0.827370183235274, 0.621167199892198, 0.206202983343076, 81.5050909090901, 80.7251612903228, 81.1324344569288, 81.1324344569288
5/11/2017, 82.29, 82.9, 81.77, 82.62, 1694056, 1.13025784867611, 1.10798857699751, 1.26130857910861, 0, 0, 0.925519877851016, 0.682037735483962, 0.243482142367054, 82.1959999999991, 81.1334193548389, 81.2852747252746, 81.2852747252746
5/12/2017, 82.69, 82.91, 82.37, 82.85, 973792, 1.10335314767338, 1.16021343675976, 1.50197748480727, 0, 0, 1.01021813001034, 0.747673814389238, 0.262544315621106, 82.6165454545445, 81.57623655914, 81.4144346764346, 81.4417701863353
5/15/2017, 82.95, 83.77, 82.85, 83.77, 1770814, 1.09158610326492, 1.2978799445845, 1.62015045373422, 0, 0, 1.13845501554816, 0.825830054621023, 0.312624960927138, 83.3490909090899, 82.114924731183, 81.580796092796, 81.631255259467
5/16/2017, 83.92, 84.77, 83.63, 84.77, 1820828, 1.09201438571402, 1.78379406257981, 1.80353658241841, 0, 0, 1.30572374335645, 0.921808792368109, 0.383914950988344, 84.1643636363627, 82.7416344086023, 81.7729059829058, 81.8555342026995
5/17/2017, 83.58, 83.97, 81.53, 81.58, 6319682, 1.27655744671646, 0.829018973552966, 0.87353280625615, 0, 0, 1.16742176379479, 0.970931386653446, 0.196490377141346, 83.7149090909081, 82.9110537634411, 81.8241269841268, 81.9374714445688
5/18/2017, 81.87, 83.15, 81.44, 82.79, 3304910, 1.29827852008663, 1.31770768417572, 1.05699316361673, 0, 0, 1.14228577680151, 1.00520226468306, 0.137083512118455, 83.6118181818172, 83.1875698924733, 81.9396214896213, 82.0660855263157
5/19/2017, 83.67, 83.97, 83.53, 83.75, 3090238, 1.28967468351133, 1.65724490431056, 1.20727879424476, 0, 0, 1.18615603454978, 1.0413930186564, 0.144763015893378, 83.7783636363627, 83.5626236559141, 82.0959609279608, 82.2289604810996
5/22/2017, 84.06, 84.58, 83.96, 84.55, 2146071, 1.26268175052478, 1.6383670029993, 1.2084752642502, 0, 0, 1.2708275352409, 1.0872799219733, 0.183547613267595, 84.0203636363626, 84.0279784946238, 82.2863199023198, 82.4180265095728
5/23/2017, 84.74, 84.74, 83.74, 84.37, 2520057, 1.26136962079562, 1.52393355272959, 1.10735782408904, 0, 0, 1.30832426615, 1.13148879080864, 0.176835475341354, 84.1467272727263, 84.3887956989249, 82.4335018315017, 82.5926963512676
5/24/2017, 84.91, 84.97, 84.42, 84.74, 999012, 1.22847140855794, 1.50659149030165, 1.22425221659926, 0, 0, 1.35230803804572, 1.17565264025606, 0.176655397789663, 84.4454545454535, 84.7188387096776, 82.6116752136751, 82.7754989898989
5/25/2017, 85.22, 85.49, 84.67, 85.32, 3468176, 1.20716870374051, 1.39927283801816, 1.19530076306519, 0, 0, 1.41762514664725, 1.2240471415343, 0.193578005112957, 84.8550909090899, 85.0105591397851, 82.7876434676433, 82.9743425742573
5/26/2017, 85.19, 85.5, 84.66, 85.48, 794294, 1.19379798915516, 1.51574546867801, 1.21148232252309, 1.96018566321443, 0, 1.46540777992028, 1.27231926921149, 0.19308851070879, 85.2187272727262, 85.2297419354841, 82.9895482295481, 83.1721258008153
5/30/2017, 85.61, 86.18, 85.44, 86.09, 1747198, 1.16905052279398, 1.41004472018873, 1.27231384146472, 2.00000685211585, 0, 1.53480548086161, 1.32481651154152, 0.20998896932009, 85.8336363636353, 85.5221075268819, 83.1969914529913, 83.386278317152
5/31/2017, 86.55, 86.58, 85.51, 85.99, 1733271, 1.17410607665969, 1.21494116607967, 1.16771811024637, 2.05714598591751, 0, 1.56370903025027, 1.37259501528327, 0.191114014966999, 86.4874545454535, 85.7643225806453, 83.4060805860804, 83.5889115011202
6/1/2017, 86.22, 86.22, 85.62, 86.15, 2625427, 1.14815220493754, 1.41136849163186, 1.53958952616464, 2.02224612598165, 0, 1.58129774808751, 1.41433556184411, 0.166962186243393, 86.4919999999989, 85.9993548387098, 83.5987667887666, 83.790368131868
6/2/2017, 86.61, 86.91, 85.99, 86.82, 1299929, 1.13531037586501, 1.32732308517666, 1.51443697519499, 1.98809104217228, 0, 1.630504888865, 1.45756942724829, 0.172935461616712, 86.7207272727262, 86.3402580645162, 83.8429719169717, 84.0098454627133
6/5/2017, 86.89, 87.46, 86.83, 87.05, 2193271, 1.11245565182045, 1.80324631464778, 1.60559392122478, 1.97532832396756, 0, 1.66882381809106, 1.49982030541685, 0.16900351267421, 87.0010909090898, 86.6381075268818, 84.108686202686, 84.2302098395344
6/6/2017, 86.95, 87.79, 86.63, 87.25, 1748440, 1.12088597440025, 1.65597603282189, 1.52643850125397, 1.9546116759492, 0, 1.69578225189392, 1.53901269471226, 0.156769557181657, 87.3305454545443, 86.9828817204302, 84.3617704517703, 84.4503115264796
6/7/2017, 87.69, 88.17, 87.42, 87.9, 2652901, 1.1092996155074, 1.94120977072358, 1.5665328576365, 2.26266335930292, 0, 1.74943022992301, 1.58109620175441, 0.168334028168598, 87.7012727272716, 87.4150752688174, 84.6555457875456, 84.6865919130138
6/8/2017, 88.3, 89.14, 87.84, 89.06, 3294662, 1.11309302035645, 2.05888165024619, 1.71480277513324, 2.24988544966136, 0, 1.86406120724011, 1.63768920285155, 0.226372004388562, 88.3541818181807, 87.906365591398, 84.9831990231989, 84.9568440366971
6/9/2017, 89.57, 89.72, 84.09, 85.69, 8926230, 1.42753484856224, 1.01129600381336, 1.03891182087439, 1.80435121854746, 0, 1.66379703041176, 1.64291076836359, 0.0208862620481656, 87.7232727272716, 87.9825591397851, 85.1302686202685, 85.0971842751842
6/12/2017, 84.65, 85.47, 83.13, 85.17, 8339280, 1.51472570288404, 0.847700227683151, 0.891887116514758, 1.57497633733958, 0, 1.44645276616833, 1.60361916792454, -0.157166401756206, 86.9245454545443, 87.8752473118281, 85.2632551892551, 85.2141425353924
6/13/2017, 86.02, 86.4, 84.81, 85.72, 3477405, 1.52250033491486, 0.986540605427425, 0.974884066073782, 1.72809309860342, 0, 1.30355965012383, 1.5436072643644, -0.240047614240568, 86.4547272727261, 87.8577634408603, 85.4147570207568, 85.3463542983564
6/14/2017, 85.92, 86, 84.15, 84.98, 3173148, 1.5678193960162, 0.693077931736849, 0.888146509455851, 1.53327000335578, 0, 1.11771963441804, 1.45842973837513, -0.340710103957089, 85.7294545454534, 87.6842365591399, 85.5335970695969, 85.4481555659059
6/15/2017, 83.56, 84.5, 83.56, 84.2, 4198989, 1.58754902208769, 0.358340502999743, 0.810180791543493, 1.52876839102429, 0, 0.897158714598191, 1.34617553361974, -0.449016819021548, 84.821818181817, 87.4109247311829, 85.6094774114773, 85.5193485888634
6/16/2017, 84.56, 84.98, 83.93, 84.15, 3706701, 1.57145628374088, 0.315571271121763, 0.881340852591279, 1.34182479163929, 0, 0.710141940214015, 1.21896881493859, -0.508826874724579, 84.1372727272715, 87.1024516129034, 85.6839242979242, 85.5861829085456
6/19/2017, 85.04, 85.73, 85.04, 85.64, 2689453, 1.5591562816786, 0.528488920718058, 1.07783295966254, 1.3875156307198, 0, 0.674386439597185, 1.11005233987031, -0.435665900273127, 84.1590909090897, 86.9806881720431, 85.8191916971916, 85.7012511052165
6/20/2017, 85.76, 86.11, 84.57, 84.57, 2642961, 1.5909877824856, 0.174917620602959, 0.860224283513375, 1.32844661720014, 0, 0.553331429830749, 0.9987081578624, -0.445376728031651, 83.9281818181805, 86.6786021505378, 85.8858998778997, 85.7763102998695
6/21/2017, 84.97, 85.57, 84.64, 85.54, 3205975, 1.55275128508963, 0.168193424953952, 1.11088126341131, 1.31638910979817, 0, 0.529560907309119, 0.904878707751744, -0.375317800442625, 84.3085454545442, 86.5279784946237, 85.9899658119656, 85.8811522575131
6/22/2017, 85.53, 85.75, 85.04, 85.32, 2245905, 1.52052540647256, 0.837852830343361, 1.17789036595926, 1.34091363739682, 0, 0.487352538868436, 0.821373473975082, -0.334020935106647, 84.9736363636351, 86.3914623655915, 86.0989426129424, 85.9751638655461
6/23/2017, 85.36, 86.02, 85.16, 85.67, 2066867, 1.48879031511879, 0.662551581855162, 1.41328676083265, 1.55070131065556, 0, 0.476649657168537, 0.752428710613773, -0.275779053445237, 85.289636363635, 86.2927741935484, 86.2035213675211, 86.0775123966941
6/26/2017, 86.48, 86.68, 84.78, 85.34, 5378204, 1.53113935998846, 0.381387904497353, 1.46473143370359, 1.40440536178191, 0, 0.436507517293478, 0.689244471949714, -0.252736954656236, 85.3887272727259, 86.1478709677419, 86.3037338217336, 86.165688931039
6/27/2017, 84.69, 84.7, 82.9, 82.9, 7597169, 1.64456045032985, -0.300678027198203, 0.906312447521726, 1.03496323270844, 0, 0.205438803519073, 0.592483338263586, -0.387044534744513, 84.745636363635, 85.7386451612903, 86.297272283272, 86.1718752499
6/28/2017, 83.51, 84.27, 82.58, 84.1, 3936645, 1.64051555607286, -0.0211974090729892, 1.01891105033792, 1.12816909256008, 0, 0.117787374738327, 0.497544145558534, -0.379756770820207, 84.5229090909077, 85.5539569892473, 86.3450256410254, 86.2159861001835
6/29/2017, 83.55, 83.71, 81.18, 82.21, 7695639, 1.7719132751787, -0.433585607169654, 0.666706564222274, 0.888063204333853, 0, -0.102996934132477, 0.377435929620332, -0.480432863752809, 83.5392727272712, 84.9211182795699, 86.3212503052501, 86.1981819354838
6/30/2017, 82.58, 82.86, 81.56, 81.86, 5227491, 1.76991865178132, -0.608776795313767, 0.460420956170118, 0.803767987214881, 0, -0.302722567189292, 0.241404230258407, -0.544126797447699, 82.5332727272713, 84.3204731182796, 86.2714041514039, 86.1693676190476
7/3/2017, 82.38, 82.62, 80.92, 80.92, 3249874, 1.80599683382449, -0.808245658094435, 0.372590513677405, 0.675405664667149, 0, -0.530738689188937, 0.0869756463689384, -0.617714335557875, 81.625454545453, 83.6705591397849, 86.1581489621487, 86.1114298212723
7/5/2017, 81.24, 82.58, 81.24, 82.46, 6452810, 1.78430997578734, -0.600833805181344, 0.419961412722402, 0.935786437421346, 0, -0.580486492018395, -0.0465167813085282, -0.533969710709866, 81.2930909090893, 83.2876344086021, 86.111504273504, 86.1025922736221
7/6/2017, 81.93, 82.65, 81.37, 82.11, 2720784, 1.78026416481857, -0.645879395265628, 0.260926878799516, 0.88336938597922, 0, -0.640767688058375, -0.165366962658498, -0.475400725399877, 81.1489090909075, 82.8617849462366, 86.0535848595846, 86.0827761627907
7/7/2017, 82.65, 83.57, 82.49, 83.21, 3415478, 1.75662319486348, -0.465241202948978, 0.494146752198492, 0.885582080452879, 0, -0.592945061730049, -0.250882582472808, -0.342062479257241, 81.5278181818166, 82.614752688172, 86.0243003663002, 86.0968085867621
7/10/2017, 83.38, 84.27, 83.03, 84.07, 3392747, 1.72546907627406, -0.426035385705528, 0.461951965411305, 1.05942244853497, 0, -0.480115994814923, -0.296729264941231, -0.183386729873692, 82.3889090909074, 82.525376344086, 86.0473894993893, 86.1362337052261
7/11/2017, 84.2, 84.89, 83.88, 84.74, 2924253, 1.68582931296014, -0.347330229283126, 0.745189211268462, 1.03876863973724, 0, -0.332798452419141, -0.303943102436813, -0.0288553499823278, 83.5027272727256, 82.5397419354838, 86.0796800976799, 86.1944552394171
7/12/2017, 85.74, 86.11, 85.24, 85.96, 3151547, 1.6584960118803, -0.171270976274965, 0.78618312907674, 1.13237800676889, 0, -0.116264213192594, -0.266407324587969, 0.150143111395376, 84.5827272727255, 82.7543440860215, 86.1653357753356, 86.287319434951
7/13/2017, 86, 86.54, 85.51, 85.76, 3002467, 1.63929689041708, -0.309392020710356, 0.822085997132723, 1.07482254139885, 0, 0.0387556518788301, -0.205374729294609, 0.244130381173439, 85.6667272727254, 82.9377419354839, 86.2362564102562, 86.3714375490966
7/14/2017, 86.2, 86.95, 86.07, 86.82, 2343552, 1.60685091287791, -0.321846850357731, 0.89165917032177, 1.09968005424911, 0, 0.244326706827906, -0.115434442070106, 0.359761148898012, 86.6483636363618, 83.2677849462365, 86.3512429792427, 86.484295190713
7/17/2017, 87.01, 87.04, 86.22, 86.58, 1715460, 1.57809490001452, 0.201245185067589, 0.870948985090783, 1.11579731446071, 0, 0.383457001083414, -0.0156561534394022, 0.399113154522816, 87.2256363636345, 83.6077204301075, 86.4503882783881, 86.5868496732026
7/18/2017, 86.28, 86.91, 85.91, 86.91, 3909145, 1.55102846186969, 0.366436030547184, 0.869131490228158, 1.26694634937879, 0, 0.514417123351024, 0.090358501918683, 0.424058621432341, 87.4714545454527, 84.0064086021505, 86.5577313797311, 86.696019750966
7/19/2017, 87.4, 87.77, 87.24, 87.77, 3013874, 1.50803109764202, 0.420690772028527, 1.00568304691958, 1.3438980930653, 0, 0.679762892952709, 0.208239380125488, 0.471523512827221, 87.9956363636344, 84.5284516129032, 86.7117753357751, 86.8268962234211
7/20/2017, 88.03, 88.03, 87.09, 87.96, 2727860, 1.48296833751748, 0.606954007849465, 0.920925939253663, 1.31906773803197, 0, 0.816717408817823, 0.329934985863955, 0.486782422953868, 88.2258181818162, 85.1145806451613, 86.87536019536, 86.9595662600355
7/21/2017, 87.32, 87.47, 86.85, 87.47, 3140724, 1.48016234388517, 0.673383770379378, 0.71826175723005, 1.35802091867028, 0, 0.875622315449263, 0.439072451781017, 0.436549863668246, 88.1876363636343, 85.7154838709677, 87.0042344322342, 87.0746125385406
7/24/2017, 87.32, 87.38, 86.94, 87.19, 2674090, 1.44106331240571, 0.627769489490824, 0.656253591593961, 1.21981195165174, 0, 0.889458099101248, 0.529149581245063, 0.360308517856185, 87.9923636363616, 86.0664516129032, 87.1297313797312, 87.1785319148936
7/25/2017, 86.89, 87.16, 86.25, 86.95, 3208476, 1.42684295225097, 0.294424430782814, 0.592918524355191, 1.28343662087329, 0, 0.87101652675905, 0.59752297034786, 0.273493556411189, 87.6779999999979, 86.3426236559139, 87.2398803418802, 87.2727989211866
7/26/2017, 87.64, 88.09, 87.37, 87.87, 2016140, 1.40617725006612, 0.708760020947093, 0.587364965304193, 1.34686285905122, 0, 0.920032200544981, 0.662024816387285, 0.258007384157696, 87.804909090907, 86.7607096774193, 87.3889401709399, 87.3900502314586
7/27/2017, 88.15, 88.35, 85.87, 86.76, 6367271, 1.49588237915105, 0.277079054834698, 0.307259659488266, 1.20994137017889, 0, 0.859403087977896, 0.701500470705407, 0.157902617272489, 87.4041818181797, 86.9747526881719, 87.4938778998777, 87.473377039627
7/28/2017, 86.34, 86.75, 86.01, 86.35, 3628380, 1.47126366478735, 0.238635709761557, 0.753132992632638, 1.13917093473919, 0, 0.769401326417025, 0.71508064184773, 0.0543206845692947, 87.0192727272705, 87.0732903225805, 87.5420195360193, 87.5430737547892
7/31/2017, 86.59, 86.92, 85.55, 85.84, 3528949, 1.48580424722353, 0.0633517872933216, 0.498760830942047, 1.07025495582609, 0, 0.649435258796217, 0.701951565237428, -0.052516306441211, 86.435818181816, 87.0899139784945, 87.5786324786322, 87.5968304204062
8/1/2017, 86.13, 86.22, 85.68, 86.21, 2188101, 1.43677490723332, 0.205605736345262, 0.409848747672441, 1.10723180375194, 0, 0.577559447881953, 0.677073141766333, -0.0995136938843801, 86.0865454545432, 87.2419139784945, 87.6208913308911, 87.6589991613084
8/2/2017, 87.17, 87.17, 85.22, 85.74, 3981149, 1.48613420241376, 0.704152586623859, 0.21874481231843, 0.966111145488739, 0, 0.47717173907013, 0.637092861227092, -0.159921122156963, 85.7850909090885, 87.2592688172042, 87.6507423687421, 87.7067006802721
8/3/2017, 85.74, 85.95, 85.1, 85.44, 2973254, 1.46652726110964, 0.353575935527821, 0.201008207007055, 0.885863802583192, 0, 0.369150921749522, 0.583504473331578, -0.214353551582056, 85.5287272727249, 87.2956774193547, 87.6706373626371, 87.7449210955922
8/4/2017, 85.79, 86.22, 85.36, 85.69, 3395780, 1.43931712836676, 1.01408334703907, 0.182426881075863, 0.948722380836608, 0, 0.300255399099484, 0.52685465848516, -0.226599259385675, 85.3981818181794, 87.3497849462364, 87.7004346764344, 87.7885637583892
8/7/2017, 85.96, 87.23, 85.96, 87.2, 3020969, 1.43197626712454, 1.45695395801017, 0.314293884494136, 1.0204749860412, 0, 0.363311552019255, 0.494146037191979, -0.130834485172724, 85.8303636363612, 87.6164301075268, 87.7846935286933, 87.8707355408389
8/8/2017, 87.2, 87.87, 86.69, 86.94, 5089715, 1.43230864928223, 1.72676793301227, 0.252992480583131, 0.984292290012021, 0, 0.387833477503193, 0.472883525254222, -0.0850500477510285, 86.1241818181793, 87.8182150537633, 87.860703296703, 87.9438741721854
8/9/2017, 86.03, 86.78, 85.94, 86.77, 3533493, 1.42098269298337, 1.32717501763399, 0.139154601767324, 0.940295171714206, 0, 0.389064803993421, 0.456119781002061, -0.0670549770086408, 86.5438181818156, 87.8254408602149, 87.9237704517702, 88.0105908152734
8/10/2017, 86.02, 86.27, 84.37, 84.39, 5556373, 1.53020185871145, 0.591977829741023, -0.181636661836785, 0.601626480356158, 0, 0.195738181682415, 0.404043461138132, -0.208305279455717, 85.9792727272702, 87.5857204301074, 87.8734090354087, 88.0138587556234
8/11/2017, 84.23, 85.26, 84.08, 85.17, 3321246, 1.50965185057915, 0.51543403129935, -0.0930587467826537, 0.871886645098604, 0, 0.104263042473718, 0.344087377405249, -0.239824334931531, 85.7314545454519, 87.3170967741934, 87.8473528693526, 88.0368026811898
8/14/2017, 85.83, 86.95, 85.83, 86.85, 3321533, 1.50890265639764, 0.675525530946491, 0.0474531139930737, 0.953303321778338, 0, 0.165423397310491, 0.308354581386298, -0.142931184075807, 86.026363636361, 87.2192043010752, 87.8799438339436, 88.1018610421836
8/15/2017, 86.96, 87.23, 86.57, 87.17, 4031325, 1.46605237951965, 0.594564056719704, 0.059423311211933, 1.01548221749413, 0, 0.236982952840037, 0.294080255677046, -0.0570973028370083, 86.4507272727246, 87.0670537634407, 87.9214920634917, 88.1732916870815
8/16/2017, 87.31, 87.56, 86.9, 87.35, 3136775, 1.42765880511267, 0.359586463361669, 0.0567332537592731, 0.963817892493065, 0, 0.304706445601482, 0.296205493661933, 0.00850095193954931, 86.7909090909064, 87.0000860215053, 87.9716727716724, 88.2473812787229
8/17/2017, 86.86, 87.11, 85.26, 85.28, 5997834, 1.5117342494754, -0.0782445682215145, -0.294435968835993, 0.687150547853662, 0, 0.189165518897752, 0.274797498709097, -0.0856319798113445, 86.2681818181791, 86.6155913978493, 87.9097851037848, 88.267630761882
8/18/2017, 85.64, 86.12, 85.07, 85.47, 8731707, 1.49438003925938, -0.275538683351994, -0.42236741016108, 0.690184721426354, 0, 0.111642963572621, 0.242166591681802, -0.130523628109181, 85.8698181818154, 86.3080860215053, 87.8380659340656, 88.2918757861635
8/21/2017, 85.65, 85.65, 84.48, 85.15, 3422526, 1.49369851858748, -0.294115937825321, -0.0391074985398976, 0.692714597571549, 0, 0.0241065687900175, 0.198554587103445, -0.174448018313427, 85.6749090909064, 86.0027311827956, 87.7243174603171, 88.3073757763975
8/22/2017, 85.63, 86.51, 85.58, 86.29, 2636523, 1.47907066189405, -0.106562448583893, 0.202419092639309, 0.763293046907834, 0, 0.0461893755125686, 0.16808154478527, -0.121892169272701, 85.9336363636336, 85.8797204301074, 87.6416312576309, 88.3503128594433
8/23/2017, 85.76, 86.69, 85.56, 86.47, 2117560, 1.46753275175316, -0.256670803977609, 0.14864222626847, 0.783007437749043, 0, 0.077323319520147, 0.149929899732245, -0.072606580212098, 86.2559999999972, 85.85088172043, 87.577902319902, 88.3964470196167
8/24/2017, 86.88, 86.91, 85.98, 86.46, 1129929, 1.44809945861544, -0.300348563707376, 0.256060142973345, 0.803552053799248, 0, 0.100037112466012, 0.139951342278998, -0.0399142298129865, 86.1152727272699, 85.8041505376344, 87.5137460317457, 88.4410721232979
8/25/2017, 86.93, 86.93, 86.01, 86.19, 2012219, 1.43337446608999, -0.254676989537478, 0.333876157650143, 0.807215087588105, 0, 0.0951543335778382, 0.130991940538766, -0.0358376069609282, 85.9243636363608, 85.7893118279569, 87.4404761904758, 88.4779467849223
8/28/2017, 86.44, 86.5, 85.98, 86.44, 2103114, 1.38784611257151, -0.138250796764201, 0.377720812309965, 0.887591973730008, 0, 0.110187434636075, 0.126831039358228, -0.0166436047221535, 86.100181818179, 85.7942580645161, 87.3968840048837, 88.519774370208
8/29/2017, 85.57, 86.89, 85.55, 86.68, 2506624, 1.39209906636072, -0.0328710918367622, 0.194479175250376, 0.907773121970688, 0, 0.13985510715024, 0.12943585291663, 0.0104192542336093, 86.4452727272699, 85.8525591397849, 87.3511697191694, 88.56618425799
8/30/2017, 87.04, 88.04, 86.77, 87.89, 2329502, 1.38165649924383, 0.0310261222396287, 0.534799808023347, 0.991171791218836, 0, 0.258029436246517, 0.155154569582608, 0.102874866663909, 87.2710909090881, 86.1232043010751, 87.3777680097677, 88.6400812660393
8/31/2017, 88.09, 88.71, 87.95, 88.58, 2401923, 1.34863513471002, 0.424346031075205, 0.490837277823886, 1.14208986200963, 0, 0.402718389968726, 0.204667333659831, 0.198051056308895, 87.8918181818153, 86.4932903225806, 87.4463418803415, 88.7284643561566
9/1/2017, 88.8, 89.37, 88.8, 89, 1499087, 1.31953927214587, 0.608091795574056, 0.585284757945723, 1.25464970660813, 0, 0.544993571489314, 0.272732581225728, 0.272260990263586, 88.5156363636334, 86.8799999999999, 87.5138363858361, 88.8246167768881
9/5/2017, 88.58, 88.84, 87.17, 87.87, 4424015, 1.3738141056098, 0.465387053868058, 0.362890645954266, 1.25755344930635, 0, 0.560109527706416, 0.330207970521866, 0.229901557184551, 88.4925454545424, 87.0947956989247, 87.5490769230766, 88.8921836945303
9/6/2017, 88.18, 88.54, 87.74, 88.18, 1612493, 1.34589695154158, 0.451077738742855, 0.457470590062222, 1.35938661412734, 0, 0.5902988435152, 0.382226145120532, 0.208072698394667, 88.6561818181787, 87.3285376344086, 87.5637313797311, 88.9653025975791
9/7/2017, 88.53, 88.71, 88.04, 88.52, 1318127, 1.31153562502926, 0.629822432302571, 0.941067613245762, 1.30074303469579, 0, 0.634346896145829, 0.432650295325592, 0.201696600820237, 88.8701818181788, 87.658817204301, 87.6054798534795, 89.0445214410538
9/8/2017, 88.37, 88.57, 87.34, 87.56, 2472292, 1.32985697637289, 0.48062027637433, 0.594083079361711, 1.16047021440075, 0, 0.585047257652491, 0.463129687790972, 0.121917569861519, 88.6387272727242, 87.7890967741936, 87.5898559218556, 89.0998843930634
9/11/2017, 88.38, 89.32, 88.13, 89.15, 2724384, 1.33954192942961, 0.728205915214427, 1.18806515358587, 1.26094903301446, 0, 0.666592586381057, 0.503822267508989, 0.162770318872068, 88.8425454545424, 88.088623655914, 87.6484908424905, 89.190122824302
9/12/2017, 89.4, 89.72, 89, 89.49, 2443342, 1.3079579266758, 0.505061556734608, 1.30699790025521, 1.1749225791058, 0, 0.750007387107075, 0.553059291428606, 0.196948095678469, 89.0523636363606, 88.3792258064517, 87.7139169719167, 89.2860188311687
9/13/2017, 89.3, 89.74, 88.95, 89.51, 2936369, 1.28641154189818, 0.565669908141897, 1.50126005318313, 1.2143380321276, 0, 0.808409212324221, 0.604129275607729, 0.204279936716492, 89.1507272727242, 88.6734838709678, 87.7807277167274, 89.3802176425268
9/14/2017, 89.27, 90.34, 89.19, 89.9, 4297761, 1.28074930210835, 0.68249786877854, 1.32896881879791, 1.1313634195492, 0, 0.876064098607472, 0.658516240207678, 0.217547858399794, 89.4714545454515, 88.9646021505377, 87.8537606837603, 89.4810531327365
9/15/2017, 90.38, 91.22, 90, 91.09, 4618838, 1.27327252329085, 1.66769196601474, 1.57523975169098, 1.15702921262315, 0, 1.01401520212163, 0.729616032590468, 0.284399169531159, 90.2316363636334, 89.359870967742, 87.9899975579972, 89.6061854246437
9/18/2017, 91.76, 92.72, 91.65, 92.36, 3737479, 1.28121778301468, 1.73731627557508, 1.58114451635699, 1.34536764399401, 0, 1.21185136354016, 0.826063098780407, 0.385788264759756, 91.3776363636333, 89.896494623656, 88.1975457875454, 89.7567802607075
9/19/2017, 92.63, 92.9, 92.05, 92.6, 2269554, 1.25989860385825, 1.47106544263544, 1.47762483244875, 1.2562371209492, 0, 1.37218623230351, 0.935287725485027, 0.436898506818479, 92.1972727272697, 90.5212043010753, 88.4123174603171, 89.909505217925
9/20/2017, 92.72, 92.84, 90.21, 91.37, 4604414, 1.35693641437463, 1.0271414560019, 1.13678909996298, 1.28697224165307, 0, 1.38404761116593, 1.02503970262121, 0.359007908544719, 92.395999999997, 90.9376774193549, 88.571123321123, 90.0320879120878
9/21/2017, 91.25, 91.43, 90.39, 91.2, 9628354, 1.34851004574934, 0.940573942889165, 0.914665963185021, 1.17989011904027, 0, 1.36400683835254, 1.09283312976747, 0.271173708585065, 92.429999999997, 91.2926666666668, 88.7367008547005, 90.148373266078
9/22/2017, 90.79, 91.68, 90.51, 91.57, 1330212, 1.33979371370234, 1.83439517925989, 1.01026299673439, 1.26666534731979, 0, 1.36227681021266, 1.14672186585651, 0.215554944356152, 92.2536363636333, 91.5073548387098, 88.9352307692304, 90.2702215490614
9/25/2017, 91.13, 91.22, 89.49, 89.73, 3770428, 1.41480736482265, 1.09809353875033, 0.509423612990464, 1.01508454354279, 0, 1.19861622622602, 1.15710073793041, 0.041515488295609, 91.540909090906, 91.4942580645163, 88.97746031746, 90.3498431257343
9/26/2017, 90.59, 90.65, 89.46, 89.84, 2142017, 1.40865017367832, 1.21779610126126, 0.567554639194259, 1.03498842324985, 0, 1.0655076065644, 1.13878211165721, -0.0732745050928143, 90.9025454545423, 91.5776989247313, 89.0454163614161, 90.4300802092414
9/27/2017, 90.9, 92.15, 90.63, 91.87, 3999845, 1.43436894550013, 1.33106688373351, 0.800879187607522, 1.17977165521886, 0, 1.11101501159798, 1.13322869164536, -0.02221368004738, 90.9503636363605, 91.9207526881721, 89.2182759462757, 90.5518774078545
9/28/2017, 91.68, 92.49, 91.44, 92.46, 2972514, 1.41073654847439, 1.41711191368969, 0.756574724366374, 1.25698541908056, 0, 1.18107334874286, 1.14279762306486, 0.0382757256779933, 91.1512727272695, 92.3203440860216, 89.4287545787543, 90.6836847195356
9/29/2017, 92.7, 93.39, 92.39, 93.32, 3777643, 1.3814280562403, 1.60184213254332, 0.849994477197196, 1.25104052587826, 0, 1.29110682258865, 1.17245946296962, 0.118647359619026, 91.7476363636331, 92.6580860215055, 89.6670305250303, 90.8309625126645
10/2/2017, 93.83, 94.31, 93.31, 93.94, 3188047, 1.35692061845782, 1.81499576925679, 1.01982283177435, 1.2031184363496, 0, 1.41206060611354, 1.2203796915984, 0.191680914515138, 92.6905454545422, 93.0352903225807, 89.934073260073, 90.988304650515
10/3/2017, 94.21, 94.49, 93.87, 94.25, 2070587, 1.31772590719397, 1.82341606970452, 1.1114042548593, 1.21276610530905, 0, 1.51546245239527, 1.27939624375778, 0.236066208637492, 93.7023636363604, 93.3758494623657, 90.2208156288154, 91.1489980710938
10/4/2017, 94.11, 94.43, 93.62, 94.39, 1676242, 1.29288996096387, 1.79525166867386, 1.17204002336334, 1.20147430649276, 0, 1.59037315871406, 1.34159162674903, 0.248781531965025, 94.4265454545421, 93.7514623655915, 90.5106910866908, 91.3094306282721
10/5/2017, 94.78, 94.79, 94, 94.49, 1846060, 1.26874896015039, 1.56548411559372, 1.048511499458, 1.11752411632687, 0, 1.63891718037448, 1.40105673747412, 0.237860442900355, 94.9865454545422, 94.0995053763442, 90.8119658119655, 91.4687802245249
10/6/2017, 94.34, 94.9, 94.15, 94.87, 1334819, 1.24001143440898, 1.49200543134129, 1.30596921523585, 1.05222956547386, 0, 1.68858651722667, 1.45856269342463, 0.230023823802036, 95.5723636363603, 94.4433548387098, 91.1214749694746, 91.632828908712
10/9/2017, 95.18, 95.61, 95.1, 95.56, 1203603, 1.20822405340374, 1.54049701459639, 1.47888850688433, 1.54147396391583, 0, 1.76330082368094, 1.51951031947589, 0.243790504205043, 95.8485454545422, 94.802494623656, 91.458195360195, 91.8078096748611
10/10/2017, 96.46, 96.47, 95.09, 96.05, 2657542, 1.21379485701299, 2.03969875190651, 1.6454111659604, 1.46079768139304, 0, 1.8408313962741, 1.58377453483553, 0.257056861438564, 95.9979999999967, 95.1800215053765, 91.8243296703293, 91.9893992673991
10/11/2017, 95.9, 96.81, 95.85, 96.73, 1629208, 1.19462158808325, 2.1138181504471, 1.68183784243491, 1.42254812241386, 0, 1.9348416010548, 1.65398794807939, 0.280853652975412, 96.4496363636331, 95.5978279569894, 92.2185372405369, 92.1812933802961
10/12/2017, 96.83, 97.14, 96.47, 96.53, 2900524, 1.17194611938805, 1.96405624276957, 1.73757792260484, 1.31535586473075, 0, 1.97049242701056, 1.71728884386562, 0.253203583144934, 96.6850909090877, 96.0060860215055, 92.6013553113551, 92.3655237655744
10/13/2017, 97.12, 97.52, 96.78, 97.19, 1685183, 1.15671942544811, 2.49278967646534, 1.88931620515962, 1.39967239717444, 0, 2.02861780430341, 1.77955463595318, 0.24906316835023, 97.0985454545422, 96.4883440860216, 93.0206691086688, 92.5595045936753
10/16/2017, 97.58, 97.71, 97.03, 97.71, 1636958, 1.12783218617682, 2.32342840739749, 1.9227317239662, 1.40843559474114, 0, 2.09252095968324, 1.84214790069919, 0.25037305898405, 97.6045454545422, 97.0090322580646, 93.4816849816847, 92.7602221105526
10/17/2017, 97.66, 97.75, 97.17, 97.69, 2924693, 1.101345672697, 2.2124932360117, 1.70611256842549, 1.34299347555697, 0, 2.11714570011263, 1.89714746058188, 0.219998239530751, 97.9599999999966, 97.3956559139785, 93.8606007326005, 92.9568044776118
10/18/2017, 98.05, 98.19, 96.76, 98.05, 3046821, 1.11535885596616, 2.30718534693491, 1.80944413640519, 1.35992470845571, 1.63518098720538, 2.1410295201059, 1.94592387248668, 0.195105647619219, 98.2801818181785, 97.7852688172043, 94.2349059829057, 93.1568479385251
10/19/2017, 97.28, 97.85, 96.41, 97.85, 2432190, 1.14555839587233, 2.12655326196093, 1.80805188457786, 1.27379780317456, 1.60811732794293, 2.11938830192278, 1.9806167583739, 0.138771543548879, 98.351636363633, 98.1084946236559, 94.6032551892549, 93.3492669365458
10/20/2017, 98.66, 98.71, 98.21, 98.38, 5067311, 1.12612568188963, 1.99143017282178, 2.5579319761965, 1.33588208882381, 1.66696881857968, 2.12055956058931, 2.00860531881699, 0.111954241772327, 98.4989090909058, 98.3747741935484, 94.9694407814405, 93.5485062300781
10/23/2017, 98.85, 99.27, 98.42, 98.75, 2625162, 1.11087425169708, 1.80388228298984, 2.48046195342179, 1.3536568830248, 1.66015352512265, 2.12682696198799, 2.03224964745119, 0.0945773145368007, 98.7205454545421, 98.7241935483871, 95.3246495726493, 93.7513003347679
10/24/2017, 99, 99.44, 98.57, 99.35, 3149009, 1.09274172860929, 1.8892858457764, 2.34428388963228, 1.33859497003551, 1.63572253846608, 2.15536322277627, 2.0568723625162, 0.0984908602600694, 99.0734545454512, 99.1104731182797, 95.6943150183147, 93.9620251006392
10/25/2017, 98.62, 99.06, 97.19, 98.09, 4306354, 1.16154242227002, 1.91812908479231, 1.99579664304692, 1.18206069672931, 1.54366971438121, 2.05264532769272, 2.05602695555151, -0.00338162785879081, 98.9470909090875, 99.2746021505377, 96.0308791208788, 94.1446517517939
10/26/2017, 98.3, 98.89, 98.21, 98.62, 3449598, 1.1380948224543, 2.12603669073287, 2.04886769148654, 1.21053757528293, 1.54923926732385, 1.991055577098, 2.0430326798608, -0.0519771027628089, 98.889636363633, 99.4766236559141, 96.3577118437116, 94.3341257896692
10/27/2017, 99.42, 100.71, 98.95, 100.6, 3232900, 1.16378693658967, 2.33511738733179, 2.94929522969924, 1.31155228662942, 1.7348049398095, 2.07806012489871, 2.05003816886839, 0.0280219560303263, 99.5341818181785, 99.9529462365592, 96.7823565323563, 94.557983069562
10/30/2017, 100.68, 101.13, 100.25, 100.64, 2447463, 1.14887835383421, 3.51468626739001, 2.91364877117485, 1.199643816455, 1.66906848190168, 2.1257353674788, 2.06517760859047, 0.0605577588883279, 100.110545454542, 100.457655913979, 97.1928278388276, 94.7786220095693
10/31/2017, 101.04, 101.94, 100.83, 101.61, 2860725, 1.1449853523608, 3.75187384869806, 3.15605481032605, 1.76325691921083, 1.7832604681737, 2.21624177841784, 2.09539044255594, 0.120851335861896, 100.858181818178, 101.048021505376, 97.6422539682537, 95.0136975851952
11/1/2017, 102.32, 102.44, 100.52, 101.34, 4918363, 1.18536474808281, 3.46177752161077, 2.90109737106958, 1.80133411332028, 1.68990322391022, 2.24035658153626, 2.12438367035201, 0.115972911184254, 101.370727272724, 101.464, 98.0608669108666, 95.2395609407135
11/2/2017, 101.31, 101.92, 100.71, 101.82, 3931846, 1.18020644659376, 3.41446702528306, 2.94805910548223, 1.78519571473163, 1.75681482816617, 2.27200941495911, 2.15390881927343, 0.118100595685686, 101.829636363633, 101.865225806452, 98.4345177045175, 95.4704557533882
11/3/2017, 102.37, 102.94, 101.39, 102.94, 5116322, 1.18428394572146, 3.42954356124276, 3.12405128507667, 1.98569302981038, 1.76298241234519, 2.36026152758433, 2.19517936093561, 0.165082166648719, 102.564909090906, 102.364709677419, 98.8699316239314, 95.7182089421263
11/6/2017, 104.04, 104.27, 103.1, 104.27, 3617683, 1.17449582721722, 3.49942201010516, 3.38764647533091, 2.20965603537008, 1.87407109454016, 2.50860421949771, 2.25786433264803, 0.250739886849683, 103.584909090906, 102.836924731183, 99.3076800976798, 95.9863638339491
11/7/2017, 104, 104.35, 103.46, 104.06, 2730366, 1.16078652612668, 3.25663658192927, 3.28436741590104, 2.19421654244583, 1.77746331300082, 2.57948690724184, 2.32218884756679, 0.257298059675051, 104.351272727269, 103.196021505376, 99.7123101343099, 96.2460413436692
11/8/2017, 104.02, 104.4, 103.55, 104.3, 2044078, 1.14095756100964, 3.28953905947001, 3.27556310129817, 2.06461526354487, 1.73074352249352, 2.62477121351155, 2.38270532075574, 0.242065892755806, 104.691636363633, 103.629161290323, 100.090278388278, 96.5056903908516
11/9/2017, 104.3, 104.35, 101.12, 102.27, 7748208, 1.26333998174088, 2.09366711491019, 2.53489571691238, 1.96788727942805, 1.65363073662991, 2.46840112624696, 2.39984448185399, 0.0685566443929719, 104.097999999997, 103.763870967742, 100.396605616605, 96.7237538578615
11/10/2017, 102.52, 102.92, 102.22, 102.86, 2808132, 1.22731568088672, 2.13516849696871, 2.50588670674682, 1.91786049861889, 1.62202458994308, 2.36482454931603, 2.3928404953464, -0.0280159460303695, 103.905090909088, 103.967483870968, 100.706432234432, 96.9488274475304
11/13/2017, 102.47, 103.36, 102.31, 103.29, 1723996, 1.21192377179986, 2.06538398867292, 2.4971582633491, 1.98776331014259, 1.66958633954644, 2.29102723634377, 2.37247784354587, -0.081450607202104, 103.745454545451, 104.205440860215, 101.044297924298, 97.1778638439186
11/14/2017, 103.06, 103.38, 102.46, 103.29, 1554194, 1.19586238812806, 1.9274372648751, 2.8011739929855, 1.94629281060758, 1.75266833230628, 2.20710025625046, 2.33940232608679, -0.132302069836331, 103.635272727269, 104.403741935484, 101.386564102564, 97.4030156314273
11/15/2017, 102.49, 102.8, 101.61, 102.33, 2800629, 1.228814568223, 1.43903000678822, 2.52515089619113, 1.88227160329179, 1.64921895493304, 2.03961216351352, 2.27944429357213, -0.23983213005861, 103.047818181815, 104.431247311828, 101.687675213675, 97.6071016265133
11/16/2017, 102.77, 104.87, 102.77, 104.87, 3700712, 1.26020182156905, 1.8619762942802, 2.70493824435197, 2.47553167400306, 1.74747552650668, 2.08776693799584, 2.24110882245688, -0.153341884461037, 103.379818181815, 104.73647311828, 102.114039072039, 97.8531838565022
11/17/2017, 104.43, 104.5, 103.11, 103.25, 4475649, 1.30120577991815, 1.27134217640807, 2.58415956840639, 2.1483455319335, 1.63379631763842, 1.97247205261307, 2.18738146848811, -0.214909415875043, 103.209818181815, 104.794516129032, 102.451291819291, 98.0662988468929
11/20/2017, 103.74, 104.65, 103.6, 104.5, 1847171, 1.28834470753801, 1.38635882449945, 2.53441246580337, 2.57213990207318, 1.69691838344471, 1.95937808768227, 2.14178079232695, -0.182402704644677, 103.720727272724, 105.003096774193, 102.853926739926, 98.2980119047618
11/21/2017, 105.04, 105.67, 104.91, 105.57, 2144602, 1.26693587989804, 1.58379791132328, 2.61994579888955, 2.72244934923861, 1.72438814898159, 2.0121463135891, 2.11585389657938, -0.103707582990277, 104.546727272724, 105.322430107527, 103.285047619047, 98.5447728613569
11/22/2017, 105.82, 105.83, 104.75, 104.88, 1529385, 1.26299484934014, 1.35453120881706, 2.48792288526807, 2.79217518202585, 1.68309216623153, 1.97551576336127, 2.08778626993576, -0.112270506574483, 105.099999999997, 105.538129032258, 103.679428571428, 98.7753374137459
11/24/2017, 105.11, 105.83, 105.11, 105.77, 603217, 1.23465779340885, 1.56033311264902, 2.54386010721237, 2.7167024683999, 1.77267630125575, 1.99530076516724, 2.06928916898205, -0.0739884038148095, 105.523090909088, 105.800838709677, 104.118659340659, 99.0176814282401
11/27/2017, 104.67, 104.76, 104.01, 104.13, 2982274, 1.27590768336129, 1.0819731139567, 2.04343366585409, 2.55560828706914, 1.67621554889879, 1.85723715387371, 2.02687876596038, -0.169641612086673, 105.306727272724, 105.839849462366, 104.477238095238, 99.2274768252508
11/28/2017, 104.44, 104.48, 103.7, 104.04, 3988292, 1.25064642171272, 0.994908806362593, 1.84582243027699, 2.4203009412566, 1.61103248197703, 1.7207230748959, 1.96564762774749, -0.244924552851587, 105.075999999997, 105.857333333333, 104.809147741147, 99.4322559331687
11/29/2017, 103.94, 104.04, 98.81, 99.63, 17239394, 1.50317566023529, 0.0755947618048805, 0.963108842019105, 1.6887832659935, 1.3737139538725, 1.24236334834751, 1.82099077186749, -0.578627423519982, 103.280909090906, 105.273096774193, 104.929926739926, 99.5574726143421
11/30/2017, 100.7, 101.21, 99.69, 100.25, 6691024, 1.49798824416738, 0.354234899818135, 1.22918694120882, 1.6734163840469, 1.35584009430236, 0.902880789389684, 1.63736877537193, -0.734487985982247, 101.707636363633, 104.779010752688, 105.06336019536, 99.6912042842214
12/1/2017, 99.5, 99.94, 97.11, 99.38, 9937491, 1.59352641782945, 0.146533507260196, 1.13280982404104, 1.45489336598315, 1.29284565521385, 0.557213476367011, 1.42133771557095, -0.864124239203936, 100.45527272727, 104.147010752688, 105.169465201465, 99.8077623205564
12/4/2017, 100.23, 100.34, 96.7, 97.27, 10075388, 1.73379688119354, -0.454915247174695, 0.779638876468235, 1.24358256473399, 1.15974389223434, 0.111722408028825, 1.15941465406252, -1.0476922460337, 98.4494545454515, 103.272752688172, 105.150239316239, 99.8863255199735
12/5/2017, 96.88, 98.98, 96.11, 97.27, 6500968, 1.79463453790492, -0.460759112069699, 1.06259440610408, 1.13300249573111, 1.11638859936436, -0.238582245603993, 0.879815274129219, -1.11839751973321, 97.0198181818151, 102.430322580645, 105.114202686202, 99.9634591743952
12/6/2017, 96.41, 97.67, 95.92, 97.49, 5242986, 1.79080825137871, -0.574793494606727, 1.07570458727893, 1.1815253057164, 1.14875782082218, -0.492768715024525, 0.605298476298471, -1.098067191323, 96.2745454545423, 101.66535483871, 105.068449328449, 100.042912008655
12/7/2017, 98.32, 98.68, 97.78, 98.45, 5424934, 1.74511530325612, -0.385540354269682, 0.942920863439554, 1.23515195834227, 1.25087556750622, -0.609720863829509, 0.362294608272875, -0.972015472102383, 96.1636363636331, 100.950193548387, 105.064346764346, 100.137103625831
12/8/2017, 99.39, 99.64, 97.93, 98, 4859910, 1.75271705638048, -0.522192888520346, 0.798703672917868, 1.1001286304146, 1.22122811671426, -0.730299090228513, 0.143775868572597, -0.87407495880111, 96.4259999999967, 100.210946236559, 105.021162393162, 100.222108640925
12/11/2017, 98.24, 98.93, 97.98, 98.6, 3308644, 1.70312330577102, -0.599573636918802, 0.759896795930108, 1.13649746397136, 1.22712978002185, -0.768583466008607, -0.0386959983436437, -0.729887467664964, 96.9914545454513, 99.6838279569891, 104.988556776556, 100.315636580992
12/12/2017, 98.29, 98.35, 97.51, 97.63, 5207797, 1.6898654107505, -0.951945366403305, 0.540046787821468, 1.09231784054373, 1.22375021933468, -0.867198478759306, -0.204396494426776, -0.66280198433253, 97.5054545454513, 99.0492043010751, 104.909465201465, 100.391416317992
12/13/2017, 98.12, 98.46, 97.63, 97.69, 3961165, 1.64686745878793, -0.91155695031306, 0.505388374098843, 1.12932886251999, 1.17398623165264, -0.929792024603771, -0.349475600462175, -0.580316424141595, 97.5078181818149, 98.5062795698923, 104.857804639804, 100.466839211618
12/14/2017, 97.87, 98.26, 97.4, 97.65, 4135040, 1.60919977415815, -0.954250004123193, 0.48069913970622, 1.15216521105501, 1.21683971423945, -0.97142751465735, -0.47386598330121, -0.49756153135614, 97.7261818181785, 97.9655698924729, 104.790932844933, 100.54026302253
12/15/2017, 97.93, 99.25, 97.55, 99.25, 21540179, 1.58973743122636, -0.415042032812266, 0.666688219284033, 1.19949115403878, 1.27198740462161, -0.865342186184705, -0.552161223877909, -0.313180962306796, 98.4650909090875, 97.6836774193547, 104.782376068376, 100.638665442302
12/18/2017, 98.61, 99.62, 98.25, 99.58, 5383211, 1.57403462589632, -0.453074643991262, 0.657999471726989, 1.36115466482651, 1.28589203655935, -0.746040664604323, -0.590937112023192, -0.155103552581131, 98.9030909090876, 97.5349032258063, 104.726212454212, 100.740809890036
12/19/2017, 99.43, 99.73, 98.94, 99.53, 3032962, 1.53577061835042, -0.525186136665464, 0.560530837243927, 1.40338885362607, 1.27165638313562, -0.64805752758717, -0.602361195135988, -0.0456963324511825, 99.1978181818148, 97.4901290322579, 104.674068376068, 100.84043660087
12/20/2017, 100.55, 100.77, 99.38, 100.18, 5547849, 1.51889086805946, -0.423880913823781, 0.577830576707118, 1.52364001260854, 1.29705603447152, -0.512052989723742, -0.584299554053538, 0.0722465643297966, 99.6378181818148, 97.5444086021504, 104.67715018315, 100.948950721752
12/21/2017, 100.18, 100.31, 99.01, 99.12, 3014633, 1.52395442699845, -0.442033553692095, 0.349584783465218, 1.37337419113372, 1.24082000466552, -0.48421977071709, -0.564283597386249, 0.080063826669159, 99.7569090909057, 97.5052258064515, 104.631242979243, 101.038554688786
12/22/2017, 98.94, 99.2, 98.43, 99.16, 2449989, 1.48599883686852, -0.878062154019592, 0.381163681850053, 1.43173518556711, 1.19961233188533, -0.45370406043304, -0.542167689995607, 0.0884636295625669, 99.7632727272693, 97.3692043010752, 104.582329670329, 101.12729757085
12/26/2017, 98.01, 98.15, 97.33, 98.04, 2206790, 1.52115526755088, -0.820784143926289, 0.149737432198516, 1.34952880674488, 1.11906963465603, -0.513970053111535, -0.536528162618793, 0.0225581095072575, 99.4394545454511, 97.1504731182795, 104.429807081807, 101.196598328799
12/27/2017, 98, 98.76, 97.99, 98.36, 2749953, 1.47953801656317, -0.990036507734864, 0.123611764582467, 1.35264347120192, 1.15197757202486, -0.529802724832734, -0.535183075061581, 0.00538035022884664, 99.0627272727239, 97.0321075268817, 104.286146520146, 101.269800803213
12/28/2017, 98.91, 98.96, 98.53, 98.72, 2712146, 1.43082446660956, -1.12096940944768, 0.17222444285678, 1.23545568533399, 1.12760856390646, -0.50745165310623, -0.529636790670511, 0.0221851375642808, 98.7825454545421, 96.9912258064516, 104.141667887668, 101.34747187251
12/29/2017, 98.72, 98.94, 97.77, 97.81, 1688345, 1.43173951310205, -1.16224582864429, 0.00948604974844562, 1.17118335477504, 1.07759810906646, -0.556749797444652, -0.535059392025339, -0.0216904054193132, 98.1238181818148, 96.8003655913979, 103.972803418803, 101.409413773477
1/2/2018, 98.5, 100.39, 98.28, 100.37, 4454261, 1.45398545070923, -0.783610793325839, 0.345514114732219, 1.40045859470785, 1.17272355552913, -0.384812448451171, -0.505010003310506, 0.120197554859334, 98.6607272727239, 97.1328172043011, 103.911401709401, 101.51065938892
1/3/2018, 100.78, 101.87, 100.61, 101.79, 3808519, 1.43569794383831, -0.319687837569281, 0.444642752781054, 1.83998401080005, 1.20613592658154, -0.13244201891554, -0.430496406431513, 0.298054387515972, 99.6930909090875, 97.5664731182796, 103.901665445665, 101.632596246615
1/4/2018, 102.38, 102.61, 101.47, 102.31, 3350178, 1.41269386196986, -0.226159367138712, 0.460220324297107, 1.80417153461629, 1.33001827145488, 0.10827489332938, -0.322742146479334, 0.431017039808714, 100.774545454542, 98.1588602150538, 103.897428571428, 101.760769800834
1/5/2018, 102.69, 103.38, 102.28, 102.97, 1792382, 1.38687067657793, 0.697991905704842, 0.464507836889259, 1.70080756819709, 1.31581979002186, 0.348286435477618, -0.188536430087944, 0.536822865565562, 102.06236363636, 98.9204516129033, 103.915787545787, 101.897253676471
1/8/2018, 102.97, 103.96, 102.68, 103.68, 1384177, 1.3702331200701, 0.710683242514412, 0.702625388560461, 1.73004820684891, 1.36229382876001, 0.588998766955854, -0.0330293906791842, 0.622028157635038, 103.231272727269, 99.7429032258066, 103.958405372405, 102.042679049124
1/9/2018, 103.77, 103.86, 102.53, 102.71, 3900309, 1.3787604069168, 0.694844912861079, 0.523580087536864, 1.61043651235621, 1.27906734080334, 0.693499895413652, 0.112276466539383, 0.581223428874269, 103.82436363636, 100.50935483871, 103.973057387057, 102.170894036739
1/10/2018, 101.81, 101.85, 100.58, 101.35, 3979439, 1.43248009200497, 0.91583616095596, 0.131045370390858, 1.74532805280139, 1.19025269957687, 0.658980837704917, 0.22161734077249, 0.437363496932427, 103.529999999997, 101.013655913979, 103.932737484737, 102.276185687348
1/11/2018, 101.73, 101.89, 101.22, 101.83, 2581255, 1.3873393347586, 1.01734028579891, 0.182825951918124, 1.76919839095769, 1.2032672692381, 0.662716837076104, 0.309837240033213, 0.352879597042891, 103.284909090906, 101.590795698925, 103.913377289377, 102.387203445203
1/12/2018, 101.81, 102.54, 101.59, 102.35, 1904644, 1.35768564959008, 1.0765111082645, 0.129140190621995, 1.85778430831732, 1.24629367469462, 0.699573054964347, 0.38778440301944, 0.311788651944907, 103.102181818178, 101.954172043011, 103.882236874237, 102.504460654288
1/16/2018, 103.34, 103.98, 102.26, 102.82, 3811778, 1.36754687729788, 0.975708468842156, 0.216227092264124, 1.78229876471938, 1.2442716923678, 0.757969544136444, 0.46182143124284, 0.296148112893603, 102.701818181815, 102.400967741936, 103.867921855922, 102.62708841508
1/17/2018, 104, 106.06, 103.81, 105.89, 6143204, 1.41449250569061, 1.49675520166169, 0.489507324755396, 1.98254719787004, 1.3606570850286, 1.03998423458027, 0.577453991910327, 0.462530242669947, 103.600727272724, 103.16270967742, 103.984632478632, 102.794463181726
1/18/2018, 105.93, 107.16, 105.81, 106.67, 3553326, 1.39722115736571, 1.51792224463775, 0.450005688073119, 2.05165093185668, 1.40488767291633, 1.3113064651607, 0.724224486560401, 0.587081978600296, 104.751999999996, 103.840752688172, 104.101379731379, 102.971191669547
1/19/2018, 107.29, 107.37, 106.15, 106.77, 3284206, 1.38324905697659, 1.77679003610814, 0.316482800935875, 2.09276107577625, 1.42612706778962, 1.51691440689567, 0.882762470627454, 0.634151936268211, 105.775636363633, 104.470838709678, 104.243831501831, 103.146869925672
1/22/2018, 107.13, 107.82, 106.66, 107.82, 2395264, 1.35508279282805, 1.9473177373862, 0.450621412913706, 2.15316808163332, 1.49822076486094, 1.74447716002824, 1.05510540850761, 0.689371751520628, 107.050727272724, 105.187526881721, 104.426827838827, 103.335773868634
1/23/2018, 108.13, 108.56, 107.84, 108.52, 3678204, 1.31311993537214, 2.08750283237067, 0.497602036262978, 2.18672300818364, 1.52500242536374, 1.95872744057338, 1.23582981492077, 0.722897625652618, 108.445090909087, 105.990387096774, 104.627438339438, 103.532446565853
1/24/2018, 107.44, 107.88, 105.68, 106.32, 7118099, 1.40683584102008, 1.27845010608271, 0.487276129735952, 1.83240154896253, 1.39994196352564, 1.92876709125036, 1.37441727018669, 0.554349821063679, 108.621454545451, 106.419139784946, 104.726622710622, 103.693554418917
1/25/2018, 107.58, 107.9, 104.58, 104.6, 6993427, 1.51717062415289, 0.875865128045444, 0.233032082047238, 1.58826394909447, 1.36083231245207, 1.7461056541312, 1.44875494697559, 0.297350707155611, 107.734727272724, 106.615978494624, 104.765037851037, 103.826815458026
1/26/2018, 106.2, 107.96, 106.15, 107.93, 3947927, 1.55249925805682, 1.28173804323391, 0.513331224337456, 1.77221836400301, 1.51348566162938, 1.84873722728135, 1.52875140303674, 0.319985824244607, 107.917090909087, 107.131956989248, 104.967338217338, 104.007368855845
1/29/2018, 107.68, 108.44, 106.5, 107.73, 4073689, 1.56765230368485, 1.15077977574427, 0.493492318600504, 1.88371386490351, 1.56936061106041, 1.89212393299977, 1.60142590902935, 0.290698023970421, 107.801636363633, 107.560107526882, 105.154822954822, 104.182422850895
1/30/2018, 105.88, 106.78, 105.47, 105.62, 5418285, 1.62600855465036, 0.97588480214989, 0.377811204374548, 1.64627051611334, 1.50387019825899, 1.73623461203273, 1.62838764963002, 0.107846962402709, 106.757818181814, 107.653096774194, 105.211658119658, 104.327634276343
1/31/2018, 106.82, 107.16, 105.95, 106.51, 3764980, 1.60409419176662, 1.09164945018123, 0.213225991160516, 1.68395804799513, 1.49411119717537, 1.66531010572484, 1.63577214084899, 0.0295379648758551, 106.482727272724, 107.914258064516, 105.293179487179, 104.484885062184
2/1/2018, 105.59, 107.42, 105.49, 105.86, 4184511, 1.62440457913102, 1.18425244787086, 0.317333493273789, 1.73223791881122, 1.44758360971167, 1.53891272778304, 1.6164002582358, -0.0774875304527556, 106.105272727269, 108.068107526882, 105.343294261294, 104.626617739511
2/2/2018, 104.9, 105.07, 102.91, 102.91, 13007743, 1.73075012447254, 0.653505900249228, -0.112537031749502, 1.29610673773226, 1.27864084410093, 1.18701834075991, 1.53052387474062, -0.343505533980714, 104.772909090905, 107.803806451613, 105.213101343101, 104.724817548175
2/5/2018, 101.8, 103.8, 98.27, 98.27, 11474023, 2.0032148218581, -0.00925813931089334, -0.63093054158208, 0.812423217242955, 0.982613548930178, 0.527647885505189, 1.32994867689353, -0.802300791388345, 102.258181818178, 106.972301075269, 104.872874236874, 104.758265682657
2/6/2018, 97.41, 101.89, 97.05, 101.89, 13122426, 2.0729524439768, 0.48560560201438, -0.204222202873701, 1.06313308283996, 1.13021033314412, 0.293808948932352, 1.1227207313013, -0.828911782368946, 101.654909090905, 106.541763440861, 104.729819291819, 104.845029656963
2/7/2018, 100.78, 101.68, 99.18, 99.2, 10283343, 2.15929907551367, -0.0781415749904863, -0.506499196723661, 0.808495807907695, 0.952232611793147, -0.10733333982337, 0.876709917076364, -0.984043256899734, 100.043999999996, 105.75470967742, 104.474949938949, 104.892093754271
2/8/2018, 99.69, 99.84, 95.21, 95.25, 14911080, 2.3794471903035, -0.612453779917761, -0.687182329179061, 0.39256857000353, 0.729881832303884, -0.735495151927452, 0.554268903275601, -1.28976405520305, 97.1129090909051, 104.391548387097, 104.061592185592, 104.869807298073
2/9/2018, 97.16, 98.43, 93.88, 97.74, 17104189, 2.4356479193021, -0.38812688645819, -0.448804597800851, 0.474933184125763, 0.85636651866955, -1.02063053004971, 0.239289016610538, -1.25991954666025, 96.217999999996, 103.383655913979, 103.76944078144, 104.890236435698
2/12/2018, 98.3, 100.43, 98.3, 99.81, 9506956, 2.4006333659048, -0.241175948215392, 0.0741275128609674, 0.601342678442351, 0.883622324438234, -1.06726787154095, -0.0220223610197596, -1.04524551052119, 96.553999999996, 102.666408602151, 103.571877899877, 104.932780647806
2/13/2018, 99.25, 99.75, 98.62, 99.61, 3707521, 2.34491371788385, -0.326202660006173, 0.00377636050516451, 0.684381429838352, 0.943454654244193, -1.10759891833276, -0.239137672482359, -0.868461245850396, 96.8309090909051, 101.856086021506, 103.36461050061, 104.97960803608
2/14/2018, 98.88, 101.94, 98.66, 101.73, 5419878, 2.3424556440233, -0.0352301109571438, 0.256955601073424, 0.840349620113885, 0.98146734209738, -0.957458297804038, -0.382801797546695, -0.574656500257344, 98.345999999996, 101.473806451613, 103.24841025641, 105.051390460571
2/15/2018, 102.52, 103.01, 100.64, 103.01, 4819661, 2.31271829951622, 0.205380234690319, 0.549790356701238, 0.897629888580366, 1.05043071426988, -0.726807289722515, -0.451602895981859, -0.275204393740657, 100.433999999996, 101.33982795699, 103.191301587301, 105.144865928659
2/16/2018, 102.61, 104.06, 102.51, 102.79, 6240209, 2.27718120859526, 0.141384793436406, 0.531311519973309, 1.0350240639693, 1.01968082106303, -0.555364963849826, -0.472355309555452, -0.0830096542943735, 102.011454545451, 101.204731182796, 103.133946275946, 105.227887658877
2/20/2018, 102.84, 105.69, 102.81, 104.83, 14702930, 2.25954291338292, 0.274754786064677, 0.67349915198903, 1.15735952069113, 1.09569443553486, -0.251980065073795, -0.428280260659121, 0.176300195585326, 103.372181818178, 101.369376344086, 103.171355311355, 105.349123957906
2/21/2018, 105.24, 105.53, 103.65, 103.69, 4498938, 2.26082061365064, 0.131961422339719, 0.496917213558505, 0.92876781893644, 1.03554904730861, -0.102353947057537, -0.363094997938804, 0.260741050881267, 104.705272727269, 101.42470967742, 103.167611721611, 105.457896678967
2/22/2018, 104, 104.35, 103.06, 103.34, 4479654, 2.217469179001, -0.17850868973554, 0.50721755767348, 0.859480389345674, 1.03192765718824, -0.0118793081894495, -0.292851859988933, 0.280972551799484, 105.281272727269, 101.370903225807, 103.139025641025, 105.554902555692
2/23/2018, 104.46, 105.69, 104.25, 105.66, 3152449, 2.17154648599342, -0.0345307832691381, 0.635462246266963, 0.943582666812925, 1.07417492081366, 0.244211982185135, -0.18543909155412, 0.429651073739254, 105.642909090905, 101.516731182796, 103.221528693528, 105.690866748667
2/26/2018, 106.2, 107.79, 106.2, 107.79, 4627123, 2.12100678749942, 0.141914995270342, 0.878702210123191, 1.03022968813381, 1.09951398864689, 0.611984793935193, -0.0259543144562571, 0.63793910839145, 106.670545454541, 101.937010752689, 103.402488400488, 105.853100724341
2/27/2018, 107.62, 109.14, 107.39, 107.39, 3988303, 2.10394036263464, 0.018038874037271, 0.842100169844906, 0.980873541255217, 1.07638093554519, 0.861242868167452, 0.151485122068485, 0.709757746098967, 107.425818181814, 102.302752688172, 103.558134310134, 105.999015170152
2/28/2018, 107.94, 108.29, 106.41, 106.54, 3169834, 2.10291953976128, -0.114119646382918, 0.777789372629049, 0.913567729548091, 1.03385968722972, 0.978909531817607, 0.316970004018309, 0.661939527799298, 107.433999999996, 102.559462365592, 103.677518925518, 106.135334426677
3/1/2018, 106.58, 106.9, 103.66, 104.84, 5395282, 2.18468900589335, -0.0750132953432895, 0.510462609779531, 0.789820799734202, 0.926961770458965, 0.924330313517103, 0.438442065918068, 0.485888247599035, 106.900909090905, 102.781139784947, 103.711929181929, 106.244630586306
3/2/2018, 103.77, 106.64, 103.51, 106.48, 5329844, 2.19046445913755, 0.219089448762791, 0.607343229471897, 0.865823913233211, 0.939892291869924, 1.00186134973731, 0.551125922681917, 0.450735427055394, 107.020727272723, 103.269677419355, 103.824683760683, 106.37810906109
3/5/2018, 106.04, 108.21, 105.74, 107.71, 4762375, 2.17183755295254, 0.0327616638190499, 0.70327021335069, 0.893718079536205, 1.15257934052971, 1.14930747384444, 0.670762232914422, 0.478545240930023, 107.332181818177, 103.922172043011, 103.993492063491, 106.526510865109
3/6/2018, 108.69, 109.67, 108.23, 109.29, 4478691, 2.12308712313196, 0.189750501607359, 0.765716610685729, 0.955431124665107, 1.15201754520865, 1.37777030642019, 0.812163847615575, 0.565606458804613, 108.329090909086, 104.839075268818, 104.238134310134, 106.697921279213
3/7/2018, 108.28, 109.93, 108.2, 109.76, 3840970, 2.08710442877858, 0.425430639538495, 0.8904099425803, 0.936987295718289, 1.12509479848834, 1.57855719454739, 0.965442517001938, 0.613114677545448, 109.017090909086, 105.852795698925, 104.468039072038, 106.874105781058
3/8/2018, 110.41, 110.53, 109.18, 109.81, 3258983, 2.0433162097951, 0.348790336224966, 0.890837374372945, 0.954461748769132, 1.09052843307699, 1.7218682072448, 1.11672765505051, 0.605140552194287, 109.321272727268, 106.718193548387, 104.703357753357, 107.043363126964
3/9/2018, 110.58, 111.93, 110.37, 111.93, 4407627, 1.99908626237577, 0.589437497258258, 1.13581911563148, 1.03267139208206, 1.16914290414043, 1.98364329460323, 1.29011078296105, 0.693532511642173, 110.468909090904, 107.715397849463, 105.067147741147, 107.241613502802
3/12/2018, 112.67, 113.64, 112.35, 113.07, 4412800, 1.95560130079008, 0.998944884686666, 1.18976081174249, 1.06399848377464, 1.19057927420927, 2.25707228561507, 1.48350308349186, 0.773569202123211, 112.094363636359, 109.031956989248, 105.473357753357, 107.460992209922
3/13/2018, 113.66, 114.55, 111.03, 111.49, 9122881, 2.04201136538091, 1.48059643793581, 1.03786266517434, 0.965487997133789, 1.10582274721375, 2.31953577104468, 1.65070962100242, 0.668826150042263, 112.805999999995, 110.101548387097, 105.822952380952, 107.649709990433
3/14/2018, 111.96, 112.08, 110.56, 111.55, 6010472, 2.00699824984313, 1.14743840895553, 1.12091814761885, 0.944376312580945, 1.10061255787143, 2.34682726793635, 1.78993315038921, 0.556894117547141, 113.144727272723, 111.01382795699, 106.161931623931, 107.842157988246
3/15/2018, 111.84, 112.24, 110.97, 111.45, 1913130, 1.96533532554061, 1.56882586282777, 0.919660654263946, 0.952223343756801, 1.06981844930449, 2.33348781657868, 1.8986440836271, 0.43484373295158, 112.835636363632, 111.934494623656, 106.499726495726, 108.032408364084
3/16/2018, 111.68, 112.08, 111.28, 111.41, 2968496, 1.90364232052712, 2.58438870582166, 0.804631227335691, 0.913571573497707, 1.07299745769936, 2.29325334253403, 1.97756593540849, 0.315687407125542, 112.480181818177, 112.774881720431, 106.853606837606, 108.22130299303
3/19/2018, 110.58, 110.83, 108.11, 109.6, 7122675, 1.9888736440094, 1.88386331071043, 0.622398501647934, 0.773425413023191, 0.997882862809822, 2.09120920084622, 2.00029458849603, 0.0909146123501881, 111.476545454541, 113.153139784947, 107.151719169718, 108.38612436791
3/20/2018, 109.66, 110.65, 109.6, 110.34, 3341979, 1.92433862438154, 1.7138940057289, 0.624784671651389, 0.777827570132955, 0.99409445593561, 1.96811240378773, 1.99385815155437, -0.025745747766645, 110.94145454545, 113.272795698925, 107.473606837606, 108.556723520568
3/21/2018, 110.2, 111.81, 109.99, 110.57, 3218597, 1.9066197668766, 1.79092202826838, 0.58618313347312, 0.880516676789942, 0.991925104887737, 1.86758799123434, 1.96860411949037, -0.101016128256023, 110.522545454541, 113.585096774194, 107.80628083028, 108.72164630313
3/22/2018, 108.95, 109.94, 107.55, 107.59, 4349403, 2.00180500271743, 0.905829641024415, 0.433089678228136, 0.651674628216499, 0.868357321345816, 1.52982569659868, 1.88084843491203, -0.351022738313352, 109.039999999995, 113.283956989248, 107.958989010988, 108.840696186962
3/23/2018, 107.45, 107.69, 104.09, 104.1, 8409730, 2.13838127022334, 0.182824139122645, 0.272325634639316, 0.299819496870981, 0.704574433645041, 0.969358648703519, 1.69855047767033, -0.729191828966809, 106.896909090904, 112.222537634409, 107.968356532356, 108.908538745387
3/26/2018, 106.36, 108.25, 105.18, 108.24, 5586195, 2.1454657771502, 0.677008069636787, 0.521048942009617, 0.538870801649334, 0.789689932644974, 0.849455877290453, 1.52873155759435, -0.6792756803039, 106.839090909086, 111.795311827957, 108.167338217337, 109.029901872352
3/27/2018, 109.08, 109.13, 103.76, 104.51, 8633122, 2.36784953528658, 0.00814103285858607, 0.219879809002833, 0.254973126552606, 0.804965916358553, 0.448284693108818, 1.31264218469725, -0.864357491588428, 105.440181818177, 110.965075268818, 108.199648351648, 109.100292469591
3/28/2018, 103.88, 104.73, 101.79, 102.19, 10903296, 2.44437574308798, -0.119557790709543, 0.0271006167306349, 0.133196498447463, 0.740114717338553, -0.0562030972683516, 1.03887312830413, -1.09507622557248, 103.63254545454, 109.796817204301, 108.108319902319, 109.129233018997
3/29/2018, 103.08, 105.17, 102.28, 104.28, 6601584, 2.41850037712747, 0.145060405408025, -0.0401041035994327, 0.227579358972104, 0.787999744844072, -0.284092926227444, 0.774279917397812, -1.05837284362526, 103.037454545449, 109.018430107527, 108.164896214895, 109.188866748667
4/2/2018, 103.41, 104.19, 99.58, 100.46, 9222547, 2.6188648054998, -0.482131843345752, -0.345154468083861, -0.0600172983521907, 0.673349212548009, -0.764130907021865, 0.466597752513877, -1.23072865953574, 101.505818181813, 107.82423655914, 108.018925518925, 109.190195708623
4/3/2018, 101.79, 102.56, 100.72, 102.31, 5386630, 2.54556348785539, -0.502510503906299, -0.221530968705007, -0.0273316558589417, 0.77085810018253, -0.98394264802009, 0.176489672407083, -1.16043232042717, 100.84854545454, 106.866559139785, 107.983643467643, 109.218255842558
4/4/2018, 99.79, 103.8, 99.51, 103.56, 5827009, 2.59622219409386, -0.330999863356788, -0.204814101907851, 0.0567060096748508, 0.81566658289281, -1.04523170267092, -0.0678546026085169, -0.977377100062401, 101.168727272722, 106.206580645162, 108.028383394383, 109.263256525898
4/5/2018, 104.24, 104.4, 101.79, 102.42, 6113987, 2.62128033488911, -0.362315430820603, -0.325005487444145, -0.0218064439613331, 0.713756360556191, -1.17227889132701, -0.288739460352216, -0.883539430974795, 101.510909090904, 105.334150537635, 108.00943101343, 109.289520021867
4/6/2018, 100.92, 102.22, 99.1, 99.46, 6967792, 2.73122818524407, -0.483251068823743, -0.380737690396052, -0.0767730366783793, 0.648801091423383, -1.49458333951823, -0.529908236185418, -0.964675103332811, 100.679090909085, 104.071010752689, 107.882671550671, 109.275513735137
4/9/2018, 100.48, 102.9, 100.08, 100.14, 6507664, 2.74880724524822, -0.579431109650778, -0.224757987464561, -0.0705176909085402, 0.632901915834841, -1.67582376656812, -0.759091342261958, -0.916732424306157, 99.8276363636308, 103.073849462366, 107.753814407814, 109.272575099084
4/10/2018, 102.56, 103.76, 101.63, 103.2, 7725858, 2.70932441533138, -0.368136974783915, -0.233954940883524, 0.0822713012788037, 0.742992877691311, -1.55462098130444, -0.918197270070454, -0.636423711233984, 101.077272727267, 102.642559139785, 107.759638583638, 109.31085472188
4/11/2018, 102.66, 104.06, 102.41, 103.15, 4297815, 2.65508643411623, -0.523636704650072, -0.224576734279638, 0.0794841123437298, 0.726867605297932, -1.4459336597297, -1.0237445480023, -0.4221891117274, 101.83854545454, 102.207870967742, 107.665892551892, 109.351593002596
4/12/2018, 103.83, 105.13, 103.7, 104.86, 4618413, 2.57561088494311, -0.395736596636813, 0.0234876967876766, 0.22763614640754, 0.796842169343584, -1.20789164243065, -1.06057396688797, -0.147317675542679, 102.800727272722, 101.960838709678, 107.658092796092, 109.415967199672
4/13/2018, 105.7, 105.85, 103.56, 103.88, 4536992, 2.58013698041372, -0.490528279882552, -0.0986193441175327, 0.0319506741915214, 0.873027107465592, -1.08580297768147, -1.06561976904667, -0.0201832086347948, 103.696727272721, 101.486967741936, 107.584744810744, 109.465321853218
4/16/2018, 104.3, 104.62, 103.28, 104.09, 2633607, 2.51055238782889, -0.674052022520685, -0.0428334581138791, 0.133532775861688, 0.830602738539176, -0.961023505553968, -1.04470051634813, 0.0836770107941642, 103.923090909085, 101.155268817205, 107.47039072039, 109.51936066694
4/17/2018, 104.75, 106.14, 104.63, 105.99, 4363772, 2.43897752756537, -0.585619289756559, 0.277377564593134, 0.168710055834941, 0.979123259280974, -0.70074302447911, -0.975909017974327, 0.275165993495218, 104.977818181812, 101.162064516129, 107.434092796092, 109.588190241902
4/18/2018, 105.05, 105.35, 103.83, 104.79, 4228984, 2.44662531481363, -0.560977373819222, 0.538621781620217, 0.0438560537319745, 0.952295875474503, -0.584560390879375, -0.897639292555337, 0.313078901675962, 105.667272727267, 101.133032258065, 107.34384126984, 109.64267404674
4/19/2018, 102.4, 102.81, 99.76, 100.12, 16465695, 2.68390704556886, -0.932294509830908, -0.055562272854985, -0.170761229944661, 0.814361674265437, -0.859408066653046, -0.889993047374879, 0.0305849807218328, 104.448363636358, 100.57182795699, 107.06544078144, 109.624442531092
4/20/2018, 100, 100.72, 98.53, 98.97, 13066360, 2.68997812197875, -1.02747500624634, 0.0521821231452698, -0.282566980169085, 0.709439198025292, -1.15668863238281, -0.943332164376465, -0.213356468006345, 102.36563636363, 99.9302365591403, 106.725548229547, 109.592088834221
4/23/2018, 99.29, 99.54, 97.48, 97.69, 8840541, 2.69439838259418, -1.14009122489649, 0.25792812429487, -0.268450680891079, 0.677730118732249, -1.47852738180205, -1.05037120786158, -0.42815617394047, 100.003454545448, 99.3375053763446, 106.342327228326, 109.541916905835
4/24/2018, 98.74, 99.64, 96.34, 97.19, 15451047, 2.742617441052, -1.04434304427898, 0.0215571062975503, -0.292218591386154, 0.614107869758441, -1.75371697314988, -1.19104036091924, -0.562676612230636, 98.2141818181754, 98.8492043010757, 105.916361416361, 109.483997266639
4/25/2018, 97.49, 97.56, 95.47, 96.7, 9303163, 2.72675532203776, -1.15897739688368, -0.183133777781713, -0.0851420350258266, 0.560832888779174, -1.98842429431241, -1.35051714759788, -0.637907146714534, 96.5734545454481, 98.295849462366, 105.470632478632, 109.415049063824
4/26/2018, 98.4, 98.94, 97.89, 98.73, 6572351, 2.65059635023801, -0.959976134198161, -0.00331518008204748, 6.41956772891351E-05, 0.603694795831479, -1.98771436879231, -1.47795659183676, -0.509757776955548, 96.3278181818117, 98.0994838709682, 105.113474969474, 109.377546262129
4/27/2018, 100.1, 100.1, 97.64, 98.09, 5541586, 2.65989100597461, -0.79302026168352, -0.220273095866556, 0.0126553847628896, 0.531950150115519, -2.01556027479461, -1.58547732842833, -0.430082946366277, 95.9994545454479, 97.8979569892478, 104.763106227105, 109.328981549815
4/30/2018, 98, 98.64, 96.73, 97.16, 7963907, 2.64937498288644, -0.603508595454701, -0.393882779159547, 0.0805114470804952, 0.506453672110103, -2.08859555414347, -1.68610097357136, -0.402494580572108, 95.7076363636296, 97.6619569892478, 104.380268620268, 109.263800738007
5/1/2018, 96.92, 98.81, 96.82, 98.72, 6555600, 2.5779235177308, -0.890717937374985, -0.249154627415275, 0.172408487720309, 0.518684031980237, -1.99757082367158, -1.7483949435914, -0.249175880080177, 96.7127272727205, 97.5951612903231, 104.066283272282, 109.218082547492
5/2/2018, 98.52, 98.9, 97.7, 98.01, 4518190, 2.52798672775089, -0.645632700473363, -0.464762871568683, 0.118002775112181, 0.502995454399929, -1.96012898841673, -1.79074175255647, -0.169387235860259, 97.6290909090841, 97.5578064516134, 103.7363003663, 109.156825201585
5/3/2018, 96.9, 98.57, 96.06, 98.25, 9850926, 2.52345628730302, -0.388578784235657, -0.360938257182273, 0.0756500916507003, 0.498303614779014, -1.88931126577069, -1.81045565519931, -0.0788556105713745, 98.064181818175, 97.6457849462371, 103.394842490842, 109.097822331556
5/4/2018, 97.52, 100.8, 97.28, 100.8, 10723903, 2.51124108349351, -0.322511232341318, -0.126978505213552, 0.248508482071934, 0.550414864264118, -1.60887787890248, -1.77014009993995, 0.161262221037469, 99.2521818181749, 97.9381290322586, 103.166376068375, 109.07709033757
5/7/2018, 101.1, 101.78, 100.95, 101.34, 6900097, 2.42131878977046, 0.145544075680644, -0.262786369756954, 0.244187171425164, 0.561300165546044, -1.32775339769346, -1.68166275949065, 0.353909361797191, 100.270909090902, 98.1101290322586, 102.935423687423, 109.057351100177
5/8/2018, 101.13, 102.05, 100.84, 102.05, 3803020, 2.34353379566459, 0.0110674324010161, -0.370146751724979, 0.340373276873998, 0.60469381984409, -1.03572990503461, -1.55247618859944, 0.516746283564827, 101.235818181811, 98.6660215053768, 102.740200244199, 109.041822331556
5/9/2018, 102.29, 103.5, 102.07, 103.5, 4032655, 2.26521490488109, 0.034920024934018, -0.226582251575516, 0.416557329050973, 0.663474884339943, -0.679463864859926, -1.37787372385154, 0.698409858991612, 102.338545454538, 99.1971612903231, 102.613655677655, 109.038188601886
5/10/2018, 103.9, 105.22, 103.9, 105.22, 4675036, 2.19851031669296, 0.36340246001636, -0.0331863780678529, 0.511205956021465, 0.728174595176771, -0.25538689475313, -1.15337635803186, 0.897989463278726, 104.070545454538, 99.7983870967747, 102.538571428571, 109.053485308186
5/11/2018, 104.69, 105.35, 104.23, 104.41, 4433041, 2.1584224954153, 0.656286722236258, 0.0315649659656544, 0.376030185500745, 0.665550001623639, 0.0151621490029328, -0.919668656624899, 0.934830805627831, 105.04072727272, 100.416623655915, 102.47954090354, 109.060621019543
5/14/2018, 106.29, 107.37, 106.01, 106.23, 6649079, 2.15469121819633, 0.777718610453955, 0.0455478888461853, 0.454049226964004, 0.768032049347941, 0.372143170190697, -0.66130629126178, 1.03344946145248, 106.108909090902, 101.010279569893, 102.528661782661, 109.094625666256
5/15/2018, 105.78, 106.07, 104.39, 105.04, 4785333, 2.15773234675882, 0.271222235190633, -0.133137143466176, 0.392746209567646, 0.744788956835023, 0.552659432714549, -0.418513146466514, 0.971172579181063, 106.583272727266, 101.539053763441, 102.534068376068, 109.111844471778
5/16/2018, 105.33, 106.61, 105.3, 106.53, 3467457, 2.09486337574738, 0.457965031270323, -0.136998408948136, 0.434855401268436, 0.812459410187479, 0.806651838592614, -0.173480149454688, 0.980131988047303, 107.085636363629, 102.322602150538, 102.617272283272, 109.157078584119
5/17/2018, 106.13, 106.8, 105.06, 105.83, 3619285, 2.08549093496599, 0.159713420086373, -0.222317425797774, 0.457939180505661, 0.774788183843026, 0.940615668399161, 0.0493390141160817, 0.891276654283079, 106.929454545447, 102.922172043011, 102.683047619047, 109.187366133661
5/18/2018, 104.75, 105.21, 103.98, 104.55, 10247246, 2.09394672754737, 0.122756086504143, -0.31961891163884, 0.386595607144533, 0.750926552162802, 0.932745555929671, 0.2260203224788, 0.706725233450871, 106.427636363629, 103.140000000001, 102.66974114774, 109.205008063414
5/21/2018, 106.08, 106.88, 105.03, 106.05, 3836182, 2.07096675008792, 0.28018798006331, -0.360351001263065, 0.53021855317928, 0.810399562496617, 1.03560805406974, 0.387937868796988, 0.647670185272753, 106.347454545447, 103.560645161291, 102.690432234432, 109.248641519748
5/22/2018, 106.99, 107.48, 106.39, 106.81, 4348049, 2.02036066524186, 0.140008747097646, -0.384783820433859, 0.551822179471021, 0.824535352413797, 1.16502330983111, 0.543354957003813, 0.6216683528273, 106.414909090902, 104.24359139785, 102.751567765567, 109.29686237529
5/23/2018, 105.72, 106.95, 105.39, 106.93, 4221320, 1.99013360630093, 0.30854224341121, -0.267235589398303, 0.537661310353252, 0.770767760854851, 1.26271305938968, 0.687226577480987, 0.575486481908695, 106.554181818175, 104.915139784947, 102.825855921855, 109.352573732404
5/24/2018, 106.91, 107.53, 105.94, 107.24, 6672371, 1.95929445352173, 1.20616305092272, -0.248447597653499, 0.606573212202069, 0.790988945308213, 1.34959006477727, 0.819699274940245, 0.52989078983703, 106.957454545447, 105.715634408603, 102.920783882783, 109.401023096897
5/25/2018, 107.27, 108.4, 107.15, 108.31, 4293256, 1.9006462961489, 1.61455356731104, -0.161787665054614, 0.520170937734008, 0.831112896183365, 1.48763227623732, 0.95328587519966, 0.534346401037661, 107.458181818174, 106.571204301076, 103.127467643467, 109.46912641793
5/29/2018, 107.8, 108.49, 106.86, 107.44, 4553071, 1.89609130974584, 1.73846028376922, -0.221947008042402, 0.39513188943218, 0.905153103085473, 1.50943022223893, 1.06451474460751, 0.444915477631419, 107.809636363629, 107.301806451614, 103.311682539682, 109.518949022823
5/30/2018, 108.26, 108.81, 107.47, 108.09, 5393941, 1.85382780833692, 1.96475400946899, -0.0466266948974497, 0.400414825108073, 0.894585645135932, 1.56115875289845, 1.1638435462657, 0.397315206632748, 108.081636363629, 108.219935483872, 103.525968253968, 109.579513461801
5/31/2018, 107.64, 108.22, 106.92, 107.19, 4331392, 1.83656344260641, 1.88276461007768, -0.166106468429984, 0.316327995488471, 0.800309471279469, 1.51210094925108, 1.23349502686278, 0.278605922388301, 108.174363636356, 108.930322580646, 103.723279609279, 109.623968293016
6/1/2018, 108.04, 109.64, 107.86, 109.53, 4869711, 1.81930223356461, 1.88904525887473, -0.00946780817037322, 0.398393053508654, 0.858735095300384, 1.64310009511992, 1.31541604051421, 0.327684054605714, 108.899454545447, 109.610795698925, 104.038893772893, 109.703078037447
6/4/2018, 109.7, 110.37, 109.3, 110.28, 3884064, 1.76509580123518, 2.16776046695544, 0.260063168740533, 0.490180619108499, 0.874866150500776, 1.78683902598446, 1.40970063760826, 0.377138388376206, 109.425818181811, 110.249053763441, 104.337663003662, 109.789400027333
6/5/2018, 110.62, 111.01, 110.01, 110.9, 3754980, 1.71255208937966, 2.53358029119159, 0.584648971907464, 0.598264410830503, 0.982759734497486, 1.92855084901527, 1.51347067988966, 0.415080169125607, 110.153818181811, 110.807677419355, 104.622410256409, 109.888422577559
6/6/2018, 111.01, 111.61, 110.37, 111.61, 2739297, 1.67212548496187, 2.40184179227906, 0.325303354996789, 0.607540717463493, 0.99692631084378, 2.07423901977712, 1.62562434786715, 0.448614671909972, 111.014545454538, 111.33782795699, 105.007577533577, 110.003116851168
6/7/2018, 111.81, 112, 110.04, 110.72, 9331845, 1.68979975711493, 2.37804986982109, 0.583185894961426, 0.53304062990418, 0.981557086329199, 2.09374697100334, 1.71924887249439, 0.374498098508951, 111.329999999992, 111.62935483871, 105.3467008547, 110.103640289736
6/8/2018, 109.5, 110.28, 108.9, 109.97, 4747008, 1.69900788990067, 2.15033282974176, 0.739607704537144, 0.468509670955058, 0.912665787871066, 2.02534155420334, 1.78046740883618, 0.244874145367157, 111.241636363629, 111.870602150538, 105.60396092796, 110.192513598469
6/11/2018, 109.73, 110.29, 109.39, 109.85, 3043077, 1.65678564196411, 1.79198324318098, 0.547013109160933, 0.297886157451809, 0.901608932005559, 1.9390941016768, 1.8121927474043, 0.126901354272497, 111.176909090901, 111.981440860216, 105.872566544566, 110.284209922099
6/12/2018, 109.98, 110.21, 109.27, 110.18, 2543881, 1.61188970440434, 1.74495988590769, 0.990303295127571, 0.273110112537407, 0.912401207424753, 1.8757481590799, 1.82490382973942, 0.0508443293404803, 110.968181818174, 111.996279569893, 106.138705738705, 110.386036900368
6/13/2018, 110.03, 111.06, 109.75, 109.95, 7076717, 1.59407100727336, 1.55367355251235, 0.792482756012728, 0.25576385849806, 0.916075070453956, 1.78639452132931, 1.8172019680574, -0.0308074467280886, 110.660545454538, 112.001935483872, 106.32607081807, 110.458762060953
6/14/2018, 110.4, 110.83, 109.68, 110.12, 3299761, 1.56424538582656, 1.33086376458349, 0.686606273771986, 0.208613691472392, 0.911412058134931, 1.70959159122465, 1.79567989269085, -0.0860883014662011, 110.130181818174, 111.909376344087, 106.412598290598, 110.540628399617
6/15/2018, 109.95, 110.3, 109.3, 110.3, 6441258, 1.52893895551097, 1.06533476705136, 0.824844253947881, 0.180870390365909, 0.907480145365425, 1.64429480449051, 1.76540287505078, -0.121108070560271, 109.970181818174, 111.777526881721, 106.578757020756, 110.6300166735
6/18/2018, 108.92, 109.09, 107.91, 108.97, 5262825, 1.57988316466199, 0.945698416853902, 1.0450858453537, 0.229021402033119, 0.817237472660967, 1.46830108491829, 1.70598251702429, -0.237681432105992, 109.458727272719, 111.569182795699, 106.620840048839, 110.703559108924
6/19/2018, 107.06, 107.74, 106.14, 107.67, 11115951, 1.65043071450317, 0.319539507556714, 0.831984789265021, 0.254017909835453, 0.747631111149405, 1.20997778798943, 1.60678157121732, -0.396803783227885, 108.693636363628, 111.179182795699, 106.511162393162, 110.754613092797
6/20/2018, 108.61, 108.75, 107.72, 108.34, 5555608, 1.60805594682507, 0.724985161445601, 0.598404970386886, 0.107858961851098, 0.752634528126403, 1.04724611332448, 1.49487447963875, -0.447628366314272, 108.478181818174, 110.880688172044, 106.477006105005, 110.816368183681
6/21/2018, 109.35, 109.5, 106.97, 106.99, 7244137, 1.66516442859218, 0.119967166174762, 0.456646757072516, 0.0454823196423045, 0.753507789835516, 0.800123050685869, 1.35592419384817, -0.555801143162303, 107.796727272719, 110.466989247312, 106.422073260072, 110.860595052617
6/22/2018, 107.76, 107.84, 106.18, 106.59, 4236097, 1.66571109019911, 0.185885088209706, 0.231160495011589, 0.139137940765135, 0.72824065584202, 0.565481072257469, 1.19783556953003, -0.632354497272562, 107.030545454537, 110.094688172043, 106.33995115995, 110.89833702337
6/25/2018, 105.1, 105.24, 101.96, 102.74, 11678950, 1.86705020293077, -0.288149856389507, -0.0698386448720391, -0.120735319305104, 0.580688714167946, 0.0680780285057807, 0.971884061325182, -0.903806032819401, 105.094727272719, 109.171053763441, 106.131536019535, 110.882145141451
6/26/2018, 103.72, 104.06, 102.97, 103.69, 8250307, 1.82109847580916, -0.388702818682223, 0.00688483361560819, -0.0321577430792935, 0.649533281422886, -0.246617553106006, 0.728183738438944, -0.97480129154495, 103.940909090901, 108.500064516129, 105.992351648351, 110.877843378433
6/27/2018, 104.18, 104.32, 101.15, 101.15, 8438024, 1.93018503122905, -0.906207097283572, -0.439518707874147, -0.0127655455765476, 0.502361606954529, -0.692984546641085, 0.443950081422938, -1.13693462806402, 102.217636363628, 107.443849462366, 105.736752136751, 110.83585403854
6/28/2018, 100.92, 102.37, 100.91, 102.17, 6769193, 1.88681907715942, -0.737491164559931, -0.216031479800136, 0.316721071865737, 0.523152199220029, -0.95343749546042, 0.164472566046267, -1.11791006150669, 101.360727272719, 106.641483870968, 105.572273504273, 110.812625119584
6/29/2018, 103.05, 103.68, 102.5, 102.67, 5175048, 1.85728537895889, -0.701616314715669, 0.338906800528031, 0.128750774515127, 0.538868878740883, -1.10674464914551, -0.089770876992089, -1.01697377215342, 101.146181818173, 105.884021505377, 105.406266178265, 110.797207598742
7/2/2018, 101.36, 103.09, 100.9, 102.71, 4582336, 1.87034480931578, -0.879796772554843, 0.483823435987657, 0.296855732057618, 0.525508910046951, -1.21105373366639, -0.314027448326949, -0.89702628533944, 101.095636363628, 105.066688172044, 105.234976800976, 110.782580019133
7/3/2018, 103.22, 103.38, 100.91, 100.91, 4294410, 1.93090833016136, -1.01318437960073, 0.424761381531053, 0.446652504450346, 0.420474679363118, -1.42256593682471, -0.535735146026502, -0.886830790798209, 100.504727272718, 104.132838709678, 105.037023199022, 110.744980456471
7/5/2018, 102.14, 103.67, 102.11, 103.63, 5201426, 1.91938204783126, -0.603196862374147, 0.769530369281976, 0.451447349675912, 0.46175001409291, -1.35508899130119, -0.699605915081439, -0.655483076219749, 101.356181818173, 103.627935483872, 105.008778998778, 110.754979909799
7/6/2018, 103.41, 105.12, 103.15, 104.95, 7318289, 1.89433333526361, -0.28025704749007, 0.965326624630229, 0.399948324156185, 0.495034726998229, -1.18148068365397, -0.795980868795946, -0.385499814858028, 102.650545454536, 103.319032258065, 105.032393162392, 110.758268962689
7/9/2018, 105.77, 105.84, 104.44, 105.74, 4233266, 1.85237156571893, -0.519563404970009, 0.832145310621931, 0.460587518247117, 0.565830220797057, -0.968978668447107, -0.830580428726178, -0.138398239720929, 104.249090909082, 103.143806451613, 105.073438339438, 110.76776575099
7/10/2018, 105.88, 107, 105.77, 106.88, 6274420, 1.79992777779906, -0.453504798041009, 1.02922723853566, 0.396036924738894, 0.607696312208999, -0.700505822704443, -0.804565507521831, 0.104059684817388, 105.517818181809, 103.19423655914, 105.127123321123, 110.796445264452
