Date,UDN_Open,UDN_High,UDN_Low,UDN_Close,UDN_Volume,UDN_ATRPercentOfClose20,UDN_SQN25,UDN_SQN50,UDN_SQN100,UDN_SQN200,UDN_MACD,UDN_MACD_Avg,UDN_MACD_Diff,UDN_LinReg10,UDN_LinReg30,UDN_LinReg90,UDN_LinReg270
1/3/2017, 20.24, 20.3, 20.18, 20.27, 41326, 0, 0, 0, 0, 0, 0, 0, 0, 20.27, 20.27, 20.27, 20.27
1/4/2017, 20.36, 20.46, 20.34, 20.42, 19209, 0, 0, 0, 0, 0, 0.0119658119658119, 0.00239316239316238, 0.00957264957264954, 20.42, 20.42, 20.42, 20.42
1/5/2017, 20.52, 20.65, 20.51, 20.62, 55847, 0, 0, 0, 0, 0, 0.0371587892955461, 0.00934628777363912, 0.0278125015219069, 20.6116666666667, 20.6116666666667, 20.6116666666667, 20.6116666666667
1/6/2017, 20.5, 20.56, 20.48, 20.48, 20886, 0, 0, 0, 0, 0, 0.0453053237926753, 0.0165380949774463, 0.0287672288152289, 20.572, 20.572, 20.572, 20.572
1/9/2017, 20.47, 20.54, 20.46, 20.53, 26905, 0, 0, 0, 0, 0, 0.0551602402927891, 0.0242625240405149, 0.0308977162522742, 20.58, 20.58, 20.58, 20.58
1/10/2017, 20.55, 20.58, 20.5, 20.52, 81368, 0, 0, 0, 0, 0, 0.0614550011941013, 0.0317010194712322, 0.0297539817228691, 20.5761904761905, 20.5761904761905, 20.5761904761905, 20.5761904761905
1/11/2017, 20.42, 20.64, 20.34, 20.58, 38140, 0, 0, 0, 0, 0, 0.070472776815425, 0.0394553709400707, 0.0310174058753542, 20.6, 20.6, 20.6, 20.6
1/12/2017, 20.7, 20.76, 20.63, 20.64, 60892, 0, 0, 0, 0, 0, 0.0815212018541764, 0.0478685371228919, 0.0336526647312846, 20.6383333333333, 20.6383333333333, 20.6383333333333, 20.6383333333333
1/13/2017, 20.62, 20.69, 20.6, 20.67, 21425, 0, 0, 0, 0, 0, 0.0916415211653998, 0.0566231339313935, 0.0350183872340063, 20.6735555555556, 20.6735555555556, 20.6735555555556, 20.6735555555556
1/17/2017, 20.87, 20.87, 20.82, 20.85, 75951, 0, 0, 0, 0, 0, 0.112885172806216, 0.067875541706358, 0.045009631099858, 20.7587272727273, 20.7587272727273, 20.7587272727273, 20.7587272727273
1/18/2017, 20.78, 20.81, 20.67, 20.67, 105268, 0, 0, 0, 0, 0, 0.113883644344671, 0.0770771622340206, 0.0368064821106507, 20.7398181818182, 20.7609090909091, 20.7609090909091, 20.7609090909091
1/19/2017, 20.61, 20.7, 20.58, 20.69, 35093, 0, 0, 0, 0, 0, 0.114963544902214, 0.0846544387676592, 0.0303091061345543, 20.736, 20.7671794871795, 20.7671794871795, 20.7671794871795
1/20/2017, 20.75, 20.77, 20.65, 20.76, 21537, 0, 0, 0, 0, 0, 0.120083540553825, 0.0917402591248924, 0.0283432814289326, 20.7816363636364, 20.7901098901099, 20.7901098901099, 20.7901098901099
1/23/2017, 20.83, 20.9, 20.8, 20.89, 34313, 0, 0, 0, 0, 0, 0.133096830132107, 0.100011573326335, 0.0330852568057718, 20.8365454545455, 20.8402857142857, 20.8402857142857, 20.8402857142857
1/24/2017, 20.88, 20.92, 20.85, 20.86, 34049, 0, 0, 0, 0, 0, 0.139382491993924, 0.107885757059853, 0.031496734934071, 20.8687272727273, 20.8715, 20.8715, 20.8715
1/25/2017, 20.87, 20.94, 20.87, 20.94, 41270, 0, 0, 0, 0, 0, 0.149100517760377, 0.116128709199958, 0.0329718085604195, 20.9085454545455, 20.91375, 20.91375, 20.91375
1/26/2017, 20.81, 20.85, 20.79, 20.81, 12127, 0, 0, 0, 0, 0, 0.144644834041671, 0.121831934168301, 0.0228128998733703, 20.8925454545455, 20.9190196078431, 20.9190196078431, 20.9190196078431
1/27/2017, 20.84, 20.84, 20.78, 20.81, 70002, 0, 0, 0, 0, 0, 0.139505539572127, 0.125366655249066, 0.0141388843230613, 20.876, 20.9225730994152, 20.9225730994152, 20.9225730994152
1/30/2017, 20.76, 20.84, 20.75, 20.83, 17473, 0, 0, 0, 0, 0, 0.135484661687755, 0.127390256536804, 0.00809440515095142, 20.8630909090909, 20.9287368421053, 20.9287368421053, 20.9287368421053
1/31/2017, 21, 21.03, 20.96, 21, 126473, 0, 0, 0, 0, 0, 0.144351670049712, 0.130782539239385, 0.0135691308103266, 20.9361818181818, 20.9648571428571, 20.9648571428571, 20.9648571428571
2/1/2017, 20.94, 21.01, 20.91, 20.98, 106020, 0, 0, 0, 0, 0, 0.148058281500823, 0.134237687691673, 0.0138205938091503, 20.9581818181818, 20.9911688311688, 20.9911688311688, 20.9911688311688
2/2/2017, 21.04, 21.05, 20.95, 20.96, 34998, 0.653637881679391, 0, 0, 0, 0, 0.147679606352821, 0.136926071423903, 0.010753534928918, 20.9603636363636, 21.0095652173913, 21.0095652173913, 21.0095652173913
2/3/2017, 20.96, 21, 20.93, 20.97, 110314, 0.637350381497379, 0, 0, 0, 0, 0.146497685865324, 0.138840394312187, 0.00765729155313699, 20.9652727272728, 21.0264130434783, 21.0264130434783, 21.0264130434783
2/6/2017, 20.89, 20.96, 20.87, 20.95, 184603, 0.629927237470168, 0, 0, 0, 0, 0.142306748892327, 0.139533665228215, 0.00277308366411244, 20.9778181818182, 21.0373, 21.0373, 21.0373
2/7/2017, 20.81, 20.89, 20.78, 20.85, 87681, 0.642068433752998, 0, 0, 0, 0, 0.129424313954594, 0.137511794973491, -0.00808748101889664, 20.9465454545455, 21.0312, 21.0312, 21.0312
2/8/2017, 20.87, 20.91, 20.84, 20.87, 150830, 0.626150958388237, 1.26892230868458, 0, 0, 0, 0.119451758787374, 0.133899787736267, -0.0144480289488934, 20.9387272727273, 21.0283760683761, 21.0283760683761, 21.0283760683761
2/9/2017, 20.89, 20.89, 20.78, 20.79, 46301, 0.623587396656295, 0.79896399317338, 0, 0, 0, 0.103895463328296, 0.127898922854673, -0.0240034595263769, 20.8810909090909, 21.0143121693122, 21.0143121693122, 21.0143121693122
2/10/2017, 20.71, 20.79, 20.71, 20.76, 33801, 0.612531930523129, 0.33391926380528, 0, 0, 0, 0.0881303262782751, 0.119945203539394, -0.0318148772611185, 20.8141818181819, 20.9975369458128, 20.9975369458128, 20.9975369458128
2/13/2017, 20.72, 20.73, 20.69, 20.72, 52111, 0.599920595259515, 0.598704262260085, 0, 0, 0, 0.0715835057829182, 0.110272863988099, -0.0386893582051803, 20.7401818181819, 20.9771724137931, 20.9771724137931, 20.9771724137931
2/14/2017, 20.73, 20.74, 20.65, 20.66, 68203, 0.59336093887165, 0.326398376624631, 0, 0, 0, 0.0530173813972894, 0.0988217674699367, -0.0458043860726473, 20.6854545454546, 20.9512258064516, 20.9512258064516, 20.9512258064516
2/15/2017, 20.6, 20.71, 20.59, 20.71, 84812, 0.591303483690675, 0.469899247954201, 0, 0, 0, 0.0418556898541631, 0.087428551946782, -0.0455728620926189, 20.6625454545455, 20.9151182795699, 20.9340322580645, 20.9340322580645
2/16/2017, 20.78, 20.83, 20.78, 20.83, 105576, 0.587306787799913, 0.596593539811119, 0, 0, 0, 0.0422064364815782, 0.0783841288537412, -0.036177692372163, 20.6918181818182, 20.9013978494624, 20.9327840909091, 20.9327840909091
2/17/2017, 20.8, 20.81, 20.73, 20.73, 18109, 0.584752550428295, 0.217015966746612, 0, 0, 0, 0.034023044961959, 0.0695119120753848, -0.0354888671134258, 20.6956363636364, 20.8856774193548, 20.9199108734403, 20.9199108734403
2/21/2017, 20.63, 20.65, 20.6, 20.64, 36953, 0.589429474411803, -0.0568657136919797, 0, 0, 0, 0.0200443416920351, 0.0596183979987148, -0.0395740563066798, 20.6774545454546, 20.8484946236559, 20.8980336134454, 20.8980336134454
2/22/2017, 20.61, 20.68, 20.57, 20.68, 71194, 0.585470654461636, -0.406243488514655, 0, 0, 0, 0.0120548238401952, 0.0501056831670109, -0.0380508593268157, 20.67, 20.818688172043, 20.8825238095238, 20.8825238095238
2/23/2017, 20.71, 20.75, 20.69, 20.72, 42293, 0.57201527401319, 0.144294874218882, 0, 0, 0, 0.00884873636265482, 0.0418542938061397, -0.0330055574434849, 20.6896363636364, 20.7923225806451, 20.8726276276276, 20.8726276276276
2/24/2017, 20.71, 20.74, 20.69, 20.69, 21455, 0.556285580167986, 0.0089350492023193, 0, 0, 0, 0.00384284177070526, 0.0342520033990528, -0.0304091616283475, 20.6910909090909, 20.7648602150538, 20.860426742532, 20.860426742532
2/27/2017, 20.72, 20.78, 20.68, 20.69, 17808, 0.552637565055189, -0.183645811424717, 0, 0, 0, -0.000122948485330454, 0.0273770130221762, -0.0274999615075066, 20.692, 20.740688172043, 20.8492307692308, 20.8492307692308
2/28/2017, 20.72, 20.75, 20.68, 20.69, 23251, 0.54192207152935, -0.581926002143205, 0, 0, 0, -0.00322864799094091, 0.0212558808195527, -0.0244845288104937, 20.6887272727273, 20.7181935483871, 20.8389358974359, 20.8389358974359
3/1/2017, 20.54, 20.61, 20.52, 20.57, 18531, 0.559151642048865, -0.808810323971212, 0, 0, 0, -0.0151977442076934, 0.0139651558141035, -0.0291629000217969, 20.6336363636364, 20.6923440860215, 20.8178902439024, 20.8178902439024
3/2/2017, 20.48, 20.51, 20.47, 20.48, 29078, 0.557942471342671, -1.30477934103829, 0, 0, 0, -0.0315815347569135, 0.00485581769990011, -0.0364373524568136, 20.5623636363637, 20.6448817204301, 20.7900696864111, 20.7900696864111
3/3/2017, 20.54, 20.64, 20.52, 20.64, 11931, 0.564696159033092, -0.44577544615821, 0, 0, 0, -0.0312944016002383, -0.00237422616012757, -0.0289201754401108, 20.5829090909091, 20.6202795698925, 20.7791694352159, 20.7791694352159
3/6/2017, 20.63, 20.63, 20.57, 20.58, 15612, 0.555032181065154, -0.601228950414791, 0, 0, 0, -0.0354991331544063, -0.00899920755898333, -0.026499925595423, 20.5730909090909, 20.5930537634408, 20.763710359408, 20.763710359408
3/7/2017, 20.55, 20.57, 20.53, 20.56, 10496, 0.539953023930195, -0.709348534114493, 0, 0, 0, -0.0399843315725832, -0.0151962323617033, -0.0247880992108799, 20.5465454545455, 20.5731182795699, 20.7476666666666, 20.7476666666666
3/8/2017, 20.51, 20.51, 20.48, 20.5, 28955, 0.533968900653881, -1.49968874608897, 0, 0, 0, -0.0478290388053679, -0.0217227936504362, -0.0261062451549317, 20.5116363636364, 20.5456989247312, 20.7276618357488, 20.7276618357488
3/9/2017, 20.52, 20.56, 20.5, 20.53, 19100, 0.521141955198944, -1.33383587959133, 0, 0, 0, -0.0510369542862641, -0.0275856257776018, -0.0234513285086623, 20.5049090909091, 20.5297419354838, 20.7116558741905, 20.7116558741905
3/10/2017, 20.57, 20.68, 20.56, 20.67, 32580, 0.528016067886918, -0.772887307830752, 0, 0, 0, -0.0418005695002286, -0.0304286145221272, -0.0113719549781014, 20.5509090909091, 20.5255268817204, 20.7083510638298, 20.7083510638298
3/13/2017, 20.53, 20.68, 20.53, 20.64, 29118, 0.538681565749102, -0.881676764277171, 0, 0, 0, -0.0364808883202841, -0.0316390692817586, -0.00484181903852551, 20.5876363636364, 20.5184086021505, 20.7028571428571, 20.7028571428571
3/14/2017, 20.57, 20.61, 20.56, 20.56, 57083, 0.533193975739708, -1.02952357473426, 0, 0, 0, -0.0382790767027181, -0.0329670707659505, -0.00531200593676766, 20.5994545454546, 20.5035698924731, 20.691412244898, 20.691412244898
3/15/2017, 20.57, 20.79, 20.57, 20.78, 44411, 0.556513221085081, -0.151360022260057, 0, 0, 0, -0.0217018274102934, -0.0307140220948191, 0.00901219468452569, 20.6703636363637, 20.5297204301075, 20.6978352941176, 20.6978352941176
3/16/2017, 20.84, 20.87, 20.81, 20.87, 59600, 0.547969693217086, 0.0105875165077128, 0.935564424776073, 0, 0, -0.00128715258106382, -0.024828648192068, 0.0235414956110042, 20.7429090909091, 20.567376344086, 20.7106862745098, 20.7106862745098
3/17/2017, 20.85, 20.88, 20.84, 20.86, 30129, 0.530408491014791, 0.171477994014367, 0.703627605702035, 0, 0, 0.0139241983829272, -0.017078078877069, 0.0310022772599962, 20.8227272727273, 20.6031397849462, 20.7219448476052, 20.7219448476052
3/20/2017, 20.86, 20.88, 20.84, 20.86, 39109, 0.513475794172585, 0.241334180252955, 0.4069243687996, 0, 0, 0.0256832431737131, -0.00852581446691256, 0.0342090576406256, 20.8785454545455, 20.6402150537634, 20.7324737945493, 20.7324737945493
3/21/2017, 20.96, 21, 20.96, 20.98, 45193, 0.518377016831178, 0.594181766666121, 0.842743233711783, 0, 0, 0.0441761330448607, 0.00201457503544209, 0.0421615580094186, 20.9565454545455, 20.6918924731182, 20.7509764309764, 20.7509764309764
3/22/2017, 21, 21.02, 20.97, 20.99, 23395, 0.504133983919114, 0.762053831836205, 0.777077488304964, 0, 0, 0.0589591535074945, 0.0134034907298526, 0.0455556627776419, 21.0030909090909, 20.7379784946236, 20.769025974026, 20.769025974026
3/23/2017, 21, 21, 20.96, 20.98, 25434, 0.488688451207774, 0.626307273225091, 0.777453933393196, 0, 0, 0.0690716720636075, 0.0245371269966036, 0.044534545067004, 21.0254545454545, 20.7832258064516, 20.7852631578948, 20.7852631578948
3/24/2017, 20.97, 21.02, 20.97, 20.98, 17929, 0.476170139228892, 0.362912257703859, 0.679298809530311, 0, 0, 0.0762074439002944, 0.0348711903773417, 0.0413362535229527, 21.0512727272727, 20.8224301075268, 20.8005081669692, 20.8005081669692
3/27/2017, 21.14, 21.15, 21.08, 21.09, 33627, 0.490305692032766, 0.862408928103241, 0.752067519633421, 0, 0, 0.0897046162065251, 0.0458378755431784, 0.0438667406633467, 21.0921818181818, 20.8723655913978, 20.822226767972, 20.822226767972
3/28/2017, 21.11, 21.11, 20.96, 20.98, 30914, 0.503980919576858, 0.809738254617829, 0.515107200751614, 0, 0, 0.0904821202503641, 0.0547667244846156, 0.0357153957657485, 21.0545454545454, 20.9035483870967, 20.8353898305085, 20.8353898305085
3/29/2017, 20.91, 20.94, 20.9, 20.93, 20310, 0.499036966463753, 0.59346750647489, 0.148041564341483, 0, 0, 0.086071536578153, 0.0610276869033231, 0.02504384967483, 21.0207272727273, 20.9227096774193, 20.844524590164, 20.844524590164
3/30/2017, 20.91, 20.91, 20.8, 20.8, 26658, 0.508298150128944, 0.189492221622165, 0.237973749500506, 0, 0, 0.0712647084978926, 0.063075091222237, 0.00818961727565561, 20.9518181818182, 20.9269677419354, 20.8448016922264, 20.8448016922264
3/31/2017, 20.82, 20.85, 20.8, 20.81, 16946, 0.494664653846609, 0.279735709877963, 0.220663507104692, 0, 0, 0.0596495046344678, 0.0623899739046831, -0.00274046927021531, 20.8881818181818, 20.9399139784946, 20.845668202765, 20.845668202765
4/3/2017, 20.79, 20.82, 20.77, 20.8, 28092, 0.482176580491372, 0.25725964902218, 0.083136788127688, 0, 0, 0.0490717864550376, 0.059726336414754, -0.0106545499597164, 20.8238181818182, 20.9450537634408, 20.8458432539683, 20.8458432539683
4/4/2017, 20.78, 20.8, 20.76, 20.8, 12640, 0.467683136082188, 0.25725964902218, -0.145961278399333, 0, 0, 0.0402251777793587, 0.055826104687675, -0.0156009269083162, 20.7867272727273, 20.9437419354838, 20.8459855769231, 20.8459855769231
4/5/2017, 20.76, 20.81, 20.63, 20.81, 42523, 0.487333914895917, 0.573119707434007, -0.0752393346737095, 0, 0, 0.0336333883294166, 0.0513875614160233, -0.0177541730866067, 20.7649090909091, 20.9453333333333, 20.8466993006993, 20.8466993006993
4/6/2017, 20.79, 20.79, 20.76, 20.76, 10882, 0.476124654650039, 0.681260211441966, -0.308060079458928, 0, 0, 0.0240969904603219, 0.045929447224883, -0.0218324567645612, 20.7336363636363, 20.9424086021505, 20.8443916779738, 20.8443916779738
4/7/2017, 20.71, 20.73, 20.64, 20.66, 16380, 0.483549392013944, 0.0594474307214758, -0.258943173451874, 0, 0, 0.00837363611319475, 0.0384182850025454, -0.0300446488893506, 20.6798181818181, 20.9245376344086, 20.8363432835821, 20.8363432835821
4/10/2017, 20.66, 20.7, 20.66, 20.68, 11818, 0.468598835447663, 0.261354914346476, -0.222328517295255, 0, 0, -0.00244521570991907, 0.0302455848600525, -0.0326908005699715, 20.6723636363636, 20.9093978494623, 20.8298337595908, 20.8298337595908
4/11/2017, 20.73, 20.77, 20.73, 20.75, 7363, 0.465353866082158, 0.482425825661497, -0.130187709269366, 0, 0, -0.00530961282819931, 0.0231345453224021, -0.0284441581506014, 20.6894545454545, 20.9032043010752, 20.8276024844721, 20.8276024844721
4/12/2017, 20.77, 20.86, 20.75, 20.86, 12439, 0.466121192959949, 0.892212374306534, -0.243615276837015, 0, 0, 0.00128163857859676, 0.0187639639736411, -0.0174823253950443, 20.7470909090909, 20.9025806451613, 20.8316177062374, 20.8316177062374
4/13/2017, 20.81, 20.82, 20.78, 20.79, 16092, 0.463546112596792, 0.635925652610325, -0.333471118874277, 0, 0, 0.000847073286731614, 0.0151805858362592, -0.0143335125495276, 20.7583636363636, 20.8852043010753, 20.8315610328639, 20.8315610328639
4/17/2017, 20.85, 20.89, 20.83, 20.84, 8073, 0.463304582382099, 0.436893066256829, -0.204660295102904, 0, 0, 0.00448555263599104, 0.0130415791962055, -0.0085560265602145, 20.7894545454545, 20.8828387096774, 20.8342123287672, 20.8342123287672
4/18/2017, 20.96, 21.01, 20.93, 21, 27447, 0.477262101047658, 0.859357942211426, 0.0657700884195719, 0, 0, 0.0200486284493842, 0.0144429890468413, 0.00560563940254289, 20.8721818181818, 20.8954838709677, 20.8453128470937, 20.8453128470937
4/19/2017, 20.96, 20.96, 20.93, 20.95, 25004, 0.471187537751827, 0.945998693182705, 0.0137498866184296, 0, 0, 0.0280248430786934, 0.0171593598532117, 0.0108654832254817, 20.9267272727272, 20.8977419354839, 20.8532324324325, 20.8532324324325
4/20/2017, 21, 21.01, 20.94, 20.94, 41739, 0.464556350052805, 0.450772875993685, 0.172333071455174, 0, 0, 0.0331569218557419, 0.0203588722537177, 0.0127980496020242, 20.9716363636363, 20.8922150537635, 20.860249122807, 20.860249122807
4/21/2017, 20.93, 20.93, 20.9, 20.92, 22120, 0.451310682198875, 0.150082646648677, 0.101741658201147, 0, 0, 0.0352044830416816, 0.0233279944113105, 0.0118764886303711, 20.9925454545454, 20.883311827957, 20.8658988380041, 20.8658988380041
4/24/2017, 21.1, 21.12, 21.08, 21.11, 18257, 0.472257152914279, 0.635718496337087, 0.554527271301045, 0, 0, 0.051564202112818, 0.028975235951612, 0.022588966161206, 21.0503636363636, 20.9053333333333, 20.8809590409591, 20.8809590409591
4/25/2017, 21.1, 21.18, 21.1, 21.16, 26020, 0.466487763379934, 0.756963164889661, 0.688994321152391, 0, 0, 0.0677826235832164, 0.0367367134779329, 0.0310459101052835, 21.104909090909, 20.9288602150538, 20.8978513469653, 20.8978513469653
4/26/2017, 21.07, 21.12, 21.06, 21.11, 39385, 0.467898485052745, 0.342148763770618, 0.672645928926908, 0, 0, 0.0757283085120655, 0.0445350324847594, 0.0311932760273061, 21.1299999999999, 20.9373548387097, 20.911503164557, 20.911503164557
4/27/2017, 21.08, 21.1, 21.04, 21.1, 75414, 0.461301903719918, 0.290754528107806, 0.76299163486217, 0, 0, 0.0802928387724222, 0.051686593742292, 0.0286062450301302, 21.1539999999999, 20.9556989247312, 20.9240555555556, 20.9240555555556
4/28/2017, 21.11, 21.11, 21.1, 21.1, 8893, 0.440606476780367, 0.316611205486608, 0.678669907843233, 0, 0, 0.0829540195886871, 0.057940078911571, 0.0250139406771161, 21.150909090909, 20.9779784946237, 20.9360523938573, 20.9360523938573
5/1/2017, 21.13, 21.13, 21.09, 21.1, 12664, 0.428054825927131, 0.316611205486608, 0.481476625038218, 0, 0, 0.0840936453611008, 0.063170792201477, 0.0209228531596238, 21.140909090909, 20.9981075268817, 20.947522774023, 20.947522774023
5/2/2017, 21.09, 21.13, 21.09, 21.13, 7006, 0.415539942532387, 0.114830255368884, 0.719447938045617, 0, 0, 0.0864213448083078, 0.0678209027228431, 0.0186004420854647, 21.1590909090908, 21.0204946236559, 20.9599139414802, 20.9599139414802
5/3/2017, 21.09, 21.1, 21.05, 21.05, 16010, 0.415265607431062, 0.198865390408506, 0.742472839570003, 0, 0, 0.0808784159443476, 0.070432405367144, 0.0104460105772036, 21.1325454545454, 21.0389892473118, 20.968030812325, 20.968030812325
5/4/2017, 21.08, 21.17, 21.08, 21.17, 12466, 0.420608123977452, 0.637831535037395, 0.866889188568798, 0, 0, 0.0851866236327616, 0.0733832490202675, 0.0118033746124941, 21.1399999999999, 21.0729247311828, 20.9813433652531, 20.9813433652531
5/5/2017, 21.16, 21.21, 21.15, 21.21, 15853, 0.41296842458145, 1.16751064043157, 0.865332297366246, 0, 0, 0.0907820954839913, 0.0768630183130123, 0.013919077170979, 21.1447272727272, 21.1101075268817, 20.9959262229351, 20.9959262229351
5/8/2017, 21.14, 21.14, 21.09, 21.1, 33258, 0.42280129246938, 0.785046531547375, 0.715939229220043, 0, 0, 0.0853565296069299, 0.0785617205717958, 0.00679480903513405, 21.1336363636362, 21.1318494623656, 21.004934691745, 21.004934691745
5/9/2017, 21, 21.02, 20.97, 21, 28650, 0.434526281311845, 0.52501697868221, 0.53762199164161, 0, 0, 0.0721557981692698, 0.0772805360912906, -0.00512473792202084, 21.0985454545453, 21.1474623655914, 21.0090960163432, 21.0090960163432
5/10/2017, 21.02, 21.02, 20.97, 20.99, 7703, 0.424907065849038, 0.498930801903251, 0.520698754009306, 0, 0, 0.0601933356677478, 0.073863096006582, -0.0136697603388343, 21.0587272727271, 21.1550537634409, 21.0126292134832, 21.0126292134832
5/11/2017, 20.96, 21, 20.96, 20.99, 15816, 0.413190059388411, 0.472966841785502, 0.742285873288059, 0, 0, 0.0501350720478335, 0.0691174912148323, -0.0189824191669988, 21.0234545454544, 21.159247311828, 21.0160024420025, 21.0160024420025
5/12/2017, 21.05, 21.07, 21.05, 21.07, 14523, 0.410024507794713, 0.804168133947229, 1.0459269337162, 0, 0, 0.0480650926071888, 0.0649070114933036, -0.0168419188861148, 21.021818181818, 21.1645376344086, 21.0151111111111, 21.0226827520306
5/15/2017, 21.16, 21.16, 21.12, 21.13, 16912, 0.409713940382058, 1.2644429500047, 0.894150385080089, 0, 0, 0.0506818882863698, 0.0620619868519169, -0.0113800985655471, 21.0425454545453, 21.1763655913979, 21.0195897435898, 21.0316549789622
5/16/2017, 21.28, 21.3, 21.25, 21.3, 186321, 0.426027830153016, 1.54569629669644, 1.26703833442113, 0, 0, 0.0657157665160817, 0.0627927427847498, 0.00292302373133185, 21.1263636363635, 21.2070322580645, 21.0354236874237, 21.0474651109586
5/17/2017, 21.36, 21.43, 21.34, 21.42, 39003, 0.432804535160891, 1.63045664782943, 1.4873847135604, 0, 0, 0.0863181979893248, 0.0674978338256648, 0.01882036416366, 21.2263636363635, 21.2496989247312, 21.0528937728938, 21.0676954087346
5/18/2017, 21.41, 21.42, 21.3, 21.36, 52884, 0.440409151965776, 1.2209222241125, 1.49242971261533, 0, 0, 0.0966896961750372, 0.0733362062955393, 0.0233534898794979, 21.3094545454544, 21.2814193548387, 21.0681636141636, 21.084677631579
5/19/2017, 21.46, 21.5, 21.45, 21.49, 21743, 0.448431014969266, 1.69427895369462, 1.63066154728052, 0, 0, 0.114084007332785, 0.0814857665029885, 0.0325982408297966, 21.4350909090907, 21.322752688172, 21.0882857142857, 21.1063552405498
5/22/2017, 21.54, 21.56, 21.51, 21.52, 18915, 0.441679525376629, 1.64551099651009, 1.47159520617524, 0, 0, 0.128805088640622, 0.0909496309305152, 0.0378554577101066, 21.533818181818, 21.3565161290323, 21.1103418803419, 21.1284515043131
5/23/2017, 21.53, 21.55, 21.44, 21.45, 36525, 0.446605884233091, 1.12595130597174, 1.39614306251771, 0, 0, 0.133286789509832, 0.0994170626463785, 0.0338697268634533, 21.5654545454543, 21.3771827956989, 21.1299829059829, 21.1469264069264
5/24/2017, 21.43, 21.5, 21.43, 21.49, 12069, 0.439772517727306, 1.36886915039093, 1.62447653472285, 0, 0, 0.138470039028327, 0.107227657922768, 0.0312423811055589, 21.5843636363634, 21.402623655914, 21.1514456654457, 21.1663191919192
5/25/2017, 21.5, 21.5, 21.46, 21.47, 11433, 0.427488394767667, 1.34168356803989, 1.28528103973624, 0, 0, 0.13935754176757, 0.113653634691729, 0.0257039070758413, 21.5690909090907, 21.4280860215054, 21.1754334554335, 21.1842237623763
5/26/2017, 21.41, 21.44, 21.4, 21.42, 38043, 0.423401822776784, 1.25572548550726, 1.0301844062848, 1.37486179406167, 0, 0.134476154548828, 0.117818138663148, 0.0166580158856797, 21.5263636363634, 21.4386021505376, 21.1927814407815, 21.1995340710542
5/30/2017, 21.45, 21.46, 21.43, 21.45, 34513, 0.410993179099524, 0.945018915613601, 1.10395610469508, 1.24517123626289, 0, 0.131512376476607, 0.12055698622584, 0.0109553902507669, 21.4869090909088, 21.4521935483871, 21.2113357753358, 21.2154540262707
5/31/2017, 21.5, 21.53, 21.49, 21.51, 21156, 0.407950418740146, 0.967392866855027, 1.20919702934353, 1.09915522782268, 0, 0.132477936374706, 0.122941176255613, 0.00953676011909224, 21.484727272727, 21.480129032258, 21.2335115995116, 21.2331049290515
6/1/2017, 21.47, 21.49, 21.45, 21.46, 18332, 0.402435360286372, 0.970022256344916, 0.907541003497903, 1.23131109762382, 0, 0.127736105111111, 0.123900162026713, 0.00383594308439854, 21.4778181818179, 21.4950967741935, 21.2558412698413, 21.2482417582418
6/2/2017, 21.54, 21.58, 21.54, 21.57, 13785, 0.408180328704601, 1.26047633217884, 1.07364566811307, 1.29323774712136, 0, 0.131340241812154, 0.125388177983801, 0.00595206382835295, 21.494727272727, 21.520064516129, 21.281894993895, 21.2669793351303
6/5/2017, 21.55, 21.55, 21.54, 21.55, 4479, 0.39509174968215, 1.20303323803503, 1.05520699059308, 1.28144301267072, 0, 0.131071799149876, 0.126524902217016, 0.00454689693285953, 21.5192727272724, 21.5370967741935, 21.3083321123321, 21.2843290424969
6/6/2017, 21.59, 21.6, 21.57, 21.59, 19920, 0.386221206362567, 1.30771572498557, 1.12620657878814, 1.25562295686673, 0, 0.132558668298802, 0.127731655433373, 0.00482701286542916, 21.5603636363634, 21.5678064516129, 21.333181929182, 21.302559709242
6/7/2017, 21.55, 21.6, 21.54, 21.58, 16424, 0.380981930171429, 1.19817236369523, 0.919499417069641, 1.17045480641372, 0, 0.13141523337789, 0.128468371022277, 0.00294686235561331, 21.5801818181815, 21.5974838709677, 21.3570231990232, 21.3198080190282
6/8/2017, 21.53, 21.53, 21.48, 21.51, 22110, 0.38635567412573, 1.23815401403231, 1.01211509581852, 1.04473945385756, 0, 0.123437724726141, 0.12746224176305, -0.00402451703690826, 21.576727272727, 21.6122365591398, 21.377684981685, 21.333941618015
6/9/2017, 21.41, 21.45, 21.39, 21.45, 42045, 0.396036597805233, 0.77167003224273, 0.993845960003571, 0.764196620824289, 0, 0.11099451738103, 0.124168696886646, -0.0131741795056155, 21.5474545454543, 21.616129032258, 21.3990036630037, 21.3454447174447
6/12/2017, 21.49, 21.49, 21.44, 21.46, 24809, 0.387709029439707, 0.691277896548953, 1.30974756321565, 1.03220507686482, 0, 0.100778391770117, 0.11949063586334, -0.0187122440932231, 21.512727272727, 21.6190322580645, 21.4199853479854, 21.3569111969112
6/13/2017, 21.5, 21.52, 21.49, 21.49, 10156, 0.381769380325142, 1.1403780970032, 1.34720064841041, 1.04357270493237, 0, 0.0940189954451007, 0.114396307779692, -0.0203773123345914, 21.4921818181815, 21.6234193548387, 21.4414822954823, 21.3690470922882
6/14/2017, 21.6, 21.64, 21.48, 21.52, 22865, 0.399350036432525, 1.61864766389915, 1.4260668184353, 0.992788212332144, 0, 0.0900448929631601, 0.109526024816386, -0.0194811318532256, 21.4918181818179, 21.6310967741935, 21.4641245421246, 21.3818258034467
6/15/2017, 21.41, 21.41, 21.38, 21.4, 39117, 0.414220193683483, 1.18465470087158, 1.15698096037679, 0.672239825461058, 0, 0.076332477708501, 0.102887315394809, -0.0265548376863078, 21.4394545454542, 21.6156989247312, 21.480673992674, 21.3900274599543
6/16/2017, 21.44, 21.47, 21.43, 21.46, 13796, 0.408718384789619, 1.34721442620561, 1.24556886769485, 0.786139114934797, 0, 0.0695055714239849, 0.096210966600644, -0.0267053951766591, 21.4330909090906, 21.6136559139785, 21.4972942612943, 21.4000089955023
6/19/2017, 21.41, 21.43, 21.37, 21.39, 16039, 0.410591010318184, 0.908634687949019, 1.20541450939874, 0.594132908678343, 0, 0.0577807238059265, 0.0885249180417005, -0.0307441942357741, 21.4045454545452, 21.6035268817204, 21.5108522588523, 21.4072767462423
6/20/2017, 21.36, 21.37, 21.32, 21.34, 17202, 0.407376505396938, 0.596287142873965, 1.32651974529004, 0.708044675684456, 0, 0.0439475158566687, 0.0796094376046942, -0.0356619217480255, 21.3754545454542, 21.5785591397849, 21.520065934066, 21.4126090105751
6/21/2017, 21.34, 21.39, 21.34, 21.38, 13987, 0.397976795786349, 0.257272167640088, 1.36175082272825, 0.758736721966563, 0, 0.0357995892199945, 0.0708474679277542, -0.0350478787077597, 21.3718181818179, 21.5504516129032, 21.5299584859585, 21.419091297536
6/22/2017, 21.38, 21.39, 21.37, 21.39, 34850, 0.38257628327333, -0.0935732705746718, 1.25125277446767, 0.745340235901245, 0, 0.0298056342856228, 0.0626391011993279, -0.0328334669137052, 21.3685454545451, 21.5204946236559, 21.5389450549451, 21.4256848739496
6/23/2017, 21.42, 21.46, 21.42, 21.44, 10014, 0.378924503929837, 0.277141402270215, 1.14887238746033, 0.599004616570384, 0, 0.0287584543879156, 0.0558629718370455, -0.0271045174491299, 21.3770909090906, 21.4943010752688, 21.5482930402931, 21.4337024793388
6/26/2017, 21.46, 21.48, 21.4, 21.42, 25848, 0.378988529227027, -0.25545302556971, 1.26367808767505, 0.599563020504128, 0, 0.0260148410277417, 0.0498933456751847, -0.0238785046474431, 21.3812727272724, 21.468, 21.5573064713065, 21.4408061238315
6/27/2017, 21.55, 21.65, 21.54, 21.64, 56945, 0.409521145159, 0.354199273095777, 1.48176353769324, 0.880687992034217, 0, 0.0411186785258622, 0.0481384122453202, -0.00701973371945805, 21.469636363636, 21.4713548387097, 21.5780830280831, 21.4548020791683
6/28/2017, 21.64, 21.72, 21.64, 21.71, 20841, 0.406215370897223, 0.765118381530737, 1.35257773712857, 0.952248660907505, 0, 0.0580676260981683, 0.0501242550158898, 0.00794337108227847, 21.5799999999996, 21.4916344086021, 21.5991037851038, 21.4706215578285
6/29/2017, 21.75, 21.82, 21.74, 21.8, 16032, 0.409540776012375, 0.888846863264799, 1.61305975644502, 1.08465021324764, 0, 0.0778644639272059, 0.055672296798153, 0.0221921671290529, 21.6870909090905, 21.528688172043, 21.6213406593407, 21.4888361290323
6/30/2017, 21.79, 21.81, 21.76, 21.8, 34061, 0.400531627120013, 0.949615441718325, 1.63358264757536, 1.2244411424101, 0, 0.092487462637397, 0.0630353299660018, 0.0294521326713952, 21.7843636363633, 21.5592903225806, 21.6436166056167, 21.5065142857143
7/3/2017, 21.68, 21.7, 21.66, 21.67, 42994, 0.41509044751525, 0.682410012710388, 1.38525663448369, 1.02209185974775, 0, 0.0925198694600518, 0.0689322378648118, 0.0235876315952399, 21.8041818181814, 21.5792258064516, 21.6602783882784, 21.5195963004624
7/5/2017, 21.62, 21.66, 21.62, 21.66, 11550, 0.406059995280364, 0.574442214814276, 1.07252089442586, 1.11887082947676, 0, 0.0906931811363805, 0.0732844265191256, 0.0174087546172549, 21.7952727272723, 21.5987311827957, 21.6751404151405, 21.5319783464567
7/6/2017, 21.71, 21.75, 21.71, 21.74, 27838, 0.405036638587123, 0.621192025515885, 1.12084730269159, 1.25353936033136, 0, 0.0946102409268192, 0.0775495894006643, 0.0170606515261549, 21.804545454545, 21.6228172043011, 21.6927887667888, 21.5464643895349
7/7/2017, 21.7, 21.72, 21.69, 21.71, 8528, 0.396831952866874, 0.680501811484658, 1.16582304361264, 1.26923284269756, 0, 0.0942078206381076, 0.080881235648153, 0.0133265849899546, 21.7858181818178, 21.6438924731183, 21.7083565323566, 21.5596100178891
7/10/2017, 21.67, 21.72, 21.67, 21.72, 4597, 0.388326915833464, 0.426426807889726, 1.20538513869252, 1.36477108965866, 0, 0.093616661487264, 0.0834283208159752, 0.0101883406712888, 21.7630909090905, 21.6634838709677, 21.7209474969475, 21.5726776277158
7/11/2017, 21.69, 21.79, 21.69, 21.78, 10969, 0.390851128618351, 0.644190174752834, 1.31444808256963, 1.37327055679498, 0, 0.096872970853557, 0.0861172508234915, 0.0107557200300654, 21.7418181818177, 21.6857419354839, 21.7333186813187, 21.5871790423317
7/12/2017, 21.76, 21.78, 21.72, 21.77, 88854, 0.38525956372266, 0.506873062020894, 1.29473696248438, 1.21724342974195, 0, 0.0975225241080189, 0.088398305480397, 0.00912421862762186, 21.7414545454541, 21.7064086021505, 21.747855921856, 21.6009683299157
7/13/2017, 21.77, 21.78, 21.73, 21.77, 7580, 0.377480278692246, 0.5351986442842, 1.2366974382759, 1.36152707316209, 0, 0.0969200655568621, 0.09010265749569, 0.00681740806117202, 21.7479999999995, 21.7290107526882, 21.760231990232, 21.6143665132982
7/14/2017, 21.88, 21.91, 21.86, 21.91, 19701, 0.388263732714454, 1.07798277899413, 1.63855013582146, 1.65047084646325, 0, 0.106511642867989, 0.0933844545701499, 0.0131271882978394, 21.8176363636359, 21.7643655913979, 21.7774114774115, 21.6315190713101
7/17/2017, 21.9, 21.92, 21.89, 21.9, 14384, 0.37586828605411, 1.23700123923899, 1.41581185872619, 1.58546238779281, 0, 0.112014882722939, 0.0971105402007076, 0.014904342522231, 21.8778181818177, 21.8028817204301, 21.7918315018315, 21.6479063180828
7/18/2017, 22.03, 22.05, 22.01, 22.01, 16002, 0.389365728821253, 1.46469544530664, 1.52325976183168, 1.65888515167175, 0, 0.123824943774846, 0.102453420915535, 0.0213715228593105, 21.944545454545, 21.8518924731183, 21.8107008547009, 21.6670437956204
7/19/2017, 22.01, 22.01, 21.97, 21.97, 24925, 0.379674224250705, 1.26423881423674, 1.70206971849373, 1.6478464322029, 0, 0.128475846949133, 0.107657906122255, 0.0208179408268781, 21.9769090909086, 21.8955268817204, 21.8298485958486, 21.6845096794668
7/20/2017, 21.99, 22.13, 21.99, 22.08, 56422, 0.395125478779375, 1.43246425901015, 2.13811568712779, 1.77153672961596, 0, 0.139430533516464, 0.114012431601097, 0.0254181019153672, 22.0463636363631, 21.95, 21.8521855921856, 21.7046585340423
7/21/2017, 22.13, 22.18, 22.12, 22.17, 49222, 0.396398378118005, 2.09340518955364, 2.3169579557073, 1.87386190922957, 0, 0.153603800388115, 0.1219307053585, 0.0316730950296149, 22.1223636363631, 22.008, 21.875623931624, 21.7268345323741
7/24/2017, 22.16, 22.16, 22.13, 22.15, 75427, 0.385947830281372, 1.86550188108444, 2.27335365345272, 2.03480462050843, 0, 0.161362299499661, 0.129817024186733, 0.0315452753129286, 22.1683636363631, 22.0552043010753, 21.9018974358975, 21.7478632218845
7/25/2017, 22.18, 22.22, 22.12, 22.12, 37638, 0.389751682581182, 2.02603747933149, 2.06001918921463, 2.13451165016615, 0, 0.163208846672525, 0.136495388683891, 0.026713457988634, 22.1925454545449, 22.0947526881721, 21.927855921856, 21.7674997502747
7/26/2017, 22.13, 22.29, 22.1, 22.26, 57541, 0.410612841768237, 2.50984967625542, 2.1594617150099, 2.10869161260983, 0, 0.173963732956995, 0.143989057538512, 0.0299746754184833, 22.2445454545449, 22.1498064516129, 21.9587960927961, 21.7905259529203
7/27/2017, 22.21, 22.21, 22.12, 22.15, 52252, 0.423622111280944, 1.96594327197165, 1.64760799859634, 2.03764004387429, 0, 0.171632504456714, 0.149517746922152, 0.0221147575345613, 22.2318181818177, 22.187935483871, 21.9839023199023, 21.8099155011655
7/28/2017, 22.23, 22.31, 22.23, 22.31, 38019, 0.435413190346448, 2.23614171872273, 1.68788671680234, 2.23061317335449, 0, 0.180613650167807, 0.155736927571283, 0.0248767225965237, 22.2816363636358, 22.2343010752689, 22.0177240537241, 21.8332030651341
7/31/2017, 22.3, 22.42, 22.28, 22.4, 151380, 0.443230574232045, 2.30986996901834, 1.97536547542437, 2.4225289887281, 0, 0.192771372304222, 0.163143816517871, 0.0296275557863508, 22.3387272727267, 22.2902150537635, 22.0547277167277, 21.8583571091167
8/1/2017, 22.4, 22.42, 22.34, 22.35, 73638, 0.439908126159191, 2.21555696190014, 1.65692918335562, 2.31443263828851, 0, 0.19611122443612, 0.169737298101521, 0.026373926334599, 22.3732727272722, 22.3290537634409, 22.0882905982906, 21.8815236231479
8/2/2017, 22.37, 22.46, 22.36, 22.39, 50147, 0.441730651571015, 1.99139817107396, 1.67250567417588, 2.206861753778, 0, 0.199683915144174, 0.175726621510051, 0.0239572936341227, 22.3950909090903, 22.3634408602151, 22.1225982905983, 21.9051866151866
8/3/2017, 22.38, 22.43, 22.36, 22.43, 35007, 0.43449985841468, 1.91819729968047, 1.91048203806941, 2.29913973046673, 0, 0.203398314814088, 0.181260960170859, 0.0221373546432291, 22.4298181818176, 22.3987956989248, 22.160065934066, 21.9293306729549
8/4/2017, 22.35, 22.35, 22.18, 22.25, 142231, 0.472293943057492, 1.07873313280793, 1.39673656502831, 2.14068745069463, 0, 0.189631553133086, 0.182935078763304, 0.00669647436978218, 22.4012727272722, 22.4052043010753, 22.1862393162393, 21.9480939597316
8/7/2017, 22.23, 22.27, 22.23, 22.27, 52922, 0.457256992428278, 1.12684154770206, 1.47272411224808, 1.94833455150875, 0, 0.178280026994031, 0.18200406840945, -0.00372404141541852, 22.3712727272721, 22.411935483871, 22.2112454212454, 21.9669165562914
8/8/2017, 22.3, 22.3, 22.18, 22.21, 44156, 0.462582510594726, 1.36381884737153, 1.45540046556418, 1.75404189877861, 0, 0.162568375152961, 0.178116929758152, -0.0155485546051905, 22.3079999999994, 22.4043655913979, 22.2297582417583, 21.9836981526665
8/9/2017, 22.18, 22.25, 22.18, 22.24, 22530, 0.454598007297366, 1.46821699410672, 1.45349063274949, 1.80559782187315, 0, 0.150799207754371, 0.172653385357396, -0.0218541776030246, 22.2781818181812, 22.4101720430108, 22.2487716727717, 22.0008436532508
8/10/2017, 22.25, 22.28, 22.22, 22.28, 34381, 0.444557751264756, 1.37737981217791, 1.41726533894971, 1.85514310798705, 0, 0.143050723806706, 0.166732853047258, -0.023682129240552, 22.2412727272721, 22.4218494623657, 22.2682637362637, 22.0186011374247
8/11/2017, 22.3, 22.37, 22.28, 22.34, 52432, 0.441338825571612, 1.61288607360822, 1.62509702835686, 1.78505659533969, 0, 0.140136091382679, 0.161413500714342, -0.0212774093316628, 22.2499999999994, 22.4434623655915, 22.2892942612943, 22.0374671135316
8/14/2017, 22.3, 22.3, 22.25, 22.26, 18873, 0.440994334910437, 1.34230219226386, 1.27673442993713, 1.65941694266395, 0, 0.129873788584561, 0.155105558288386, -0.0252317697038248, 22.2474545454539, 22.4514408602151, 22.3059218559219, 22.0538312655087
8/15/2017, 22.14, 22.19, 22.13, 22.18, 54242, 0.449761370619974, 0.974394995177644, 1.15553499377579, 1.5624268228138, 0, 0.113971713303023, 0.146878789291313, -0.0329070759882902, 22.2149090909085, 22.4376344086022, 22.3168791208791, 22.0677649844847
8/16/2017, 22.12, 22.25, 22.11, 22.24, 33051, 0.457595406489815, 1.13883509100213, 1.18652726718586, 1.6348762978166, 0, 0.105000324255627, 0.138503096284176, -0.0335027720285489, 22.220363636363, 22.4274838709678, 22.3271965811966, 22.082870273321
8/17/2017, 22.19, 22.23, 22.18, 22.21, 10256, 0.448810254314129, 1.06152199519832, 1.14910134610766, 1.46251325662617, 0, 0.0943817109078893, 0.129678819208919, -0.0352971083010295, 22.2316363636358, 22.41511827957, 22.3354896214896, 22.0968569381419
8/18/2017, 22.24, 22.27, 22.23, 22.27, 16807, 0.438692050332328, 0.901865275833402, 1.39568623702427, 1.70272559173212, 0, 0.0897730342290863, 0.121697662212952, -0.0319246279838659, 22.2396363636357, 22.4053333333334, 22.3468400488401, 22.1119992138365
8/21/2017, 22.3, 22.35, 22.3, 22.34, 25604, 0.433356685893282, 1.0917864334216, 1.6409559836856, 1.86079620476466, 0, 0.0907232387202939, 0.115502777514421, -0.0247795387941267, 22.2747272727266, 22.4014838709678, 22.3625811965812, 22.1285124223603
8/22/2017, 22.28, 22.28, 22.24, 22.25, 59995, 0.435826019987107, 0.597380941261617, 1.43479136378171, 1.9421784440783, 0, 0.0832543306866746, 0.109053088148871, -0.0257987574621968, 22.2629090909085, 22.3862150537635, 22.3717484737485, 22.1424200598114
8/23/2017, 22.28, 22.33, 22.28, 22.32, 14244, 0.430657369958667, 0.864933191353413, 1.49737340673622, 2.01338322006741, 0, 0.0820379003961023, 0.103650050598318, -0.0216121502022153, 22.2790909090903, 22.3761290322582, 22.3840170940171, 22.1577080966447
8/24/2017, 22.3, 22.31, 22.28, 22.29, 13406, 0.41864777355781, 0.534486726224111, 1.38593002045392, 1.986541571515, 0, 0.0777567894801692, 0.0984713983746879, -0.0207146088945187, 22.2885454545448, 22.3586881720431, 22.3974456654457, 22.1719070776598
8/25/2017, 22.32, 22.49, 22.28, 22.46, 159829, 0.441454849909768, 0.691865389496583, 1.89446427287672, 2.1628227792955, 0, 0.0870777790533843, 0.0961926745104272, -0.00911489545704289, 22.3681818181812, 22.3687956989248, 22.4162490842491, 22.1898802660754
8/28/2017, 22.49, 22.55, 22.48, 22.55, 115412, 0.43766395266185, 0.937866907454472, 1.93278084478951, 2.25232056472695, 0, 0.100567696479082, 0.0970676789041582, 0.00350001757492403, 22.456363636363, 22.3861075268818, 22.4376581196581, 22.2096035049288
8/29/2017, 22.65, 22.65, 22.49, 22.49, 131858, 0.452461361756269, 0.861990765985528, 1.96309594617529, 2.24364728284317, 0, 0.105204324701734, 0.0986950080636735, 0.00650931663806099, 22.4919999999993, 22.3989462365592, 22.4548205128205, 22.2274475146094
8/30/2017, 22.42, 22.42, 22.36, 22.36, 54155, 0.461407120957225, 0.238882192572559, 1.78316700319593, 2.20687125645642, 0, 0.0972677305775811, 0.098409552566455, -0.00114182198887391, 22.4778181818175, 22.3895268817205, 22.4693724053724, 22.2418006843456
8/31/2017, 22.33, 22.43, 22.33, 22.43, 29933, 0.459260368407195, 0.669364427752501, 1.82567264339642, 2.26206515308867, 0, 0.0955251826959511, 0.0978326785923542, -0.00230749589640313, 22.475272727272, 22.393806451613, 22.4871794871795, 22.2574753451677
9/1/2017, 22.47, 22.47, 22.38, 22.38, 56445, 0.457379336917101, 0.183702438710548, 1.71181359306226, 2.10512297128575, 0, 0.0890827285699345, 0.0960826885878703, -0.00699996001793581, 22.4554545454539, 22.3954838709679, 22.5007594627595, 22.2716213017752
9/5/2017, 22.51, 22.52, 22.46, 22.51, 35409, 0.46309827108816, 0.275544239110589, 1.81455111520197, 2.11521550551202, 0, 0.0933904043564446, 0.0955442317415852, -0.00215382738514054, 22.4885454545448, 22.4109677419356, 22.5188693528694, 22.2884767801858
9/6/2017, 22.53, 22.56, 22.5, 22.5, 16829, 0.453472221248211, 0.375888263085428, 1.83466381710902, 2.20850710641973, 0, 0.0949033651081947, 0.0954160584149071, -0.000512693306712358, 22.4909090909084, 22.4208602150539, 22.5355091575091, 22.3047246022032
9/7/2017, 22.66, 22.69, 22.6, 22.67, 104300, 0.469473697802405, 0.645722291947721, 1.78783024758329, 2.31347918009945, 0, 0.108568466949507, 0.098046540121827, 0.0105219268276796, 22.5523636363629, 22.4592043010754, 22.5585543345543, 22.3245301787875
9/8/2017, 22.72, 22.74, 22.69, 22.71, 56033, 0.460626168768009, 0.644640789460534, 1.73761279063404, 2.1901743360613, 0, 0.121228379025176, 0.102682907902497, 0.0185454711226792, 22.6025454545448, 22.4926451612904, 22.5828644688645, 22.3448216065378
9/11/2017, 22.63, 22.64, 22.58, 22.58, 53493, 0.468900765194217, 0.79889970380466, 1.32941881871389, 2.07188006221255, 0, 0.119395223198136, 0.106025370961625, 0.0133698522365116, 22.6189090909084, 22.5166451612904, 22.5985567765568, 22.3617116584565
9/12/2017, 22.56, 22.6, 22.55, 22.59, 14637, 0.456325379113818, 0.774536197856064, 1.3464046244695, 2.09822037353464, 0, 0.117396081473842, 0.108299513064068, 0.00909656840977394, 22.6501818181811, 22.5461720430109, 22.616231990232, 22.3784597402598
9/13/2017, 22.54, 22.55, 22.43, 22.44, 50251, 0.472057522213551, 0.532602941310322, 1.31236677404804, 1.90580389947114, 0, 0.102526143296984, 0.107144839110651, -0.00461869581366725, 22.6154545454539, 22.5521075268818, 22.627199023199, 22.3914637904468
9/14/2017, 22.46, 22.54, 22.46, 22.54, 18490, 0.468647837557608, 0.677168138654932, 1.48277355371553, 1.81879645076322, 0, 0.0976847257134423, 0.10525281643121, -0.00756809071776729, 22.5919999999993, 22.5728172043012, 22.6391916971917, 22.4064203643751
9/15/2017, 22.63, 22.65, 22.54, 22.61, 24910, 0.468162589368468, 0.73774447041986, 1.46414277091464, 1.83692391485978, 0, 0.09836242161564, 0.103874737468096, -0.00551231585245569, 22.5969090909084, 22.6041075268818, 22.650967032967, 22.4226118887703
9/18/2017, 22.57, 22.59, 22.52, 22.56, 21318, 0.465686983082447, 0.493574084241418, 1.42923555627335, 1.84170193316903, 0, 0.0937838366773001, 0.101856557309937, -0.00807272063263653, 22.5647272727266, 22.6158924731184, 22.659155067155, 22.4373482309125
9/19/2017, 22.59, 22.63, 22.55, 22.62, 163521, 0.458912618100044, 0.813648264032393, 1.50683492043329, 1.92583535804174, 0, 0.093914189370313, 0.100268083722012, -0.00635389435169885, 22.5694545454538, 22.6346236559141, 22.6688156288156, 22.4530896255372
9/20/2017, 22.64, 22.7, 22.4, 22.44, 181163, 0.506308968375751, 0.557696782395066, 1.06292176536377, 1.66217358630047, 0, 0.0785870960173121, 0.0959318861810719, -0.0173447901637599, 22.5039999999993, 22.6242580645162, 22.6711916971917, 22.4645510290814
9/21/2017, 22.46, 22.51, 22.46, 22.51, 11330, 0.495046405501299, 0.575864226838143, 1.18499518276091, 1.74184981762008, 0, 0.0712671556864137, 0.0909989400821403, -0.0197317843957266, 22.4999999999993, 22.6232903225807, 22.6769572649572, 22.4772869753198
9/22/2017, 22.55, 22.59, 22.51, 22.51, 9780, 0.488063965279544, 0.641294973690215, 1.18499518276091, 1.70409876258543, 0, 0.064719998382305, 0.0857431517421732, -0.0210231533598682, 22.5127272727266, 22.623247311828, 22.6854896214896, 22.4897487526729
9/25/2017, 22.43, 22.45, 22.39, 22.41, 20748, 0.492503519211085, 0.299631824388975, 0.808909757318643, 1.68290126219224, 0, 0.0508757013676053, 0.0787696616672597, -0.0278939602996543, 22.4758181818175, 22.6130322580646, 22.691431013431, 22.4997867215041
9/26/2017, 22.32, 22.34, 22.24, 22.3, 191187, 0.508302855257596, -0.0701827046140861, 0.641269852311279, 1.39906576455464, 0, 0.0306743210698457, 0.0691505935477769, -0.0384762724779312, 22.4121818181811, 22.5830752688173, 22.6905054945055, 22.5072449869224
9/27/2017, 22.17, 22.26, 22.17, 22.2, 52389, 0.514342161650098, -0.0904795489146136, 0.312064125849932, 1.22015839284724, 0, 0.00652025592408378, 0.0566245260230383, -0.0501042700989545, 22.2998181818175, 22.5348387096775, 22.687409035409, 22.5123989419815
9/28/2017, 22.24, 22.28, 22.24, 22.26, 11336, 0.505277456837402, -0.110796882282513, 0.468009623036399, 1.44164527506454, 0, -0.00769184931460387, 0.0437612509555098, -0.0514531002701137, 22.241272727272, 22.4980860215055, 22.6870818070818, 22.5186989418592
9/29/2017, 22.3, 22.3, 22.24, 22.29, 117502, 0.492826486305095, 0.0110508444990337, 0.345955154704365, 1.61930772690942, 0, -0.0163458708057185, 0.0317398266032642, -0.0480856974089827, 22.2223636363629, 22.4630107526883, 22.6859682539682, 22.5254846335698
10/2/2017, 22.21, 22.21, 22.13, 22.15, 50357, 0.507261727347789, -0.635627704652379, -0.0166594344092559, 1.43988861055603, 0, -0.034107900511799, 0.0185702811802515, -0.0526781816920506, 22.1625454545447, 22.4136559139786, 22.6790085470085, 22.5291751601225
10/3/2017, 22.13, 22.19, 22.13, 22.16, 21777, 0.495219083831943, -0.819185613442521, 0.030070822879126, 1.45195855741776, 0, -0.046837605831243, 0.00548870377795264, -0.0523263096091956, 22.1405454545447, 22.3710107526883, 22.671557997558, 22.5329765775696
10/4/2017, 22.21, 22.22, 22.13, 22.2, 15911, 0.489880727604958, -0.605678015243097, 0.139067627470062, 1.40343181825867, 0, -0.053086376599115, -0.00622631229746088, -0.0468600643016541, 22.1214545454538, 22.3286021505377, 22.6642393162393, 22.5375098167539
10/5/2017, 22.09, 22.13, 22.06, 22.07, 22786, 0.499845244458023, -0.608714221351496, -0.282514869485945, 1.15881588495871, 0, -0.0677475345899055, -0.0185305567559498, -0.0492169778339557, 22.0845454545447, 22.2746881720431, 22.6513333333333, 22.5392438471503
10/6/2017, 22.02, 22.1, 22.01, 22.09, 107994, 0.49479426518466, -0.723656242690207, -0.0810136866078096, 0.991861623917618, 0, -0.0768667035617199, -0.0301977861171038, -0.0466689174446161, 22.0785454545447, 22.2229247311829, 22.6401807081807, 22.5413284546766
10/9/2017, 22.11, 22.15, 22.11, 22.14, 53463, 0.482543136948179, -0.504912384219832, -0.26311565987318, 0.909717149069835, 0, -0.0791467737981968, -0.0399875836533224, -0.0391591901448744, 22.0927272727265, 22.1901290322582, 22.6296776556776, 22.5443695479778
10/10/2017, 22.21, 22.27, 22.21, 22.25, 147181, 0.48536313705308, -0.55129879578358, -0.227994586809616, 1.11467247506837, 0, -0.0712562673020081, -0.0462413203830595, -0.0250149469189485, 22.1376363636356, 22.1793548387098, 22.6259291819292, 22.5495667189953
10/11/2017, 22.3, 22.33, 22.28, 22.33, 119622, 0.477356171493931, -0.349569783192037, -0.0180739098544698, 1.05626089325568, 0, -0.0578804429269084, -0.0485691448918293, -0.0093112980350791, 22.1929090909083, 22.1766666666668, 22.624735042735, 22.5562633378225
10/12/2017, 22.28, 22.3, 22.25, 22.28, 23533, 0.472459387073002, -0.878057814686912, -0.162167628062201, 0.955875076756302, 0, -0.0507298062463981, -0.0490012771627431, -0.00172852908365503, 22.2358181818174, 22.1600000000001, 22.6216727716728, 22.5618058760191
10/13/2017, 22.36, 22.36, 22.27, 22.29, 32186, 0.468823480789016, -0.951376028684379, -0.210456265013995, 1.06092513494642, 0, -0.0437516173229575, -0.047951345194786, 0.00419972787182845, 22.2870909090901, 22.1497849462367, 22.6183199023199, 22.5674234810416
10/16/2017, 22.26, 22.27, 22.22, 22.23, 26477, 0.462328907667468, -0.818773724070348, -0.0200313853006635, 0.934839618209722, 0, -0.0425721061456414, -0.0468754973849571, 0.00430339123931562, 22.2896363636356, 22.1295268817206, 22.6102686202686, 22.5717180904523
10/17/2017, 22.15, 22.19, 22.13, 22.18, 41581, 0.462745402911426, -0.959860568719251, -0.136826807153956, 0.897485891358542, 0, -0.0451514394836927, -0.0465306858047042, 0.00137924632101148, 22.2725454545447, 22.1125591397851, 22.5981709401709, 22.5749179104478
10/18/2017, 22.14, 22.21, 22.14, 22.2, 63446, 0.454977855168768, -0.5899389886781, -0.00336810632526723, 0.987225558934945, 1.1887690814626, -0.0450622967772283, -0.046237007999209, 0.00117471122198073, 22.2692727272719, 22.0995913978496, 22.5866349206349, 22.5784301265948
10/19/2017, 22.25, 22.28, 22.23, 22.26, 47149, 0.449033376707517, -0.703267349352126, 0.0468515947310226, 1.02085116441559, 1.13653466258109, -0.0396926003915041, -0.044928126477668, 0.00523552608616391, 22.2607272727265, 22.1075053763442, 22.5778461538461, 22.5830341901185
10/20/2017, 22.16, 22.16, 22.11, 22.12, 38436, 0.463187559549452, -1.20555281020435, -0.24752967173045, 0.764694605291459, 0.935155077907185, -0.0462013271503707, -0.0451827666122086, -0.00101856053816215, 22.1974545454537, 22.1029677419356, 22.5630402930403, 22.5847942625326
10/23/2017, 22.05, 22.1, 22.05, 22.1, 98193, 0.456263501193312, -1.13632252778331, -0.379889448034125, 0.804128915481801, 1.02057388149992, -0.0523696876919217, -0.0466201508281512, -0.00574953686377053, 22.1356363636355, 22.0910322580646, 22.544253968254, 22.5861085604974
10/24/2017, 22.08, 22.1, 22.06, 22.08, 18905, 0.442900915197174, -1.36135047745661, -0.284450895507157, 0.648123670362024, 0.976995621422667, -0.0582010848376768, -0.0489363376300563, -0.00926474720762049, 22.0910909090901, 22.0803225806453, 22.5254139194139, 22.5869869760834
10/25/2017, 22.12, 22.15, 22.11, 22.12, 24373, 0.435817793724047, -0.872954203957276, -0.0864838514242087, 0.721630215529477, 1.00701725670043, -0.0589156998682547, -0.050932210077696, -0.00798348979055871, 22.0856363636355, 22.0679784946238, 22.5063125763126, 22.5885957506684
10/26/2017, 22.05, 22.05, 21.87, 21.88, 149775, 0.475698131504439, -1.50741458588586, -0.548912238257025, 0.364051105626448, 0.809325288364519, -0.0779494785974109, -0.056335663781639, -0.0216138148157719, 21.9987272727264, 22.0339139784947, 22.4750744810745, 22.5855476588629
10/27/2017, 21.79, 21.84, 21.76, 21.83, 91835, 0.480433410968908, -1.62991834289841, -0.580276932584516, 0.316406761752749, 0.742284280257557, -0.0959622741419395, -0.0642609858536991, -0.0317012882882404, 21.9183636363628, 22.002430107527, 22.4421440781441, 22.5815706661759
10/30/2017, 21.86, 21.93, 21.85, 21.93, 42204, 0.477130337135371, -1.11594312317106, -0.510992884759314, 0.516799009817083, 0.78040513016767, -0.101004068096863, -0.0716096023023319, -0.029394465794531, 21.8856363636355, 21.9853333333334, 22.4134774114774, 22.5795352016405
10/31/2017, 21.9, 21.93, 21.89, 21.92, 13898, 0.462604693371795, -0.905482736907712, -0.63850439605891, 0.578447165565688, 0.67042621464265, -0.104600868852465, -0.0782078556123585, -0.0263930132401066, 21.8558181818173, 21.9750322580646, 22.3850891330891, 22.5773197923719
11/1/2017, 21.89, 21.89, 21.85, 21.86, 5209, 0.456691680456279, -0.824656728429516, -0.596827795888084, 0.494417619160862, 0.756183732088372, -0.111013167235313, -0.0847689179369495, -0.0262442492983639, 21.8234545454537, 21.9496344086023, 22.353282051282, 22.5739873021551
11/2/2017, 21.85, 21.93, 21.85, 21.87, 21574, 0.451948611249911, -0.96019397966079, -0.694658133192532, 0.470448191136705, 0.749522688538776, -0.113974219618061, -0.0906099782731719, -0.0233642413448895, 21.82509090909, 21.9339139784947, 22.3264786324786, 22.5708729736912
11/3/2017, 21.88, 21.88, 21.79, 21.81, 10461, 0.45116507664529, -1.18586408983623, -0.74133612481259, 0.363116028257872, 0.668908485940114, -0.11978160573425, -0.0964443037653875, -0.0233373019688625, 21.7992727272718, 21.9147096774195, 22.2984395604395, 22.5666671054364
11/6/2017, 21.79, 21.87, 21.79, 21.86, 13876, 0.445924739503755, -0.740399568950552, -0.960783965569951, 0.570519507814649, 0.620080372311154, -0.118977915588992, -0.100951026130108, -0.0180268894588838, 21.8036363636354, 21.8996989247313, 22.2745128205128, 22.5634344707673
11/7/2017, 21.79, 21.84, 21.77, 21.83, 11961, 0.444824510548533, -0.844593098643081, -1.17012840098096, 0.462964448111072, 0.620947124614744, -0.119385532534004, -0.104637927410888, -0.0147476051231163, 21.8067272727263, 21.8770967741936, 22.2492307692307, 22.559677002584
11/8/2017, 21.84, 21.85, 21.81, 21.83, 14907, 0.431744989098066, -0.955892842130811, -1.0757581041675, 0.549830482714327, 0.571453890914519, -0.118344371650078, -0.107379216258726, -0.0109651553913526, 21.8314545454536, 21.8508602150539, 22.2210378510378, 22.5559575012801
11/9/2017, 21.85, 21.94, 21.85, 21.93, 13833, 0.43336723467443, -0.358921620499761, -0.697788258969044, 0.727122927649135, 0.717570407221147, -0.108202785525634, -0.107543930112107, -0.00065885541352681, 21.8585454545445, 21.8436989247313, 22.1968766788767, 22.5541060330614
11/10/2017, 21.94, 21.98, 21.93, 21.95, 33587, 0.422713270322995, -0.358579381847308, -0.784779583776325, 0.702656109097215, 0.729682768607166, -0.0974285766187251, -0.105520859413431, 0.00809228279470589, 21.8798181818172, 21.8432043010754, 22.1751697191697, 22.5526266180722
11/13/2017, 21.92, 21.94, 21.9, 21.93, 56735, 0.413343751455096, -0.547745367873966, -0.737663759268535, 0.666545373414581, 0.704614707624678, -0.0894723892800471, -0.102311165386754, 0.0128387761067071, 21.9076363636354, 21.8330322580646, 22.151768009768, 22.5507862183479
11/14/2017, 22.03, 22.1, 22.01, 22.08, 22827, 0.428505300993648, -0.42198991854441, -0.692986791231717, 0.773374478970645, 0.689352255227118, -0.0702534688377234, -0.095899626076948, 0.0256461572392246, 21.9852727272717, 21.8439784946237, 22.1349841269841, 22.5516622788976
11/15/2017, 22.12, 22.14, 22.08, 22.09, 64038, 0.420476559241411, -0.613279892420045, -0.659814052233249, 0.80928884857319, 0.708325010185497, -0.0535975799574118, -0.0874392168530408, 0.033841636895629, 22.0456363636353, 21.8593763440861, 22.1197069597069, 22.5526831356243
11/16/2017, 22.09, 22.09, 22.05, 22.06, 24197, 0.409062141158687, -0.564853985248241, -1.03102519680021, 0.528384302321534, 0.702766449017459, -0.0423304581285926, -0.0784174651081511, 0.0360870069795586, 22.0850909090899, 21.8630107526883, 22.1026691086691, 22.5531301256413
11/17/2017, 22.11, 22.14, 22.1, 22.13, 11985, 0.405454825678383, -0.399633190621317, -0.971101763499926, 0.526820558984461, 0.737713293161403, -0.0274364970589609, -0.0682212714983131, 0.0407847744393522, 22.1263636363626, 21.8769247311829, 22.0884786324786, 22.5547966047406
11/20/2017, 22.08, 22.1, 22.02, 22.02, 148943, 0.412083538948659, -0.515784416262445, -0.947442496274521, 0.284154419146373, 0.680937362700271, -0.0242297013826516, -0.0594229574751808, 0.0351932560925292, 22.1221818181808, 21.8799569892474, 22.0723272283272, 22.5544654761905
11/21/2017, 22.03, 22.07, 22.03, 22.04, 42862, 0.402467130275273, -0.342351186496658, -0.928900023375791, 0.308075874561493, 0.759817600383052, -0.0198456910791904, -0.0515075041959827, 0.0316618131167923, 22.1101818181807, 21.8936344086022, 22.0567472527472, 22.5544723697149
11/22/2017, 22.11, 22.23, 22.11, 22.23, 15474, 0.421810920994317, 0.0775628223072526, -0.335754537823877, 0.685278274547096, 0.851727072241635, -0.00102806829352531, -0.0414116170154912, 0.0403835487219659, 22.1523636363626, 21.9381075268818, 22.0518144078144, 22.5577996959183
11/24/2017, 22.33, 22.36, 22.33, 22.34, 11434, 0.427843058863853, 0.186051552394435, -0.316434682568839, 0.820607994934625, 0.966922893484012, 0.0225017281145448, -0.028628947989484, 0.0511306761040288, 22.2307272727262, 21.9938494623657, 22.0506398046398, 22.5629816832831
11/27/2017, 22.4, 22.4, 22.3, 22.31, 13404, 0.429408930446775, 0.4508268369076, -0.48438511405064, 0.692146142806241, 0.968301840925023, 0.0382871614471973, -0.0152457261021478, 0.0535328875493451, 22.2803636363625, 22.0460645161291, 22.0503272283272, 22.5675419443806
11/28/2017, 22.27, 22.27, 22.22, 22.23, 76222, 0.429649463623669, 0.307025086860949, -0.53295073669817, 0.632225283154264, 0.944735015985212, 0.0438365788850632, -0.00342926510470557, 0.0472658439897688, 22.2787272727262, 22.0840000000001, 22.0483492063492, 22.5706250237327
11/29/2017, 22.21, 22.26, 22.2, 22.22, 24616, 0.42185203409255, 0.330439954557212, -0.652257812691958, 0.608565556899629, 0.978609101823566, 0.04688713010977, 0.00663401393818954, 0.0402531161715804, 22.2872727272716, 22.1173333333334, 22.0454456654457, 22.5734692264258
11/30/2017, 22.25, 22.34, 22.25, 22.28, 17282, 0.426610170002677, 0.373821554943402, -0.264066089284976, 0.607019511611324, 0.982092352157195, 0.0535291616378473, 0.0160130434781211, 0.0375161181597262, 22.310909090908, 22.1593548387098, 22.0444468864469, 22.5772835497836
12/1/2017, 22.24, 22.38, 22.23, 22.31, 105523, 0.438351898622889, 1.20803880526685, -0.334830772616907, 0.653609092778, 0.928091075515414, 0.0605161759502941, 0.0249136699725557, 0.0356025059777384, 22.3285454545443, 22.2086666666668, 22.0477533577533, 22.581535444724
12/4/2017, 22.22, 22.24, 22.21, 22.24, 145857, 0.440227037561278, 1.14270511234078, -0.454128669539187, 0.57023581253331, 0.952523699488168, 0.0597166438480805, 0.0318742647476607, 0.0278423791004198, 22.3223636363625, 22.2394408602152, 22.0455189255189, 22.5845108396611
12/5/2017, 22.19, 22.21, 22.17, 22.21, 23447, 0.434539254821912, 0.798809153796945, -0.338631951835116, 0.374220077359156, 0.995637303792229, 0.0560165358608948, 0.0367027189703075, 0.0193138168905873, 22.277818181817, 22.2643010752689, 22.0454627594628, 22.5869136206583
12/6/2017, 22.17, 22.17, 22.13, 22.15, 77149, 0.431989210253496, 0.647427930601827, -0.255296783904635, 0.314785862387341, 0.932685447971348, 0.0476929009893361, 0.0389007553741132, 0.00879214561522287, 22.2061818181806, 22.2795053763442, 22.0448571428571, 22.5882473855031
12/7/2017, 22.11, 22.15, 22.09, 22.1, 42803, 0.424892893971004, 0.680409059578662, -0.168839060966011, 0.126031659718212, 0.876258844162071, 0.0366394218051838, 0.0384484886603273, -0.00180906685514357, 22.1492727272715, 22.2905806451614, 22.041137973138, 22.5887009225488
12/8/2017, 22.05, 22.07, 22.03, 22.05, 70294, 0.420436567298015, 0.506289883774111, -0.369284080165331, 0.114294417834649, 0.864884451976778, 0.02357314128421, 0.0354734191851039, -0.0119002779008939, 22.1041818181806, 22.2794408602152, 22.0363052503052, 22.5882909619544
12/11/2017, 22.07, 22.11, 22.06, 22.06, 14641, 0.412832955279925, 0.713632099836297, -0.405940528497335, -0.005000513883986, 0.870924725362613, 0.0138651079269287, 0.0311517569334688, -0.0172866490065401, 22.0723636363624, 22.2651397849464, 22.0330476190476, 22.5880359340389
12/12/2017, 22.01, 22.02, 21.98, 22.02, 37385, 0.411069039228038, 0.458513942050124, -0.232395869975717, -0.161338129855342, 0.846163765207766, 0.00291020876749926, 0.0255034473002749, -0.0225932385327757, 22.0243636363624, 22.2509462365593, 22.0243125763126, 22.5871014644352
12/13/2017, 22.05, 22.2, 22.05, 22.17, 130293, 0.428468797095684, 0.902414811367038, 0.0305426066199627, 0.0427228995380684, 1.01292086418061, 0.00625995775919819, 0.0216547493920596, -0.0153947916328614, 22.0376363636351, 22.2545376344087, 22.0227472527473, 22.5886473029046
12/14/2017, 22.15, 22.16, 22.09, 22.15, 122321, 0.4254715832971, 0.847561498830548, -0.0777589559263544, 0.054556982857487, 1.0629503709726, 0.0072176248295186, 0.0187673244795514, -0.0115496996500328, 22.058727272726, 22.2499784946238, 22.0190476190476, 22.5898233942595
12/15/2017, 22.14, 22.14, 22.05, 22.05, 45087, 0.428706838618105, 0.31979399230449, -0.0243454785800582, -0.230421500120017, 0.903852018560196, -9.15263242724507E-05, 0.0149955543187866, -0.0150870806430591, 22.0583636363623, 22.2315268817206, 22.0116874236874, 22.5893225181104
12/18/2017, 22.15, 22.16, 22.09, 22.09, 502442, 0.431432163963456, 0.369991500606181, 0.0123787180245856, -0.0530170889627494, 0.968552802682074, -0.00262614302511466, 0.0114712148500064, -0.014097357875121, 22.0719999999987, 22.212989247312, 22.0071037851038, 22.5894660325171
12/19/2017, 22.11, 22.14, 22.08, 22.14, 122812, 0.422485080255426, 0.548353294977656, 0.0123787180245857, -0.187632274112014, 1.01162404160507, -0.00059342228617254, 0.00905828742277058, -0.00965170970894312, 22.1050909090896, 22.2023225806453, 22.0061782661783, 22.5904051522248
12/20/2017, 22.15, 22.2, 22.15, 22.16, 33676, 0.414536493366984, 0.228571312834597, -0.154922510761975, -0.273622305622122, 1.06491216124449, 0.00260136942993583, 0.00776690382420363, -0.0051655343942678, 22.1369090909078, 22.1903870967743, 22.0044957264957, 22.5916386261822
12/21/2017, 22.12, 22.19, 22.12, 22.19, 9935, 0.409050124306523, 0.282768722605243, -0.249780431577468, -0.176554850590378, 1.06348196489828, 0.00746792853025013, 0.00770710876541293, -0.000239180235162798, 22.1685454545441, 22.1801290322582, 22.00242002442, 22.5933228004345
12/22/2017, 22.15, 22.17, 22.13, 22.16, 7839, 0.402661604036267, 0.283150586328561, -0.213402459658447, -0.262003731116613, 0.960400969785871, 0.00880249274240086, 0.00792618556081052, 0.000876307181590342, 22.1749090909078, 22.1704086021507, 22.000358974359, 22.594483805668
12/26/2017, 22.18, 22.21, 22.18, 22.2, 12322, 0.393100544512229, 0.202390070285751, -0.156350874588305, -0.2614933627812, 1.0046840205298, 0.0129386613673859, 0.00892868072212559, 0.00400998064526028, 22.1910909090896, 22.165612903226, 21.9994383394384, 22.5962534006996
12/27/2017, 22.3, 22.3, 22.23, 22.24, 30010, 0.395255867075671, 0.650615037823053, 0.0307567404335268, 0.00551419794578966, 1.08473584917552, 0.0192226833799296, 0.0109874812536864, 0.00823520212624322, 22.2054545454532, 22.1629462365593, 22.0016068376069, 22.5986207228916
12/28/2017, 22.32, 22.32, 22.29, 22.3, 46113, 0.39241999818721, 0.75861611496057, 0.236977367567467, 0.0553575636773562, 0.994828622685628, 0.0287133253170566, 0.0145326500663604, 0.0141806752506962, 22.2585454545441, 22.1758924731184, 22.0079755799756, 22.6018932270917
12/29/2017, 22.38, 22.44, 22.38, 22.38, 20315, 0.402744310169618, 0.499447740001711, 0.345578220790713, 0.229012615858885, 0.985552148291281, 0.0422035624436674, 0.0200668325418218, 0.0221367299018456, 22.3281818181804, 22.1982365591399, 22.0158705738706, 22.6063716562322
1/2/2018, 22.48, 22.5, 22.45, 22.5, 19470, 0.407233190156278, 0.524107294851277, 0.447655499508661, 0.336623555966784, 1.0615249162531, 0.061864533839799, 0.0284263728014173, 0.0334381610383817, 22.4067272727259, 22.2319354838711, 22.0304713064713, 22.612665788318
1/3/2018, 22.45, 22.45, 22.4, 22.41, 35085, 0.410736699669364, 0.318877864195518, 0.55191159318938, 0.176887508566145, 1.00277542540075, 0.0693839326961445, 0.0366178847803627, 0.0327660479157818, 22.437636363635, 22.2560430107528, 22.0403394383394, 22.6174429678504
1/4/2018, 22.47, 22.5, 22.46, 22.48, 37800, 0.409002623114365, 0.800912237474529, 0.714866386797482, 0.188449672343634, 0.970602480710979, 0.0800685451027299, 0.0453080168448361, 0.0347605282578937, 22.4852727272713, 22.2798924731184, 22.0569572649573, 22.6232348309403
1/5/2018, 22.44, 22.47, 22.43, 22.45, 28183, 0.400207573239661, 0.733802628238915, 0.696421138327084, 0.25066878005487, 0.945120489952741, 0.0851340557335014, 0.0532732246225692, 0.0318608311109322, 22.5079999999986, 22.298301075269, 22.0742490842491, 22.6284641544118
1/8/2018, 22.38, 22.39, 22.36, 22.37, 60879, 0.401673089775094, 0.285499086784544, 0.470190557835914, 0.251521319761415, 0.900088582120003, 0.0817508055925558, 0.0589687408165665, 0.0227820647759893, 22.4932727272713, 22.3165806451614, 22.0867838827839, 22.6323641172179
1/9/2018, 22.31, 22.34, 22.31, 22.34, 31074, 0.395530692361478, 0.0998672235683525, 0.960425839429811, 0.141152235700927, 0.881211229094768, 0.0757753155323506, 0.0623300557597233, 0.0134452597726273, 22.4523636363622, 22.3374838709679, 22.0952063492064, 22.6357316079993
1/10/2018, 22.41, 22.43, 22.36, 22.39, 43403, 0.39501330433174, 0.47794444747499, 1.17222588502877, 0.239168084645144, 0.843213180374623, 0.0742187314050433, 0.0647077908887873, 0.00951094051625598, 22.4269090909076, 22.3627311827959, 22.1073846153846, 22.6398090449254
1/11/2018, 22.47, 22.5, 22.46, 22.48, 19353, 0.398226445275279, 0.833218371581088, 1.15166594040876, 0.274355873288822, 0.973763103061148, 0.0793328751069566, 0.0676328077324212, 0.0117000673745354, 22.4301818181804, 22.393548387097, 22.1224151404151, 22.6451983961984
1/12/2018, 22.61, 22.7, 22.6, 22.7, 141810, 0.423106782612284, 1.46401998275585, 1.49660631996496, 0.441941898125942, 1.12488807910134, 0.0999854620516807, 0.0741033385962731, 0.0258821234554076, 22.5083636363622, 22.4500000000002, 22.1498778998779, 22.6538656056587
1/16/2018, 22.75, 22.84, 22.73, 22.82, 98049, 0.43051261029947, 1.89267448618473, 1.82435802245551, 0.686571126039339, 1.28655052436518, 0.12459947789667, 0.0842025664563524, 0.0403969114403173, 22.6221818181804, 22.5225806451615, 22.1822246642247, 22.6642306454915
1/17/2018, 22.77, 22.87, 22.75, 22.75, 90701, 0.436619027634383, 1.82553631242284, 1.65379292678314, 0.522167631321152, 1.23513244369655, 0.136879980591218, 0.0947380492833254, 0.0421419313078921, 22.7118181818167, 22.5847956989249, 22.215054945055, 22.673380257162
1/18/2018, 22.79, 22.81, 22.76, 22.78, 110414, 0.427411270182094, 1.87793286371773, 1.84295341139232, 0.592625921901834, 1.25972197809766, 0.147334733635766, 0.105257386153814, 0.0420773474819526, 22.7801818181803, 22.6433118279572, 22.2500268620269, 22.6828473902524
1/19/2018, 22.79, 22.8, 22.76, 22.76, 25314, 0.415184854921384, 1.94878170107849, 1.70828156023229, 0.375440161449922, 1.24737187435426, 0.152251309569404, 0.114656170836932, 0.0375951387324727, 22.8354545454531, 22.6938064516131, 22.2811843711844, 22.6918733562036
1/22/2018, 22.81, 22.83, 22.78, 22.83, 234399, 0.408546952830054, 1.81799344972443, 1.8953120882812, 0.351195621560904, 1.28115241378445, 0.159952315676168, 0.123715399804779, 0.0362369158713893, 22.8936363636349, 22.7456344086023, 22.3154920634921, 22.7018164278621
1/23/2018, 22.86, 22.9, 22.84, 22.89, 100142, 0.402392773545419, 2.04632583912309, 2.00219123466865, 0.494080731095198, 1.35064641199886, 0.168949373843276, 0.132762194612478, 0.0361871792307974, 22.9358181818167, 22.7973548387099, 22.3489133089133, 22.712511616119
1/24/2018, 23.03, 23.11, 23.03, 23.09, 163993, 0.426601648208397, 2.79391949741284, 2.0916395606966, 0.874433238027947, 1.52453312683653, 0.190027418004476, 0.144215239290878, 0.0458121787135981, 23.0127272727258, 22.8660215053765, 22.3929694749695, 22.7260319190564
1/25/2018, 23.21, 23.27, 23.01, 23.06, 279689, 0.462173480237437, 2.56176509100106, 1.99383752952627, 0.757917639508415, 1.49293641217856, 0.201982838153516, 0.155768759063406, 0.0462140790901101, 23.0483636363621, 22.9248387096776, 22.4368669108669, 22.7389163846197
1/26/2018, 23.12, 23.17, 23.11, 23.11, 57839, 0.461914081850348, 2.55653469765117, 2.12162902513701, 0.876170167199333, 1.47794057800357, 0.213036425584772, 0.167222292367679, 0.0458141332170929, 23.0827272727257, 22.9808817204303, 22.4815091575092, 22.7523585295333
1/29/2018, 23.05, 23.07, 23, 23.07, 110616, 0.463419710012287, 2.35500036689122, 1.81727977085152, 0.681228336136259, 1.38719593200686, 0.21607799493308, 0.176993432880759, 0.0390845620523211, 23.1129090909075, 23.0348172043012, 22.5253333333333, 22.7650230968977
1/30/2018, 23.13, 23.16, 23.07, 23.09, 79380, 0.459356347963806, 2.32472877147386, 1.83460494806388, 0.7166159697491, 1.44857364610079, 0.217594005163999, 0.185113547337407, 0.032480457826592, 23.1538181818166, 23.0841505376346, 22.5657020757021, 22.7755380620473
1/31/2018, 23.16, 23.19, 23.07, 23.12, 22993, 0.461773839565747, 2.51726745286696, 1.95228262908474, 0.558671513899363, 1.43428527756307, 0.218695221098034, 0.191829882089533, 0.0268653390085018, 23.1763636363621, 23.1245591397851, 22.6084615384616, 22.7873748804155
2/1/2018, 23.14, 23.24, 23.13, 23.24, 36068, 0.462237547858092, 2.66351953502261, 2.01344973593368, 0.647427628074113, 1.40809524700909, 0.226638393455488, 0.198791584362724, 0.0278468090927644, 23.2261818181802, 23.1759569892475, 22.6560195360196, 22.8022397157305
2/2/2018, 23.12, 23.15, 23.04, 23.11, 98009, 0.484867182241928, 2.05919258842404, 1.97514782029215, 0.651360034653892, 1.35670574250266, 0.21990853255657, 0.203014974001493, 0.0168935585550768, 23.2019999999984, 23.2067741935485, 22.695137973138, 22.8139374060408
2/5/2018, 23.04, 23.04, 22.99, 22.99, 89363, 0.48912642681733, 1.54890895443773, 1.67666635348308, 0.49230587213214, 1.28494875836534, 0.20255711980036, 0.202923403161266, -0.00036628336090605, 23.1312727272711, 23.2174408602152, 22.7260537240538, 22.8240218668854
2/6/2018, 22.9, 23.02, 22.89, 22.97, 67495, 0.493372473874788, 1.3272522488668, 1.36698634118708, 0.659128304606897, 1.28615921661833, 0.185058923255749, 0.199350507180163, -0.014291583924414, 23.0569090909075, 23.2222150537636, 22.7533675213676, 22.8335358753588
2/7/2018, 22.93, 22.94, 22.8, 22.82, 157841, 0.509032753666025, 0.696503161173551, 0.869658563545136, 0.353959101799891, 1.07971011174597, 0.157274764444377, 0.190935358633006, -0.0336605941886285, 22.966363636362, 23.200924731183, 22.7748937728938, 22.8410835041684
2/8/2018, 22.88, 22.88, 22.8, 22.82, 32593, 0.501109599768876, 0.914006696435919, 0.926059502834178, 0.270447445747587, 1.0481735811028, 0.133714243843507, 0.179491135675106, -0.0457768918315994, 22.8845454545438, 23.1780430107529, 22.7966764346765, 22.8488918955857
2/9/2018, 22.8, 22.82, 22.76, 22.8, 38682, 0.489629605850414, 0.717993803956264, 1.04824246042961, 0.307354457731729, 1.06962718028202, 0.112135895864554, 0.166020087712996, -0.0538841918484413, 22.8189090909075, 23.1512903225808, 22.8140854700855, 22.8564490911576
2/12/2018, 22.82, 22.87, 22.82, 22.87, 43247, 0.479028301824223, 0.936440567146383, 1.1869295657202, 0.318301319639004, 1.11667312170378, 0.0995359264125035, 0.152723255452897, -0.0531873290403937, 22.786363636362, 23.1338064516131, 22.8343003663004, 22.8661962552959
2/13/2018, 22.96, 22.99, 22.95, 22.97, 34451, 0.47921673485346, 1.34646577284231, 1.24493733733119, 0.666976964820287, 1.17291969563111, 0.0965070508997847, 0.141480014542275, -0.04497296364249, 22.8032727272711, 23.1306666666668, 22.8592551892552, 22.875917725844
2/14/2018, 22.93, 23.15, 22.92, 23.15, 50820, 0.501392137347937, 1.73066344257946, 1.44833331386919, 0.783348098231022, 1.26678499651872, 0.107393179191529, 0.134662647472126, -0.0272694682805964, 22.8949090909074, 23.1545591397851, 22.8886251526252, 22.8882506491732
2/15/2018, 23.19, 23.24, 23.14, 23.24, 64067, 0.495992537892621, 1.7992829959858, 1.72918657909272, 0.885236518754509, 1.29745106053015, 0.121877830369485, 0.132105684051598, -0.0102278536821128, 23.0399999999983, 23.179677419355, 22.9215824175825, 22.9022263222633
2/16/2018, 23.13, 23.17, 23.09, 23.1, 84439, 0.506516158077631, 1.25249038917372, 1.49929898011374, 0.836884475578334, 1.26191462326927, 0.120669191487607, 0.1298183855388, -0.00914919405119205, 23.1107272727256, 23.1863440860217, 22.9486886446887, 22.9148990023234
2/20/2018, 22.99, 22.99, 22.95, 22.96, 25443, 0.51678994290129, 0.549678058315061, 1.33962529052363, 0.801914845425777, 1.10172903404161, 0.107179013543259, 0.125290511139691, -0.0181114975964322, 23.1096363636347, 23.1692473118281, 22.9714163614164, 22.9251056443898
2/21/2018, 22.95, 22.98, 22.87, 22.87, 54248, 0.516931448822166, 0.114931097761351, 1.26740869130938, 0.818572893252225, 1.02125299971282, 0.0882088853698448, 0.117874185985722, -0.0296653006158773, 23.0750909090892, 23.1321075268819, 22.9914676434677, 22.9344067240673
2/22/2018, 22.93, 22.97, 22.92, 22.95, 89695, 0.511159526049446, 0.428352521978156, 1.47972794369719, 0.838621597119924, 1.14115324251524, 0.0787227862554012, 0.110043906039658, -0.0313211197842568, 23.0436363636347, 23.0998924731184, 23.0135091575092, 22.9437652043188
2/23/2018, 22.92, 22.94, 22.89, 22.92, 13049, 0.499326159105281, 0.302464827981999, 1.41117613683587, 0.766906966965856, 1.19203770275127, 0.0680003691571329, 0.101635198663153, -0.03363482950602, 22.9947272727256, 23.0632688172045, 23.0339706959708, 22.9525062183956
2/26/2018, 22.92, 22.93, 22.89, 22.92, 61190, 0.483085854640418, 0.34478718464874, 1.48351462102109, 0.95050018237623, 1.19856342943624, 0.0588246820384661, 0.0930730953382156, -0.0342484132997495, 22.9363636363619, 23.0292258064518, 23.0526373626374, 22.9612223588903
2/27/2018, 22.88, 22.88, 22.78, 22.79, 48417, 0.492264651116299, -0.0706494404170886, 1.02366190799445, 0.773246720004048, 1.11508685389197, 0.040595016266991, 0.0825774795239707, -0.0419824632569797, 22.8405454545437, 22.9905161290324, 23.064004884005, 22.9691111111112
2/28/2018, 22.77, 22.78, 22.73, 22.73, 19239, 0.482084286361348, -0.315488044715459, 0.955203634457472, 0.652371056591664, 1.0296772460496, 0.0210635685398586, 0.0702746973271483, -0.0492111287872897, 22.7483636363619, 22.951612903226, 23.0727472527473, 22.9758209648764
3/1/2018, 22.7, 22.83, 22.68, 22.83, 36081, 0.488825538219174, -0.554575236641685, 1.29008386106783, 0.934913977395325, 1.04849252404705, 0.0134983195395115, 0.0589194217696209, -0.0454211022301094, 22.7398181818164, 22.9213118279572, 23.0868058608059, 22.9837124504579
3/2/2018, 22.9, 22.91, 22.87, 22.89, 29787, 0.480641882292118, -0.355160617078599, 1.31778454553242, 0.979771467703354, 0.985834267471758, 0.0122036279348023, 0.0495762630026572, -0.0373726350678549, 22.7874545454528, 22.9001075268819, 23.0999584859585, 22.9924086374198
3/5/2018, 22.87, 22.9, 22.85, 22.88, 40403, 0.467735928819197, -0.487535899835731, 1.21980627948403, 0.907828836413712, 0.908773215206699, 0.0102524749347026, 0.0417115053890663, -0.0314590304543637, 22.8227272727255, 22.8755913978496, 23.1116654456655, 23.0006519065191
3/6/2018, 22.97, 23.01, 22.97, 22.98, 55676, 0.47070096383003, -0.179677573585244, 1.33496399866712, 0.893357577340596, 1.00445728191807, 0.0165841644652858, 0.0366860372043102, -0.0201018727390244, 22.8765454545437, 22.8676559139787, 23.1267277167278, 23.0094694546946
3/7/2018, 23, 23, 22.95, 22.99, 14623, 0.457845704278964, -0.200828538044355, 1.30184042353143, 0.810928023505609, 0.933845325524134, 0.0221536173514671, 0.0337795532337416, -0.0116259358822744, 22.9147272727255, 22.8640215053765, 23.1424566544567, 23.0184078174116
3/8/2018, 22.95, 22.95, 22.83, 22.85, 26392, 0.472629282464101, -0.540906093493966, 1.09977305070334, 0.697399812139715, 0.826241088939254, 0.015096594771105, 0.0300429615412143, -0.0149463667701092, 22.9139999999982, 22.8553118279572, 23.1460952380953, 23.0245171518382
3/9/2018, 22.85, 22.89, 22.85, 22.85, 36770, 0.457750553570655, -0.814686651753253, 1.03658281642571, 0.685333640863723, 0.872044011437694, 0.00939554750989657, 0.0259134787349507, -0.0165179312250542, 22.9127272727255, 22.8461505376346, 23.1479120879122, 23.0302353423535
3/12/2018, 22.85, 22.92, 22.85, 22.91, 25919, 0.449001315654081, -0.422051732144098, 1.06398887027037, 0.829203250083238, 0.881846318935749, 0.00960816806011877, 0.0226524165999843, -0.0130442485398656, 22.9359999999981, 22.8492903225808, 23.1538266178267, 23.0363698236983
3/13/2018, 22.93, 22.98, 22.93, 22.94, 132821, 0.44125061615315, -0.10162286442626, 1.01739852620864, 0.926831104325442, 0.912172592452656, 0.0120584187127406, 0.0205336170225356, -0.008475198309795, 22.94418181818, 22.8548602150539, 23.1601123321124, 23.0423222632227
3/14/2018, 22.92, 22.96, 22.91, 22.95, 35294, 0.429898678772357, -0.0348241212764228, 0.910998829615327, 0.914377082382203, 0.950710533723559, 0.0146384336831709, 0.0193545803546627, -0.00471614667149179, 22.9356363636345, 22.8638709677421, 23.1647545787546, 23.0486054393878
3/15/2018, 22.89, 22.91, 22.83, 22.83, 50761, 0.436831622598963, 0.0324657884420345, 0.530961335973637, 0.694337873485312, 0.856503568129332, 0.00692034360378813, 0.0168677330044878, -0.00994738940069962, 22.8936363636345, 22.8605591397851, 23.1635750915751, 23.0538258849256
3/16/2018, 22.83, 22.83, 22.78, 22.81, 21007, 0.426314013447505, -0.0132976432673825, 0.648955403074852, 0.851804077867898, 0.807846262881914, -0.000800898978109643, 0.0133340066079683, -0.0141349055860779, 22.8567272727254, 22.8645806451614, 23.1594847374848, 23.0578469318027
3/19/2018, 22.88, 22.92, 22.87, 22.91, 11152, 0.427237516996976, 0.255296695080192, 0.690412380279986, 0.989879841157442, 0.896513946060036, 0.00113602947171643, 0.0108944111807179, -0.00975838170900148, 22.8567272727254, 22.8753978494625, 23.1601440781441, 23.062504031707
3/20/2018, 22.81, 22.82, 22.77, 22.77, 15490, 0.439113348207321, -0.205535353617675, 0.507539093847429, 0.837299109364331, 0.74326398007132, -0.00852747136641341, 0.00701003467129164, -0.015537506037705, 22.8267272727254, 22.861741935484, 23.1532478632479, 23.065208692087
3/21/2018, 22.86, 22.96, 22.82, 22.96, 63153, 0.455081898595238, -0.00945089912918144, 0.89710900378263, 0.989638098918087, 0.857681693298804, -0.000844715939120277, 0.00543908454920926, -0.00628380048832953, 22.8758181818163, 22.8722795698926, 23.1539682539683, 23.0708375017084
3/22/2018, 22.92, 22.94, 22.88, 22.93, 34266, 0.450337826958541, -0.466924240166982, 0.898342648195086, 1.29370265881812, 0.815792205349244, 0.00279100088783935, 0.00490946781693528, -0.00211846692909593, 22.8881818181799, 22.8690752688173, 23.1547716727717, 23.0756184228509
3/23/2018, 22.98, 23.03, 22.96, 23.01, 161886, 0.448063192244736, -0.488831990741939, 0.937607436082055, 1.45016558058452, 0.866654586217196, 0.011989457081178, 0.00632546566978383, 0.00566399141139422, 22.9238181818162, 22.8753118279571, 23.1587838827839, 23.0813942872762
3/26/2018, 23.08, 23.14, 23.08, 23.12, 80837, 0.451749020366514, 0.0537965432881943, 0.960113941270553, 1.45470478003238, 0.971514738107351, 0.0278345215394218, 0.0106272768437114, 0.0172072446957104, 23.0007272727253, 22.8929462365593, 23.1663833943834, 23.0886005193386
3/27/2018, 23, 23.05, 22.99, 23.03, 48936, 0.459062765233614, 0.168733355187364, 0.520303945006098, 1.35210713802754, 0.955596729042757, 0.0327520561259185, 0.0150522327001528, 0.0176998234257656, 23.0410909090889, 22.9017634408604, 23.1725103785104, 23.0933926472598
3/28/2018, 22.92, 22.93, 22.82, 22.82, 476743, 0.486135175686399, -0.0946499238802942, 0.014777798904841, 1.14627939590885, 0.816725589978396, 0.0194794458318484, 0.0159376753264919, 0.00354177050535641, 23.005999999998, 22.8895698924733, 23.1689841269841, 23.0942224955583
3/29/2018, 22.87, 22.89, 22.83, 22.85, 74357, 0.476539364275949, -0.202062475330042, 0.163832684345042, 1.16845000012836, 0.815668346869348, 0.0112518514894084, 0.0150005105590752, -0.0037486590696668, 22.9643636363616, 22.8941505376346, 23.1655677655678, 23.096487631543
4/2/2018, 22.89, 22.9, 22.83, 22.86, 34153, 0.467824945320218, -0.117353904321863, 0.133986417648008, 1.2562847567033, 0.803389039527734, 0.00547522513576837, 0.0130954534744139, -0.0076202283386455, 22.9210909090889, 22.9079354838711, 23.1635653235653, 23.098274429411
4/3/2018, 22.8, 22.83, 22.79, 22.81, 42084, 0.460752053376553, -0.222759350245331, 0.0892216566890208, 1.13701388637322, 0.851467496599647, -0.00310162143914283, 0.00985603849170253, -0.0129576599308454, 22.8778181818161, 22.908494623656, 23.156398046398, 23.0989894765615
4/4/2018, 22.85, 22.87, 22.83, 22.84, 52599, 0.450274370430964, 0.120079788545396, 0.0295984416171656, 1.20869565163726, 0.832787244509144, -0.00739286452274612, 0.0064062578888128, -0.0137991224115589, 22.8223636363616, 22.9053978494625, 23.1504078144078, 23.0995175618423
4/5/2018, 22.77, 22.79, 22.72, 22.75, 43833, 0.455826518224662, 0.0537796452751865, -0.193451505354135, 1.09788081719965, 0.823184140248532, -0.0178501875708967, 0.00155496879687089, -0.0194051563677676, 22.7699999999979, 22.8856559139786, 23.1441196581197, 23.0987500341671
4/6/2018, 22.82, 22.84, 22.8, 22.84, 403340, 0.451031113184348, 0.0318871127459425, -0.369192602945952, 1.08333731916981, 0.90433651419176, -0.0186603388186377, -0.00248809272623083, -0.0161722460924069, 22.7541818181797, 22.8834408602152, 23.1438290598291, 23.1001634549679
4/9/2018, 22.89, 22.91, 22.88, 22.89, 86111, 0.442834123804019, 0.00999717869033814, -0.245665341569923, 1.11565827447611, 0.908273419723752, -0.0150938152797622, -0.0050092372369371, -0.0100845780428251, 22.7765454545434, 22.8862795698926, 23.1446910866911, 23.1019133524669
4/10/2018, 22.96, 22.98, 22.92, 22.96, 92333, 0.439009121915518, 0.182978390035121, -0.21376353464494, 1.21736375739725, 0.940851418097913, -0.00654347558087309, -0.0053160849057243, -0.0012273906751488, 22.8516363636342, 22.8981935483872, 23.1464102564102, 23.1039174525079
4/11/2018, 22.98, 23.03, 22.98, 22.98, 62519, 0.431926325814677, 0.00988260805442715, -0.122767597928209, 1.07664851913462, 0.922344119600167, 0.00182551963142785, -0.00388776399829387, 0.00571328362972172, 22.9243636363615, 22.9037204301077, 23.1482466422466, 23.1076490364904
4/12/2018, 22.88, 22.93, 22.87, 22.92, 83884, 0.435400681451143, -0.143227327956866, -0.243904249962568, 0.992417998513027, 0.899413895230893, 0.00357529628344722, -0.00239515194194565, 0.00597044822539287, 22.9370909090888, 22.8964086021507, 23.1482368742369, 23.1109829164959
4/13/2018, 22.91, 22.94, 22.91, 22.92, 246490, 0.420175149996388, 0.170917694419568, -0.289676858888253, 1.02928848110636, 0.779009867144529, 0.00490545979960544, -0.000935029593635433, 0.00584048939324087, 22.9503636363615, 22.8945376344088, 23.1484249084249, 23.1140746207463
4/16/2018, 23.02, 23.02, 22.98, 23.01, 37157, 0.419334798610227, 0.371092022934963, -0.336364857931323, 1.04745563398165, 0.787535106837083, 0.0130711952062832, 0.00186621536634829, 0.0112049798399349, 22.9929090909069, 22.9075053763442, 23.1505445665446, 23.1183233565669
4/17/2018, 22.96, 23, 22.95, 22.99, 59932, 0.411763768169651, 0.191275618393485, -0.172989229303484, 1.16677216394435, 0.722982522754501, 0.0177244500667157, 0.00503786230642178, 0.012686587760294, 23.0103636363614, 22.9164946236561, 23.1505592185592, 23.1229900232336
4/18/2018, 22.98, 23, 22.95, 22.96, 39766, 0.402575199421135, 0.0549928885720102, -0.0339453387446824, 1.10676070310743, 0.705399891812025, 0.0187750121360928, 0.00778529227235598, 0.0109897198637368, 23.0136363636341, 22.9276344086023, 23.1473577533578, 23.1271239579063
4/19/2018, 22.98, 22.98, 22.87, 22.89, 55111, 0.407643960234766, -0.124988795245565, -0.112835168233378, 0.812827660920917, 0.747649908918565, 0.0138000962401819, 0.00898825306592116, 0.0048118431742607, 22.9681818181796, 22.9306881720432, 23.139391941392, 23.1299909799098
4/20/2018, 22.77, 22.79, 22.74, 22.77, 92634, 0.422240743842122, -0.125670683272608, -0.0667611789791033, 0.534576293384686, 0.680450760227171, 0.000172454484239637, 0.00722509334958486, -0.00705263886534522, 22.8916363636341, 22.9098279569894, 23.1244908424909, 23.1309334426678
4/23/2018, 22.68, 22.68, 22.6, 22.62, 378145, 0.441366076499596, -0.398852334344077, -0.299894350510761, 0.386513675726295, 0.54111130132801, -0.0224722500765075, 0.00128562466436637, -0.0237578747408739, 22.7770909090886, 22.8704516129034, 23.1027277167278, 23.1303340166735
4/24/2018, 22.63, 22.67, 22.61, 22.66, 59417, 0.431796805732561, -0.538571070578917, -0.205165106427364, 0.531380409947152, 0.582543942228766, -0.0367668505149688, -0.00632487037150065, -0.0304419801434681, 22.7050909090886, 22.8416344086023, 23.0814139194139, 23.1293836271696
4/25/2018, 22.55, 22.58, 22.53, 22.54, 60619, 0.441228475466053, -0.503260697270088, -0.498138060732588, 0.397533175550259, 0.504179790963798, -0.0571199779181519, -0.0164838918808309, -0.040636086037321, 22.6119999999977, 22.8012043010754, 23.0577191697192, 23.1261571682384
4/26/2018, 22.58, 22.59, 22.44, 22.45, 38079, 0.454255026510226, -1.24293684792503, -0.797680535007729, 0.21951453591182, 0.415003848542831, -0.0795947076167316, -0.029106055028011, -0.0504886525887206, 22.4998181818159, 22.7526021505378, 23.0293748473749, 23.1205097717644
4/27/2018, 22.39, 22.47, 22.38, 22.47, 92488, 0.451184872180545, -1.11554424754457, -1.09154973827203, 0.207560828340998, 0.432630386274734, -0.0947006102852335, -0.0422249660794555, -0.0524756442057779, 22.4201818181795, 22.7017634408604, 22.9994627594628, 23.1150958042914
4/30/2018, 22.37, 22.42, 22.37, 22.37, 94076, 0.452893065444881, -1.57497452556012, -1.40701049984977, 0.172303120625379, 0.373143078669547, -0.113433717956731, -0.0564667164549106, -0.0569670015018204, 22.3485454545431, 22.6392258064518, 22.9657606837607, 23.1079983599837
5/1/2018, 22.27, 22.27, 22.2, 22.22, 157276, 0.471406704784064, -2.25223398380188, -1.42486097629722, 0.0309571847239562, 0.20192199689407, -0.138783774189879, -0.0729301280019042, -0.0658536461879743, 22.2559999999976, 22.5671612903227, 22.9264078144079, 23.0985622522893
5/2/2018, 22.22, 22.26, 22.12, 22.13, 166265, 0.481288934988107, -2.25845998525944, -1.36672419346984, -0.00398632626828177, 0.154753429329134, -0.164242835065537, -0.0911926694146307, -0.0730501656509058, 22.1683636363613, 22.4787956989249, 22.8835067155068, 23.087757824245
5/3/2018, 22.2, 22.24, 22.17, 22.22, 40991, 0.480125019114422, -1.59192618632856, -1.05869787022887, 0.158813531409455, 0.142563953760171, -0.175138192332046, -0.107981773998114, -0.0671564183339321, 22.1430909090885, 22.4186451612905, 22.8452283272284, 23.0778007380075
5/4/2018, 22.11, 22.2, 22.11, 22.18, 71216, 0.481738459354659, -1.79695843144732, -1.26953150040767, 0.17082184652411, 0.142788524430411, -0.184869447257864, -0.123359308650064, -0.0615101386077999, 22.1165454545431, 22.3561935483873, 22.8045128205129, 23.0663938772722
5/7/2018, 22.12, 22.16, 22.11, 22.14, 77559, 0.474286859849233, -1.94175448438684, -1.28740123351063, 0.112567910227151, 0.0545517244844078, -0.193577758698229, -0.137402998659697, -0.0561747600385323, 22.0783636363612, 22.2988387096776, 22.7629230769232, 23.0544212108788
5/8/2018, 22.04, 22.09, 22.01, 22.05, 47207, 0.481890046404033, -2.03068266175775, -1.42948170656605, 0.0543921493167382, -0.0515455394468059, -0.205373982662067, -0.150997195460171, -0.0543767872018963, 22.0432727272703, 22.2430107526883, 22.7183321123322, 23.0415213885473
5/9/2018, 22.08, 22.09, 22.04, 22.05, 23541, 0.469133412564557, -2.13062918872668, -1.23887830982078, -0.121976747778423, -0.039794084753985, -0.212275594227329, -0.163252875213602, -0.0490227190137263, 22.0174545454521, 22.1880860215056, 22.6752136752137, 23.0293297799645
5/10/2018, 22.17, 22.19, 22.07, 22.16, 105002, 0.475052895293143, -1.5033541268715, -0.931923610171293, 0.0310230342889004, 0.04271501367313, -0.206488815889831, -0.171900063348848, -0.0345887525409825, 22.0383636363612, 22.1394408602152, 22.6388644688645, 23.0181426814269
5/11/2018, 22.22, 22.23, 22.18, 22.19, 31282, 0.466462981149673, -1.70941861888817, -1.06069676961041, 0.183624338345189, -0.0220235644243066, -0.197208703905865, -0.176961791460251, -0.0202469124456136, 22.0894545454521, 22.1008602150539, 22.6066544566545, 23.007655596556
5/14/2018, 22.26, 22.27, 22.18, 22.18, 71472, 0.463628172864098, -1.9038193760286, -1.18580775422034, 0.124929019711621, 0.0368156455036136, -0.188488289059102, -0.179267090980021, -0.00922119807908009, 22.1323636363611, 22.0659354838712, 22.5722344322345, 22.9980956676234
5/15/2018, 21.99, 22.06, 21.96, 22.01, 34744, 0.493825953222144, -2.47456128233273, -1.41214128668176, -0.130798162197211, -0.158387529603161, -0.193069294075922, -0.182027531599202, -0.0110417624767206, 22.0969090909066, 22.0104946236561, 22.5321074481075, 22.9855640289737
5/16/2018, 21.97, 22.01, 21.94, 21.97, 42823, 0.485919607141485, -2.6641635124769, -1.66952933213729, -0.200135433349481, -0.235654788226078, -0.197649063885958, -0.185151838056553, -0.0124972258294052, 22.0410909090884, 21.9571397849464, 22.4899096459097, 22.9722820828209
5/17/2018, 21.95, 21.97, 21.93, 21.95, 33756, 0.471155857879431, -2.56301342716853, -1.7221009564691, -0.258031020070151, -0.218434007765813, -0.200580233237002, -0.188237517092643, -0.012342716144359, 22.0050909090884, 21.9008602150539, 22.4454114774115, 22.9584728713954
5/18/2018, 21.87, 21.93, 21.87, 21.9, 153273, 0.466884818558485, -2.7123908229314, -1.60787664043267, -0.281380485141332, -0.271861925133765, -0.204579522805631, -0.19150591823524, -0.0130736045703904, 21.9585454545429, 21.8493978494625, 22.3983687423688, 22.9452499658331
5/21/2018, 21.88, 21.93, 21.85, 21.92, 323012, 0.461384062504985, -3.0366862780011, -1.5703062922416, -0.304385579130055, -0.283466794901055, -0.203786037165031, -0.193961942021198, -0.00982409514383265, 21.9261818181792, 21.8098709677421, 22.3536336996338, 22.9326273062731
5/22/2018, 21.94, 21.96, 21.9, 21.92, 35763, 0.452000990766598, -2.96706462507296, -1.6843733267674, -0.350802086144656, -0.179892391034657, -0.200842012379205, -0.1953379560928, -0.00550405628640521, 21.8878181818156, 21.7812688172045, 22.3112429792431, 22.9195719557196
5/23/2018, 21.82, 21.83, 21.77, 21.82, 119913, 0.465741000537289, -3.13222302029478, -1.89873199696137, -0.534421903868263, -0.251661451267349, -0.204223850368898, -0.197115134948019, -0.0071087154208784, 21.8219999999974, 21.7480215053765, 22.2697802197803, 22.9049028290283
5/24/2018, 21.85, 21.91, 21.85, 21.86, 73720, 0.462229881067587, -2.76361620097206, -1.83742800430567, -0.581033891473286, -0.191765367700389, -0.201355218020431, -0.197963151562502, -0.00339206645792964, 21.8045454545428, 21.7233333333335, 22.2333772893774, 22.8907639743065
5/25/2018, 21.76, 21.78, 21.75, 21.75, 271548, 0.466626571960027, -2.75791335411295, -1.83211782719769, -0.849168967219593, -0.275322610187692, -0.205587996459435, -0.199488120541889, -0.00609987591754685, 21.7714545454519, 21.6915268817206, 22.1913137973139, 22.8749421894219
5/29/2018, 21.64, 21.65, 21.57, 21.59, 359513, 0.48826639847726, -2.76483807802169, -2.02109066845444, -0.924386462687892, -0.392930928117725, -0.219324925476212, -0.203455481528753, -0.0158694439474584, 21.7050909090882, 21.6529677419357, 22.1436556776557, 22.8569320759875
5/30/2018, 21.71, 21.79, 21.69, 21.78, 129225, 0.505720292285025, -2.01965121223948, -1.77712145602297, -0.763266328242991, -0.309149103946551, -0.212431352193331, -0.205250655661669, -0.00718069653166226, 21.7025454545427, 21.6463440860217, 22.1047301587302, 22.8410908842422
5/31/2018, 21.8, 21.81, 21.76, 21.8, 57879, 0.491461402186672, -1.72189645742601, -1.55100819812506, -0.707377773126833, -0.251393905949759, -0.203014092758671, -0.204803343081069, 0.00178925032239782, 21.7114545454518, 21.6480645161292, 22.0689523809525, 22.8263733770672
6/1/2018, 21.77, 21.79, 21.7, 21.75, 148615, 0.490950144334987, -1.64770975446225, -2.04948106273464, -0.677325466045521, -0.234830014383264, -0.197310951118883, -0.203304864688632, 0.00599391356974896, 21.7083636363609, 21.6462580645163, 22.033076923077, 22.8111638649721
6/4/2018, 21.84, 21.86, 21.79, 21.8, 173545, 0.490562264097324, -1.55711418670053, -1.89684952372015, -0.586025566981743, -0.240188799123115, -0.186605515918263, -0.199964994934558, 0.0133594790162953, 21.7234545454518, 21.6501505376346, 22.0046666666667, 22.7958318983191
6/5/2018, 21.77, 21.86, 21.73, 21.83, 87559, 0.495169239095538, -1.264305158692, -1.99771771737397, -0.60804294206606, -0.204787112151132, -0.173698345707884, -0.194711665089223, 0.0210133193813398, 21.7583636363609, 21.6541075268819, 21.9778461538462, 22.7801437747712
6/6/2018, 21.92, 21.96, 21.89, 21.9, 101079, 0.498587546346247, -0.767838253046417, -2.08220515122522, -0.629427619929476, -0.198126965344888, -0.156022376503653, -0.186973807372109, 0.0309514308684561, 21.8223636363608, 21.6747096774196, 21.9560976800977, 22.7653448134482
6/7/2018, 21.97, 21.98, 21.95, 21.95, 168173, 0.490802455659849, -0.431869481688177, -1.83982278558207, -0.840929891698862, -0.209457883747214, -0.136407045913401, -0.176860455080368, 0.0404534091669664, 21.8847272727245, 21.6985591397851, 21.9365323565324, 22.7512078720788
6/8/2018, 21.9, 21.93, 21.89, 21.92, 71285, 0.480586597018567, -0.746771014542628, -1.62474575716579, -1.02175378702378, -0.175301478770831, -0.1218775755545, -0.165863879175194, 0.0439863036206944, 21.9376363636335, 21.7164086021507, 21.9169206349207, 22.7371428180949
6/11/2018, 21.93, 21.95, 21.9, 21.92, 76468, 0.46796237665669, -0.648098503969036, -1.68364617639488, -0.944614843730287, -0.216636768301287, -0.109105169141635, -0.154512137168482, 0.045406968026847, 21.9652727272699, 21.7390107526884, 21.8988327228328, 22.7234525078585
6/12/2018, 21.92, 21.93, 21.83, 21.86, 64776, 0.468657297872778, -0.696545164140124, -1.81047054334937, -1.0488952957961, -0.234586955566797, -0.102641259055869, -0.14413796154596, 0.041496702490091, 21.9309090909062, 21.7508817204303, 21.881667887668, 22.7100727073938
6/13/2018, 21.89, 21.92, 21.8, 21.92, 129278, 0.471378015735583, -0.320920299271182, -1.59485996357399, -0.951953143508427, -0.300840190889112, -0.0916209162928787, -0.133634552495343, 0.0420136362024647, 21.9405454545425, 21.7636559139787, 21.8652478632479, 22.6984198441985
6/14/2018, 21.76, 21.76, 21.61, 21.61, 183123, 0.52595908374261, -0.883769398699665, -1.96472903835704, -1.32175109539415, -0.523527218893727, -0.10667197633563, -0.128242037263401, 0.021570060927771, 21.8394545454516, 21.7330322580647, 21.8334822954824, 22.6817143638104
6/15/2018, 21.64, 21.64, 21.6, 21.63, 44665, 0.50844553905196, -1.09858027174376, -1.79581968257727, -1.36661303451603, -0.478150908779799, -0.115653040741371, -0.125724237958995, 0.0100711972176236, 21.7456363636334, 21.714301075269, 21.8031575091576, 22.6662460024601
6/18/2018, 21.59, 21.63, 21.59, 21.63, 45031, 0.492269679112769, -1.16619087706473, -1.9681867706699, -1.62362776780008, -0.406437540866978, -0.12137150384283, -0.124853691135762, 0.00348218729293147, 21.6683636363607, 21.6967096774196, 21.7704810744811, 22.6509883832172
6/19/2018, 21.54, 21.57, 21.53, 21.57, 37082, 0.492137389951262, -1.26977325833649, -2.16095476886239, -1.6586014854287, -0.48254182273603, -0.129254954946909, -0.125733943897991, -0.00352101104891736, 21.5856363636334, 21.6723870967744, 21.7360537240538, 22.634319256526
6/20/2018, 21.56, 21.57, 21.54, 21.55, 103067, 0.474924980333471, -1.00911585164088, -2.33567441080672, -1.7408316121804, -0.466101189915802, -0.135553898633042, -0.127697934845001, -0.00785596378804021, 21.5241818181788, 21.6432043010755, 21.7012234432235, 22.6176419297527
6/21/2018, 21.56, 21.64, 21.56, 21.62, 267395, 0.470531991668686, -0.751729722822019, -2.22366928705636, -1.60812282392013, -0.501004929332064, -0.133360149114964, -0.128830377698994, -0.00452977141596983, 21.515999999997, 21.6261290322583, 21.6719242979244, 22.6018428317617
6/22/2018, 21.66, 21.69, 21.62, 21.69, 240518, 0.46169924282541, -0.546079753111367, -1.9862260020902, -1.54248236668801, -0.452625778273806, -0.124537580129402, -0.127971818185076, 0.00343423805567311, 21.543999999997, 21.6280430107529, 21.648822954823, 22.586692360257
6/25/2018, 21.7, 21.75, 21.7, 21.73, 123818, 0.451612689739483, -0.352879889405901, -1.91007593081696, -1.52772979646152, -0.5311093387794, -0.113015196107906, -0.124980493769642, 0.0119652976617358, 21.5983636363606, 21.6400645161293, 21.6324078144079, 22.5723312833129
6/26/2018, 21.67, 21.69, 21.62, 21.64, 59391, 0.45623228099062, -0.581098875177967, -2.22566061539981, -1.77299783257876, -0.606701161520192, -0.109879251975869, -0.121960245410887, 0.0120809934350181, 21.6199999999969, 21.6429677419357, 21.615098901099, 22.5570657373241
6/27/2018, 21.56, 21.58, 21.48, 21.49, 78374, 0.473672556193819, -0.865172278742645, -2.39675152408577, -1.79821288494814, -0.620827402152168, -0.118135942448198, -0.121195384818349, 0.00305944237015104, 21.6138181818151, 21.6189892473121, 21.5892942612943, 22.5392092387592
6/28/2018, 21.48, 21.54, 21.47, 21.5, 112919, 0.466058700975578, -0.651494697765169, -2.32870278201926, -1.66652667555419, -0.620533487163695, -0.122460860140784, -0.121448479882836, -0.00101238025794753, 21.5725454545423, 21.5969677419357, 21.5619951159952, 22.5223124231243
6/29/2018, 21.6, 21.67, 21.59, 21.67, 195876, 0.478507105095809, -0.356462285793031, -1.84666574506732, -1.41339478987, -0.430539967861841, -0.110892509499468, -0.119337285806163, 0.00844477630669443, 21.5999999999968, 21.5982150537637, 21.5411965811967, 22.5077777777779
7/2/2018, 21.53, 21.57, 21.53, 21.57, 50779, 0.489141702320578, -0.339987088673535, -1.83043948666692, -1.37425210428178, -0.547627142892336, -0.108542462592464, -0.117178321163423, 0.00863585857095904, 21.5907272727241, 21.5852473118282, 21.5186837606838, 22.4920563072298
7/3/2018, 21.62, 21.65, 21.62, 21.64, 37076, 0.481665766779211, 0.113186125494201, -1.50718905032812, -1.28836895895678, -0.545740851880116, -0.0998802610260903, -0.113718709135956, 0.0138384481098661, 21.5969090909059, 21.5846236559142, 21.4995750915752, 22.4772936996038
7/5/2018, 21.68, 21.72, 21.67, 21.71, 240962, 0.474531774916951, -0.141203455421471, -1.4483666344389, -1.18205275286891, -0.474930129431499, -0.0863713536903177, -0.108249238046829, 0.0218778843565109, 21.6194545454513, 21.5946881720432, 21.4844639804641, 22.4630389503896
7/6/2018, 21.79, 21.81, 21.77, 21.79, 124315, 0.472096401641792, -0.0105411372652956, -1.14202464577299, -1.16529522426264, -0.461204682904015, -0.0684213966188061, -0.100283669761224, 0.031862273142418, 21.6749090909059, 21.6095913978497, 21.4708473748475, 22.4495019816866
7/9/2018, 21.83, 21.84, 21.75, 21.78, 91436, 0.469358657584294, 0.0751897633615314, -1.02798018361522, -1.29300434624678, -0.368498494000627, -0.0543760297209701, -0.0911021417531733, 0.0367261120322032, 21.7316363636331, 21.6260860215056, 21.456192918193, 22.4358638786389
7/10/2018, 21.72, 21.77, 21.71, 21.77, 50309, 0.462172714013625, -0.0540741993399094, -1.07586984014177, -1.53115740546395, -0.415727828126755, -0.0435498758298358, -0.0815916885685058, 0.03804181273867, 21.7879999999967, 21.6344946236562, 21.4440195360196, 22.4222744294111
