Date,VXX_Open,VXX_High,VXX_Low,VXX_Close,VXX_Volume,VXX_ATRPercentOfClose20,VXX_SQN25,VXX_SQN50,VXX_SQN100,VXX_SQN200,VXX_MACD,VXX_MACD_Avg,VXX_MACD_Diff,VXX_LinReg10,VXX_LinReg30,VXX_LinReg90,VXX_LinReg270
1/3/2017, 97.92, 98.65, 94.56, 94.8, 39114761, 0, 0, 0, 0, 0, 0, 0, 0, 94.8, 94.8, 94.8, 94.8
1/4/2017, 93.68, 93.72, 88.84, 89.92, 35627800, 0, 0, 0, 0, 0, -0.389287749287746, -0.0778575498575492, -0.311430199430197, 89.92, 89.92, 89.92, 89.92
1/5/2017, 90.6, 92.32, 89.44, 89.6, 28704628, 0, 0, 0, 0, 0, -0.715376011558348, -0.205361242197709, -0.510014769360639, 88.84, 88.84, 88.84, 88.84
1/6/2017, 88.64, 89.4, 86.52, 88.52, 39994617, 0, 0, 0, 0, 0, -1.04885968129675, -0.374060930017517, -0.674798751279231, 87.836, 87.836, 87.836, 87.836
1/9/2017, 88.8, 89.64, 86.8, 88.16, 29282991, 0, 0, 0, 0, 0, -1.32690119255849, -0.564628982525712, -0.762272210032783, 87.264, 87.264, 87.264, 87.264
1/10/2017, 87.2, 88.84, 86.52, 87.6, 28574945, 0, 0, 0, 0, 0, -1.57429096699369, -0.766561379419307, -0.807729587574379, 86.7409523809524, 86.7409523809524, 86.7409523809524, 86.7409523809524
1/11/2017, 87.64, 89.36, 85.4, 85.76, 41641683, 0, 0, 0, 0, 0, -1.89695485332331, -0.992640074200107, -0.904314779123201, 85.6371428571428, 85.6371428571428, 85.6371428571428, 85.6371428571428
1/12/2017, 86.36, 90.04, 85.52, 85.6, 52942752, 0, 0, 0, 0, 0, -2.14090000810211, -1.22229206098051, -0.9186079471216, 84.93, 84.93, 84.93, 84.93
1/13/2017, 85.2, 86.8, 84.64, 85.8, 35721954, 0, 0, 0, 0, 0, -2.29167299252308, -1.43616824728902, -0.855504745234054, 84.5804444444445, 84.5804444444445, 84.5804444444445, 84.5804444444445
1/17/2017, 87, 87.28, 85.16, 85.56, 35706836, 0, 0, 0, 0, 0, -2.40282934222583, -1.62950046627638, -0.773328875949446, 84.2909090909091, 84.2909090909091, 84.2909090909091, 84.2909090909091
1/18/2017, 84.92, 85.64, 83.92, 85.24, 39470926, 0, 0, 0, 0, 0, -2.48806204535791, -1.80121278209269, -0.686849263265219, 84.6254545454545, 84.0109090909091, 84.0109090909091, 84.0109090909091
1/19/2017, 84.64, 86.92, 84.4, 86.16, 36615824, 0, 0, 0, 0, 0, -2.45309550740889, -1.93158932715593, -0.521506180252961, 84.8232727272727, 84.1005128205128, 84.1005128205128, 84.1005128205128
1/20/2017, 85.2, 85.52, 82.72, 82.84, 56197602, 0, 0, 0, 0, 0, -2.66258787217919, -2.07778903616058, -0.584798836018608, 84.0152727272727, 83.276043956044, 83.276043956044, 83.276043956044
1/23/2017, 82.84, 84.4, 82, 82, 39760792, 0, 0, 0, 0, 0, -2.86338573207412, -2.23490837534329, -0.628477356730833, 83.0698181818182, 82.4434285714286, 82.4434285714286, 82.4434285714286
1/24/2017, 81.04, 81.16, 77.8, 78.24, 41002837, 0, 0, 0, 0, 0, -3.28801783618469, -2.44553026751157, -0.842487568673123, 81.1090909090909, 80.8996666666667, 80.8996666666667, 80.8996666666667
1/25/2017, 77, 77.4, 76, 76.36, 39183884, 0, 0, 0, 0, 0, -3.73320802788174, -2.7030658195856, -1.03014220829614, 78.9279999999999, 79.259705882353, 79.259705882353, 79.259705882353
1/26/2017, 76.6, 77.6, 75.88, 76.68, 34004684, 0, 0, 0, 0, 0, -4.01393301536085, -2.96523925874065, -1.04869375662019, 77.1025454545454, 78.0235294117647, 78.0235294117647, 78.0235294117647
1/27/2017, 76.44, 77.16, 75.56, 75.88, 27965347, 0, 0, 0, 0, 0, -4.25194908229905, -3.22258122345233, -1.02936785884672, 75.4639999999999, 76.8687719298246, 76.8687719298246, 76.8687719298246
1/30/2017, 77.4, 81.28, 77.4, 78, 66029293, 0, 0, 0, 0, 0, -4.22085683750933, -3.42223634626373, -0.798620491245598, 75.1279999999999, 76.3465263157895, 76.3465263157895, 76.3465263157895
1/31/2017, 78.68, 80.12, 77.56, 77.68, 50772828, 0, 0, 0, 0, 0, -4.17392294956856, -3.5725736669247, -0.601349282643865, 75.058909090909, 75.8697142857143, 75.8697142857143, 75.8697142857143
2/1/2017, 76.12, 77.32, 75.4, 76.4, 41837759, 0, 0, 0, 0, 0, -4.1916935735515, -3.69639764825006, -0.495295925301444, 74.9134545454545, 75.2581818181819, 75.2581818181819, 75.2581818181819
2/2/2017, 76.96, 77.64, 76.16, 76.8, 32993425, 3.8644091796875, 0, 0, 0, 0, -4.12593900745779, -3.78230592009161, -0.343633087366182, 75.5723636363636, 74.8230830039526, 74.8230830039526, 74.8230830039526
2/3/2017, 75.36, 75.84, 74.48, 75.28, 33420650, 3.89940613376727, 0, 0, 0, 0, -4.14865621057572, -3.85557597818843, -0.293080232387293, 75.5527272727272, 74.2182608695652, 74.2182608695652, 74.2182608695652
2/6/2017, 76.12, 76.36, 74.88, 75.2, 33742801, 3.8067809715758, 0, 0, 0, 0, -4.12555822201483, -3.90957242695371, -0.215985795061121, 75.7498181818181, 73.6992, 73.6992, 73.6992
2/7/2017, 75.16, 76, 74.95, 75.92, 29142322, 3.65129653068197, 0, 0, 0, 0, -4.00301070138147, -3.92826008183926, -0.0747506195422072, 75.8145454545454, 73.3715692307692, 73.3715692307692, 73.3715692307692
2/8/2017, 76.2, 77.08, 75.04, 75.52, 41253708, 3.62216778308933, -2.57398319637699, 0, 0, 0, -3.89328816297778, -3.92126569806697, 0.0279775350891844, 75.4916363636364, 73.0406837606838, 73.0406837606838, 73.0406837606838
2/9/2017, 75.28, 75.32, 73.28, 74.08, 37332810, 3.65913614241308, -2.51315759551885, 0, 0, 0, -3.87782704983555, -3.91257796842068, 0.0347509185851371, 74.7810909090909, 72.5608465608466, 72.5608465608466, 72.5608465608466
2/10/2017, 73.2, 73.36, 72.32, 72.84, 44949577, 3.65616920865545, -2.67337306024743, 0, 0, 0, -3.92043925976871, -3.91415022669029, -0.00628903307842421, 73.624, 71.9817733990148, 71.9817733990148, 71.9817733990148
2/13/2017, 71.56, 71.76, 70.24, 70.56, 45711822, 3.76983555698044, -2.80614644786915, 0, 0, 0, -4.09102786573037, -3.94952575449831, -0.141502111232063, 72.2690909090909, 71.1817931034483, 71.1817931034483, 71.1817931034483
2/14/2017, 70.44, 70.56, 67.44, 67.52, 53046211, 3.9736317691871, -3.04603621146589, 0, 0, 0, -4.42056562976609, -4.04373372955186, -0.376831900214226, 70.2058181818182, 70.0962580645161, 70.0962580645161, 70.0962580645161
2/15/2017, 67.48, 69.84, 67.04, 69.64, 60845895, 3.86106599946492, -2.35243085579025, 0, 0, 0, -4.4592568622184, -4.12683835608517, -0.332418506133227, 69.1730909090909, 69.6360430107527, 69.3997580645162, 69.3997580645162
2/16/2017, 69.64, 73.6, 69.5, 70, 78214308, 3.94200577703715, -2.07426929201969, 0, 0, 0, -4.41003481514009, -4.18347764789615, -0.226557167243939, 68.7134545454545, 69.0584946236559, 68.8297727272727, 68.8297727272727
2/17/2017, 71.72, 72.2, 69.88, 70.16, 48804719, 3.90170159881657, -2.02328419040939, 0, 0, 0, -4.30845019346744, -4.20847215701041, -0.099978036457026, 68.376, 68.6084301075269, 68.3464527629234, 68.3464527629234
2/21/2017, 69.2, 71.32, 68.96, 71.04, 41164676, 3.82680482776354, -1.88531675547988, 0, 0, 0, -4.10956252471003, -4.18869023055033, 0.079127705840305, 68.6058181818182, 68.3234408602151, 68.0196974789916, 68.0196974789916
2/22/2017, 71.6, 72.64, 70.44, 71.36, 43505507, 3.77331003666067, -1.79907386002641, 0, 0, 0, -3.88137916571537, -4.12722801758334, 0.245848851867969, 69.3170909090909, 68.1678279569892, 67.7685714285715, 67.7685714285715
2/23/2017, 71.48, 74.32, 71.28, 73.12, 57243052, 3.70623952414251, -1.43816084170291, 0, 0, 0, -3.5179719281473, -4.00537679969613, 0.48740487154883, 70.8050909090909, 68.3065806451613, 67.7372372372373, 67.7372372372373
2/24/2017, 75.88, 76.24, 72.08, 72.36, 53953011, 3.84535962278932, -1.66664701824318, 0, 0, 0, -3.25378709041566, -3.85505885784004, 0.601271767424382, 71.8734545454546, 68.3196559139785, 67.6378947368421, 67.6378947368421
2/27/2017, 72.32, 72.96, 70.36, 71.92, 39214867, 3.85619731910155, -1.4210244894249, 0, 0, 0, -3.04482418802857, -3.69301192387775, 0.648187735849175, 72.6356363636364, 68.352688172043, 67.5104453441296, 67.5104453441296
2/28/2017, 72.32, 74.2, 71.84, 73.68, 45150289, 3.73603183537316, -1.01565148211573, 0, 0, 0, -2.706009102819, -3.495611359666, 0.789602256847, 73.6, 68.710623655914, 67.5749743589744, 67.5749743589744
3/1/2017, 70.48, 72.28, 70.04, 72.2, 51436702, 3.8740621100939, -0.823110962103924, 0, 0, 0, -2.52778065597025, -3.30204521892685, 0.774264562956599, 73.2749090909091, 68.9429677419355, 67.4981463414635, 67.4981463414635
3/2/2017, 72.2, 73, 70.76, 72.24, 45817874, 3.83335991322454, -0.572061945298251, 0, 0, 0, -2.35614548358483, -3.11286527185844, 0.756719788273617, 73.1323636363636, 69.245247311828, 67.4377700348432, 67.4377700348432
3/3/2017, 71.32, 71.36, 69.76, 70.16, 35499141, 3.92639430052414, -0.904622342625238, 0, 0, 0, -2.36074874757247, -2.96244196700125, 0.601693219428776, 72.2014545454546, 69.4288172043011, 67.1970764119602, 67.1970764119602
3/6/2017, 70, 70.32, 68.56, 68.84, 32078938, 3.92943104181486, -0.98405517018062, 0, 0, 0, -2.44275131910044, -2.85850383742109, 0.415752518320648, 70.8378181818182, 69.3267956989248, 66.8625369978859, 66.8625369978859
3/7/2017, 68.88, 69.64, 67.68, 68.84, 40674734, 3.87531858327438, -1.36104511593538, 0, 0, 0, -2.47916072620525, -2.78263521517792, 0.303474488972669, 69.7221818181818, 69.2590967741935, 66.559393939394, 66.559393939394
3/8/2017, 68.16, 69.6, 67.48, 69.24, 40735198, 3.81337499579691, -1.24067920564714, 0, 0, 0, -2.44752523916539, -2.71561321997541, 0.268087980810026, 68.9287272727272, 69.0763870967742, 66.3189178743962, 66.3189178743962
3/9/2017, 68.96, 70.2, 68.12, 69.04, 38369985, 3.78383807174868, -1.09884802218155, 0, 0, 0, -2.41080199160803, -2.65465097430194, 0.24384898269391, 68.5338181818182, 68.8010322580645, 66.0845513413507, 66.0845513413507
3/10/2017, 68.32, 69.32, 67.92, 68.04, 34513532, 3.75035819297255, -1.32072725469238, 0, 0, 0, -2.43432876925844, -2.61058653329324, 0.176257764034794, 67.864, 68.4673548387096, 65.7896808510639, 65.7896808510639
3/13/2017, 67.72, 68.12, 66.52, 66.68, 26058333, 3.75548369642111, -1.32244371427485, 0, 0, 0, -2.53350981990468, -2.59517119061553, 0.061661370710846, 66.872, 67.9635268817205, 65.4106802721089, 65.4106802721089
3/14/2017, 66.84, 68.36, 66.36, 67.84, 44383510, 3.65411070509274, -1.08257228443603, 0, 0, 0, -2.48980825195055, -2.57409860288253, 0.084290350931981, 66.9185454545454, 67.8075698924731, 65.1545795918368, 65.1545795918368
3/15/2017, 67.04, 67.28, 64.76, 65.36, 50651641, 3.83874122891397, -1.51787036465405, 0, 0, 0, -2.6250300063802, -2.58428488358206, -0.0407451227981359, 66.130909090909, 67.3811612903225, 64.727905882353, 64.727905882353
3/16/2017, 64.92, 65.12, 63.88, 64, 48045998, 3.83992375602697, -1.66123937343495, -2.94813024501823, 0, 0, -2.80954813299739, -2.62933753346513, -0.180210599532262, 65.2545454545454, 66.7763440860215, 64.2306184012067, 64.2306184012067
3/17/2017, 63.56, 63.68, 62.28, 63.24, 44083859, 3.82775718479507, -1.59809742539687, -2.80914209044686, 0, 0, -2.98272275489977, -2.70001457775206, -0.282708177147711, 64.1490909090909, 66.1817634408602, 63.713526850508, 63.713526850508
3/20/2017, 63.16, 63.36, 62.4, 63.24, 37235903, 3.71227065382856, -1.43011672943086, -2.77667519549538, 0, 0, -3.08440973496687, -2.77689360919502, -0.307516125771849, 63.1570909090909, 65.5733333333334, 63.2340461215934, 63.2340461215934
3/21/2017, 62.08, 66.32, 61.62, 65.6, 111119703, 3.75801518812061, -0.675216795834113, -2.23743253745916, 0, 0, -2.94066694459249, -2.80964827627452, -0.131018668317978, 63.2858181818181, 65.336688172043, 62.959164983165, 62.959164983165
3/22/2017, 66.32, 67.28, 65, 65.96, 63241952, 3.72346128750268, -0.209034203165055, -2.15594742885337, 0, 0, -2.76581812655454, -2.80088224633052, 0.035064119775984, 63.7956363636363, 65.2556559139785, 62.7309350649351, 62.7309350649351
3/23/2017, 66.6, 68.64, 65.12, 68.32, 75131832, 3.67270976577126, -0.158446629945937, -1.74797779541354, 0, 0, -2.40904690870082, -2.72251517880458, 0.313468270103763, 65.2596363636363, 65.5116559139785, 62.6847368421053, 62.6847368421053
3/24/2017, 67.2, 70, 65.8, 67.08, 87155283, 3.86663021224833, -0.402539114000515, -1.73100340830476, 0, 0, -2.20098915216356, -2.61820997347637, 0.417220821312816, 66.1345454545453, 65.5607741935485, 62.5603387779795, 62.5603387779795
3/27/2017, 69.64, 70.08, 65.08, 65.76, 78648563, 4.12720311596316, -0.624346872866368, -1.85136690764152, 0, 0, -2.1181975861909, -2.51820749601928, 0.400009909828378, 66.333818181818, 65.4049032258065, 62.3582232612508, 62.3582232612508
3/28/2017, 65.04, 65.08, 61.96, 62.16, 64286927, 4.45358161294161, -1.18290107977966, -2.13828573980522, 0, 0, -2.31637288252354, -2.47784057332013, 0.161467690796594, 65.5716363636362, 64.685935483871, 61.9334237288136, 61.9334237288136
3/29/2017, 61.84, 62.36, 61.2, 61.8, 41461300, 4.34939969914932, -1.28385378513309, -2.1594935360813, 0, 0, -2.4739589650346, -2.47706425166303, 0.00310528662842735, 64.4989090909089, 63.7728172043011, 61.5129617486339, 61.5129617486339
3/30/2017, 61.92, 62.76, 61.6, 62.08, 37597974, 4.20672126831599, -1.5275110100068, -2.09713914661636, 0, 0, -2.54689439759984, -2.49103028085039, -0.0558641167494542, 63.4450909090907, 63.0734623655914, 61.1374722369117, 61.1374722369117
3/31/2017, 62.16, 63.32, 61.72, 63.16, 40053592, 4.05471174034521, -1.22918026178215, -2.03903894570163, 0, 0, -2.48885925903872, -2.49059607648806, 0.00173681744933596, 62.7170909090907, 62.5839139784946, 60.8541321044547, 60.8541321044547
4/3/2017, 63.24, 65.84, 62.92, 63.4, 63606605, 4.06767845180116, -1.13189741835741, -1.79237699120217, 0, 0, -2.39588176576105, -2.47165321434265, 0.075771448581607, 62.0763636363634, 62.1796129032258, 60.604384920635, 60.604384920635
4/4/2017, 64.36, 64.64, 62.4, 62.72, 41762253, 4.08476200816301, -1.52373905203123, -1.79619736237376, 0, 0, -2.34997766970862, -2.44731810541585, 0.0973404357072258, 61.6639999999998, 61.791311827957, 60.3297115384616, 60.3297115384616
4/5/2017, 62, 65, 61.32, 64.68, 69046315, 4.0474097015211, -0.969782228626357, -1.27147324736047, 0, 0, -2.13087927343155, -2.38403033901899, 0.253151065587441, 62.157818181818, 61.7267096774194, 60.1905454545455, 60.1905454545455
4/6/2017, 64.08, 64.52, 62.24, 63.56, 56203049, 4.10473783070587, -1.12969305336691, -1.23113015753495, 0, 0, -2.02428219061126, -2.31208070933744, 0.287798518726182, 62.8065454545452, 61.6804301075269, 59.9952962460426, 59.9952962460426
4/7/2017, 64.48, 66.08, 63.8, 65.8, 68119922, 3.95824133273073, -0.516929075290918, -0.976003558011079, 0, 0, -1.73900775602998, -2.19746611867595, 0.458458362645972, 64.2407272727271, 61.9293763440861, 59.9437928007024, 59.9437928007024
4/10/2017, 66.08, 68.32, 65.28, 68.28, 67230920, 3.84636300101051, -0.0111376895272075, -0.623378258733973, 0, 0, -1.29784963485058, -2.01754282191088, 0.719693187060297, 66.3374545454543, 62.5059784946237, 60.0404603580563, 60.0404603580563
4/11/2017, 69.96, 72.1, 69.48, 71.36, 93226657, 3.76398798239277, 0.349997675329255, -0.495456207685701, 0, 0, -0.691724615295769, -1.75237918058785, 1.06065456529209, 68.6407272727271, 63.6141935483871, 60.3097805383023, 60.3097805383023
4/12/2017, 71.4, 72.46, 70.4, 71.68, 78748681, 3.70351943781209, 0.339499147443335, -0.439845330773602, 0, 0, -0.183430373589914, -1.43858941918827, 1.25515904559835, 70.4807272727271, 64.679311827957, 60.5863822937626, 60.5863822937626
4/13/2017, 71.92, 73.6, 70.48, 73.04, 76358852, 3.66641374092623, 0.510035620586415, -0.210752933871112, 0, 0, 0.325386258784647, -1.08579428359368, 1.41118054237833, 72.3076363636361, 65.9230107526882, 60.927089201878, 60.927089201878
4/17/2017, 71.84, 71.96, 69.44, 69.44, 54040803, 3.92288474446125, 0.218556001240897, -0.536313284906473, 0, 0, 0.433144175787106, -0.782006591717526, 1.21515076750463, 72.5090909090907, 66.5661075268818, 61.0579756468798, 61.0579756468798
4/18/2017, 70.32, 71.56, 68.76, 68.84, 72738729, 3.96259240009616, 0.305523746785281, -0.470337950921283, 0, 0, 0.464770530409695, -0.532651167292082, 0.997421697701776, 72.2087272727271, 67.0497204301076, 61.1527286190301, 61.1527286190301
4/19/2017, 67.8, 71.04, 67.32, 70.44, 56697202, 3.94300990604045, 0.347111397316209, -0.316697907693514, 0, 0, 0.61188781075036, -0.303743371683593, 0.915631182433954, 72.0283636363635, 67.7363440860216, 61.3299891891893, 61.3299891891893
4/20/2017, 69.48, 70.6, 68.04, 68.64, 65064064, 4.03057017617154, 0.43774071233938, -0.526569148911074, 0, 0, 0.576587813173958, -0.127677134712083, 0.704264947886041, 71.1970909090907, 68.2109247311829, 61.4070736842106, 61.4070736842106
4/21/2017, 69.12, 70.44, 68.72, 68.8, 65952466, 3.9509508727877, 0.623222232262606, -0.480554723268786, 0, 0, 0.55512385138988, 0.00888306250830957, 0.54624078888157, 69.9810909090908, 68.6963440860216, 61.4909090909091, 61.4909090909091
4/24/2017, 63.32, 64.24, 61.32, 61.48, 73211792, 4.80862311394606, -0.0811749676252032, -0.857212982797838, 0, 0, -0.0519504645536557, -0.00328364290408348, -0.0486668216495722, 66.3985454545453, 68.1878709677421, 61.1999600399601, 61.1999600399601
4/25/2017, 60.6, 60.96, 59.92, 60.12, 35623671, 4.80127148358506, -0.211079663344715, -0.882870670204733, 0, 0, -0.635476490269483, -0.129722212377163, -0.505754277892319, 63.077818181818, 67.4584946236561, 60.8553197013957, 60.8553197013957
4/26/2017, 60.28, 61.64, 59.96, 60.6, 51564240, 4.6636933913115, -0.394244211834158, -0.687513369740711, 0, 0, -1.0471225048301, -0.313202270867751, -0.733920233962349, 60.9839999999998, 66.909677419355, 60.551417721519, 60.551417721519
4/27/2017, 60.04, 60.8, 59.88, 60.04, 40361595, 4.54844817684549, -0.483702665691702, -0.523808320776181, 0, 0, -1.40237653327696, -0.531037123349593, -0.871339409927371, 59.3476363636362, 66.1711827956991, 60.234962962963, 60.234962962963
4/28/2017, 60.16, 60.84, 60, 60.04, 44776785, 4.39097913242693, -0.721448458499492, -0.701115135899511, 0, 0, -1.66472796259256, -0.757775291198188, -0.906952671394377, 58.6181818181816, 65.3763440860216, 59.9337910267992, 59.9337910267992
5/1/2017, 59.44, 59.56, 57.24, 57.8, 44811568, 4.57530567050809, -0.827099240448107, -0.914976326423165, 0, 0, -2.0299921540781, -1.01221866377417, -1.01777349030393, 57.1039999999998, 64.2721720430109, 59.5397825448134, 59.5397825448134
5/2/2017, 57.72, 58.48, 57.56, 57.84, 35814864, 4.42306421797371, -0.704528253469745, -0.923615804885714, 0, 0, -2.28984310576531, -1.2677435521724, -1.02209955359291, 56.1185454545452, 63.2081720430109, 59.1658175559381, 59.1658175559381
5/3/2017, 58.56, 59.4, 58.08, 59.12, 48045531, 4.24287098527096, -0.240596582609138, -0.86804060391769, 0, 0, -2.36522669348873, -1.48724018043566, -0.877986513053065, 56.4952727272725, 62.4987526881722, 58.8688515406163, 58.8688515406163
5/4/2017, 58.16, 59.6, 57.4, 57.48, 58710691, 4.3371017052324, -0.376319067356273, -1.03045803744319, 0, 0, -2.52815996941461, -1.69542413823145, -0.832735831183156, 56.5629090909089, 61.647053763441, 58.5098549931601, 58.5098549931601
5/5/2017, 57.48, 58.15, 57.16, 57.8, 46329898, 4.18307570442769, -0.369647717655545, -1.14181057603916, 0, 0, -2.60147624007546, -1.87663455860026, -0.724841681475208, 57.381818181818, 61.0480000000002, 58.1816198877305, 58.1816198877305
5/8/2017, 57.04, 57.08, 56.04, 56.36, 45566393, 4.23159487101001, -0.63666048796959, -1.21203180829952, 0, 0, -2.74414310466644, -2.05013626781349, -0.694006836852949, 56.8392727272725, 60.2514408602152, 57.8030407523511, 57.8030407523511
5/9/2017, 55.6, 56.72, 55.44, 56.2, 44112664, 4.14533901394338, -0.679449678862827, -1.19499024588516, 0, 0, -2.83741038484837, -2.20759109122047, -0.629819293627901, 56.248727272727, 59.415741935484, 57.4338610827375, 57.4338610827375
5/10/2017, 56.6, 56.6, 56, 56.4, 34684967, 3.9772987580574, -0.58892830152401, -1.31920850664789, 0, 0, -2.86219346322623, -2.33851156562162, -0.523681897604613, 56.0370909090907, 58.4270967741937, 57.0895280898877, 57.0895280898877
5/11/2017, 57.16, 58.44, 56.24, 56.32, 76112141, 3.97911341364906, -0.816429961101023, -1.22392278449887, 0, 0, -2.85537458203252, -2.4418841689038, -0.413490413128723, 55.9149090909088, 57.4414623655916, 56.7565811965812, 56.7565811965812
5/12/2017, 56.64, 56.86, 56.16, 56.16, 35576768, 3.85324936046794, -0.724830150338193, -1.24242591277306, 0, 0, -2.83025580523366, -2.51955849616977, -0.310697309063888, 55.9403636363634, 56.4895483870969, 56.6565958485959, 56.4310081223125
5/15/2017, 55.72, 55.88, 54.88, 55.16, 42151789, 3.84297606743447, -1.10632427240156, -1.19086304834028, 0, 0, -2.85809430426324, -2.58726565778847, -0.270828646474772, 55.3839999999997, 55.5209462365593, 56.432761904762, 56.0765217391304
5/16/2017, 54.44, 55.16, 54.2, 54.4, 54287968, 3.7900667626048, -1.52397614542084, -1.1658771562225, 0, 0, -2.90796099946575, -2.65140472612392, -0.256556273341826, 54.7170909090906, 54.5235268817206, 56.1940610500611, 55.7046625486159
5/17/2017, 57.88, 64.44, 57.04, 64.4, 171430716, 3.82097283061205, -0.33352485400265, -0.126387894814249, 0, 0, -2.11617039314902, -2.54435785952894, 0.428187466379924, 57.9483636363634, 54.8076559139787, 56.3942661782663, 55.7668980963046
5/18/2017, 63.88, 64.35, 60.96, 62.96, 133611432, 3.98613592402867, -0.448457675782648, -0.232638073435402, 0, 0, -1.58657752047181, -2.35280179171752, 0.76622427124571, 60.0661818181815, 55.0289032258066, 56.5411965811967, 55.7687631578948
5/19/2017, 60.8, 60.84, 57.44, 58.56, 116100590, 4.5426701142077, -0.806211838200429, -0.470880547461928, 0, 0, -1.50457082512104, -2.18315559839822, 0.678584773277184, 60.4290909090906, 54.628301075269, 56.5018119658121, 55.5915979381443
5/22/2017, 56.88, 56.92, 55.56, 55.92, 59820289, 4.78751473164526, -0.790928143203462, -0.576692628623526, 0, 0, -1.63377274955995, -2.07327902863056, 0.43950627907062, 59.5505454545452, 54.0743225806453, 56.327413919414, 55.3150515463918
5/23/2017, 55.52, 56.28, 55.32, 55.84, 50493127, 4.64061483889547, -0.760463283238739, -0.510370476626975, 0, 0, -1.72276260204558, -2.00317574331357, 0.280413141267984, 58.6363636363633, 53.7392688172045, 56.1678241758243, 55.0465306122449
5/24/2017, 55.6, 56.24, 54.08, 54.32, 51286488, 4.73076833530425, -0.977486827611129, -0.671787328380821, 0, 0, -1.8941049354512, -1.98136158174109, 0.0872566462898983, 57.256727272727, 53.4969462365593, 55.9680390720392, 54.7283636363637
5/25/2017, 54.32, 55.28, 54, 54.8, 52012230, 4.57165272217227, -0.832379893970433, -0.510305181099605, 0, 0, -1.96847166463848, -1.97878359832057, 0.0103119336820927, 56.1403636363634, 53.4467956989249, 55.8069645909647, 54.4415683168317
5/26/2017, 55.16, 55.16, 53.8, 53.84, 41627539, 4.54680982013909, -0.916280732304726, -0.498649956808142, -1.70887909849835, 0, -2.08088466711126, -1.99920381207871, -0.0816808550325534, 54.7432727272724, 53.4744086021507, 55.6193504273506, 54.1285730926034
5/30/2017, 54.64, 54.76, 53.4, 53.56, 39868526, 4.46901099104694, -0.539605306387382, -0.474504787265853, -1.57515036883671, 0, -2.16757992925249, -2.03287903551347, -0.134700893739024, 53.1759999999997, 53.350365591398, 55.4629450549452, 53.816798020179
5/31/2017, 53.28, 55.28, 53.12, 53.92, 69327203, 4.417511447449, -0.406487729667033, -0.449688277854724, -1.53981664154608, 0, -2.18208385338875, -2.06271999908852, -0.119363854300224, 51.6683636363634, 53.3344516129034, 55.272380952381, 53.5306870799104
6/1/2017, 53.36, 53.52, 52.68, 52.72, 46872603, 4.40976112261244, -0.546247897274909, -0.67311300989824, -1.57155243775169, 0, -2.2643067699811, -2.10303735326704, -0.161269416714065, 51.7723636363634, 53.3692043010754, 55.0318827838829, 53.21
6/2/2017, 53, 53.22, 52.36, 52.84, 42005166, 4.26113694293947, -0.492589059429009, -0.685177326671056, -1.5500606543336, 0, -2.29334971865055, -2.14109982634374, -0.152249892306812, 52.2669090909088, 53.4135053763443, 54.7345250305251, 52.9057753818509
6/5/2017, 53.12, 53.16, 52, 53.12, 35702590, 4.13592907119118, -0.467599515640576, -0.805808079645121, -1.51055989332593, 0, -2.26763294374884, -2.16640644982476, -0.101226493924075, 52.5301818181815, 53.6059354838712, 54.426236874237, 52.6232763181097
6/6/2017, 53.64, 54.56, 53.28, 54.24, 51767108, 3.98074344853598, -0.197747218045884, -0.657716384701283, -1.3680251055858, 0, -2.13229777317057, -2.15958471449392, 0.0272869413233523, 52.9490909090906, 53.5536344086023, 54.1910427350428, 52.39256490135
6/7/2017, 53.72, 55.16, 53.44, 53.6, 53279843, 3.9873087391075, -0.25589034159897, -0.629292302426266, -1.40053813118993, 0, -2.05302038570133, -2.1382718487354, 0.0852514630340737, 53.2225454545451, 53.3761720430109, 53.9265347985349, 52.1472171253823
6/8/2017, 53.68, 53.68, 52.12, 52.52, 54259567, 4.01435188490773, -0.455036971540046, -0.50907252851065, -1.47337054425862, 0, -2.05366607488411, -2.12135069396514, 0.0676846190810387, 52.9410909090906, 53.135741935484, 53.6782515262516, 51.8718999165972
6/9/2017, 52, 55.64, 51.4, 53.24, 110022368, 4.16025681715977, -0.261682856944538, -0.434535807847435, -1.41623622142546, 0, -1.97333245729357, -2.09174704663083, 0.118414589337258, 53.1025454545452, 53.0014623655916, 53.4729963369965, 51.6323931203931
6/12/2017, 53.92, 55.28, 53.64, 53.84, 81569937, 4.09764987552576, -0.234542661965563, -0.408695810043327, -1.36487288775047, 0, -1.8400416462777, -2.04140596656021, 0.201364320282501, 53.3643636363633, 52.9871827956991, 53.2834285714287, 51.4229922779923
6/13/2017, 52.68, 52.92, 51.84, 51.96, 56475735, 4.22606997369884, -0.27984144600826, -0.603295071316954, -1.50990219861624, 0, -1.86461389808832, -2.00604755286583, 0.141433654777512, 52.920727272727, 52.6250322580647, 53.037098901099, 51.1551011378003
6/14/2017, 51.96, 52.8, 51.56, 51.68, 83520782, 4.15648734600855, -0.291722118067415, -0.638004149212805, -1.40985338793704, 0, -1.88495268343181, -1.98182857897902, 0.0968758955472175, 52.539636363636, 52.2676989247314, 52.7629499389501, 50.886911970191
6/15/2017, 53.76, 53.92, 51.88, 52.36, 74932102, 4.11128538463781, -0.246349520457281, -0.547490921554888, -1.33088544461872, 0, -1.8251616727074, -1.9504951977247, 0.125333525017297, 52.275636363636, 52.1217204301077, 52.5340366300367, 50.6516796338673
6/16/2017, 51.92, 52.92, 51.8, 51.96, 63853586, 4.04356346425431, -0.27524863074045, -0.699150170791798, -1.21635321968416, 0, -1.78942613242238, -1.91828138466424, 0.128855252241852, 51.9170909090906, 51.8592688172045, 52.3203711843713, 50.4110464767616
6/19/2017, 51, 51.04, 50, 50.32, 56305018, 4.1613350501296, -0.405437874361209, -0.749888747068388, -1.23897554092145, 0, -1.87186209222845, -1.90899752617708, 0.0371354339486258, 51.0959999999996, 51.445677419355, 52.0436825396827, 50.1230061892131
6/20/2017, 50.84, 51.88, 50.64, 51.64, 69722163, 4.00326221410525, -0.200834575275587, -0.787332523923205, -1.16030833489783, 0, -1.80981776339016, -1.8891615736197, 0.0793438102295385, 51.107636363636, 51.1518279569894, 51.8111550671552, 49.8892713313052
6/21/2017, 50.76, 51.68, 50.44, 51.16, 63337081, 3.95996946246238, -0.180437383108281, -0.977532780535027, -1.15663110472191, 0, -1.77887342867764, -1.86710394463128, 0.0882305159536432, 50.9672727272723, 50.816860215054, 51.54652991453, 49.6475430850306
6/22/2017, 51.04, 51.4, 50.36, 50.64, 44931099, 3.90328664720768, -2.16348639204358, -1.21229827017868, -1.28965589185186, 0, -1.77583871141083, -1.84885089798719, 0.0730121865763662, 50.5643636363632, 50.4617634408604, 51.2243907203908, 49.3967899159664
6/23/2017, 50.6, 50.96, 50.04, 50.16, 38126643, 3.83531327798778, -2.05970361589022, -1.26787546384585, -1.30733493145102, 0, -1.79151420402047, -1.83738355919385, 0.0458693551733824, 50.2421818181814, 50.0775913978496, 50.8283076923078, 49.1386611570248
6/26/2017, 49.52, 50, 49, 49.08, 50560797, 3.84189788758504, -1.9494181185571, -1.43118885688186, -1.32304580488942, 0, -1.86953330274288, -1.84381350790365, -0.0257197948392256, 49.8349090909086, 49.5854623655916, 50.4448449328451, 48.8538355236418
6/27/2017, 49.32, 50.84, 48.76, 50.68, 78336143, 3.73978553485675, -1.07909971743967, -1.11258751231228, -1.22359986427736, 0, -1.78171882678189, -1.8313945716793, 0.0496757448974112, 49.8639999999996, 49.2753548387099, 50.1543833943835, 48.6300839664134
6/28/2017, 49.84, 50.4, 49, 49.32, 51101806, 3.82108098867017, -1.32687551784347, -1.18018438629025, -1.24500044889656, 0, -1.80110385186337, -1.82533642771612, 0.0242325758527424, 49.4370909090905, 48.770924731183, 49.8221831501833, 48.3700970364543
6/29/2017, 49.36, 56.64, 49.32, 51.72, 190435713, 4.16923682604703, -0.433040881770028, -1.06338870724868, -1.06530200538938, 0, -1.60431315810256, -1.78113177379341, 0.176818615690843, 50.1039999999996, 49.2704516129035, 49.6297142857144, 48.1950090322581
6/30/2017, 50.48, 52.72, 50.08, 51.04, 97963990, 4.27216462012137, -0.650012991791026, -1.01817066744729, -1.13962414112738, 0, -1.48609465834007, -1.72212435070274, 0.236029692362667, 50.4909090909087, 49.6695053763443, 49.4287863247865, 48.0044038095238
7/3/2017, 50.2, 51.76, 49.88, 51.6, 37393270, 4.19668058334196, -0.370122530815658, -0.983259302004741, -1.0856266828988, 0, -1.33186541028297, -1.64407256261878, 0.312207152335819, 50.7934545454541, 49.9231827956992, 49.3063345543347, 47.8377252843395
7/5/2017, 51.4, 53.2, 51, 51.64, 70994747, 4.19677153747914, -0.311108777358957, -0.61986566927778, -1.02241565507812, 0, -1.19266169274212, -1.55379038864345, 0.361128695901331, 51.3039999999996, 50.0508387096777, 49.1845079365081, 47.6779429133858
7/6/2017, 52.68, 54.72, 52.36, 54.28, 102900575, 4.07673577902822, 0.114898077563769, -0.305561779906667, -0.790365355752792, 0, -0.859409074238705, -1.4149141257625, 0.555505051523797, 52.630545454545, 50.5357419354841, 49.1834822954825, 47.6051162790698
7/7/2017, 53.2, 53.72, 52.28, 52.32, 59035161, 4.20911615407815, -0.00736103329730357, -0.482606403936675, -0.804544881640015, 0, -0.744873158610801, -1.28090593233216, 0.536032773721361, 53.0058181818177, 50.6806881720433, 49.1488156288158, 47.4752438878951
7/10/2017, 52.36, 52.44, 50.64, 51.04, 47546331, 4.27527251807015, -0.231854215993532, -0.5427117753206, -0.749415145551518, 0, -0.748756721482259, -1.17447609016218, 0.425719368679923, 52.7512727272723, 50.7081290322583, 49.0409572649574, 47.3109571344686
7/11/2017, 51.28, 53.36, 50.64, 50.84, 73482896, 4.34499240472434, -0.309685800697587, -0.558657657948491, -0.868393166849295, 0, -0.759220974769214, -1.09142506708359, 0.332204092314375, 52.1636363636359, 50.6704516129035, 48.9407472527474, 47.1460235947259
7/12/2017, 50.08, 50.12, 49.32, 49.56, 52718139, 4.38770062880097, -0.699616307486252, -0.512315531375217, -0.964554526584233, 0, -0.860875635039399, -1.04531518067475, 0.184439545635352, 51.3578181818177, 50.4710537634411, 48.7540415140417, 46.9481020733652
7/13/2017, 49.44, 49.52, 48.8, 48.92, 47197226, 4.30052577688486, -0.708495110958248, -0.567463394633773, -1.01334604596375, 0, -0.981763182145222, -1.03260478096885, 0.0508415988236226, 50.1199999999995, 50.2402580645164, 48.5251184371186, 46.737326899338
7/14/2017, 48.92, 49, 47.72, 48.04, 54657863, 4.29356026134361, -0.691981509710601, -0.73384622271882, -1.11224934914819, 0, -1.13548689361394, -1.05318120349786, -0.0823056901160792, 49.0799999999996, 49.8500645161293, 48.2723223443225, 46.5070381426202
7/17/2017, 47.16, 47.32, 46.64, 46.8, 51091180, 4.33652784630769, -1.01969866762202, -0.72649122287065, -1.20757494131479, 0, -1.34190305623344, -1.11092557404498, -0.230977482188461, 47.6763636363632, 49.3407311827959, 47.9894505494507, 46.2473289760349
7/18/2017, 47.36, 47.76, 46.16, 46.16, 64493150, 4.35013059026949, -1.23803038768538, -0.805310095461266, -1.33630188040481, 0, -1.53938690949676, -1.19661784113534, -0.342769068361426, 46.3949090909086, 48.8078279569894, 47.6905982905985, 45.9766165736368
7/19/2017, 45.8, 45.88, 45.24, 45.76, 50261880, 4.26927287247591, -1.04905656179696, -0.741335153487944, -1.33083527238878, 0, -1.70847668730141, -1.29898961036855, -0.409487076932856, 45.2799999999996, 48.3437419354841, 47.3688009768011, 45.7021897810219
7/20/2017, 45.36, 46.2, 45.24, 45.36, 54529670, 4.19739484815416, -1.07770324321849, -0.765458641420279, -1.33932919213144, 0, -1.85339344555517, -1.40987037740587, -0.443523068149296, 44.8756363636359, 47.8409462365593, 47.0156190476192, 45.4241684912939
7/21/2017, 45.56, 45.8, 44.8, 44.8, 48628667, 4.14897631242543, -1.31510946719798, -0.830771195239316, -1.46444274478579, 0, -1.99048328811233, -1.52599295954717, -0.464490328565164, 44.3723636363632, 47.2482580645163, 46.6793553113555, 45.1381130524153
7/24/2017, 44.76, 44.8, 43.92, 44.04, 36764839, 4.10945576423311, -1.39116291137262, -0.893541173099279, -1.45496407556163, 0, -2.13583307030825, -1.64796098169938, -0.487872088608869, 43.7607272727268, 46.6569462365593, 46.2716385836387, 44.8386261398176
7/25/2017, 43.96, 44.48, 43.84, 44.24, 42750163, 3.95866659728718, -1.09854653127878, -0.862665508487813, -1.44156756977771, 0, -2.20941671082861, -1.76025212752523, -0.449164583303384, 43.5599999999995, 46.190365591398, 45.8580610500613, 44.5530796124263
7/26/2017, 44, 44.48, 43.64, 44.4, 33609770, 3.84177567006274, -1.35262108184837, -0.775590473292223, -1.33999564047896, 0, -2.22912564045762, -1.85402683011171, -0.375098810345916, 43.518545454545, 45.6806881720432, 45.4490647130649, 44.279921205555
7/27/2017, 43.96, 47.2, 43.94, 44.68, 117515831, 3.99163155244509, -1.20052866078119, -0.693085523928427, -1.25883278912933, 0, -2.1968277860022, -1.92258702128981, -0.274240764712395, 43.7272727272723, 45.2366451612905, 45.0661098901101, 44.0220862470863
7/28/2017, 45.64, 46.32, 45, 45.16, 63965236, 3.9333213657016, -0.997439134787834, -2.21705172687249, -1.22249188926009, 0, -2.10819752640321, -1.95970912231249, -0.148488404090722, 44.1570909090905, 44.9440000000002, 44.7701782661785, 43.7845977011494
7/31/2017, 44.52, 45.36, 44.44, 44.92, 42541289, 3.85902389205988, -0.96019618437515, -2.11738460072188, -1.25936228177624, 0, -2.03387812043358, -1.97454292193671, -0.0593351984968773, 44.4130909090905, 44.6406881720432, 44.4867301587304, 43.5471705243269
8/1/2017, 44.28, 44.64, 44.04, 44.2, 40813023, 3.8253390400399, -0.915834168104294, -1.9380363339858, -1.30121253024858, 0, -2.00990846481142, -1.98161603051165, -0.0282924342997679, 44.3949090909087, 44.1821075268819, 44.2396678876681, 43.296785015376
8/2/2017, 44.04, 45.36, 43.96, 44.52, 61389502, 3.76518387895946, -1.21754574008239, -1.6259108555907, -1.2303398214792, 0, -1.94269681479619, -1.97383218736856, 0.0311353725723651, 44.5141818181814, 43.891612903226, 43.9967081807084, 43.0618459275602
8/3/2017, 44.6, 45.24, 44.52, 45.08, 44555895, 3.6123488681613, -0.840387006561916, -1.51021618046108, -1.12424773534962, 0, -1.82322675492904, -1.94371110088065, 0.120484345951616, 44.8145454545451, 43.6861075268819, 43.7654212454214, 42.8483076364955
8/4/2017, 44.84, 45.04, 44.28, 44.76, 47404846, 3.54563120258883, -1.63955525960354, -1.38187885083281, -1.20681502962923, 0, -1.73437440882311, -1.90184376246915, 0.167469353646037, 44.907636363636, 43.4445591397851, 43.4552967032969, 42.6321395973154
8/7/2017, 44.8, 44.92, 44.32, 44.36, 23037638, 3.46635099180528, -1.59545163719725, -1.52090500749902, -1.122967909221, 0, -1.67690462872503, -1.85685593572032, 0.17995130699529, 44.7127272727269, 43.1581935483873, 43.1324346764349, 42.4113059602649
8/8/2017, 44.44, 46.2, 43.72, 45.64, 91102968, 3.47236992762178, -1.30817196503669, -1.14451802399647, -0.956151003068798, 0, -1.51066016136928, -1.78761678085011, 0.276956619480834, 44.9825454545451, 42.9996559139787, 42.8845225885228, 42.23000697107
8/9/2017, 46.84, 48.12, 45.8, 46.8, 121205916, 3.48194477183387, -0.985705476852338, -0.900513558220744, -0.830973130130186, 0, -1.27066053410913, -1.68422553150192, 0.413564997392785, 45.6087272727269, 43.1171612903227, 42.7233601953604, 42.0839525283797
8/10/2017, 48, 53.4, 47.96, 53.16, 253188528, 3.53286803152246, -0.0563858461607081, 0.0206923215035013, -0.353902488696669, 0, -0.560795748829996, -1.45953957496753, 0.898743826137538, 48.3570909090905, 43.9760000000001, 42.857523809524, 42.1067345726169
8/11/2017, 53.56, 56.28, 51.84, 54.64, 176251272, 3.6716123961923, 0.350614948627071, 0.276714318987914, -0.38317553433352, 0, 0.119819632785628, -1.1436677334169, 1.26348736620253, 51.2501818181814, 45.1578494623658, 43.0487716727719, 42.1679262672811
8/14/2017, 50.48, 50.52, 47.52, 47.68, 81758025, 4.74383507259962, -0.238859530143177, -0.323705140874133, -0.730182315614867, 0, 0.0964861610282242, -0.895636954527877, 0.992123115556101, 51.1738181818178, 45.3924301075271, 42.9852600732603, 42.050699751861
8/15/2017, 46.36, 48.16, 46.32, 47.32, 67402824, 4.73534981928302, -0.256874379612734, -0.378825281423092, -0.856161838779304, 0, 0.0483874448532973, -0.706832074651642, 0.755219519504939, 50.6785454545451, 45.6403440860216, 42.8935775335778, 41.9277674342643
8/16/2017, 47.24, 47.64, 46.56, 47, 110220420, 4.64410459097976, -0.166212800553632, -0.500559095851677, -0.824865033298324, 0, -0.0153752238860676, -0.568540704498527, 0.553165480612459, 49.9665454545451, 45.8779354838711, 42.8495824175826, 41.8002967024107
8/17/2017, 48.12, 54.84, 47.52, 54.64, 274444846, 4.51243173475926, 0.557190666862732, 0.205026209823112, -0.283746232470149, 0, 0.544302174952165, -0.345972128608389, 0.890274303560553, 51.8705454545451, 47.2908387096776, 43.20842979243, 41.8680296154765
8/18/2017, 53.08, 54.92, 50.6, 53.2, 228488539, 4.8088591445091, 0.522586981711569, 0.182798593109223, -0.212778578699217, 0, 0.861721194840207, -0.104433463918669, 0.966154658758877, 52.691636363636, 48.3880430107528, 43.5827692307694, 41.8991918238994
8/21/2017, 52.8, 53.96, 50.92, 51.08, 108580383, 5.05559399302055, 0.464081304609522, -0.0056899430493739, -0.298970542771592, 0, 0.931474316463721, 0.102748092157809, 0.828726224305912, 52.2399999999997, 49.1252473118281, 43.8848547008549, 41.8779534161491
8/22/2017, 49.56, 49.64, 47.16, 47.36, 106443881, 5.59391372688588, 0.22597823119241, -0.290342794341637, -0.48908049032308, 0, 0.678756969399934, 0.217949867606234, 0.460807101793701, 50.3927272727269, 49.3768602150539, 44.0696459096461, 41.7663768115942
8/23/2017, 49.29, 49.65, 47.4, 47.74, 43152017, 5.51175882698051, 0.288243154722407, -0.145782609318924, -0.513149532255404, 0, 0.503337316066208, 0.275027357298229, 0.228309958767979, 48.8149090909088, 49.6138064516131, 44.209860805861, 41.6672498674544
8/24/2017, 47.51, 50.11, 47.24, 49.05, 48871523, 5.38888477227415, 0.421715997468132, -0.0337762826295473, -0.452333897339748, 0, 0.464665652444999, 0.312955016327583, 0.151710636117417, 48.9103636363633, 49.9860430107529, 44.4099023199026, 41.6028407900644
8/25/2017, 48.18, 48.71, 47.47, 47.68, 39430249, 5.43222647181302, 0.361992307505211, -0.172612090140474, -0.494675003095217, 0, 0.319784256132714, 0.314320864288609, 0.0054633918441046, 49.052727272727, 50.1249462365593, 44.6001123321126, 41.5074279379158
8/28/2017, 47.08, 48.26, 47.05, 47.3, 31794730, 5.32998161241527, 0.396002252920942, -0.173724837637712, -0.59518103005993, 0, 0.172315535305337, 0.285919798491955, -0.113604263186617, 48.0514545454543, 50.1352903225808, 44.750385836386, 41.4056290617014
8/29/2017, 50.84, 51.01, 47.69, 47.87, 44764399, 5.39069821921622, 0.423612963855893, -0.0263677713617467, -0.521236118741042, 0, 0.100283739382967, 0.248792586670157, -0.14850884728719, 47.1958181818179, 50.1720645161292, 44.9447643467646, 41.3202979583003
8/30/2017, 47.79, 48.21, 47.3, 47.65, 25754044, 5.24029564671954, 0.393029059696357, -0.131620533534225, -0.624394366973431, 0, 0.0251558794508213, 0.20406524522629, -0.178909365775469, 46.1701818181815, 50.1432258064518, 44.9821929181931, 41.2322369546622
8/31/2017, 47.28, 47.42, 46.2, 46.32, 31323240, 5.27774359213897, 0.264796202824067, -0.19437619981213, -0.792986664191925, 0, -0.140088522256136, 0.135234491729805, -0.27532301398594, 46.1776363636361, 49.9067741935485, 44.9413943833946, 41.1153205128206
9/1/2017, 45.86, 46.33, 45.72, 46.17, 20797579, 5.09620595686556, 0.213514859044919, -0.17092051959146, -0.922756936053099, 0, -0.279922870918213, 0.0522030192002012, -0.332125890118414, 46.2990909090906, 49.6077634408604, 44.9148156288158, 40.9979902540899
9/5/2017, 47.87, 50.74, 46.93, 48.69, 71707988, 5.06011989273072, 0.42624034096881, 0.046063665250604, -0.786151104451555, 0, -0.185264051540429, 0.00470960505207518, -0.189973656592504, 47.2505454545452, 49.568989247312, 44.9965177045179, 40.9425263157895
9/6/2017, 47.65, 48.85, 47.41, 47.58, 36165972, 5.07058376835237, 0.400950709544411, 0.0418174204856258, -0.892221757000357, 0, -0.197536896169908, -0.0357396951923214, -0.161797200977586, 47.2049090909089, 49.3727096774195, 45.0380146520149, 40.8631368149055
9/7/2017, 47.52, 48.32, 47, 47.36, 33337957, 4.9787892084733, 0.358042877358851, -0.0830736172600691, -0.784451524155161, 0, -0.222451097561439, -0.073081975666145, -0.149369121895294, 47.1472727272725, 49.1376344086023, 45.0292454212457, 40.7809571178923
9/8/2017, 47.92, 48.84, 47.8, 48.52, 26492531, 4.76928450263048, 0.400070579401956, 0.0895438392533633, -0.698344311667717, 0, -0.146900103237869, -0.0878456011804897, -0.0590545020573788, 47.7730909090907, 49.0493118279572, 45.0797191697194, 40.7276878612717
9/11/2017, 46.74, 46.75, 45.47, 45.79, 30013851, 5.13398995117382, 0.218554366796265, -0.262423079438744, -0.894457685401372, 0, -0.303811431295038, -0.131038767203399, -0.172772664091639, 47.210727272727, 48.6218279569894, 45.0461318681321, 40.6139238095238
9/12/2017, 45.17, 45.48, 44.55, 44.55, 22526138, 5.15221391405246, 0.154065968618102, -0.308225313980577, -0.898114964549678, 0, -0.522202797364947, -0.209271573235709, -0.312931224129238, 46.2470909090907, 48.0169462365593, 44.9316630036632, 40.4749727272728
9/13/2017, 44.56, 44.59, 42.97, 43.01, 25674730, 5.25818584927889, -0.0677567803341727, -0.458187390690552, -0.98843908780154, 0, -0.810205117820118, -0.329458282152591, -0.480746835667527, 45.0154545454543, 47.171053763441, 44.7664615384618, 40.3047110939908
9/14/2017, 43.56, 43.71, 42.96, 43.6, 24701917, 5.01368909882135, -0.108919216912351, -0.41456223258986, -0.709582396431336, 0, -0.979549327660273, -0.459476491254127, -0.520072836406145, 44.208727272727, 46.4290322580647, 44.6058852258855, 40.1516574620707
9/15/2017, 43.4, 43.42, 42.73, 42.8, 21535398, 4.95366828208365, -0.743824256579292, -0.6551631140839, -0.700068412406979, 0, -1.16488112365857, -0.600557417735015, -0.564323705923552, 43.0805454545452, 45.6287741935486, 44.4161318681321, 39.9844039922165
9/18/2017, 42.25, 42.25, 40.62, 41, 29607913, 5.17844274023223, -1.02629184541756, -0.673616443825532, -0.82654504506282, 0, -1.44039884276084, -0.768525702740179, -0.671873140020656, 41.4925454545452, 44.5935053763443, 44.1619584859587, 39.7811433891993
9/19/2017, 40.95, 41.53, 40.9, 40.91, 22607396, 5.00734159697006, -0.596368128861254, -0.600152550945099, -0.808366005112922, 0, -1.64702498914853, -0.944225560021849, -0.702799429126678, 40.6594545454543, 43.5444086021507, 43.9133553113555, 39.5804536525476
9/20/2017, 41.16, 42.57, 40.77, 40.98, 28585111, 4.96846821609183, -0.553676969144721, -0.581081197602739, -0.803890101818114, 0, -1.78455800994632, -1.11229205000674, -0.672265959939574, 40.0529090909089, 42.6117849462367, 43.675545787546, 39.385777426993
9/21/2017, 40.87, 41.48, 40.74, 40.96, 25337048, 4.81268154591481, -0.524844655150779, -0.499197352032335, -0.711190021632073, 0, -1.8735703993469, -1.26454771987477, -0.609022679472129, 39.7554545454543, 41.7840215053765, 43.4257606837609, 39.1950045036931
9/22/2017, 41.7, 42, 40.98, 41.25, 21190285, 4.66596519550636, -1.96642316812984, -0.431624887650857, -0.694353485995895, 0, -1.89882431811549, -1.39140303952292, -0.50742127859257, 40.1392727272725, 41.4547311827959, 43.1821660561663, 39.0147594440485
9/25/2017, 41.34, 42.54, 40.8, 41.28, 36375383, 4.6402013347603, -1.77571748096574, -0.368848410114744, -0.751634338982928, 0, -1.89457796594711, -1.49203802480776, -0.402539941139352, 40.3839999999998, 41.3047526881722, 43.171738705739, 38.8391792009401
9/26/2017, 41.01, 41.5, 40.59, 40.77, 20819483, 4.57493587304293, -1.61543896789607, -0.324146613583824, -0.712778046801078, 0, -1.91034418044827, -1.57569925593586, -0.334644924512412, 40.4505454545453, 40.7122580645163, 43.1239560439563, 38.6565684394072
9/27/2017, 40.37, 40.93, 40.17, 40.47, 22439160, 4.47230365126667, -1.29107528582373, -0.302897805427134, -0.746690207440907, 0, -1.92485794758794, -1.64553099426627, -0.279326953321664, 40.3116363636361, 40.1022795698926, 42.9815384615387, 38.4715749525617
9/28/2017, 40.69, 40.74, 39.9, 39.91, 19354659, 4.41354102551802, -1.48782302868706, -0.320282901069874, -0.71863493392707, 0, -1.95896579423483, -1.70821795425999, -0.250747839974843, 40.235818181818, 39.4441075268819, 42.7692283272286, 38.2787376265787
9/29/2017, 39.9, 40.19, 39.1, 39.19, 24574231, 4.40896150068902, -1.9672609089207, -0.351418462706453, -0.757827449266024, 0, -2.02079996702957, -1.7707343568139, -0.250065610215666, 39.9525454545453, 39.2496559139787, 42.5353968253971, 38.0748649105033
10/2/2017, 38.96, 38.98, 38.06, 38.39, 25749046, 4.42297059524362, -1.91776333916663, -0.378270753282756, -0.819802678705172, 0, -2.11003414836984, -1.83859431512509, -0.271439833244752, 39.229818181818, 38.9573763440862, 42.2450158730161, 37.858537454748
10/3/2017, 38.05, 38.46, 37.98, 38.25, 17758933, 4.2799463815381, -1.87655179314127, -0.33359953616491, -0.825633788699662, 0, -2.16706908647553, -1.90428926939518, -0.262779817080351, 38.5830909090907, 38.6015483870969, 41.9708522588525, 37.643833562965
10/4/2017, 38.36, 38.64, 38.16, 38.32, 17927531, 4.12115218264981, -1.99622388231545, -0.342845964944409, -0.813358669282268, 0, -2.18147458970392, -1.95972633345693, -0.221748256246992, 38.1196363636362, 38.0893763440861, 41.6905396825399, 37.4350785340315
10/5/2017, 38.07, 38.13, 37.01, 37.07, 29780521, 4.22380426374923, -2.20626002014926, -0.463373901024804, -0.850176765536807, 0, -2.26761594306286, -2.02130425537811, -0.246311687684751, 37.3654545454543, 37.5022580645163, 41.3607350427353, 37.2048472582039
10/6/2017, 37.24, 38.06, 37.08, 37.08, 32255770, 4.14502704569376, -1.97236686162602, -0.483941057136684, -0.813826472011919, 0, -2.30846610944879, -2.07873662619225, -0.229729483256539, 36.8849090909089, 37.0725806451615, 41.0514481074484, 36.979549169382
10/9/2017, 36.95, 38.24, 36.89, 37.89, 19764795, 4.03174248381126, -1.68233182210503, -0.445402147802312, -1.41375911079502, 0, -2.24954853485714, -2.11289900792523, -0.136649526931913, 36.9176363636362, 36.7315698924733, 40.7632380952384, 36.7754385408406
10/10/2017, 37.21, 37.89, 36.88, 37.01, 24527833, 4.05767594098968, -2.83592932807814, -0.504533586361474, -1.4161420524538, 0, -2.24795159140378, -2.13990952462094, -0.108042066782839, 36.7292727272726, 36.3167311827958, 40.4500927960931, 36.5576279434851
10/11/2017, 36.9, 37.19, 36.12, 36.23, 21608171, 4.08545010342883, -2.82384085316873, -0.521026710083967, -1.29380267309872, 0, -2.28330496514939, -2.16858861272663, -0.114716352422763, 36.4165454545453, 35.9073118279571, 40.1206715506718, 36.3284548844919
10/12/2017, 36.3, 36.63, 35.63, 35.97, 25672028, 4.04823642993787, -2.85482473749631, -0.569712243234038, -1.18789005537406, 0, -2.30572364868058, -2.19601561991742, -0.109708028763158, 36.1332727272726, 35.5253333333335, 39.817147741148, 36.0986555914475
10/13/2017, 35.61, 35.75, 35.03, 35.34, 21697061, 4.04737722596554, -3.56471335659546, -0.671040697561092, -1.23608726951456, 0, -2.34726850160466, -2.22626619625487, -0.121002305349793, 35.7032727272725, 35.0501075268819, 39.4852478632482, 35.8608258464038
10/16/2017, 35.03, 35.26, 34.7, 34.7, 21134482, 4.00814396562942, -3.62485416835489, -0.707284095825811, -1.21015396431578, 0, -2.40412252025909, -2.26183746105571, -0.142285059203376, 35.1021818181816, 34.5545161290324, 39.11474969475, 35.6149467336683
10/17/2017, 34.81, 35.18, 34.66, 34.82, 24472116, 3.86928391231976, -3.24567700269123, -0.665565013654277, -1.22725321964282, 0, -2.41169620985718, -2.29180921081601, -0.119886999041178, 34.715818181818, 34.3161505376346, 38.7785518925522, 35.3762850746269
10/18/2017, 34.64, 34.73, 34.41, 34.64, 21610847, 3.75410053509311, -3.02900833424286, -0.784587959230691, -1.19043509761848, -1.43931644138647, -2.40450526911658, -2.31434842247612, -0.0901568466404568, 34.4683636363634, 34.070430107527, 38.4613137973141, 35.1387547411458
10/19/2017, 35.82, 36.19, 34.35, 34.39, 41601241, 3.859841244805, -3.5129562605189, -0.899480641503308, -1.19656690765577, -1.37677561460476, -2.3914125916803, -2.32976125631696, -0.0616513353633441, 34.0852727272726, 33.861806451613, 38.1054358974362, 34.9009549821978
10/20/2017, 33.84, 34.06, 33.71, 33.79, 25317351, 3.83258192922171, -3.50552167200659, -1.62167485969457, -1.27029878997674, -1.39832010264152, -2.40176547868401, -2.34416210079037, -0.0576033778936451, 33.6430909090907, 33.7380645161292, 37.7299804639808, 34.6560460736019
10/23/2017, 33.57, 35.24, 33.54, 34.85, 35102428, 3.77411179968384, -2.30666175522158, -1.60476776654504, -1.10122125359474, -1.32501741397332, -2.29794776361645, -2.33491923335558, 0.036971469739135, 33.9085454545453, 33.6618494623657, 37.4290769230772, 34.4364949784793
10/24/2017, 34.28, 35.42, 34.05, 35.28, 37859024, 3.73586752857235, -2.02896037270334, -1.19868895453426, -1.06941278790373, -1.29805264350068, -2.15611966476161, -2.29915931963679, 0.143039654875178, 34.3123636363634, 33.6281075268818, 37.1509084249088, 34.2295453469098
10/25/2017, 35.62, 38.85, 35.48, 36.35, 83408301, 3.93566261589081, -1.46383113606247, -1.02159763418766, -0.988213185043168, -1.23613806288535, -1.93507349426552, -2.22634215456254, 0.291268660297013, 35.0241818181816, 33.6872688172045, 36.8952869352873, 34.0472604474462
10/26/2017, 35.85, 36.3, 35.37, 36.26, 38327297, 3.88329479545641, -1.49032680133854, -1.00313317355068, -1.0626423763042, -1.20767947362414, -1.7470165402385, -2.13047703169773, 0.383460491459225, 35.6463636363634, 33.8173118279571, 36.6752991452995, 33.8668529357117
10/27/2017, 35.35, 35.94, 34.1, 34.26, 39908946, 4.21972725683266, -1.95245476326944, -2.71394488446435, -1.18056097121952, -1.28372351459738, -1.7393136099867, -2.05224434735552, 0.312930737368828, 35.435818181818, 33.6876129032259, 36.3684884004887, 33.6518145012882
10/30/2017, 34.75, 35.38, 33.91, 34.48, 43192794, 4.19633013422659, -1.87762220411731, -2.52040938786428, -1.10146315198068, -1.27707302015838, -1.6959074554021, -1.98097696896484, 0.285069513562739, 35.2321818181816, 33.5209247311829, 36.07211965812, 33.445070403281
10/31/2017, 34.22, 34.46, 33.81, 33.89, 25089128, 4.15476511881753, -1.92064582879341, -2.42442726405175, -1.19492869900981, -1.29906719628711, -1.68963873080844, -1.92270932133356, 0.233070590525119, 34.8607272727271, 33.3154408602152, 35.7511330891335, 33.2311248025277
11/1/2017, 33.56, 34.45, 33.48, 34.09, 31620683, 4.0661408149865, -1.76249339187883, -2.11341731709499, -1.21183763802382, -1.28357743060499, -1.64951777871018, -1.86807101280888, 0.218553234098706, 34.5730909090907, 33.1852903225808, 35.4268083028087, 33.0250004471073
11/2/2017, 34.09, 35.11, 33.65, 33.71, 37091027, 4.12293098082899, -1.73709580930474, -2.2510219663812, -1.14494420536882, -1.31866096803747, -1.62959945124049, -1.8203767004952, 0.190777249254716, 34.1341818181816, 33.0500430107528, 35.1324102564106, 32.8156656922669
11/3/2017, 33.55, 33.99, 33.42, 33.66, 29380279, 4.00727282220909, -1.57189130413412, -2.51118367240529, -1.1331133698406, -1.26404550068951, -1.59941159409198, -1.77618367921456, 0.176772085122583, 33.5950909090907, 32.9745591397851, 34.818036630037, 32.6093414066957
11/6/2017, 33.58, 33.64, 33.29, 33.34, 18838095, 3.89893710365267, -1.4725511087196, -2.40884652539919, -1.20311249258373, -1.26306918763029, -1.58306029183497, -1.73755900173864, 0.154498709903672, 33.1645454545452, 32.9094408602152, 34.5544810744814, 32.40095283634
11/7/2017, 33.3, 34.15, 33.11, 33.52, 32872074, 3.83923135095439, -1.36600205429555, -2.30759217264392, -1.16322653623258, -1.18713390211138, -1.53784989500301, -1.69761718039152, 0.159767285388502, 32.9645454545452, 32.8843870967744, 34.2971477411481, 32.1997803617571
11/8/2017, 33.75, 34.07, 33.16, 33.53, 27382082, 3.78188139396933, -1.3839531345764, -2.40677693665471, -1.07048362338267, -1.14972170524287, -1.48410556819731, -1.65491485795268, 0.170809289755361, 33.0779999999998, 32.8873763440862, 34.0655311355315, 32.0025477897253
11/9/2017, 34.85, 35.91, 33.95, 34, 71108093, 3.89312232302359, -0.90805347589095, -2.25348513120376, -1.11057890239476, -1.1334168668266, -1.38759242818491, -1.60145037199912, 0.213857943814213, 33.4896363636362, 32.9574408602152, 33.8685860805864, 31.8175943854903
11/10/2017, 34.37, 35.04, 34.19, 34.8, 38038717, 3.76286928257649, -0.625381793569141, -1.88020755114306, -1.00730847047498, -1.07771396058855, -1.2323460372557, -1.52762950505044, 0.295283467794736, 33.9009090909089, 33.1191397849464, 33.7782002442006, 31.6506811612417
11/13/2017, 35.42, 35.44, 34.34, 34.9, 27441194, 3.72207617426873, -0.854829428932717, -1.8355729680874, -0.967753746661676, -1.12005283090846, -1.08869321202905, -1.43984224644616, 0.351149034417111, 34.3612727272725, 33.2685161290324, 33.6629010989014, 31.4887405562475
11/14/2017, 35.46, 36.09, 35.02, 35.16, 42206416, 3.67905106819908, -0.528765166245207, -2.35818394338093, -0.916034399284756, -1.10138956759997, -0.94299720124431, -1.34047323740579, 0.39747603616148, 34.7705454545452, 33.4640645161292, 33.5432844932848, 31.3345598519128
11/15/2017, 36.2, 37.1, 35.69, 36.51, 56308976, 3.63154379019408, 0.128705637509439, -1.81864070596275, -0.729583022883645, -1.01035959107601, -0.710409190501338, -1.2144604280249, 0.504051237523562, 35.6169090909088, 33.8555053763443, 33.4898681318685, 31.2075761281644
11/16/2017, 35.27, 35.3, 34.59, 35.01, 38067943, 3.87198744904275, -0.209154668491292, -2.01504415515767, -0.951033344410307, -1.07990796568245, -0.639744404984747, -1.09951722341687, 0.459772818432123, 35.7370909090907, 33.9849677419356, 33.352937728938, 31.0562339918394
11/17/2017, 34.97, 35.06, 34.23, 34.45, 38777198, 3.85864634430877, -0.194913758713124, -2.34390615931779, -0.920013233726958, -1.07422240157885, -0.621762086930609, -1.00396619611962, 0.382204109189008, 35.5829090909088, 34.0573333333335, 33.1879658119661, 30.897769058296
11/20/2017, 33.96, 34.09, 33.31, 33.36, 31338355, 3.95635036670759, -0.316547499539894, -2.27775446464544, -1.17288668486278, -1.12020446320769, -0.687539335327735, -0.940680823961241, 0.253141488633506, 34.9450909090907, 34.062365591398, 32.9663931623935, 30.7229214285715
11/21/2017, 32.69, 32.81, 31.91, 32.1, 34917586, 4.13192074210894, -0.668739927715927, -2.32157524229724, -1.24183207817324, -1.19173627498822, -0.83175183096278, -0.918895025361549, 0.0871431943987686, 33.9069090909088, 33.8780860215055, 32.6729426129429, 30.5290139626352
11/22/2017, 31.82, 32.11, 31.61, 31.79, 28766498, 4.04224356812244, -0.707724160150181, -2.1865154479528, -1.30559218869426, -1.19852469991617, -0.95998952035248, -0.927113924359735, -0.0328755959927447, 32.8410909090907, 33.6341505376346, 32.3624884004888, 30.3331265837589
11/24/2017, 31.62, 31.75, 31.5, 31.64, 11575999, 3.90416488239828, -0.68583167054976, -2.35005814091694, -1.32242464573624, -1.17669508765071, -1.06148640497003, -0.953988420481793, -0.107497984488233, 31.9123636363634, 33.3824946236561, 32.0471159951164, 30.138098771157
11/27/2017, 31.74, 31.98, 31.42, 31.63, 21851198, 3.79865279908718, -0.537517530928492, -2.22126933550624, -1.50007238466336, -1.1513745710796, -1.12970776579608, -0.989132289544651, -0.140575476251433, 31.2689090909088, 33.1155053763443, 31.7327619047623, 29.9463533287367
11/28/2017, 31.33, 31.67, 31.05, 31.21, 35454800, 3.75661065791, -0.984133346865545, -2.08054554982886, -1.43597286856029, -1.12494988633537, -1.20378766085015, -1.03206336380575, -0.171724297044402, 30.6732727272725, 32.7764946236561, 31.3976630036634, 29.7507108410861
11/29/2017, 31.27, 32.26, 31.22, 31.89, 37735929, 3.65731037007534, -0.879633149858994, -1.85106009561119, -1.29115226318075, -1.02532984849448, -1.19386407252101, -1.0644235055488, -0.129440566972206, 30.5658181818179, 32.5542795698927, 31.0853553113557, 29.5702529644269
11/30/2017, 31.35, 32.35, 31.28, 31.97, 43852362, 3.63309497393236, -1.19839913393499, -1.84430505749008, -1.27103093272521, -1.07399032290594, -1.16610212642244, -1.08475922972353, -0.0813428966989072, 30.9343636363634, 32.3491182795701, 30.7898901098905, 29.3943625914316
12/1/2017, 32.32, 36.17, 31.97, 32.83, 106659427, 4.00068668902792, -0.872144513630945, -1.58797595927795, -1.10760935484718, -1.03746147293685, -1.06245841222643, -1.08029906622411, 0.0178406539976772, 31.5476363636361, 32.2536344086023, 30.544561660562, 29.2363127127424
12/4/2017, 31.36, 32.61, 31.13, 32.59, 55441748, 4.08945740413462, -0.487036103571784, -1.7017406014214, -1.09072507924761, -1.05263772360243, -0.988293583016159, -1.06189796958252, 0.073604386566362, 32.0849090909088, 32.0977634408604, 30.3034407814412, 29.0769968086278
12/5/2017, 32.27, 32.79, 31.61, 32.45, 38268095, 4.08356382005269, -0.603962608939106, -1.74091010372937, -1.0495698021303, -1.07987740967591, -0.930092721577722, -1.03553691998156, 0.105444198403839, 32.4572727272725, 32.0025376344088, 30.0757240537244, 28.9181367521368
12/6/2017, 32.86, 32.99, 32.25, 32.41, 32707545, 3.998335811869, -0.439342251771174, -1.65956136152976, -0.976079328987582, -1.08909062884665, -0.87708529199972, -1.00384659438519, 0.126761302385473, 32.6134545454543, 31.9463870967744, 29.8502368742373, 28.7614143526867
12/7/2017, 32.4, 32.49, 31.25, 31.36, 27903741, 4.12330231120984, -0.816789127260946, -1.80954889260886, -1.03033642248748, -1.1790746690814, -0.90932066435883, -0.98494140837992, 0.0756207440210901, 32.3279999999998, 31.8468602150539, 29.5720170940175, 28.5897779446471
12/8/2017, 30.83, 30.94, 30.28, 30.33, 28123656, 4.22820383961634, -0.999880088310756, -1.91401309808475, -1.10048895303594, -1.21209696764214, -1.0063789114851, -0.989228909000957, -0.017150002484144, 31.6801818181816, 31.6428387096776, 29.2652918192922, 28.4038439173138
12/11/2017, 30.24, 30.27, 29.28, 29.29, 26043760, 4.3386599977052, -1.27304859648183, -1.99676185335701, -1.17389157303959, -1.25368293505495, -1.15391595511412, -1.02216631822359, -0.131749636890527, 30.7425454545452, 31.2117849462368, 28.9359462759467, 28.2037136528252
12/12/2017, 29.16, 29.46, 29.06, 29.38, 27087522, 4.17717439639708, -1.15034516983153, -1.8367433380299, -1.12690662212295, -1.2897481845851, -1.24917812940905, -1.06756868046068, -0.181609448948369, 29.8796363636361, 30.8388817204303, 28.6149914529919, 28.0084466527197
12/13/2017, 29.15, 29.44, 29.02, 29.3, 28591239, 4.05082302313443, -1.23359600950938, -1.82997065589084, -1.08427128142788, -1.26320498355912, -1.31595985423375, -1.1172469152153, -0.198712939018458, 29.2249090909089, 30.4493978494626, 28.2929181929186, 27.8151362378977
12/14/2017, 29.15, 29.64, 28.98, 29.12, 37023001, 3.98539350442812, -1.29713906695701, -1.88931250338526, -1.11727292856492, -1.27381027714475, -1.36764399927608, -1.16732633202745, -0.200317667248631, 28.6652727272725, 30.0800215053766, 28.0024542124546, 27.6220962929942
12/15/2017, 28.89, 28.91, 27.94, 28.19, 35904853, 4.120323728503, -1.71909861083069, -1.88620610106481, -1.22188090254449, -1.27823931192411, -1.466739622893, -1.22720899020056, -0.239530632692436, 28.1118181818179, 29.5993763440862, 27.709218559219, 27.4170013263953
12/18/2017, 27.79, 27.98, 27.49, 27.78, 33124985, 4.09806802056064, -2.17585793485218, -1.98972983062195, -1.2854691158803, -1.27185397719821, -1.56037021549436, -1.29384123525932, -0.266528980235041, 27.6218181818179, 29.098989247312, 27.5530280830285, 27.2085802469136
12/19/2017, 27.7, 28.24, 27.67, 27.88, 34042667, 3.98142443079684, -2.16679137585162, -2.15781166124293, -1.3082482691502, -1.26605057805291, -1.60796831265504, -1.35666665073847, -0.251301661916577, 27.400727272727, 28.6278924731185, 27.4526910866915, 27.0052034125126
12/20/2017, 27.4, 27.93, 27.4, 27.8, 35255259, 3.88856141993112, -2.29547342747696, -2.02566786461681, -1.3007804062879, -1.28002897485158, -1.63331761028629, -1.41199684264803, -0.22132076763826, 27.3932727272725, 28.1938709677422, 27.2137948717953, 26.8038576406173
12/21/2017, 27.68, 28, 27.53, 27.6, 26054805, 3.80604735870945, -3.14863468960381, -1.93650254466621, -1.27459295420913, -1.28678716763995, -1.65051928096278, -1.45970133031098, -0.190817950651799, 27.3581818181816, 27.7720430107529, 26.9727203907208, 26.6025664066358
12/22/2017, 27.58, 27.99, 27.42, 27.73, 25809034, 3.70157092482372, -2.76198989978183, -1.8440334208263, -1.28262607015462, -1.25664373776463, -1.63481666646757, -1.4947243975423, -0.140092268925273, 27.3670909090906, 27.436301075269, 26.7446642246647, 26.4066403291107
12/26/2017, 28.04, 28.04, 27.47, 27.78, 17020474, 3.61275499129207, -2.53580445904698, -1.70713021648118, -1.31705854107251, -1.22298670797739, -1.59989505492327, -1.51575852901849, -0.0841365259047737, 27.3270909090906, 27.2006881720432, 26.7026886446891, 26.2146997668092
12/27/2017, 27.66, 28.03, 27.35, 27.9, 24438904, 3.53921924642254, -2.17148661173732, -1.54605067175135, -1.28174772302449, -1.24480155758311, -1.54472974610738, -1.52155277243627, -0.0231769736711063, 27.4289090909088, 27.0322580645164, 26.6536361416366, 26.0277905220884
12/28/2017, 27.77, 27.8, 27.46, 27.47, 17911269, 3.49497656084563, -2.04008895750063, -1.68316988891797, -1.30091988205311, -1.21425936725859, -1.51820729907376, -1.52088367776377, 0.00267637869000592, 27.4469090909088, 26.8717634408604, 26.5572112332116, 25.8370747410359
12/29/2017, 27.33, 28.04, 27.33, 27.92, 29022234, 3.39386303080616, -1.62527780518419, -1.50603692486293, -1.34325752863819, -1.15509848550562, -1.44422866052522, -1.50555267431606, 0.0613240137908417, 27.6841818181815, 26.9079784946239, 26.4150866910871, 25.6565604249668
1/2/2018, 27.76, 27.9, 26.89, 26.95, 31872702, 3.53131068753628, -1.88399474087824, -1.66718933480375, -1.52768821767912, -1.1886009842466, -1.44718865983305, -1.49387987141946, 0.0466912115864067, 27.4658181818179, 26.7765376344088, 26.2532478632483, 25.4636598908339
1/3/2018, 26.61, 26.63, 26.26, 26.38, 23374858, 3.55801295972887, -2.10918188973846, -1.68899704250367, -2.22737316642414, -1.22110672747573, -1.47848565462029, -1.49080102805962, 0.0123153734393331, 27.0361818181815, 26.5874408602153, 26.1108351648356, 25.2648787775046
1/4/2018, 26.12, 26.41, 26.01, 26.32, 21857629, 3.46380557689077, -1.98105732779103, -1.9968602855815, -2.34567293751546, -1.28900424980144, -1.49094357754909, -1.49082953795752, -0.000114039591573079, 26.6821818181815, 26.3701290322583, 25.9519633699638, 25.0683047707272
1/5/2018, 26.26, 26.48, 26.23, 26.28, 21704442, 3.34318853289866, -2.39987410629511, -2.11667569168273, -2.10402612625346, -1.3003786320613, -1.48690413166654, -1.49004445669932, 0.00314032503278261, 26.3834545454542, 26.1091612903228, 25.7985470085474, 24.8742107843138
1/8/2018, 26.24, 26.37, 25.76, 25.98, 18274705, 3.33010180571009, -2.5959521325448, -2.51951715179215, -2.11810997970633, -1.38050341274274, -1.49072617114128, -1.49018079958771, -0.000545371553564156, 26.0239999999997, 25.8270107526884, 25.6600830280834, 24.6785144090467
1/9/2018, 25.82, 26.29, 25.73, 26.28, 27116485, 3.23402749873404, -3.00741608804564, -2.38950249649699, -2.04509418608381, -1.33308906609281, -1.45280069014694, -1.48270477769956, 0.02990408755262, 25.8825454545451, 25.6104086021507, 25.5458803418807, 24.4905275540675
1/10/2018, 26.52, 26.91, 25.84, 25.99, 35356549, 3.31245596511713, -3.05785767988552, -2.21391122375116, -3.48356637821147, -1.31999325742312, -1.42966476412406, -1.47209677498446, 0.0424320108603984, 25.7299999999997, 25.390924731183, 25.4051013431018, 24.3010218191614
1/11/2018, 25.74, 25.93, 25.59, 25.84, 24377518, 3.24249976806209, -3.08147822071099, -2.32584928921785, -3.3985966157477, -1.25024893633541, -1.40721166237822, -1.45911975246321, 0.05190809008499, 25.6472727272724, 25.1607956989249, 25.2693260073264, 24.1121728541729
1/12/2018, 25.73, 25.96, 25.65, 25.85, 27188026, 3.13914446059529, -3.05126162732743, -2.1884009167202, -3.24303101088742, -1.24031008082383, -1.37278587995766, -1.4418529779621, 0.0690670980044423, 25.5943636363633, 25.0119139784948, 25.204881562882, 23.9264164456234
1/16/2018, 26.02, 27.73, 25.96, 27.44, 64722846, 3.15195116949959, -1.3280971579869, -1.51550347701589, -2.57882334724135, -1.13694758352508, -1.20333222273405, -1.39414882691649, 0.190816604182439, 26.2690909090905, 25.1090752688174, 25.2020048840053, 23.7677751455062
1/17/2018, 27.15, 27.91, 26.26, 26.83, 50825915, 3.36992408074973, -1.25089503638074, -1.58492504603176, -2.72439047414202, -1.20002436482261, -1.10551716681545, -1.33642249489628, 0.23090532808083, 26.5652727272723, 25.2153978494626, 25.1823296703301, 23.6023887615012
1/18/2018, 27.29, 27.85, 26.52, 26.96, 57825925, 3.43265244555599, -0.878536804790657, -1.53591323092759, -2.8699240561469, -1.19831685757467, -1.00591258264201, -1.27032051244543, 0.264407929803417, 26.7989090909087, 25.360924731183, 25.2091550671555, 23.4415623919807
1/19/2018, 26.84, 27.4, 26.74, 26.82, 46589382, 3.4010848037129, -0.972964154135389, -1.50572986690736, -2.77383605217546, -1.18968924652871, -0.927579502931867, -1.20177231054272, 0.27419280761085, 26.9405454545451, 25.515677419355, 25.1849890109894, 23.281150371641
1/22/2018, 27.03, 27.05, 26.05, 26.25, 35435773, 3.49166627481147, -1.15845478633116, -1.69069919976667, -2.83188397371156, -1.27587808502081, -0.901106810817851, -1.14163921059774, 0.240532399779892, 26.8499999999996, 25.6317634408604, 25.1222490842495, 23.114691161867
1/23/2018, 26.54, 26.99, 26.34, 26.69, 39880416, 3.40102764061862, -0.885256133672056, -1.55460241246383, -2.80176126906546, -1.22098382578953, -0.83499735903829, -1.08031084028585, 0.245313481247562, 26.8530909090905, 25.7734193548389, 25.0579267399271, 22.9573886964603
1/24/2018, 26.83, 28.12, 26.82, 27.37, 62443712, 3.41193848526509, -0.272422841241117, -1.45261591344834, -2.62096436988138, -1.23857154661137, -0.719441550845897, -1.00813698239786, 0.288695431551965, 27.1123636363633, 25.9628172043013, 25.048395604396, 22.8126642070546
1/25/2018, 27.27, 28.31, 27.23, 27.82, 48456476, 3.38301648183394, 0.0614192946945217, -1.51543071472192, -2.40419655377266, -1.27661829505212, -0.584810173477539, -0.923471620613797, 0.338661447136258, 27.409636363636, 26.1590752688174, 25.0526471306476, 22.6768931365478
1/26/2018, 27.59, 28.02, 27.51, 27.64, 36312440, 3.3270529160054, -0.0465717484187752, -1.5836770709601, -2.42012969454051, -1.36734826156799, -0.487024220570959, -0.836182140605229, 0.349157920034271, 27.5149090909087, 26.3479784946239, 25.0200048840053, 22.5406096654276
1/29/2018, 28.3, 29.73, 27.58, 29.65, 64286727, 3.30899681175277, 0.606691012578115, -0.986094554530327, -2.2634758789849, -1.23934210885136, -0.244519280594911, -0.717849568603166, 0.473330288008255, 28.2183636363633, 26.7978064516131, 25.0830109890114, 22.4360863741971
1/30/2018, 30.7, 31.99, 30.3, 30.6, 94348382, 3.42830613382504, 0.918126256382777, -1.03583630918759, -1.97862287778542, -1.21633853755906, 0.0240474875412495, -0.569470157374283, 0.593517644915532, 29.3607272727269, 27.3539139784948, 25.1973479853484, 22.4617017903513
1/31/2018, 29.94, 30.87, 29.51, 29.96, 69010105, 3.55343322130487, 0.690642664088306, -0.929513284327616, -2.04936136369715, -1.17677102540183, 0.183134870126089, -0.418949151874208, 0.602084022000298, 29.987636363636, 27.7572688172045, 25.2908693528698, 22.4470045100451
2/1/2018, 30.13, 30.46, 28.05, 29.01, 70079288, 3.90168274197791, 0.40238482753373, -1.01731067534389, -2.31743079913097, -1.21104778389746, 0.229905498987417, -0.289178221701883, 0.519083720689301, 30.141636363636, 28.0013333333335, 25.3573675213679, 22.4208574552412
2/2/2018, 29.87, 33.54, 29.87, 32.92, 130163140, 3.9543871666932, 0.997616770281881, 0.0339787922990106, -1.20972017979739, -0.989858659572319, 0.575837980300566, -0.116174981301393, 0.692012961601959, 31.5065454545451, 28.74023655914, 25.6044126984131, 22.4492841328413
2/5/2018, 34.64, 44.6, 32.26, 43.94, 221395465, 4.21869604577067, 1.44764719287082, 0.979916305049379, 0.149399732660926, -0.360456068892594, 1.71939376502967, 0.250938767964819, 1.46845499706485, 36.231636363636, 30.8395268817206, 26.327953601954, 22.64195899959
2/6/2018, 54.27, 54.97, 42.68, 42.88, 142969062, 5.53990272944508, 1.32776041337566, 0.940357745529793, 0.174788364479548, -0.392670135328309, 2.51118939391965, 0.702988893155785, 1.80820050076386, 39.713636363636, 32.686860215054, 26.9961709401713, 22.8184950116168
2/7/2018, 44.73, 45.4, 40.64, 44.57, 90274878, 5.59734075805867, 1.54389703131984, 1.05108886681374, 0.235684732605958, -0.21673126087457, 3.23773936648109, 1.20993898782085, 2.02780037866024, 43.0323636363633, 34.6587096774195, 27.7240512820517, 23.0099669263359
2/8/2018, 44.89, 55.33, 44.75, 55.24, 85093304, 5.26429767754057, 1.96607877088763, 1.43743275548829, 0.742533721049772, 0.100518283525678, 4.62124445191834, 1.89220008064034, 2.72904437127799, 49.1889090909087, 37.8790752688174, 28.8989230769235, 23.3608303949706
2/9/2018, 50.55, 56.5, 48.61, 50.03, 75148575, 6.31041002442482, 1.67885410088996, 1.22616185079184, 0.623522658593176, -0.0167624989168406, 5.23691089262365, 2.56114224303701, 2.67576864958665, 52.0139999999996, 40.2692258064518, 29.8165201465206, 23.6389069290693
2/12/2018, 48.36, 50.69, 47.15, 47.95, 46504945, 6.62407346915277, 1.57084792847223, 1.08276558561287, 0.540503064722177, -0.0533543815684628, 5.49366481747685, 3.14764675792497, 2.34601805955187, 53.3012727272723, 42.2240215053765, 30.6315579975584, 23.8874946016127
2/13/2018, 49.16, 49.73, 47.45, 47.98, 36968247, 6.5265341122047, 1.60140238620192, 1.07864462512607, 0.538281257542017, -0.0526456175503546, 5.63461259543902, 3.64503992542778, 1.98957267001123, 53.7907272727269, 44.0804946236561, 31.4423565323569, 24.1372379390461
2/14/2018, 47.6, 47.92, 42.19, 42.34, 44067001, 7.70987131243274, 1.24519625310535, 0.742458624702994, 0.290504241963316, -0.141316263255824, 5.23091512694283, 3.96221496573079, 1.26870016121204, 51.2558181818178, 45.0272688172045, 31.971765567766, 24.313758370917
2/15/2018, 40.89, 43.17, 40.79, 41.54, 28927116, 7.75190548387054, 1.22653527294584, 0.717724412943897, 0.238761695651994, -0.163092909055601, 4.79119870430972, 4.12801171344658, 0.663186990863142, 47.5792727272723, 45.7352473118281, 32.462566544567, 24.4574932349324
2/16/2018, 42.72, 42.93, 40.35, 42.15, 38034380, 7.56378282585962, 1.27288416290513, 0.757150883567748, 0.266355568564933, -0.171453542167352, 4.44075194920617, 4.1905597605985, 0.250192188607675, 44.2119999999996, 46.4188172043012, 32.9947643467648, 24.6073795271286
2/20/2018, 43.45, 45.03, 42.72, 43.9, 28172969, 7.22717024611581, 1.36258384834619, 0.843782928553397, 0.372167424347956, -0.0940978724813258, 4.255179682966, 4.203483745072, 0.051695937894003, 43.1498181818178, 47.2196344086023, 33.5807814407819, 24.7584641246413
2/21/2018, 43.24, 44.7, 40.94, 44.36, 40836936, 7.21842053909512, 1.25587281033599, 0.935746042259065, 0.407453446163396, -0.0886190324828093, 4.09799138681811, 4.18238527342122, -0.0843938866031122, 42.0367272727269, 47.9451397849464, 34.1645250305254, 24.9052157988247
2/22/2018, 43.14, 44.71, 42.6, 43.82, 35319315, 7.18276308440317, 1.28011551929757, 0.98139240266427, 0.410785175028395, -0.0744740093093206, 3.88506048371855, 4.12292031548069, -0.237859831762133, 40.9943636363632, 48.503548387097, 34.7129304029308, 25.0490061500615
2/23/2018, 42.7, 43.05, 40.39, 40.41, 32108447, 7.82383678397969, 1.07646945567078, 0.880139701735482, 0.289209672219018, -0.156861681712874, 3.40193729201698, 3.97872371078795, -0.576786418770965, 40.9489090909087, 48.4967956989249, 35.0925274725279, 25.1393262265956
2/26/2018, 39.37, 39.95, 38.64, 38.75, 25510157, 7.9794369604797, 0.993454426954708, 0.785450684907314, 0.248173693753976, -0.205831770527611, 2.85223180231327, 3.75342532909301, -0.901193526779741, 40.0969090909087, 48.1763870967743, 35.3816263736268, 25.2238021046877
2/27/2018, 39.43, 42.87, 38.93, 42.43, 52153471, 7.40850867564598, 1.22856518982425, 0.970451492867599, 0.433426315385608, -0.09833834849647, 2.68260805052474, 3.53926187337936, -0.856653822854616, 40.7154545454541, 48.2402795698926, 35.8312844932849, 25.3633429000957
2/28/2018, 41.14, 44.42, 41.07, 44.35, 46535835, 7.11106813872099, 1.28703483632402, 1.07186031218857, 0.515019032117111, -0.0457181071031227, 2.67230330994371, 3.36587016069223, -0.69356685074852, 42.3043636363632, 48.5468172043012, 36.3552942612947, 25.5245797457975
3/1/2018, 44.25, 49.37, 43.8, 47.28, 64987448, 6.92591113271282, 1.36693218924188, 1.26613614103599, 0.700347268322423, 0.0454114855786878, 2.86750839000194, 3.26619780655417, -0.398689416552227, 43.9754545454541, 49.0753548387098, 36.9947106227111, 25.7345748257483
3/2/2018, 49.61, 50.68, 44.96, 44.99, 57069875, 7.55021614663101, 1.21790274121673, 1.19107181096459, 0.60471955808294, 0.00782584133904379, 2.80509062207035, 3.17397636965741, -0.368885747587061, 44.4259999999996, 49.1900645161292, 37.5112503052507, 25.9019931665984
3/5/2018, 46.21, 46.3, 43, 43.32, 36363125, 7.83010187477107, 1.14814237511185, 1.10483246864053, 0.49194001029522, -0.240411103466966, 2.591001594522, 3.05738141463033, -0.466379820108327, 44.2334545454541, 48.9672258064518, 37.9701416361421, 26.0466989203226
3/6/2018, 43, 45.21, 43, 43.63, 29219695, 7.63901014334927, 1.0192339734255, 1.1251352414686, 0.550001830524046, -0.207308555952878, 2.41847028696107, 2.92959918909647, -0.511128902135406, 44.4341818181814, 48.6392688172045, 38.4459340659345, 26.2039193658604
3/7/2018, 45.38, 45.75, 42.93, 43.18, 34437269, 7.65922908584095, 0.930746642011926, 1.11866494972361, 0.570774042801104, -0.141099266408106, 2.21983783474712, 2.7876469182266, -0.567809083479485, 44.5861818181814, 48.1714193548389, 38.9197167277172, 26.3541948886156
3/8/2018, 42.56, 43.04, 41.5, 41.5, 29776556, 7.77323461036823, 0.89056779563954, 1.02716385663233, 0.509194895050265, -0.134195418675506, 1.9048997273459, 2.61109748005046, -0.706197752704563, 44.1141818181814, 47.4293548387099, 39.3130598290603, 26.4717045237119
3/9/2018, 40.88, 40.9, 38.24, 38.28, 38050155, 8.43155105835338, 0.785976741225547, 0.85778237491333, 0.391609894075532, -0.218834101834397, 1.37957899103616, 2.3647937822476, -0.98521479121144, 41.9743636363632, 46.2175698924733, 39.517367521368, 26.5352608992757
3/12/2018, 39, 40.29, 38.62, 39.88, 26014693, 7.94061649418453, 0.615868930455512, 0.928926871605693, 0.502527979262498, -0.141022800594013, 1.0799165453116, 2.1078183348604, -1.0279017895488, 40.1714545454541, 45.1293118279572, 39.7935579975585, 26.6083348366818
3/13/2018, 39.1, 41.26, 38.8, 40.65, 33809092, 7.70327666663407, -0.054802206649432, 0.997440073924285, 0.531825628726558, -0.129213983856744, 0.894256036036658, 1.86510587509565, -0.970849839058994, 39.3089090909086, 44.1937849462368, 40.0863394383399, 26.6727503075031
3/14/2018, 39.98, 42.18, 39.93, 41.53, 35143133, 7.43393418429428, 0.0756745740037121, 1.00751074542722, 0.581515798902781, -0.0852280418785611, 0.808804001293773, 1.65384550033528, -0.845041499041504, 39.2314545454541, 43.3622795698927, 40.4170793650799, 26.7680377203773
3/15/2018, 41.01, 41.95, 39.84, 40.17, 30810801, 7.56397118098218, -0.130351231427768, 1.01172737339133, 0.532880169238325, -0.115992729391766, 0.624147233318077, 1.44790584693184, -0.82375861361376, 39.4239999999996, 42.2450322580647, 40.6744761904767, 26.8482602159356
3/16/2018, 39.93, 40.07, 38.61, 39.5, 30248414, 7.50512623349498, -1.21277191281778, 1.02093412651502, 0.53433564968926, -0.142182885738001, 0.418913044923244, 1.24210728653012, -0.823194241606875, 39.3149090909087, 40.9135698924733, 40.8967423687428, 26.9222429957634
3/19/2018, 40.34, 45.27, 40.33, 43.35, 58137221, 7.16216521134715, -0.428982232725375, 1.19884296874378, 0.648205082795312, -0.00794330033498576, 0.56046559766321, 1.10577894875674, -0.545313351093527, 40.5012727272723, 40.2635913978497, 41.2759096459101, 27.0619797731311
3/20/2018, 42.9, 43.52, 42.07, 42.37, 25076967, 7.13254351702393, -0.357864327429665, 1.15615744198631, 0.583552877474119, -0.0354898971574202, 0.586804884309466, 1.00198413586728, -0.415179251557817, 41.4094545454541, 40.1566451612905, 41.6089059829065, 27.1919193658604
3/21/2018, 41.98, 42.27, 39.53, 41.95, 37791472, 7.18225447855754, -0.399280919576689, 1.15918392622926, 0.510343858078563, -0.0523288792132443, 0.567249568897736, 0.915037222473373, -0.347787653575637, 42.1512727272723, 39.9358709677421, 41.9172820512826, 27.3310854175209
3/22/2018, 44.45, 47.83, 43.32, 47.47, 66454778, 6.64905828116104, 0.56774500083716, 1.35491984624741, 0.736135224280659, 0.0686095596617271, 0.985805950624751, 0.929190968103649, 0.0566149825211023, 44.5310909090905, 40.5341505376346, 42.471223443224, 27.5485029383628
3/23/2018, 46.57, 50.15, 45.38, 49.76, 55922506, 6.50521014421983, 0.819871911751428, 1.46468243759956, 0.923158846797392, 0.13341672450903, 1.48517854655761, 1.04038848379444, 0.444790062763165, 46.7323636363632, 42.115612903226, 43.1331746031751, 27.7984403444035
3/26/2018, 46.55, 49.47, 46.13, 46.13, 35096760, 7.0597072173761, 0.464492769453849, 1.32241430370413, 0.773664087246536, 0.0758330772465912, 1.5699271211881, 1.14629621127317, 0.423630909914928, 47.3734545454541, 42.9245161290324, 43.6277142857148, 28.0097518108515
3/27/2018, 46.21, 50.62, 46.21, 49.86, 38583129, 6.65525630246052, 0.591275001728305, 1.46072205094089, 0.939547028617746, 0.147021176700867, 1.91598452728107, 1.30023387447475, 0.615750652806317, 49.1161818181814, 44.0931827956991, 44.2828498168503, 28.2673128331284
3/28/2018, 49.25, 52.31, 48.8, 50.91, 46842394, 6.53682037475246, 0.628105132238395, 1.39148131445897, 0.965830537469949, 0.157424376225934, 2.24903822690057, 1.48999474495992, 0.759043481940657, 50.8952727272722, 45.3847526881722, 45.0031135531141, 28.5424715047151
3/29/2018, 49.66, 50.27, 47.04, 47.31, 34622557, 7.09152502673251, 0.406515623049555, 1.28948261171232, 0.853931923435187, 0.118682274547131, 2.19716818270616, 1.63142943250917, 0.565738750196998, 50.6470909090905, 45.8246451612905, 45.5221318681324, 28.7509337160039
4/2/2018, 48.68, 53.82, 48.2, 51.84, 52925551, 6.77613901550886, 1.00024122843524, 1.43978052401537, 1.01099421117227, 0.223960399911487, 2.49285782691047, 1.80371511138943, 0.68914271552104, 51.4403636363632, 46.7539139784948, 46.2177094017099, 29.0182315156486
4/3/2018, 50.54, 51.94, 49.44, 49.59, 32729872, 6.98147397128011, 0.990830206803928, 1.36421150359339, 0.949576207389452, 0.164092608489371, 2.51662768687783, 1.94629762648711, 0.570330060390719, 51.5532727272722, 47.3719139784948, 46.7779731379736, 29.253774497745
4/4/2018, 53.26, 53.41, 48.44, 48.62, 40726588, 7.27582742747823, 0.623407215404295, 1.36751053914205, 0.905913241054595, 0.151512053790927, 2.42919236136076, 2.04287657346184, 0.386315787898919, 50.7947272727268, 47.9355053763443, 47.2559462759468, 29.4795681290147
4/5/2018, 48.01, 48.69, 46.71, 46.96, 28495535, 7.3671889490586, 0.341033430873992, 1.27137199128579, 0.844982385454878, 0.148774729723998, 2.20058414494299, 2.07441808775807, 0.12616605718492, 49.0378181818177, 48.2886881720432, 47.6423663003668, 29.68111466448
4/6/2018, 48.41, 51.89, 47.21, 49.76, 44713292, 7.1003825039269, 0.319666060957157, 1.32832330270341, 0.919127869016006, 0.183267620066335, 2.21975908484426, 2.1034862871753, 0.116272797668952, 49.0789090909086, 48.944365591398, 48.1367326007331, 29.9183162498292
4/9/2018, 49.01, 50.19, 48.3, 49.92, 28839317, 6.91304650892693, 0.513627062316123, 1.30449991857528, 0.884944632821872, 0.196383561925349, 2.22224931884274, 2.12723889350879, 0.0950104253339501, 49.5083636363631, 49.3546881720432, 48.6245958485963, 30.1492999863332
4/10/2018, 48.36, 49.98, 48.13, 48.62, 31742258, 6.933243883985, 0.557032277357521, 1.26724273389587, 0.834499311173451, 0.179644199710788, 2.09517187460973, 2.12082548972898, -0.0256536151192477, 48.7539999999994, 49.4280430107528, 49.0329010989015, 30.3710979909799
4/11/2018, 49.91, 49.92, 48.42, 49.01, 28923707, 6.6871985667697, 0.560190789189977, 1.15862251872003, 0.835468108590881, 0.197963622510203, 2.00284428297863, 2.09722924837891, -0.0943849654002813, 48.7445454545449, 49.7325376344087, 49.4606105006109, 30.5818474784748
4/12/2018, 48.11, 48.3, 46.66, 47.01, 30113808, 6.87306151179566, 0.442958765263702, 1.02450354400308, 0.69975164879308, 0.177556439412481, 1.7481392549716, 2.02741124969745, -0.27927199472585, 48.3005454545449, 49.8688172043012, 49.7901318681323, 30.7543979773131
4/13/2018, 45.88, 46.68, 44.97, 45.3, 35199511, 7.00104835730769, 0.45275054048376, 0.995037785190741, 0.708169351829938, 0.105452886260335, 1.39225196231684, 1.90037939222133, -0.508127429904485, 46.7585454545449, 49.966301075269, 50.0529987789992, 30.8975189285227
4/16/2018, 44.27, 44.33, 42.78, 43.03, 29232263, 7.2946808286483, 0.566590724780214, 0.959459619305791, 0.647786883379611, 0.0809851201089469, 0.916474146563779, 1.70359834308982, -0.787124196526038, 45.4479999999995, 49.6358709677421, 50.2021709401714, 31.0086674866749
4/17/2018, 42.22, 42.49, 39.76, 40.44, 34377364, 7.77808136137239, 0.184334557944126, 0.625099273871091, 0.596985655671973, -0.0324272122299012, 0.326659913178176, 1.42821065710749, -1.10155074392931, 43.2732727272722, 48.8781290322582, 50.2273699633704, 31.1007967746344
4/18/2018, 41.22, 42.78, 40.15, 40.54, 33910280, 7.69532140456844, 0.123187429688204, 0.0325260358807559, 0.666537227897123, -0.0161713189889985, -0.131190667544772, 1.11633039217704, -1.24752105972181, 41.4381818181813, 48.1723225806453, 50.2501978021982, 31.1991291512915
4/19/2018, 41.6, 42.62, 40.74, 41.19, 30409420, 7.44767937009333, 0.10280299127879, 0.122877365852093, 0.710047214190115, -0.0109001883244731, -0.436558607797288, 0.805752592182172, -1.24231119997946, 39.9363636363631, 47.538924731183, 50.2721489621494, 31.3266037993713
4/20/2018, 41.08, 42.89, 40.65, 42.39, 34763888, 7.13921721140451, 0.330404532962624, 0.0999313494255296, 0.766739205631765, 0.0186003361977374, -0.575105471439024, 0.529580979457933, -1.10468645089696, 39.7238181818176, 46.9586236559142, 50.3164639804644, 31.4647973213065
4/23/2018, 41.87, 42.88, 40.93, 41.94, 29352054, 7.08750230595768, 0.353173086434762, -0.551645428813571, 0.749106872802857, -0.0457282387973216, -0.712997111369866, 0.281065361292373, -0.994062472662239, 39.7898181818176, 46.1008172043013, 50.3091623931629, 31.5886078994123
4/24/2018, 40.97, 45.79, 40.59, 44.11, 48609827, 6.99132519556273, 0.193797900145051, -0.163103288434958, 0.856698301140948, 0.0458101114356429, -0.639801135687527, 0.0968920618963931, -0.73669319758392, 40.7807272727267, 45.6013978494626, 50.3894481074485, 31.7196752767528
4/25/2018, 44.28, 45.88, 44.17, 44.49, 39437500, 6.7839511498642, 0.315482197752296, -0.0259164911973342, 0.834811900242781, 0.0803004954213968, -0.544849289945667, -0.0314562084720189, -0.513393081473648, 42.2269090909086, 45.17423655914, 50.4737753357758, 31.8551545715457
4/26/2018, 43.39, 43.94, 41.88, 42.32, 28847328, 7.08357956816128, 0.162126663252647, -0.16050781258929, 0.745316244519531, 0.0334810362447983, -0.637353122598682, -0.152635591297352, -0.484717531301331, 42.7699999999994, 44.5056344086023, 50.4481196581201, 31.9621571682383
4/27/2018, 41.77, 43.08, 41.29, 41.48, 29203478, 7.08144245319084, -0.477262780377925, 0.111838489793092, 0.666743763292597, 0.0390280196627956, -0.769572898921133, -0.276023052822108, -0.493549846099025, 42.9367272727267, 43.6346881720432, 50.3554090354095, 32.0664045373787
4/30/2018, 41.06, 41.79, 40.31, 41.57, 30796469, 6.8908184101621, -0.698568797203024, 0.172704107340792, 0.682784025418898, 0.0547157925168515, -0.857214343060711, -0.392261310869829, -0.464953032190883, 42.8889090909085, 42.7220430107529, 50.2477851037855, 32.1755334153341
5/1/2018, 41.94, 42.43, 40.82, 40.95, 23567098, 6.8419720450529, -0.458302765792116, 0.0874118064477575, 0.664677586770179, 0.0579179054224509, -0.965569157209252, -0.506922880137713, -0.458646277071539, 42.1885454545449, 41.9740430107529, 50.1051794871799, 32.2722809894766
5/2/2018, 40.78, 40.88, 39.45, 40.65, 28520655, 6.73234483352203, -0.959945664989774, -0.0536357348757582, 0.654355134747078, 0.0771900178556385, -1.06339051693009, -0.618216407496189, -0.445174109433903, 41.3767272727267, 41.1381290322582, 49.9381074481079, 32.3809123957906
5/3/2018, 41.5, 43.97, 41.06, 41.48, 47818439, 6.66794422874969, -0.963738968826491, -0.0247763546139743, 0.74414080715583, 0.1126371737874, -1.06170194671788, -0.706913515340526, -0.354788431377349, 40.9756363636358, 40.3906236559142, 49.7934578754583, 32.4954462211289
5/4/2018, 42.02, 42.41, 39.98, 40.02, 31714553, 6.86924063663444, -0.81632403389254, -0.0910544145385586, 0.739995230188585, 0.0849293805090018, -1.16474706183117, -0.798480224638655, -0.366266837192516, 40.2943636363631, 39.8289032258066, 49.5777094017099, 32.6068733087331
5/7/2018, 39.96, 40.37, 39.51, 39.9, 21613423, 6.65317443018057, -1.63811479919346, 0.127947330584787, 0.794219587388441, 0.0909023823794428, -1.24177959291047, -0.887140098293018, -0.35463949461745, 39.6109090909086, 39.4526881720432, 49.3488229548234, 32.7370168101681
5/8/2018, 40.19, 40.63, 39.67, 39.81, 23715180, 6.45537746234601, -1.40193210559529, 0.244737492988964, 0.785194496563695, 0.101402469020125, -1.29516086833828, -0.96874425230207, -0.326416616036208, 39.4416363636358, 38.8866666666669, 49.1097899877904, 32.8909763564302
5/9/2018, 39.44, 39.65, 38.13, 38.16, 25346131, 6.61790219961202, -1.51709115035904, -0.167560931420192, 0.71788726098018, 0.0758435186898786, -1.45384806853571, -1.0657650155488, -0.388083052986914, 39.0129090909086, 38.4007311827959, 48.7803516483521, 33.0255842558426
5/10/2018, 37.9, 37.93, 36.16, 36.44, 24669215, 6.85818305544278, -1.56689159218604, -0.446826843559097, 0.650397652853894, 0.0243155223429226, -1.69881555508884, -1.19237512345681, -0.506440431632035, 37.9012727272722, 37.8420430107529, 48.3778974358978, 33.1476744567446
5/11/2018, 36.48, 36.83, 35.75, 35.75, 22155734, 6.79207219617673, -2.33907707311778, -0.725598524956617, 0.672880408199381, 0.00096888311933505, -1.92642466215937, -1.33918503119732, -0.58723963096205, 36.7039999999995, 37.0491612903228, 47.9174847374852, 33.2359335793358
5/14/2018, 35.43, 35.51, 34.51, 34.69, 26238879, 6.82835837309462, -2.58092398803055, -0.670623031101025, 0.646854558392617, -0.0362081926669065, -2.16735573280256, -1.50481917151837, -0.662536561284194, 35.4710909090904, 36.498365591398, 47.3916239316244, 33.3068940822742
5/15/2018, 35.99, 37.65, 35.93, 37.13, 43345763, 6.45925031953999, -1.6097504543874, -0.322076010511427, 0.753951462633942, 0.0252769893282388, -2.13677630686428, -1.63121059858755, -0.505565708276732, 35.3323636363631, 36.2178064516131, 46.9649987789992, 33.428454831215
5/16/2018, 36.58, 36.59, 35.57, 35.81, 26605240, 6.58029506133185, -1.87554981659843, -0.452868406993036, 0.698095929504422, -0.00581692385649374, -2.19376648532445, -1.74372177593493, -0.45004470938952, 34.8859999999995, 35.7854838709679, 46.4718656898661, 33.5199663796638
5/17/2018, 35.65, 36.13, 34.77, 34.87, 30091225, 6.61480779578374, -1.80701697211495, -0.501086326035403, 0.665735053187253, -0.0163093875257669, -2.28840247716276, -1.8526579161805, -0.435744560982258, 34.5449090909086, 35.2058709677421, 45.9239951159955, 33.6015063550635
5/18/2018, 35.25, 35.94, 34.98, 35.3, 24863745, 6.35907734977422, -1.50252000622138, -0.34446039270471, 0.67830961301801, -0.0110800475440316, -2.30216683000288, -1.94255969894497, -0.359607131057908, 34.4209090909086, 34.9454838709679, 45.3950744810749, 33.6379415060817
5/21/2018, 34.05, 34.61, 33.47, 34.23, 27789554, 6.49727312079108, -1.4122244546545, -0.202413092464528, 0.624059511463322, -0.0550718511467593, -2.37207147305423, -2.02846205376683, -0.343609419287408, 34.1607272727268, 34.6532903225809, 44.8063296703301, 33.6506852535192
5/22/2018, 33.94, 34.71, 33.8, 34.64, 19574095, 6.23070369452785, -0.993788514416374, -0.299969556978641, 0.636679033838838, -0.0354979495614028, -2.36710136179185, -2.09618991537183, -0.270911446420022, 34.333454545454, 34.427677419355, 44.2261367521372, 33.6751480114801
5/23/2018, 35.6, 36.16, 33.85, 34.03, 30854191, 6.36467814221341, -1.13093496946594, -0.419056124724937, 0.632963998187927, -0.0443840735910022, -2.38489285454308, -2.15393050320608, -0.230962351336995, 34.247454545454, 34.240860215054, 43.6130549450554, 33.6886043460435
5/24/2018, 34.15, 35.66, 33.63, 33.81, 32003534, 6.38599518842195, -1.30262225784082, -0.511032165947417, 0.595197970174049, -0.0806745277627438, -2.38920364966676, -2.20098513249822, -0.188218517168545, 33.9667272727267, 33.9894408602152, 43.0196971916976, 33.7009523028564
5/25/2018, 34.36, 34.58, 33.6, 34.25, 23383131, 6.13182401327063, -1.44845746443283, -0.364650436421306, 0.675544437331817, -0.0934524435421941, -2.33025394613498, -2.22683889522557, -0.103415050909411, 33.843454545454, 33.7650107526883, 42.4273504273508, 33.7053409867432
5/29/2018, 35.85, 39.55, 35.08, 38.51, 57762078, 5.86897491123846, -0.354524527588725, 0.0853261054010847, 0.900179282741744, -0.105616253757779, -1.91768362061994, -2.16500784030444, 0.247324219684504, 35.0616363636358, 34.001053763441, 42.0186691086695, 33.7747188738554
5/30/2018, 37.38, 37.49, 36.08, 36.56, 28126841, 6.20523831072766, -0.904841163238476, -0.37177183908365, 0.818115487777631, -0.186132668650408, -1.72814637275921, -2.0776355467954, 0.349489174036185, 35.8858181818176, 33.846172043011, 41.5131770451774, 33.82643433101
5/31/2018, 36.76, 37.95, 36.41, 36.79, 31987455, 6.0674187825005, -0.918074294318839, -0.282492347245592, 0.830827397547311, -0.0495154982192782, -1.54160697488817, -1.97042983241395, 0.428822857525784, 36.5565454545449, 33.752172043011, 40.9979365079369, 33.8712401257346
6/1/2018, 35.46, 35.61, 34.86, 35.29, 28213787, 6.28249702912393, -0.88310163746222, -0.375905573936446, 0.781348817802479, -0.0841286988694881, -1.49754782299618, -1.8758534305304, 0.378305607534221, 36.4676363636358, 33.5353763440862, 40.4191843711848, 33.8980136668033
6/4/2018, 34.68, 34.81, 33.91, 34, 20545816, 6.39776041617337, -0.96303589207147, -0.980376308517278, 0.702020997456067, -0.115086874533831, -1.54886845529736, -1.81045643548379, 0.26158798018643, 35.9961818181813, 33.2729677419357, 39.7928547008551, 33.8969610496105
6/5/2018, 33.98, 34.38, 33.48, 33.6, 21439805, 6.28415659054761, -1.03827961604889, -1.2039176081506, 0.700822040787634, -0.305900130451967, -1.60333483723934, -1.7690321158349, 0.165697278595556, 35.243454545454, 32.9839354838712, 39.1541831501836, 33.8906636599699
6/6/2018, 33.27, 33.45, 32.22, 32.22, 26504705, 6.43979759063562, -1.1607613657778, -1.11560957052854, 0.642210319089658, -0.321363423585094, -1.7378217765131, -1.76279004797054, 0.0249682714574395, 34.1303636363631, 32.7182795698927, 38.4469548229552, 33.8673696870302
6/7/2018, 32.16, 33.93, 32.1, 32.81, 35105415, 6.28667371081273, -1.01629900272779, -1.39735747410035, 0.670908198626396, -0.259257620729633, -1.77631927279295, -1.76549589293502, -0.0108233798579302, 33.2310909090903, 32.6295268817206, 37.8068278388283, 33.8541582615826
6/8/2018, 33.46, 33.56, 32.41, 32.6, 24184804, 6.18719252236741, -1.16881877533409, -1.50672274159022, 0.56394721861779, -0.188983979738167, -1.8029903109291, -1.77299477653384, -0.0299955343952645, 32.2818181818176, 32.4448172043013, 37.1763174603179, 33.8385955992893
6/11/2018, 32.67, 32.77, 31.91, 32.09, 23000254, 6.10524625795321, -1.0758954324918, -1.33961175451037, 0.574816428837752, -0.214540164902885, -1.84402328598244, -1.78720047842356, -0.0568228075588841, 31.3103636363631, 32.202107526882, 36.507826617827, 33.8100437337707
6/12/2018, 31.86, 32.41, 31.66, 31.97, 23179682, 5.93905176092689, -1.07993468859298, -1.86823916525303, 0.560895864599343, -0.248481384658881, -1.8647297674518, -1.80270633622921, -0.0620234312225905, 31.2672727272721, 32.0107526881723, 35.8114188034192, 33.7759860598606
6/13/2018, 31.58, 32.45, 31.44, 32.39, 29272872, 5.72485058836033, -0.992547437246787, -1.64531273275967, 0.590525740478044, -0.204167409151503, -1.82619803905939, -1.80740467679525, -0.0187933622641467, 31.3359999999994, 31.8932903225809, 35.2180903540908, 33.8240295202952
6/14/2018, 31.5, 31.83, 30.91, 31.33, 31315635, 5.85880992751808, -0.953439450731156, -1.69308495504744, 0.571448586338018, -0.230713161040979, -1.85975639386238, -1.81787502020867, -0.0418813736537105, 31.3119999999994, 31.6765591397852, 34.8237045177049, 33.8484143774771
6/15/2018, 31.94, 32.52, 31.52, 31.67, 33502302, 5.69399082026159, -0.667945030943872, -1.5113862586164, 0.561990337193919, -0.232017537089467, -1.83773224000304, -1.82184646416755, -0.0158857758354951, 31.4032727272721, 31.6184301075271, 34.4298632478637, 33.8478094847615
6/18/2018, 32.55, 33.02, 31.19, 31.24, 27372700, 5.77664067905891, -0.640104174563537, -1.89093341915741, 0.499019435546549, -0.241691264146987, -1.83383602555481, -1.824244376445, -0.00959164910980981, 31.285454545454, 31.4716989247314, 34.0629938949943, 33.8235189285226
6/19/2018, 33.33, 33.92, 32.43, 32.79, 50866822, 5.63705831269016, -0.204297063711296, -1.64152437820548, 0.5512179018097, -0.157518283926607, -1.68623829599503, -1.79664316035501, 0.11040486435998, 31.7736363636358, 31.5702795698927, 34.010754578755, 33.8234954216209
6/20/2018, 32.13, 32.21, 31.66, 32.02, 30990868, 5.66043675732213, -0.752447029408277, -1.63202662915927, 0.523368063985406, -0.179257341680902, -1.61280715977588, -1.75987596023918, 0.147068800463297, 31.7639999999994, 31.6110322580648, 33.8255262515267, 33.8027585075851
6/21/2018, 32.26, 34.84, 32.21, 34.15, 44090207, 5.45489972828644, -0.163645630846272, -1.32648850593191, 0.51393066870334, -0.166097957177475, -1.36698154410816, -1.68129707701298, 0.314315532904814, 32.6190909090903, 31.8623010752691, 33.7003760683765, 33.8187866611999
6/22/2018, 33.04, 33.57, 32.72, 33.06, 30161397, 5.56928567558781, -0.193117698840956, -1.29630483586783, 0.410603737758731, -0.175818668780783, -1.24575655697125, -1.59418897300463, 0.348432416033381, 32.9825454545449, 31.8864731182798, 33.538356532357, 33.8133382533825
6/25/2018, 34.24, 39.74, 34.24, 38.11, 88958867, 5.46613894550475, 0.432514114019837, -0.451811990176151, 0.671833261047362, -0.00631218041129161, -0.733734056428418, -1.42209798968939, 0.688363933260972, 34.963454545454, 32.5272043010755, 33.4826788766793, 33.8819204592046
6/26/2018, 36.54, 37.89, 35.72, 36.48, 42640394, 5.75243496306269, 0.377521725982644, -0.428260802165047, 0.65374912910215, -0.0766992913023504, -0.454243675018184, -1.22852712675515, 0.774283451736965, 36.0289090909085, 32.8752258064519, 33.3410720390725, 33.9304217575509
6/27/2018, 36.14, 39.43, 35.21, 38.56, 58823704, 5.717229929458, 0.550475518342021, -0.0246657938015168, 0.541543115598335, 0.0418524580477039, -0.0641672374458508, -0.995655148893289, 0.931487911447438, 37.6509090909085, 33.6382795698927, 33.3076483516488, 34.0021085144185
6/28/2018, 38.88, 40.51, 37.46, 38.03, 48419255, 5.9080611826428, 0.566785953058167, -0.0804494661924697, -0.0167491603193891, 0.0558406654549137, 0.199900253386552, -0.756544068437321, 0.956444321823873, 38.5412727272721, 34.236860215054, 33.2925763125767, 34.068036900369
6/29/2018, 36.71, 37.06, 35.78, 37, 40358997, 6.07295644424622, 0.480158182432711, -0.228288875581602, -0.022312234719139, 0.0637094478106697, 0.322347429926047, -0.540765768764647, 0.863113198690694, 38.778363636363, 34.6277634408605, 33.2470036630041, 34.1220789941233
7/2/2018, 38.74, 39.22, 37.03, 37.08, 37442697, 6.05621410505002, 0.43696718201478, -0.322658873531815, -0.0926331329524675, 0.051613871456916, 0.420990118896583, -0.348414591232401, 0.769404710128984, 38.666363636363, 35.0437419354841, 33.1983199023204, 34.186917862512
7/3/2018, 36.28, 37.83, 36, 37.33, 20268225, 5.95998387528776, -0.0389452789642291, -0.262750209200333, -0.596597728372431, 0.0779303292760611, 0.5134196886724, -0.176047735251441, 0.689467423923841, 38.6321818181812, 35.4086236559142, 33.0897240537245, 34.25210632773
7/5/2018, 36.47, 37.46, 36.05, 36.09, 31897085, 6.05186722530527, 0.0416681691376395, -0.562718752146706, -0.475274563815146, 0.0872592656018156, 0.481067702728417, -0.0446246476554693, 0.525692350383886, 37.7679999999994, 35.6235053763444, 32.8922930402935, 34.2923602569359
7/6/2018, 36.03, 36.17, 34.15, 34.23, 34722772, 6.35674244093497, -0.221985905376793, -0.763055496550665, -0.495718236626846, 0.0353979593202216, 0.301862383795338, 0.0246727586346923, 0.277189625160646, 36.4652727272721, 35.5523655913981, 32.697284493285, 34.3118917589176
7/9/2018, 33.32, 33.37, 32.25, 32.48, 31450305, 6.66908032837265, -0.26651104581466, -0.770181382252803, -0.603684107731103, -0.019803882226718, 0.0184181893743158, 0.023421844782617, -0.00500365540830114, 34.3356363636358, 35.2432258064519, 32.4744542124547, 34.3116441164412
7/10/2018, 32.19, 32.82, 31.75, 31.84, 34029780, 6.63100322274707, -0.192434083733704, -0.769704328695259, -0.406752841865663, -0.0398275664527446, -0.254917497871489, -0.0322460237482042, -0.222671474123285, 33.0265454545449, 34.890795698925, 32.2974554334559, 34.2897930845976
