Date,WOOD_Open,WOOD_High,WOOD_Low,WOOD_Close,WOOD_Volume,WOOD_ATRPercentOfClose20,WOOD_SQN25,WOOD_SQN50,WOOD_SQN100,WOOD_SQN200,WOOD_MACD,WOOD_MACD_Avg,WOOD_MACD_Diff,WOOD_LinReg10,WOOD_LinReg30,WOOD_LinReg90,WOOD_LinReg270
1/3/2017, 53.76, 53.82, 53.51, 53.82, 146062, 0, 0, 0, 0, 0, 0, 0, 0, 53.82, 53.82, 53.82, 53.82
1/4/2017, 53.94, 54.4, 53.94, 54.3, 9605, 0, 0, 0, 0, 0, 0.038290598290601, 0.0076581196581202, 0.0306324786324808, 54.3, 54.3, 54.3, 54.3
1/5/2017, 54.42, 54.42, 54.16, 54.26, 23647, 0, 0, 0, 0, 0, 0.064663111500721, 0.0190591180266404, 0.0456039934740807, 54.3466666666667, 54.3466666666667, 54.3466666666667, 54.3466666666667
1/6/2017, 54.36, 54.41, 54.15, 54.26, 25132, 0, 0, 0, 0, 0, 0.0845884353946857, 0.0321649815002494, 0.0524234538944363, 54.352, 54.352, 54.352, 54.352
1/9/2017, 54.07, 54.34, 53.91, 53.91, 36570, 0, 0, 0, 0, 0, 0.0713152454495614, 0.0399950342901118, 0.0313202111594495, 54.138, 54.138, 54.138, 54.138
1/10/2017, 54.1, 54.43, 54.1, 54.24, 9478, 0, 0, 0, 0, 0, 0.0864280995330091, 0.0492816473386913, 0.0371464521943178, 54.1980952380953, 54.1980952380953, 54.1980952380953, 54.1980952380953
1/11/2017, 54.15, 54.62, 54.1, 54.38, 15603, 0, 0, 0, 0, 0, 0.10845181028747, 0.061115679928447, 0.0473361303590227, 54.2967857142857, 54.2967857142857, 54.2967857142857, 54.2967857142857
1/12/2017, 54.66, 54.75, 54.28, 54.58, 27835, 0, 0, 0, 0, 0, 0.140425352214329, 0.0769776143856234, 0.0634477378287059, 54.44, 54.44, 54.44, 54.44
1/13/2017, 54.6, 54.9, 54.6, 54.88, 30199, 0, 0, 0, 0, 0, 0.187807183043468, 0.0991435281171923, 0.0886636549262755, 54.6455555555556, 54.6455555555556, 54.6455555555556, 54.6455555555556
1/17/2017, 54.84, 54.84, 54.26, 54.29, 32043, 0, 0, 0, 0, 0, 0.175723920211105, 0.114459606535975, 0.0612643136751303, 54.5805454545455, 54.5805454545455, 54.5805454545455, 54.5805454545455
1/18/2017, 54.45, 54.45, 54.03, 54.12, 40603, 0, 0, 0, 0, 0, 0.150693171038043, 0.121706319436388, 0.0289868516016543, 54.4267272727273, 54.4777272727273, 54.4777272727273, 54.4777272727273
1/19/2017, 54.38, 54.65, 54.01, 54.17, 7910, 0, 0, 0, 0, 0, 0.133353488112846, 0.12403575317168, 0.00931773494116582, 54.3698181818182, 54.4153846153847, 54.4153846153847, 54.4153846153847
1/20/2017, 54.4, 54.45, 54.18, 54.34, 17343, 0, 0, 0, 0, 0, 0.131809822138827, 0.125590566965109, 0.00621925517371755, 54.3707272727273, 54.4141758241758, 54.4141758241758, 54.4141758241758
1/23/2017, 54.39, 54.73, 54.34, 54.66, 6699, 0, 0, 0, 0, 0, 0.154625356522267, 0.131397524876541, 0.0232278316457262, 54.4778181818182, 54.4948571428572, 54.4948571428572, 54.4948571428572
1/24/2017, 54.75, 55.44, 54.75, 55.4, 12427, 0, 0, 0, 0, 0, 0.229770001905059, 0.151072020282245, 0.0786979816228149, 54.7487272727273, 54.73625, 54.73625, 54.73625
1/25/2017, 55.67, 56.5, 55.67, 56.49, 12072, 0, 0, 0, 0, 0, 0.37297711721174, 0.195453039668144, 0.177524077543596, 55.3809090909091, 55.1759558823529, 55.1759558823529, 55.1759558823529
1/26/2017, 56.24, 56.24, 55.78, 55.98, 7220, 0, 0, 0, 0, 0, 0.44024221191399, 0.244410874117313, 0.195831337796677, 55.7421818181818, 55.4194117647059, 55.4194117647059, 55.4194117647059
1/27/2017, 56.09, 56.09, 55.66, 55.76, 20915, 0, 0, 0, 0, 0, 0.470375921872581, 0.289603883668366, 0.180772038204214, 55.9801818181819, 55.5712865497076, 55.5712865497076, 55.5712865497076
1/30/2017, 55.39, 55.39, 54.71, 54.96, 20835, 0, 0, 0, 0, 0, 0.424806880707692, 0.316644483076232, 0.10816239763146, 55.9374545454546, 55.5387894736842, 55.5387894736842, 55.5387894736842
1/31/2017, 54.79, 54.96, 54.64, 54.74, 9901, 0, 0, 0, 0, 0, 0.366713678875279, 0.326658322236041, 0.0400553566392375, 55.6963636363637, 55.4687142857143, 55.4687142857143, 55.4687142857143
2/1/2017, 55.04, 55.26, 54.76, 55.02, 25497, 0, 0, 0, 0, 0, 0.339356171127655, 0.329197892014364, 0.010158279113291, 55.4934545454546, 55.4576190476191, 55.4576190476191, 55.4576190476191
2/2/2017, 55.08, 55.14, 54.78, 55.12, 10981, 0.929701106676343, 0, 0, 0, 0, 0.322032127494879, 0.327764739110467, -0.00573261161558797, 55.286, 55.4636758893281, 55.4636758893281, 55.4636758893281
2/3/2017, 54.98, 55.08, 54.82, 55.08, 10721, 0.911090572803196, 0, 0, 0, 0, 0.301598393851016, 0.322531470058577, -0.0209330762075606, 55.0469090909091, 55.4609782608696, 55.4609782608696, 55.4609782608696
2/6/2017, 54.94, 54.94, 54.4, 54.8, 10448, 0.932002286724453, 0, 0, 0, 0, 0.259815857305533, 0.309988347507968, -0.050172490202435, 54.7347272727273, 55.4135666666667, 55.4135666666667, 55.4135666666667
2/7/2017, 55.22, 55.23, 55.04, 55.21, 9021, 0.917769227438417, 0, 0, 0, 0, 0.256825939985788, 0.299355866003532, -0.042529926017744, 54.7045454545455, 55.4332307692308, 55.4332307692308, 55.4332307692308
2/8/2017, 55.17, 55.65, 55.07, 55.65, 15855, 0.917098600081424, 0.913474594909684, 0, 0, 0, 0.286656335932022, 0.29681595998923, -0.0101596240572076, 55.0547272727273, 55.5133333333333, 55.5133333333333, 55.5133333333333
2/9/2017, 55.53, 55.77, 55.13, 55.77, 7410, 0.926747538816652, 0.748381392884855, 0, 0, 0, 0.316333639469015, 0.300719495885187, 0.0156141435838278, 55.3901818181819, 55.5993915343916, 55.5993915343916, 55.5993915343916
2/10/2017, 55.83, 55.96, 55.77, 55.91, 32632, 0.895197187047298, 0.837639195035828, 0, 0, 0, 0.347148237516869, 0.310005244211523, 0.0371429933053457, 55.7414545454546, 55.6931773399015, 55.6931773399015, 55.6931773399015
2/13/2017, 56.06, 56.32, 55.81, 56.14, 14172, 0.892375329380544, 0.947915080833676, 0, 0, 0, 0.385682201941634, 0.325140635757546, 0.0605415661840886, 56.0040000000001, 55.8053103448276, 55.8053103448276, 55.8053103448276
2/14/2017, 56.12, 56.35, 55.9, 56.35, 33882, 0.88452623676757, 1.25422336177086, 0, 0, 0, 0.428229527893329, 0.345758414184702, 0.0824711137086268, 56.2307272727273, 55.9305806451613, 55.9305806451613, 55.9305806451613
2/15/2017, 56.28, 56.85, 56.28, 56.85, 22253, 0.883041350391555, 1.31520018223261, 0, 0, 0, 0.496570258734188, 0.375920783094599, 0.120649475639589, 56.5983636363637, 56.0957419354839, 56.1027822580645, 56.1027822580645
2/16/2017, 56.85, 56.85, 56.57, 56.63, 12488, 0.8668701347567, 1.12404535472518, 0, 0, 0, 0.52690478849572, 0.406117584174824, 0.120787204320897, 56.8101818181819, 56.2454408602151, 56.2296022727273, 56.2296022727273
2/17/2017, 56.44, 56.7, 56.34, 56.6, 11002, 0.855765246372939, 1.0094095930062, 0, 0, 0, 0.542273382599546, 0.433348743859768, 0.108924638739778, 56.9212727272728, 56.3736344086022, 56.3389661319073, 56.3389661319073
2/21/2017, 56.99, 57.48, 56.99, 57.41, 29183, 0.878148359126858, 1.18717956601215, 0, 0, 0, 0.612749934873484, 0.469228982062512, 0.143520952810973, 57.1732727272728, 56.5895053763441, 56.5276638655462, 56.5276638655462
2/22/2017, 57.07, 57.27, 56.96, 57.13, 27225, 0.877713503108686, 1.39391154935452, 0, 0, 0, 0.638647519306076, 0.503112689511224, 0.135534829794852, 57.2681818181819, 56.7261935483871, 56.6664285714286, 56.6664285714286
2/23/2017, 57.3, 57.32, 56.8, 56.97, 9541, 0.881807684938903, 1.40452446730397, 0, 0, 0, 0.638896082387959, 0.530269368086571, 0.108626714301387, 57.291090909091, 56.8438064516129, 56.774039039039, 56.774039039039
2/24/2017, 56.63, 56.76, 56.42, 56.45, 6192, 0.894149771840936, 1.08676198814367, 0, 0, 0, 0.590328477026027, 0.542281189874463, 0.0480472871515646, 57.0863636363637, 56.8871612903226, 56.8167567567568, 56.8167567567568
2/27/2017, 56.55, 56.89, 56.55, 56.74, 28657, 0.88387410802608, 1.13481390315715, 0, 0, 0, 0.568683447445864, 0.547561641388743, 0.0211218060571208, 56.9727272727273, 56.9672903225807, 56.884008097166, 56.884008097166
2/28/2017, 56.69, 56.79, 56.4, 56.4, 10717, 0.879316773846273, 0.818311874609938, 0, 0, 0, 0.518121860766882, 0.541673685264371, -0.0235518244974882, 56.7423636363637, 57.0103440860215, 56.9108717948718, 56.9108717948718
3/1/2017, 56.62, 57.65, 56.62, 57.39, 17234, 0.929844794261776, 0.888351095901696, 0, 0, 0, 0.551577918374313, 0.543654531886359, 0.00792338648795421, 56.8818181818182, 57.129870967742, 57.0299024390244, 57.0299024390244
3/2/2017, 57.33, 57.37, 57.13, 57.15, 5490, 0.909809328181087, 0.336598269446587, 0, 0, 0, 0.552358841931429, 0.545395393895373, 0.00696344803605609, 56.9816363636364, 57.1876129032258, 57.115574912892, 57.115574912892
3/3/2017, 57.12, 57.64, 57.12, 57.49, 10800, 0.90443247434809, 0.767421122194696, 0, 0, 0, 0.573798496092344, 0.551076014334767, 0.0227224817575766, 57.1385454545455, 57.2722795698925, 57.2246622369878, 57.2246622369878
3/6/2017, 57.19, 57.19, 56.68, 56.86, 17211, 0.939958350382661, 0.544661823869252, 0, 0, 0, 0.533800521476621, 0.547620915763138, -0.013820394286517, 57.0249090909091, 57.2669247311828, 57.2676215644821, 57.2676215644821
3/7/2017, 56.83, 57, 56.5, 56.53, 13342, 0.94239749182063, 0.833840626540072, 0, 0, 0, 0.470055093826396, 0.53210775137579, -0.062052657549394, 56.9450909090909, 57.2247741935484, 57.277393939394, 57.277393939394
3/8/2017, 56.39, 56.55, 56.21, 56.21, 20472, 0.930618105354727, 0.779373043675454, 0, 0, 0, 0.38922827622207, 0.503531856345046, -0.114303580122976, 56.7467272727273, 57.1792903225807, 57.2580869565218, 57.2580869565218
3/9/2017, 56.43, 56.45, 56, 56.04, 35135, 0.926919013506241, 0.545893574158191, 0, 0, 0, 0.307905518540935, 0.464406588784224, -0.156501070243289, 56.5078181818182, 57.1796774193549, 57.2251248843663, 57.2251248843663
3/10/2017, 56.5, 56.55, 56.23, 56.47, 5053, 0.919024516398889, 0.701300794054092, 0, 0, 0, 0.274984206756109, 0.426522112378601, -0.151537905622492, 56.3641818181818, 57.2035268817205, 57.2292819148936, 57.2292819148936
3/13/2017, 56.67, 57.05, 56.67, 56.98, 19869, 0.916153891172218, 0.955057911458702, 0, 0, 0, 0.286741193742294, 0.39856592865134, -0.111824734909045, 56.4536363636364, 57.2742580645162, 57.273656462585, 57.273656462585
3/14/2017, 56.74, 56.86, 56.58, 56.74, 21326, 0.909276106504112, 0.983079223400601, 0, 0, 0, 0.273539503275707, 0.373560643576213, -0.100021140300506, 56.3790909090909, 57.2533333333333, 57.2952734693877, 57.2952734693877
3/15/2017, 56.85, 57.5, 56.85, 57.46, 8222, 0.919121301233748, 1.09068813198157, 0, 0, 0, 0.317514936633494, 0.362351502187669, -0.0448365655541757, 56.7327272727273, 57.2976129032258, 57.3706823529412, 57.3706823529412
3/16/2017, 57.76, 58.01, 57.76, 57.88, 23881, 0.914341300456921, 1.07606750737868, 1.40631452640652, 0, 0, 0.381854493405172, 0.36625210043117, 0.0156023929740018, 57.1796363636363, 57.3963010752688, 57.4724057315234, 57.4724057315234
3/17/2017, 57.79, 57.82, 57.63, 57.74, 14695, 0.89237912620236, 0.947887650950054, 1.20057575127784, 0, 0, 0.416743268728794, 0.376350334090695, 0.0403929346380996, 57.6063636363637, 57.4654408602151, 57.5563570391872, 57.5563570391872
3/20/2017, 57.64, 58.05, 57.64, 57.96, 38539, 0.879911528805694, 0.981094165517471, 1.28695750113069, 0, 0, 0.4568784258202, 0.392455952436596, 0.0644224733836044, 57.9694545454545, 57.5429247311828, 57.6504192872118, 57.6504192872118
3/21/2017, 58.33, 58.33, 57, 57.07, 48541, 0.965475531787263, 0.423397280909546, 0.947666663390534, 0, 0, 0.412119606722918, 0.39638868329386, 0.0157309234290577, 57.8990909090909, 57.4702365591398, 57.6737845117845, 57.6737845117845
3/22/2017, 57.05, 57.4, 56.9, 57.35, 10082, 0.956315678625007, 0.450842185114981, 1.16302535350974, 0, 0, 0.394691818464672, 0.396049310328022, -0.00135749186335055, 57.832, 57.4457634408602, 57.7149220779221, 57.7149220779221
3/23/2017, 57.34, 57.69, 57.34, 57.46, 9687, 0.937216654380211, 0.286491067081911, 1.09021257316349, 0, 0, 0.385314584718579, 0.393902365206134, -0.00858778048755515, 57.7067272727272, 57.4507741935484, 57.7606203007519, 57.7606203007519
3/24/2017, 57.46, 57.69, 57.21, 57.43, 8906, 0.932610926565428, 0.372185792377077, 1.0329057414044, 0, 0, 0.371183537370861, 0.389358599639079, -0.0181750622682183, 57.5796363636363, 57.4483010752688, 57.8009618874773, 57.8009618874773
3/27/2017, 57.02, 57.02, 56.63, 56.99, 3805, 0.963008479330056, 0.189294279466326, 0.814669286303436, 0, 0, 0.320782477057172, 0.375643375122698, -0.0548608980655259, 57.3501818181817, 57.388623655914, 57.8088018702513, 57.8088018702513
3/28/2017, 57.03, 57.56, 56.95, 57.48, 39280, 0.960121095601408, 0.0507160975918598, 0.865719755324777, 0, 0, 0.31672714516403, 0.363860129130964, -0.047132983966934, 57.2414545454545, 57.3994838709678, 57.8480508474576, 57.8480508474576
3/29/2017, 57.2, 57.43, 57.19, 57.43, 7050, 0.938157279234032, 0.15465778606567, 1.06856622664619, 0, 0, 0.305951860687472, 0.352278475442266, -0.046326614754794, 57.2190909090909, 57.4093548387097, 57.8812950819672, 57.8812950819672
3/30/2017, 57.37, 57.7, 57.37, 57.61, 76694, 0.917105605261065, 0.308222862024107, 1.18767716714816, 0, 0, 0.308382029707985, 0.34349918629541, -0.0351171565874244, 57.3445454545454, 57.4684301075269, 57.9236911686938, 57.9236911686938
3/31/2017, 57.59, 57.78, 57.42, 57.63, 16980, 0.902181697434243, 0.571812010909482, 1.17682219462011, 0, 0, 0.308367124755861, 0.3364727739875, -0.0281056492316388, 57.4636363636363, 57.5104731182796, 57.9645161290323, 57.9645161290323
4/3/2017, 57.63, 57.77, 57.07, 57.62, 28542, 0.917964155883004, 0.432731621782923, 1.11566703254676, 0, 0, 0.304043571021225, 0.329986933394245, -0.02594336237302, 57.6292727272727, 57.5427956989248, 58.0020238095238, 58.0020238095238
4/4/2017, 57.32, 57.75, 57.32, 57.58, 21434, 0.910011113735321, 0.584509047513922, 0.996755218931671, 0, 0, 0.294000404180466, 0.322789627551489, -0.0287892233710236, 57.6216363636363, 57.6174623655915, 58.0346153846154, 58.0346153846154
4/5/2017, 57.73, 57.94, 57.31, 57.31, 17903, 0.923547686833637, -0.0262613875225132, 0.672427443773806, 0, 0, 0.261242932676389, 0.310480288576469, -0.0492373559000803, 57.548909090909, 57.6381075268818, 58.0487972027972, 58.0487972027972
4/6/2017, 57.33, 57.72, 57.33, 57.71, 7113, 0.906811506425471, 0.310984684021682, 0.458243429878353, 0, 0, 0.264509951495967, 0.301286221160369, -0.0367762696644018, 57.6385454545454, 57.6976774193549, 58.0855042966983, 58.0855042966983
4/7/2017, 57.62, 58.19, 57.62, 58.11, 14019, 0.904585913509263, 0.338809260632337, 0.790721617523377, 0, 0, 0.295964055112492, 0.300221787950793, -0.00425773283830133, 57.8467272727272, 57.768559139785, 58.1432572431958, 58.1432572431958
4/10/2017, 58.13, 58.35, 58.07, 58.35, 10970, 0.879815133887268, 0.840944855790846, 0.958516162817487, 0, 0, 0.336380072987403, 0.307453444958115, 0.0289266280292876, 58.0127272727271, 57.8785161290323, 58.2114833759591, 58.2114833759591
4/11/2017, 58.35, 58.35, 57.83, 58.2, 12353, 0.882652103250963, 0.960948565598726, 1.26198808644554, 0, 0, 0.352245841145958, 0.316411924195684, 0.0358339169502743, 58.1507272727271, 57.9363870967743, 58.267387163561, 58.267387163561
4/12/2017, 58.2, 58.2, 57.91, 58.19, 14215, 0.863581969217147, 1.16789701768624, 1.35280141315264, 0, 0, 0.359864367866798, 0.325102412929907, 0.0347619549368915, 58.2359999999998, 58.0473763440861, 58.3195774647887, 58.3195774647887
4/13/2017, 58.04, 58.11, 57.66, 57.73, 9785, 0.872843288572813, 0.970578290251427, 1.05352705411463, 0, 0, 0.325037123925966, 0.325089355129119, -5.22312031522865E-05, 58.1569090909089, 58.0788387096775, 58.3434624413145, 58.3434624413145
4/17/2017, 57.73, 58.07, 57.73, 57.91, 18194, 0.855979639040633, 0.841343838747473, 1.08043064517714, 0, 0, 0.308405669283701, 0.321752617960035, -0.0133469486763342, 58.1374545454543, 58.1520645161291, 58.375608828006, 58.375608828006
4/18/2017, 57.75, 58.22, 57.75, 58.22, 19516, 0.849214906423925, 0.739207198013878, 1.20633795243515, 0, 0, 0.316590077535103, 0.320720109875049, -0.00413003233994547, 58.2078181818179, 58.2199139784947, 58.4224990744168, 58.4224990744168
4/19/2017, 58.09, 58.18, 57.8, 57.8, 7437, 0.848948568501745, 0.624548473885751, 1.15282793968955, 0, 0, 0.285890225566433, 0.313754133013326, -0.0278639074468925, 58.0923636363634, 58.2036989247313, 58.4445837837837, 58.4445837837837
4/20/2017, 58.18, 58.54, 58.18, 58.46, 9189, 0.860687066309114, 0.592025710258455, 1.21842477833591, 0, 0, 0.311229199373699, 0.3132491462854, -0.0020199469117016, 58.1389090909088, 58.2416989247313, 58.4997929824561, 58.4997929824561
4/21/2017, 58.64, 58.64, 58.46, 58.5, 11528, 0.832478249600159, 0.380284328459338, 1.07747917049871, 0, 0, 0.330725783417861, 0.316744473711893, 0.0139813097059687, 58.2165454545451, 58.2589247311829, 58.5542036910458, 58.5542036910458
4/24/2017, 59.34, 59.45, 59, 59.21, 8081, 0.861593965909962, 0.823454442469241, 1.2548343144896, 0, 0, 0.398870106718356, 0.333169600313185, 0.0657005064051703, 58.5763636363633, 58.3790322580646, 58.6419980019979, 58.6419980019979
4/25/2017, 59.48, 59.96, 59.48, 59.87, 53093, 0.872126771094912, 1.01189844044652, 1.40429633318793, 0, 0, 0.50036357817352, 0.366608395885252, 0.133755182288268, 59.1521818181814, 58.5992043010753, 58.7587633885102, 58.7587633885102
4/26/2017, 59.67, 59.87, 59.23, 59.71, 18060, 0.884332914020763, 1.6209703453056, 1.2654786051902, 0, 0, 0.561415573436982, 0.405569831395598, 0.155845742041384, 59.5598181818178, 58.764430107527, 58.8621297468354, 58.8621297468354
4/27/2017, 59.62, 59.77, 59.29, 59.6, 12498, 0.881935274855215, 1.3795123960521, 1.15253879159369, 0, 0, 0.59407550621107, 0.443270966358692, 0.150804539852377, 59.8450909090905, 58.9445376344087, 58.955287037037, 58.955287037037
4/28/2017, 59.73, 59.73, 59.29, 59.29, 61259, 0.87932493274249, 1.09748475912648, 0.873774391033927, 0, 0, 0.588164336661301, 0.472249640419214, 0.115914696242086, 59.8543636363633, 59.0995053763442, 59.0290936464919, 59.0290936464919
5/1/2017, 59.31, 59.4, 59.2, 59.36, 25513, 0.851219954501131, 1.15856668710046, 0.980346856560419, 0, 0, 0.582414396567756, 0.494282591648923, 0.0881318049188338, 59.8387272727269, 59.2449247311829, 59.1027945930061, 59.1027945930061
5/2/2017, 59.61, 59.72, 59.46, 59.53, 4552, 0.836586522328704, 1.60455273396645, 1.04896017928137, 0, 0, 0.584833510208796, 0.512392775360897, 0.0724407348478985, 59.8647272727269, 59.4161290322582, 59.1811273666092, 59.1811273666092
5/3/2017, 59.37, 59.44, 59.02, 59.1, 9327, 0.843686901700784, 1.01185745027357, 0.62746650139692, 0, 0, 0.545762063514921, 0.519066632991702, 0.0266954305232191, 59.5867272727269, 59.4633118279571, 59.2357787114845, 59.2357787114845
5/4/2017, 59.08, 59.08, 58.69, 58.94, 5609, 0.83845946888345, 0.939540525768176, 0.675392663917714, 0, 0, 0.49616748774605, 0.514486803942572, -0.0183193161965221, 59.3145454545451, 59.4957634408603, 59.2804678522571, 59.2804678522571
5/5/2017, 59.14, 59.68, 59.09, 59.68, 4390, 0.848657189028, 1.18512299426926, 0.969908701645507, 0, 0, 0.510688347326045, 0.513727112619266, -0.00303876529322111, 59.2798181818178, 59.6191827956991, 59.3568484362469, 59.3568484362469
5/8/2017, 59.6, 59.6, 59.16, 59.16, 7668, 0.857259431864968, 0.840783156637361, 0.979996493144524, 0, 0, 0.474763797454791, 0.505934449586371, -0.03117065213158, 59.1430909090905, 59.6603010752689, 59.4063610240334, 59.4063610240334
5/9/2017, 59.57, 59.57, 59.36, 59.43, 15753, 0.845190889949099, 0.985097934779564, 0.969216024631672, 0, 0, 0.462745830490661, 0.497296725767229, -0.0345508952765682, 59.2343636363633, 59.6951827956991, 59.4656639427987, 59.4656639427987
5/10/2017, 59.71, 59.79, 59.56, 59.62, 7400, 0.830563734656008, 1.10731177975318, 1.16748428057863, 0, 0, 0.463213282806613, 0.490480037175106, -0.0272667543684928, 59.3832727272723, 59.7710967741937, 59.5307340823969, 59.5307340823969
5/11/2017, 59.39, 59.39, 58.87, 59.09, 6068, 0.85957521352482, 0.944626689681298, 0.648980212634341, 0, 0, 0.41602153424725, 0.475588336589535, -0.0595668023422851, 59.3319999999996, 59.7626236559141, 59.5698144078143, 59.5698144078143
5/12/2017, 59.01, 59.01, 58.67, 58.87, 5528, 0.855319932033677, 0.623717224575281, 0.659444258793169, 0, 0, 0.356757098375979, 0.451822088946824, -0.0950649905708444, 59.1705454545451, 59.7275268817206, 59.589387057387, 59.5975776397515
5/15/2017, 59.21, 59.53, 59.21, 59.52, 45471, 0.859123826930132, 0.72695412377294, 0.754933659449599, 0, 0, 0.358111091942632, 0.433079889545986, -0.0749687976033533, 59.2705454545451, 59.7681075268819, 59.6443394383394, 59.6517882187938
5/16/2017, 60, 60.07, 59.83, 60.07, 6026, 0.854474740634882, 0.857012256552585, 1.19967898202197, 0, 0, 0.398965518902926, 0.426257015417374, -0.0272914965144473, 59.5858181818178, 59.865612903226, 59.7186202686202, 59.7269526424159
5/17/2017, 59.61, 59.62, 59.02, 59.09, 12732, 0.914061309636833, 0.413482853108517, 0.922487688997994, 0, 0, 0.348250719297425, 0.410655756193384, -0.0624050368959588, 59.4470909090905, 59.820301075269, 59.745807081807, 59.7580022396416
5/18/2017, 58.14, 58.57, 58.01, 58.43, 78620, 0.970585121463606, 0.122477822752195, 0.794386662337438, 0, 0, 0.251898660127324, 0.378904336980172, -0.127005676852848, 59.0489090909087, 59.6635053763442, 59.7328278388277, 59.7602631578947
5/19/2017, 58.84, 59.65, 58.84, 59.52, 11922, 1.00765665683405, 0.729333378945292, 1.15925089113417, 0, 0, 0.260490082029648, 0.355221485990067, -0.0947314039604195, 59.2030909090905, 59.6644516129034, 59.7715164835164, 59.8068599656357
5/22/2017, 59.56, 60.12, 59.56, 60, 9208, 0.999615633400407, 0.834593979366874, 1.16553789728171, 0, 0, 0.302543303382983, 0.34468584946865, -0.0421425460856676, 59.4278181818178, 59.7412903225808, 59.8304297924297, 59.8709951609509
5/23/2017, 60.3, 60.3, 59.79, 60, 19185, 0.992134851730386, 0.714628044856319, 1.00684160010748, 0, 0, 0.332043196997333, 0.342157318974387, -0.0101141219770541, 59.6607272727268, 59.8219354838711, 59.8896703296702, 59.9325788497216
5/24/2017, 60.15, 60.32, 60.11, 60.25, 15030, 0.965173220724183, 0.994405448250183, 1.16996434531568, 0, 0, 0.371314701145344, 0.347988795408578, 0.023325905736766, 59.9869090909086, 59.9136559139787, 59.9625347985347, 60.0016747474746
5/25/2017, 60.58, 60.75, 60.54, 60.71, 4850, 0.95114647045298, 0.921021545813365, 1.0918390679682, 0, 0, 0.434546623755381, 0.365300361077939, 0.0692462626774419, 60.3316363636359, 60.0498494623658, 60.0384615384614, 60.0862237623761
5/26/2017, 60.77, 60.77, 60.59, 60.67, 7140, 0.919019237022258, 0.88801729604321, 0.943980078007576, 1.66528694950899, 0, 0.475944322395655, 0.387429153341482, 0.088515169054173, 60.5301818181814, 60.1340430107529, 60.1041587301586, 60.1660337798485
5/30/2017, 60.7, 60.77, 60.59, 60.63, 4150, 0.888488409279785, 0.603640495522036, 0.979943020149695, 1.54324249320888, 0, 0.499763666659177, 0.409896056005021, 0.0898676106541561, 60.7467272727268, 60.2061935483873, 60.1644200244199, 60.2413097277745
5/31/2017, 60.67, 60.67, 60.26, 60.37, 57609, 0.881656445948348, 0.229897684790624, 0.818838859090804, 1.49116283454966, 0, 0.49198949288661, 0.426314743381339, 0.0656747495052709, 60.9229090909086, 60.2484731182797, 60.2123614163613, 60.3038256161313
6/1/2017, 60.78, 61.23, 60.77, 61.22, 4068, 0.89618294119253, 0.620722759796922, 1.42004750744849, 1.65772611781464, 0, 0.548098165937887, 0.450671427892649, 0.0974267380452383, 61.1803636363632, 60.3567311827959, 60.3001514041513, 60.3962087912087
6/2/2017, 61.4, 61.65, 61.35, 61.4, 9170, 0.88389419669082, 0.736728822472433, 1.38370430140633, 1.79297680684664, 0, 0.600170793930346, 0.480571301100188, 0.119599492830158, 61.2518181818177, 60.5097634408604, 60.407448107448, 60.4920305480682
6/5/2017, 61.48, 61.48, 61.18, 61.34, 12340, 0.864974706439118, 0.847469246471161, 1.3247456542714, 1.70003466811909, 0, 0.62934255895086, 0.510325552670323, 0.119017006280538, 61.358545454545, 60.6388817204303, 60.5319487179486, 60.5822147769352
6/6/2017, 61.24, 61.24, 61, 61.15, 11016, 0.852079657699538, 0.739238115289148, 1.26953646749021, 1.62081122020621, 0, 0.629869240275191, 0.534234290191296, 0.0956349500838948, 61.3963636363631, 60.7729032258067, 60.6332576312575, 60.6622014537901
6/7/2017, 61.21, 61.21, 60.88, 61.14, 8290, 0.836595314277239, 0.666278078393661, 1.44061752274698, 1.5696205415158, 0, 0.622306164500522, 0.551848665053141, 0.0704574994473802, 61.3679999999995, 60.9371397849464, 60.7254529914528, 60.7389840299013
6/8/2017, 60.98, 60.98, 60.6, 60.96, 5027, 0.841403635813072, 0.782122842978019, 1.21692485381611, 1.4560552867233, 0, 0.594929895281048, 0.560464911098723, 0.0344649841823252, 61.2652727272722, 61.059677419355, 60.7880610500609, 60.8065387823185
6/9/2017, 61.04, 61.47, 61.04, 61.33, 4625, 0.836089472643186, 0.996538786438227, 1.35248122145691, 1.70148388694247, 0, 0.596217092954895, 0.567615347469957, 0.0286017454849374, 61.3436363636358, 61.2137634408604, 60.8575579975578, 60.884968058968
6/12/2017, 61.17, 61.41, 61.17, 61.36, 5410, 0.81345337335962, 0.728165670016345, 1.29976169179124, 1.75395148651327, 0, 0.592824246768252, 0.572657127329616, 0.020167119438636, 61.3905454545449, 61.3398279569895, 60.9297606837605, 60.961747104247
6/13/2017, 61.61, 62.01, 61.61, 62, 14881, 0.817222968385144, 1.22674032792399, 1.47933261522247, 1.86952597709511, 0, 0.634464333126083, 0.58501856848891, 0.0494457646371731, 61.6129090909085, 61.5384086021507, 61.0275164835163, 61.0584371049304
6/14/2017, 62.36, 62.36, 61.72, 61.72, 7913, 0.83173092737986, 0.983156424825671, 1.38402101653668, 1.76066223469132, 0, 0.637521787302433, 0.595519212251614, 0.0420025750508184, 61.6118181818176, 61.6957634408604, 61.1071037851036, 61.1421145784815
6/15/2017, 61.25, 61.56, 61.25, 61.41, 3045, 0.832400442859318, 0.764549862942698, 1.28936874557679, 1.61044310686214, 0, 0.607922678326041, 0.5979999054665, 0.00992277285954135, 61.5999999999994, 61.770989247312, 61.1620537240536, 61.212247139588
6/16/2017, 61.61, 62.16, 61.51, 62.03, 8510, 0.843331059748367, 1.25730808216577, 1.56833879957217, 1.57451060517304, 0, 0.627263288919174, 0.603852582157035, 0.0234107067621395, 61.8279999999994, 61.8993118279572, 61.2483736263735, 61.3012878560719
6/19/2017, 62.35, 62.64, 62.35, 62.5, 23494, 0.843939749670106, 1.54818067044066, 1.57795096382734, 1.45126935429706, 0, 0.672760766860591, 0.617634219097746, 0.0551265477628454, 62.1719999999994, 62.1166666666669, 61.3600195360194, 61.4034040671971
6/20/2017, 61.75, 61.75, 61.15, 61.34, 12726, 0.92694689658726, 0.719105135026361, 1.01411330060761, 1.28294757224037, 0, 0.608204537135364, 0.61574828270527, -0.00754374556990522, 62.0139999999994, 62.1339784946239, 61.4186080586079, 61.4630783717224
6/21/2017, 61.24, 61.26, 60.92, 60.94, 3972, 0.920839785113709, 0.355633261649071, 0.813622825088741, 1.24397233407681, 0, 0.518786356728015, 0.596355897509819, -0.077569540781804, 61.7054545454539, 62.1044731182798, 61.4587423687422, 61.5073493804301
6/22/2017, 60.98, 61.07, 60.85, 61.04, 5806, 0.891385610740301, 0.843568888550172, 0.891541461009126, 1.49388829319365, 0, 0.450794490520231, 0.567243616111901, -0.11644912559167, 61.406363636363, 62.0905806451616, 61.5046739926739, 61.5533907563025
6/23/2017, 60.88, 61.22, 60.87, 60.94, 8021, 0.876922691099583, 1.14215795311638, 0.864181963268219, 1.52945615329412, 0, 0.384410042744669, 0.530676901438455, -0.146266858693786, 61.142363636363, 62.0195053763443, 61.5473113553112, 61.5945537190082
6/26/2017, 61.3, 61.3, 61, 61.04, 14731, 0.861200611989321, 0.775494821695395, 1.05089936776612, 1.48341438850653, 0, 0.335995902262454, 0.491740701603255, -0.155744799340801, 60.9401818181812, 61.9345161290325, 61.6020683760683, 61.6375491125863
6/27/2017, 61.02, 61.17, 60.63, 60.65, 11840, 0.867919226513384, 0.341186134775458, 0.868995299105741, 1.36189804828821, 0, 0.263124471374532, 0.44601745555751, -0.182892984182978, 60.7487272727267, 61.8293763440863, 61.6318192918192, 61.6664414234306
6/28/2017, 60.98, 61.45, 60.98, 61.41, 5298, 0.879455073011479, 0.677037068259721, 0.981307931939767, 1.52688854148036, 0, 0.263659681119044, 0.409545900669817, -0.145886219550773, 60.8374545454539, 61.8500430107529, 61.6911794871794, 61.7186886965643
6/29/2017, 61.16, 61.16, 60.75, 60.87, 13105, 0.89710808661004, 0.300020485248394, 0.948763583373329, 1.46790880722716, 0, 0.217997413185323, 0.371236203172918, -0.153238789987595, 60.6945454545448, 61.7282150537637, 61.7414114774113, 61.7520206451612
6/30/2017, 61.08, 61.4, 61.03, 61.26, 6954, 0.890085223153044, 0.267879446738629, 0.870614505126598, 1.4549786242716, 0, 0.210848942146825, 0.339158750967699, -0.128309808820875, 60.8398181818176, 61.6003870967745, 61.799934065934, 61.7965180952381
7/3/2017, 61.36, 61.69, 61.36, 61.68, 3246, 0.874680443123179, 0.469128095404763, 0.976410453152867, 1.44169393888391, 0, 0.23634972475601, 0.318596945725362, -0.0822472209693512, 61.2661818181812, 61.5802580645164, 61.8702344322343, 61.8527284089488
7/5/2017, 61.53, 61.59, 61.2, 61.54, 52500, 0.871835801840198, 0.424093105629707, 0.732010243531389, 1.38003250501444, 0, 0.242467435065137, 0.303371043593317, -0.0609036085281796, 61.4569090909085, 61.5604301075271, 61.9194090354089, 61.90281003937
7/6/2017, 61.06, 61.06, 60.31, 60.52, 22458, 0.943822479890673, 0.0818911954264716, 0.219654557708583, 1.08942122333039, 0, 0.163129829921971, 0.275322800859048, -0.112192970937077, 61.2043636363631, 61.4012473118282, 61.9267130647129, 61.9197965116279
7/7/2017, 60.48, 60.48, 60.17, 60.41, 7849, 0.927232737275854, -0.335278265574776, 0.23496646427193, 1.01109297634193, 0, 0.0903367793975818, 0.238325596566754, -0.147988817169173, 60.9567272727267, 61.2414193548389, 61.9188840048839, 61.9327239117471
7/10/2017, 60.22, 60.9, 60.22, 60.9, 7085, 0.929612860031078, -0.19360232974613, 0.408001200672642, 1.06490051942005, 0, 0.0713640272272187, 0.204933282698847, -0.133569255471629, 60.8927272727267, 61.1733978494626, 61.9515360195359, 61.9599835584263
7/11/2017, 60.85, 61.09, 60.66, 61.08, 6762, 0.915729404340177, -0.0909111824691263, 0.553790468699857, 0.991946893967606, 0, 0.0700450444472835, 0.177955635048535, -0.107910590601251, 60.9130909090904, 61.1243225806454, 61.9841514041513, 61.9917314365024
7/12/2017, 61.41, 61.88, 61.41, 61.88, 1972, 0.92333733704336, 0.313351651437223, 0.746717961347408, 1.20391531687987, 0, 0.132031083073294, 0.168770724653486, -0.0367396415801928, 61.1296363636358, 61.1714408602153, 62.0564126984126, 62.0463932558669
7/13/2017, 61.93, 62, 61.84, 61.94, 7666, 0.889236498150323, 0.341357522922449, 0.714462469091876, 1.22384711432916, 0, 0.183877340309358, 0.171792047784661, 0.0120852925246975, 61.4518181818177, 61.2007741935486, 62.1140805860805, 62.1011951520592
7/14/2017, 62.3, 62.65, 62.3, 62.62, 7317, 0.892292290971885, 0.667306788639085, 1.02392340652914, 1.18808860611152, 0, 0.27664717329705, 0.192763072887139, 0.0838841004099115, 61.8719999999995, 61.362924731183, 62.1904175824175, 62.1744344941956
7/17/2017, 62.61, 62.82, 62.57, 62.74, 7233, 0.865979854919134, 0.571512019433568, 1.10585102960403, 1.28169808023099, 0, 0.355750066113089, 0.225360471532329, 0.13038959458076, 62.3161818181813, 61.5432688172045, 62.2604273504273, 62.2490925925926
7/18/2017, 62.72, 62.86, 62.68, 62.7, 5457, 0.837559765434531, 0.543862856460256, 0.895631959984932, 1.31176133229409, 0, 0.410480252038887, 0.26238442763364, 0.148095824405247, 62.7498181818177, 61.7058924731185, 62.3201269841269, 62.3204680120223
7/19/2017, 62.97, 63.52, 62.97, 63.42, 30453, 0.851296868938945, 0.565858738421962, 1.24896093440213, 1.58514580737187, 0, 0.506118087142703, 0.311131159535453, 0.19498692760725, 63.3485454545449, 61.9384301075271, 62.4159755799755, 62.4106156775626
7/20/2017, 63.52, 63.52, 63.3, 63.3, 8231, 0.827642733913152, 0.633034212102087, 1.1356713079329, 1.49262434150857, 0, 0.565707637869131, 0.362046455202189, 0.203661182666943, 63.5992727272722, 62.1404301075271, 62.5128205128204, 62.4948430820561
7/21/2017, 63.44, 63.44, 63.07, 63.19, 13681, 0.816906089632337, 0.718815821738288, 1.04830040292508, 1.55504148621328, 0, 0.597172868348601, 0.409071737831471, 0.18810113051713, 63.6383636363631, 62.3025376344088, 62.5948937728936, 62.5736238437821
7/24/2017, 62.98, 62.99, 62.75, 62.94, 17306, 0.814097251567747, 0.382625926634289, 1.14817596740568, 1.29688041966493, 0, 0.595076705694645, 0.446272731404106, 0.148803974290539, 63.5374545454541, 62.4432043010755, 62.6773137973137, 62.6431732522796
7/25/2017, 62.56, 62.58, 62.31, 62.45, 14867, 0.829900992201606, 0.000375925574123826, 1.06664071989708, 1.24196148466486, 0, 0.547564593009128, 0.46653110372511, 0.0810334892840173, 63.1919999999995, 62.5133118279572, 62.7436336996336, 62.6970462491259
7/26/2017, 62.47, 62.53, 62.24, 62.42, 12677, 0.812014596520999, 0.507657925843696, 0.877296408698427, 1.15717415106696, 0, 0.501706788563105, 0.473566240692709, 0.0281405478703959, 62.9214545454541, 62.6152473118282, 62.802183150183, 62.7485570767261
7/27/2017, 62.43, 63.09, 62.43, 62.88, 9971, 0.819046653293555, 0.903080785018846, 0.847623719770323, 1.4199239792459, 0, 0.496756009711511, 0.47820419449647, 0.0185518152150416, 62.7923636363632, 62.754172043011, 62.8823003663003, 62.8113432400932
7/28/2017, 62.71, 62.71, 62.25, 62.49, 22541, 0.833358471453733, 0.667575290697205, 1.07260911809931, 1.41369915109639, 0, 0.456105046113123, 0.4737843648198, -0.0176793187066772, 62.6132727272723, 62.8154623655916, 62.9219877899877, 62.861688697318
7/31/2017, 62.42, 62.45, 62.22, 62.3, 11617, 0.815774355330443, 0.626603400662872, 1.25451977683089, 1.4535641756814, 0, 0.403901527098853, 0.459807797275611, -0.055906270176758, 62.3996363636359, 62.8870107526884, 62.9556214896214, 62.9054369390647
8/1/2017, 62.55, 62.92, 62.55, 62.89, 28012, 0.817007556371956, 0.820724507604966, 1.12859335836959, 1.61757526156777, 0, 0.405463994798794, 0.448939036780247, -0.0434750419814537, 62.4058181818178, 63.0630107526884, 63.0138632478632, 62.9639418507129
8/2/2017, 62.5, 62.62, 62.34, 62.5, 35484, 0.825000399347531, 0.826613373688942, 0.842630665063606, 1.42606992874136, 0, 0.370956366987656, 0.433342502821729, -0.0623861358340733, 62.4109090909087, 63.1096774193551, 63.0504126984126, 63.0103594410737
8/3/2017, 62.44, 62.56, 62.44, 62.48, 3629, 0.79360433276664, 0.505943155293544, 0.836116722454469, 1.30577193873278, 0, 0.338097611671373, 0.414293524591658, -0.0761959129202853, 62.4352727272724, 63.1196559139787, 63.0725958485958, 63.054953745692
8/4/2017, 62.5, 62.62, 62.28, 62.57, 27946, 0.780009250051089, 0.826763139693191, 0.783250675135617, 1.38712483678464, 0, 0.315680095549823, 0.394570838783291, -0.0788907432334681, 62.5134545454542, 63.1377849462368, 63.1055799755799, 63.1007033557047
8/7/2017, 62.47, 62.63, 62.34, 62.63, 24650, 0.763450739851698, 0.675214572426214, 0.655656941715883, 1.24160625096166, 0, 0.299305345362853, 0.375517740099203, -0.0762123947363499, 62.5961818181814, 63.146989247312, 63.1363467643467, 63.1467823399559
8/8/2017, 62.56, 62.58, 62.19, 62.19, 7495, 0.765785075495518, 0.259888011348019, 0.520693107843256, 1.03909382976078, 0, 0.247965522904543, 0.350007296660271, -0.102041773755728, 62.4458181818178, 63.0961290322583, 63.1480708180708, 63.1800670965494
8/9/2017, 62.09, 62.09, 61.63, 61.73, 10631, 0.778275800304761, 0.106272001762257, 0.381166431199395, 0.964329680329555, 0, 0.168221040660512, 0.31365004546032, -0.145429004799807, 62.1447272727269, 62.953483870968, 63.1367765567765, 63.2004127966977
8/10/2017, 61.58, 61.62, 61.04, 61.05, 17704, 0.804108384851307, 0.285888299607823, 0.242980201198906, 0.749425516288724, 0, 0.0495811068150687, 0.260836257731269, -0.211255150916201, 61.7383636363633, 62.7682580645164, 63.0925323565323, 63.2025023342671
8/11/2017, 61.29, 61.53, 61.21, 61.53, 5008, 0.79694906631584, 0.57242107672796, 0.125648523481473, 1.08926400057762, 0, -0.00564483687369233, 0.207540038810277, -0.213184875683969, 61.519636363636, 62.6102580645164, 63.0658681318681, 63.2167046501885
8/14/2017, 61.65, 61.74, 61.51, 61.68, 6078, 0.773905029959355, 0.410793475375614, 0.115712757203966, 1.05620097738075, 0, -0.0368828857822763, 0.158655453891766, -0.195538339674043, 61.3670909090906, 62.4930322580647, 63.0368669108669, 63.2342382133996
8/15/2017, 61.67, 61.67, 61.32, 61.56, 4483, 0.765882702006146, 0.25891763543181, 0.0963800848550558, 1.0014814657288, 0, -0.0705094724111532, 0.112822468631182, -0.183331941042336, 61.3249090909088, 62.3858709677422, 63.0083076923077, 63.2481520496489
8/16/2017, 61.88, 62.43, 61.88, 62.35, 9273, 0.788137164053303, 0.251521934387396, 0.401773215204229, 1.17216611504725, 0, -0.0330316189447615, 0.0836516511159937, -0.116683270060755, 61.5501818181815, 62.3703870967744, 63.0203492063491, 63.2815149560591
8/17/2017, 62.49, 62.49, 61.6, 61.65, 14057, 0.829413375016825, -0.12078153206146, 0.183322680930723, 1.11514118387515, 0, -0.0591326554717284, 0.0550947897984493, -0.114227445270178, 61.5378181818179, 62.192860215054, 63.0040195360195, 63.2964127059948
8/18/2017, 61.59, 61.73, 61.28, 61.64, 10459, 0.824572807289063, -0.475132773923266, 0.236248994876406, 1.00066560610384, 0, -0.0797060298963004, 0.0281346258594993, -0.1078406557558, 61.5852727272724, 61.9994408602153, 62.9815018315018, 63.3105605345912
8/21/2017, 61.61, 61.66, 61.32, 61.4, 10610, 0.814093394938648, -0.655132659869097, 0.048014102974436, 0.957242955618113, 0, -0.11406173886261, -0.00030464708492247, -0.113757091777687, 61.6125454545452, 61.800301075269, 62.9457509157509, 63.3182841614907
8/22/2017, 61.7, 61.9, 61.68, 61.77, 7034, 0.809228876910657, -0.43836529801487, 0.152111917612518, 0.994962182498431, 0, -0.110163086470244, -0.0222763349619868, -0.0878867515082575, 61.746727272727, 61.6568817204303, 62.9135995115994, 63.3347780078215
8/23/2017, 61.87, 62.17, 61.87, 62.17, 7364, 0.795991062255634, -0.619200368748654, 0.0784734629115725, 1.07588863084749, 0, -0.0739443350349802, -0.0326099349765855, -0.0413344000583947, 61.9499999999997, 61.6130967741938, 62.8999731379731, 63.3605354843596
8/24/2017, 62.35, 62.53, 62.34, 62.45, 3668, 0.781624117268392, -0.40995762416132, 0.250715811167551, 1.13862168449823, 0, -0.0223889675568074, -0.0305657414926299, 0.00817677393582248, 62.0899999999998, 61.6069677419357, 62.902354090354, 63.3923859045339
8/25/2017, 62.81, 63.19, 62.81, 63.19, 10328, 0.79240077254693, 0.0169535168777673, 0.562593725586663, 1.29610897631287, 0, 0.0772898983312942, -0.00899461352784508, 0.0862845118591393, 62.5052727272725, 61.7367741935486, 62.9246495726495, 63.4412815964523
8/28/2017, 63.08, 63.08, 62.66, 62.68, 19560, 0.801184023235139, -0.102146091005568, 0.222810657065121, 1.24469340914151, 0, 0.113821318633015, 0.0155685729043269, 0.0982527457286879, 62.683818181818, 61.8061935483873, 62.9353699633699, 63.4767323840818
8/29/2017, 62.38, 62.55, 62.35, 62.5, 10405, 0.789716861560953, 0.0405472526121332, 0.0263675877176699, 1.11428519299949, 0, 0.126786718372159, 0.0378122019978934, 0.0889745163742658, 62.7216363636362, 61.8504946236561, 62.9360195360195, 63.5069807373205
8/30/2017, 62.43, 62.81, 62.43, 62.81, 9712, 0.776778198617762, 0.199123372396277, 0.503839553787233, 1.08967550536055, 0, 0.160229276932775, 0.0622956169848696, 0.0979336599479051, 62.9732727272725, 61.9834193548389, 62.9630671550671, 63.5437981180496
8/31/2017, 63.14, 63.69, 63.14, 63.63, 28100, 0.797579234990138, 0.348995279018282, 0.881817358264021, 1.195405812964, 0, 0.250017842449701, 0.0998400620778359, 0.150177780371865, 63.3430909090907, 62.2163225806453, 63.0379877899877, 63.5990455057763
9/1/2017, 63.99, 64.07, 63.7, 63.97, 55803, 0.78806422364079, 0.678458427758408, 0.951663692624488, 1.30032446959561, 0, 0.344638310105985, 0.148799711683466, 0.195838598422519, 63.7203636363635, 62.4829032258066, 63.1214603174602, 63.6609752871563
9/5/2017, 64.04, 64.14, 63.36, 63.75, 14132, 0.812421097521353, 0.666325068032909, 0.91386513702577, 1.25467626000859, 0, 0.397293795476507, 0.198498528442074, 0.198795267034433, 63.8465454545453, 62.6998709677421, 63.1897509157509, 63.716350877193
9/6/2017, 63.99, 64.31, 63.91, 64.27, 42254, 0.809121716487272, 0.634561038264774, 1.0320883559288, 1.4725875177, 0, 0.475502009992141, 0.253899224752087, 0.221602785240054, 64.0981818181816, 62.9449247311829, 63.2708424908424, 63.782502379981
9/7/2017, 64.77, 64.93, 64.51, 64.58, 55025, 0.81607525677772, 0.963381612719951, 1.26139419291178, 1.49408146064585, 0, 0.55608677053867, 0.314336733909404, 0.241750036629266, 64.4005454545453, 63.2155698924733, 63.3633919413919, 63.8543083747816
9/8/2017, 64.66, 64.81, 64.54, 64.73, 48970, 0.794330806095626, 1.04058671260572, 1.08774741695046, 1.45576370966251, 0, 0.624851619735651, 0.376439711074653, 0.248411908660997, 64.6792727272726, 63.5219784946238, 63.4624517704517, 63.9279549531593
9/11/2017, 65.26, 65.73, 65.13, 65.6, 56991, 0.820825936351241, 1.31364461899372, 1.52234705631201, 1.71984117951709, 0, 0.741008107058228, 0.449353390271368, 0.29165471678686, 65.2821818181817, 63.9008387096776, 63.5861758241758, 64.019804269294
9/12/2017, 66.42, 66.42, 65.87, 65.96, 90125, 0.8376875735811, 1.43170837332628, 1.50642352318043, 1.65355564381707, 0, 0.852287313854454, 0.529940174987986, 0.322347138866468, 65.7759999999998, 64.2926451612905, 63.7173186813186, 64.1178331168832
9/13/2017, 65.98, 65.98, 65.42, 65.57, 31068, 0.843238961960331, 1.47253086511215, 1.24495626780562, 1.55826832154087, 0, 0.898648090531218, 0.603681758096632, 0.294966332434586, 65.9201818181816, 64.6506881720432, 63.8427155067154, 64.2049826656395
9/14/2017, 65.23, 65.68, 65.12, 65.56, 19064, 0.843908172650274, 1.72963373260489, 1.2898579405943, 1.40965049866527, 0, 0.923931911682175, 0.667731788813741, 0.256200122868434, 65.9554545454543, 64.9641720430109, 63.9518046398046, 64.2900418967816
9/15/2017, 65.68, 65.79, 65.58, 65.76, 15459, 0.816762299407001, 2.31230737045481, 1.80235598746212, 1.31242044740807, 0, 0.94916645062743, 0.724018721176479, 0.225147729450952, 66.0738181818179, 65.2819569892475, 64.0709474969474, 64.3777421379701
9/18/2017, 66.11, 66.35, 65.9, 65.91, 68950, 0.818916315711639, 2.16540491586874, 1.89541663007327, 1.38122745340512, 0, 0.970086201075972, 0.773232217156377, 0.196853983919595, 66.1958181818179, 65.6036129032259, 64.1962319902319, 64.4669087523278
9/19/2017, 66.08, 66.38, 65.71, 66.38, 42450, 0.822929130010943, 2.29190802400194, 1.87935851765906, 1.49934859438694, 0, 1.01291408303906, 0.821168590332915, 0.191745492706149, 66.3303636363633, 65.9673548387099, 64.3256752136751, 64.5645567833027
9/20/2017, 66.7, 66.97, 66.38, 66.77, 57672, 0.821397841360194, 2.55610760230729, 1.93530180684028, 1.65240250916214, 0, 1.06603662209231, 0.870142196684794, 0.195894425407518, 66.5601818181815, 66.327053763441, 64.4619365079364, 64.6687226033635
9/21/2017, 66.97, 67.04, 66.75, 66.96, 26511, 0.799768476317789, 2.35623360467149, 1.76850549448478, 1.67462287057945, 0, 1.11066497466005, 0.918246752279846, 0.192418222380208, 66.7812727272724, 66.6506451612905, 64.6151599511598, 64.7748856061972
9/22/2017, 67.15, 67.15, 66.72, 66.98, 22727, 0.791652318834387, 3.08018031194977, 1.75311898751451, 1.64005137099069, 0, 1.13456849904036, 0.961511101631948, 0.173057397408407, 66.9094545454542, 66.8976989247313, 64.7760293040292, 64.8793104062723
9/25/2017, 66.77, 66.77, 66.33, 66.33, 15450, 0.808437037535819, 2.47967563395663, 1.28632441240339, 1.59927394474563, 0, 1.08851492413558, 0.986911866132675, 0.101603058002906, 66.8643636363633, 67.0560215053765, 64.8816459096458, 64.9675910693303
9/26/2017, 66.27, 66.4, 66.06, 66.13, 96559, 0.79604487017637, 2.52526543248302, 1.17347371317727, 1.59474433212727, 0, 1.02407391902059, 0.994344276710259, 0.0297296423103356, 66.7823636363633, 67.1680000000001, 64.9585494505494, 65.0497680906714
9/27/2017, 66.1, 66.48, 66, 66.45, 16910, 0.788718207697896, 2.4935090951423, 1.28988105228603, 1.50653237048054, 0, 0.987442659525726, 0.992963953273352, -0.00552129374762611, 66.723636363636, 67.2838709677421, 65.0680219780219, 65.1370806739119
9/28/2017, 66.45, 66.95, 66.45, 66.95, 29682, 0.781027761858834, 2.5168469121064, 1.22297154688792, 1.73794725805772, 0, 0.987376086878456, 0.991846379994373, -0.00447029311591729, 66.787636363636, 67.484301075269, 65.2049401709401, 65.2332250540449
9/29/2017, 67.15, 67.15, 66.48, 66.78, 75173, 0.794029922486171, 2.24604578526306, 1.2073701104355, 1.63982374191621, 0, 0.962510526122003, 0.985979209219899, -0.0234686830978963, 66.7570909090906, 67.5868172043012, 65.3293357753357, 65.3238483620399
10/2/2017, 66.99, 67.25, 66.73, 67.13, 41145, 0.78912635650894, 2.12102011608623, 1.35904681795991, 1.66597695575138, 0, 0.959980408422538, 0.980779449060427, -0.0207990406378887, 66.8218181818179, 67.6999784946238, 65.469619047619, 65.4199988861042
10/3/2017, 67.62, 67.74, 67.53, 67.74, 11392, 0.787944341553335, 2.85609534973019, 1.63459513194283, 1.92059819261032, 0, 0.99571914346231, 0.983767387940804, 0.0119517555215062, 67.1247272727269, 67.8391182795701, 65.6417484737484, 65.5269765775696
10/4/2017, 67.96, 68.14, 67.8, 68.1, 25950, 0.773958622789747, 3.22923620916104, 1.95718296249738, 2.04742942231628, 0, 1.04109029890984, 0.99523197013461, 0.0458583287752259, 67.5558181818179, 68.0076989247314, 65.8235750915751, 65.6393324607331
10/5/2017, 68.13, 68.42, 68, 68, 16419, 0.767224310314451, 2.9471748198419, 1.93254619849183, 1.89002166097062, 0, 1.05679601558343, 1.00754477922437, 0.0492512363590558, 67.9178181818179, 68.1494193548389, 65.9946984126984, 65.7474314550951
10/6/2017, 67.54, 68.09, 67.54, 68.08, 19442, 0.768400270950552, 2.6967691220729, 1.809041509812, 1.78873550728487, 0, 1.06343957120426, 1.01872373762035, 0.0447158335839055, 68.254727272727, 68.2823440860217, 66.1581416361416, 65.8550729127718
10/9/2017, 68.17, 68.31, 67.85, 67.95, 23710, 0.765225252744634, 2.38592006213553, 1.92952768136719, 2.05183727317875, 0, 1.04615529630655, 1.02421004935759, 0.0219452469489607, 68.3567272727269, 68.4117849462368, 66.3291428571428, 65.9579698651864
10/10/2017, 68.35, 68.8, 68.35, 68.8, 15495, 0.779755859415668, 2.8880427339709, 2.23212385782253, 2.40381901859307, 0, 1.08849775561683, 1.03706759060944, 0.0514301650073898, 68.6239999999997, 68.5843655913981, 66.5363687423687, 66.0761789638933
10/11/2017, 68.54, 68.78, 68.47, 68.72, 17640, 0.765640904706171, 2.55801733265617, 2.01969192601933, 2.18293324996574, 0, 1.10288574788993, 1.05023122206554, 0.052654525824392, 68.7819999999997, 68.6953118279573, 66.7333431013431, 66.1905148658449
10/12/2017, 68.63, 68.8, 68.49, 68.75, 13475, 0.749586921059457, 2.39182130587229, 2.20458203867439, 2.07897757866174, 0, 1.10398305525044, 1.06098158870252, 0.0430014665479217, 68.9265454545451, 68.7906021505379, 66.9219999999999, 66.3032810336872
10/13/2017, 68.92, 69.03, 68.77, 69.01, 21913, 0.729711574868799, 2.44463433051595, 2.29960230475265, 2.13488161092104, 0, 1.11300250625654, 1.07138577221332, 0.0416167340432148, 69.0287272727269, 68.9352258064519, 67.1162319902319, 66.4191233947516
10/16/2017, 69.22, 69.37, 69.05, 69.23, 28638, 0.717023342374852, 2.26366945626709, 2.33898880645133, 2.12124769547485, 0, 1.12493509600483, 1.08209563697162, 0.0428394590332102, 69.1552727272724, 69.0957204301077, 67.310315018315, 66.5371738693468
10/17/2017, 69.04, 69.12, 68.76, 68.92, 23677, 0.718333570704882, 1.80219181251983, 2.19129661961632, 1.94053820006628, 0, 1.09673487320359, 1.08502348421802, 0.0117113889855713, 69.1821818181815, 69.1682795698927, 67.4930109890109, 66.64686119403
10/18/2017, 68.98, 69.07, 68.77, 68.92, 26583, 0.704181256650195, 2.14771137571812, 2.39855312099025, 1.95091089374187, 1.79856391915997, 1.06214227843675, 1.08044724306176, -0.0183049646250109, 69.216727272727, 69.2421505376347, 67.6708131868131, 66.7544938672973
10/19/2017, 68.76, 68.97, 68.5, 68.9, 14411, 0.703273782262915, 2.14061286384621, 2.62310391907095, 1.95674869620903, 1.73794289293292, 1.02134019104466, 1.06862583265834, -0.0472856416136844, 69.1796363636361, 69.3041505376346, 67.8564249084249, 66.8597234551042
10/20/2017, 68.91, 69.01, 68.7, 69.01, 51596, 0.689505657412246, 2.08032645611817, 3.07866663397645, 2.05253837631904, 1.75494978310077, 0.986508467976279, 1.05220235972193, -0.0656938917456509, 69.1474545454542, 69.36223655914, 68.0355677655677, 66.9651448855405
10/23/2017, 69.42, 69.69, 69.37, 69.54, 9219, 0.69893077577104, 2.24729676333384, 3.0759697495985, 1.98378055662107, 1.80617826822447, 0.990255596991346, 1.03981300717581, -0.0495574101844667, 69.2216363636361, 69.5179569892475, 68.2256483516484, 67.0789282639886
10/24/2017, 69.9, 70.05, 69.75, 69.83, 24764, 0.697744004579152, 2.16382081993961, 3.11642517307507, 2.00130432212032, 1.88691562887624, 1.00504032089783, 1.03285846992022, -0.0278181490223837, 69.4792727272724, 69.7090537634411, 68.4362271062271, 67.1962415344542
10/25/2017, 69.76, 69.76, 68.98, 69.19, 41840, 0.730413219363695, 1.4025329509911, 2.83673498508423, 1.85373342333508, 1.76983119591265, 0.954116212039423, 1.01711001834406, -0.0629938063046354, 69.4436363636361, 69.7679784946239, 68.6235604395604, 67.2990797804981
10/26/2017, 69.53, 69.67, 69.26, 69.26, 14057, 0.727843287834036, 1.33296101684577, 2.6382175231445, 1.91995066714073, 1.75881040572914, 0.908929332312283, 0.995473881137704, -0.0865445488254205, 69.4125454545452, 69.8117634408605, 68.7832747252747, 67.4013758825716
10/27/2017, 69.52, 69.79, 69.19, 69.72, 55676, 0.729918313390937, 1.55131523170551, 3.25252880846116, 2.01690797438318, 1.77782676269744, 0.899863493981201, 0.976351803706403, -0.0764883097252024, 69.5645454545452, 69.9033763440863, 68.9484053724053, 67.5105870445345
10/30/2017, 69.67, 69.67, 69.15, 69.41, 30718, 0.737579737345271, 1.88580866700917, 3.09701404346994, 1.9908074032018, 1.70589242068177, 0.857776429830267, 0.952636728931176, -0.0948602991009091, 69.614727272727, 69.9401075268819, 69.0957753357753, 67.6119330143541
10/31/2017, 69.4, 69.83, 69.34, 69.62, 64011, 0.733778211586879, 2.17893589494877, 3.32108554343628, 1.94930562906211, 1.81676758303678, 0.831779141052991, 0.928465211355539, -0.0966860703025483, 69.6656363636361, 70.01223655914, 69.2439706959707, 67.7154150304672
11/1/2017, 70.2, 70.47, 70.1, 70.27, 18749, 0.751122202022834, 2.28040363367169, 3.36888175301289, 2.06805636772689, 1.90165938297496, 0.85378378214142, 0.913528925512715, -0.0597451433712952, 69.9029090909088, 70.1719354838712, 69.416442002442, 67.8292694268086
11/2/2017, 70.22, 70.69, 70.22, 70.5, 9059, 0.744571479139536, 2.15736896635206, 3.302270664753, 1.97834318797977, 1.91809094386405, 0.879641734194834, 0.906751487249139, -0.027109753054305, 70.1419999999997, 70.3509032258067, 69.5835384615384, 67.9454079192134
11/3/2017, 70.53, 70.59, 70.2, 70.42, 19780, 0.735837472527271, 2.23705662383705, 3.14569540691741, 2.03605961573472, 1.88730017224692, 0.883494639829905, 0.902100117765292, -0.0186054779353871, 70.2881818181815, 70.4982150537637, 69.7568107448107, 68.0580009652933
11/6/2017, 70.36, 70.38, 69.91, 70.07, 26469, 0.738929514408476, 1.75383301837009, 2.74574205762469, 2.03701284474761, 1.8080821732413, 0.848524755186958, 0.891385045249626, -0.0428602900626679, 70.3425454545451, 70.5355913978497, 69.8961831501831, 68.1621104107803
11/7/2017, 69.85, 69.85, 69.44, 69.79, 21672, 0.749934826205356, 1.25221160524604, 2.92140717558901, 1.83370066153106, 1.69374281774675, 0.789120717302183, 0.870932179660137, -0.0818114623579544, 70.3292727272724, 70.4999784946238, 70.0252429792429, 68.2592054263566
11/8/2017, 70.04, 70.52, 69.88, 70.46, 11495, 0.757465994107695, 1.36920858913407, 3.22665524325877, 1.8581393535055, 1.64460250764902, 0.787033556938866, 0.854152455115883, -0.0671188981770171, 70.421636363636, 70.5470967741937, 70.1866739926739, 68.366901775047
11/9/2017, 69.96, 70.37, 69.79, 70.37, 16053, 0.768118534142201, 1.37796239899231, 3.05300297249506, 2.22336513453948, 1.70993404967615, 0.76924978677458, 0.837171921447622, -0.0679221346730424, 70.427636363636, 70.5902580645163, 70.3346275946275, 68.4710675178625
11/10/2017, 69.99, 70.1, 69.89, 69.95, 19018, 0.768404234241707, 1.05092677746264, 2.59692335102636, 2.23458074943615, 1.69275108096336, 0.713045980671211, 0.81234673329234, -0.0993007526211291, 70.3199999999997, 70.5467311827959, 70.4350866910867, 68.5657609651879
11/13/2017, 69.45, 69.7, 69.19, 69.43, 26879, 0.790182664207792, 0.803439548282244, 2.19151065579127, 2.06942526008739, 1.75905317690774, 0.619404298046959, 0.773758246243264, -0.154353948196305, 69.9581818181815, 70.4401075268819, 70.5034627594627, 68.6493611457037
11/14/2017, 69.29, 69.69, 69.24, 69.54, 12589, 0.781841576893151, 0.447226865345763, 2.34654963765301, 2.12269685597448, 1.80292265248642, 0.547754497722593, 0.72855749653913, -0.180802998816537, 69.6752727272724, 70.3732688172046, 70.5809279609278, 68.733470176882
11/15/2017, 69, 69.21, 68.53, 69.21, 27772, 0.81925733411779, 0.295845911066586, 2.00284280360336, 2.01240571590213, 1.7281915874591, 0.459051611454527, 0.674656319522209, -0.215604708067683, 69.4127272727269, 70.2769462365594, 70.6416385836385, 68.8101675431088
11/16/2017, 69.91, 70.32, 69.91, 70.26, 17447, 0.845655566319066, 0.763669402288004, 2.1499022170291, 2.31519014483073, 1.80767485742214, 0.468084374504272, 0.633341930518622, -0.16525755601435, 69.6167272727269, 70.3000215053765, 70.7600683760683, 68.9043000848382
11/17/2017, 70.1, 70.4, 69.93, 70.32, 10235, 0.83610597390641, 0.666211621544464, 2.11262198033999, 2.16631474914462, 1.81957237494359, 0.474613355531801, 0.601596215521258, -0.126982859989457, 69.8385454545451, 70.3214623655916, 70.8763150183149, 68.9978787636131
11/20/2017, 70.45, 70.63, 70.09, 70.09, 58452, 0.835429069494133, 0.44010327839667, 1.75910837144196, 2.27655949778345, 1.83474102999832, 0.455972376501734, 0.572471447717353, -0.116499071215619, 69.9163636363633, 70.2906021505378, 70.9914798534798, 69.0857702380953
11/21/2017, 70.63, 70.88, 70.63, 70.84, 15619, 0.841014431208378, 0.925685676631435, 1.85191285898025, 2.3269730272616, 1.85329029569963, 0.496000414281568, 0.557177241030196, -0.0611768267486283, 70.1961818181814, 70.3977634408604, 71.1366227106226, 69.1853939036382
11/22/2017, 70.85, 70.95, 70.54, 70.69, 17419, 0.82965892193325, 0.851338915708668, 1.97661006528321, 2.18992541152976, 1.78294708697573, 0.509743174202725, 0.547690427664702, -0.0379472534619766, 70.5009090909087, 70.4673978494625, 71.2683858363857, 69.2806931503645
11/24/2017, 70.7, 70.82, 70.64, 70.82, 9700, 0.799437443263038, 0.922160472359252, 2.03032586026812, 2.25869022621642, 1.78067575282476, 0.525071625147191, 0.5431666671612, -0.0180950420140085, 70.8199999999996, 70.5428172043012, 71.4159780219779, 69.3766543009506
11/27/2017, 70.52, 70.52, 70.02, 70.11, 8246, 0.824209838044414, 0.507124489656886, 1.6206676690564, 2.42197672194998, 1.67802162423447, 0.474459196398314, 0.529425173008623, -0.0549659766103087, 70.7852727272723, 70.5321290322582, 71.5244468864468, 69.4586236880411
11/28/2017, 70.08, 70.28, 70.08, 70.27, 14571, 0.795447333969393, 0.347679025625201, 1.62069419475806, 2.49202750052732, 1.66538528389091, 0.442162174485091, 0.511972573303916, -0.0698103988188254, 70.6930909090905, 70.5493118279571, 71.632476190476, 69.5419719005126
11/29/2017, 70.4, 70.4, 69.67, 69.71, 15215, 0.814105292642774, -0.0372178681558318, 1.22564104473827, 2.21744925736922, 1.5740904956344, 0.367146990086027, 0.483007456660339, -0.115860466574311, 70.3836363636359, 70.4680645161291, 71.7052844932844, 69.6142315076229
11/30/2017, 69.65, 70.02, 69.6, 70, 309843, 0.800195942180306, 0.389652991367954, 1.18842301336441, 2.23539298623885, 1.54415210815779, 0.327324301567259, 0.451870825641723, -0.124546524074464, 70.0990909090905, 70.4185161290324, 71.7749206349205, 69.6902407075683
12/1/2017, 69.83, 69.83, 68.96, 69.49, 33887, 0.840596203122613, 0.119505725310052, 0.920616459007174, 1.92266881254731, 1.51577292017492, 0.251710237325284, 0.411838707978435, -0.160128470653151, 69.8052727272723, 70.2959569892474, 71.8160659340658, 69.756222805979
12/4/2017, 69.69, 69.83, 69.05, 69.05, 14448, 0.860135824000591, -0.28655324474173, 0.749002477410376, 1.79039297286285, 1.46981845225201, 0.15450024126875, 0.360371014636498, -0.205870773367748, 69.4134545454542, 70.1210967741937, 71.8430207570207, 69.8135644327061
12/5/2017, 69.24, 69.46, 69.09, 69.16, 14441, 0.845470788242897, -0.098029320514252, 1.05231005889539, 1.65996854586163, 1.39094716097783, 0.0853528057114374, 0.305367372851486, -0.220014567140048, 69.0829090909088, 69.9952688172044, 71.861597069597, 69.8717726859429
12/6/2017, 69.34, 69.34, 68.63, 68.82, 18012, 0.858749225939188, -0.346789200067458, 0.999825684004258, 1.54094797074813, 1.3906299961237, 0.00308227579374432, 0.244910353439938, -0.241828077646193, 68.835636363636, 69.8480860215055, 71.8562026862026, 69.9232203389831
12/7/2017, 68.61, 69.1, 68.44, 69.1, 27669, 0.860262889184922, -0.532562647006136, 0.98257433028018, 1.61624467687321, 1.44100812984412, -0.0390736354043639, 0.188113555671077, -0.227187191075441, 68.7652727272724, 69.7002795698926, 71.8713821733821, 69.9784777944647
12/8/2017, 69.49, 69.58, 69.12, 69.15, 16314, 0.851365977737444, -0.620347051069849, 0.826913266412258, 1.46257337395808, 1.52108072818635, -0.067667883375492, 0.136957267861763, -0.204625151237255, 68.8249090909088, 69.5640645161292, 71.8755311355311, 70.0336159273837
12/11/2017, 69.27, 69.29, 69.05, 69.28, 18154, 0.82460103193587, -0.519413934293859, 0.939851258720453, 1.5264462437612, 1.49852230504934, -0.0789292698671034, 0.0937799603159901, -0.172709230183093, 68.8785454545452, 69.4757204301076, 71.8800463980463, 70.0899732780142
12/12/2017, 69.03, 69.38, 69.03, 69.31, 36559, 0.808280789466039, -0.345875643556998, 0.824866521632284, 1.56388974962111, 1.54971313855536, -0.0844596522196071, 0.0581320378088707, -0.142591690028478, 69.0198181818179, 69.3733548387098, 71.8828913308912, 70.1458640167364
12/13/2017, 69.36, 69.54, 69.11, 69.32, 30051, 0.798771558597759, -0.210337187572481, 0.613934687260666, 1.63720088778598, 1.44319569829134, -0.087032348909247, 0.0290991604652471, -0.116131509374494, 69.1049090909089, 69.2869032258065, 71.8825689865689, 70.2009657676349
12/14/2017, 69.45, 69.78, 69.44, 69.72, 16283, 0.787468477049582, -0.350213032972479, 0.624731170126963, 1.8772989476315, 1.51777858222072, -0.0561473409149613, 0.0120498601892054, -0.0681972011041668, 69.4074545454543, 69.2964731182796, 71.8850525030524, 70.2617262782484
12/15/2017, 69.96, 70.15, 69.85, 69.98, 24405, 0.776038684036897, -0.175657863400301, 0.756985734748814, 1.94677074366436, 1.50263474682639, -0.010569088601315, 0.00752607043110135, -0.0180951590324163, 69.7130909090907, 69.3579139784947, 71.8831623931623, 70.3257412508928
12/18/2017, 70.75, 71.28, 70.68, 71.28, 59563, 0.814980748505288, 0.572813370570272, 1.09485600844076, 2.05973672297799, 1.70794818762164, 0.128964517497423, 0.0318137598443656, 0.097150757653057, 70.3530909090907, 69.5823225806452, 71.9169426129425, 70.4099649193821
12/19/2017, 71.28, 71.28, 70.48, 70.65, 16075, 0.837752814802322, 0.525693599236383, 0.911718221085065, 2.00500965877895, 1.68075549992064, 0.186559627489331, 0.0627629333733586, 0.123796694115972, 70.675818181818, 69.6979139784947, 71.9263565323564, 70.482580796253
12/20/2017, 71.09, 71.17, 70.7, 70.7, 19075, 0.83207743348649, 0.500271164569855, 0.667087836855943, 2.07013951919674, 1.7321399800715, 0.233546569762311, 0.096919660651149, 0.136626909111162, 70.8665454545453, 69.7974408602151, 71.9346080586079, 70.5548352414137
12/21/2017, 70.78, 70.9, 70.69, 70.7, 11305, 0.805325046960681, 0.647144254626504, 0.695182115850037, 1.93426039684487, 1.75608901296996, 0.267698201802261, 0.131075368881372, 0.13662283292089, 71.0107272727271, 69.9357634408603, 71.9335848595847, 70.6259267305224
12/22/2017, 70.63, 70.63, 70.26, 70.36, 6566, 0.800023547173311, 0.0614268288936934, 0.566189101460694, 1.96172837801991, 1.66426036977322, 0.264281979590805, 0.157716691023258, 0.106565288567547, 70.9601818181816, 70.0233978494624, 71.9285592185592, 70.6904035523051
12/26/2017, 70.32, 70.7, 70.32, 70.45, 10064, 0.786020921790752, 0.0751525207176881, 0.508744308382887, 1.98840030934133, 1.61238528870389, 0.265773178945466, 0.1793279886077, 0.086445190337766, 70.9007272727271, 70.0945161290323, 71.9060439560439, 70.755278857365
12/27/2017, 70.65, 70.88, 70.4, 70.7, 16019, 0.778025675292086, 0.295925468859256, 0.516953922949791, 2.02132764656885, 1.67215495807313, 0.283855763295165, 0.200233543545193, 0.083622219749972, 70.869818181818, 70.1594623655914, 71.8877875457875, 70.8231004016065
12/28/2017, 70.88, 70.97, 70.75, 70.8, 13171, 0.757148227132669, -0.00493042380566641, 0.660378810718344, 2.02875977361763, 1.60016962833037, 0.302765414699692, 0.220739917776093, 0.0820254969235996, 70.7996363636362, 70.2362365591398, 71.8619316239316, 70.8914298007968
12/29/2017, 71.11, 71.36, 70.99, 71.13, 11174, 0.755318287037021, 0.226143482912146, 0.767605710432583, 2.23638586933236, 1.58262797446479, 0.340455136857656, 0.244682961592405, 0.0957721752652508, 70.8427272727271, 70.324752688172, 71.8518363858364, 70.9639015367103
1/2/2018, 71.3, 72.18, 71.17, 72.18, 34019, 0.779848992367639, 0.60019286186141, 1.06718776746258, 2.56644735468431, 1.6950929180752, 0.449864974595585, 0.285719364193041, 0.164145610402543, 71.2236363636363, 70.6041075268818, 71.8896703296703, 71.0518028107159
1/3/2018, 72.14, 72.64, 72.14, 72.47, 24914, 0.772388923080466, 1.09153223285793, 1.11906477047234, 2.8689995107296, 1.69652886154879, 0.553592169693999, 0.339293925293233, 0.214298244400767, 71.8447272727272, 70.911870967742, 71.9390695970696, 71.1429155644082
1/4/2018, 72.6, 72.9, 72.38, 72.39, 27464, 0.770496946993499, 0.97913503804353, 0.932048429841856, 2.73203664385765, 1.8298985871469, 0.622169406085149, 0.395869021451616, 0.226300384633533, 72.2472727272726, 71.1802795698925, 71.9940757020757, 71.2313904585456
1/5/2018, 72.49, 72.92, 72.45, 72.81, 67068, 0.764145863112435, 1.4814713796023, 0.96565636697663, 2.78157441333189, 1.83588609455619, 0.702312033957583, 0.457157623952809, 0.245154410004773, 72.7099999999999, 71.5371397849463, 72.0493675213675, 71.3250707720588
1/8/2018, 72.82, 73.23, 72.82, 73.18, 33713, 0.75096457062798, 1.50803652436062, 1.31657673766451, 2.89884453421938, 1.85824352163854, 0.786613955692872, 0.523048890300822, 0.26356506539205, 73.1854545454545, 71.9182365591398, 72.1094114774114, 71.4230885214008
1/9/2018, 73.29, 73.31, 73.11, 73.15, 12526, 0.727379465681857, 1.82255089972678, 1.28295598668639, 2.72460026259004, 1.85912973618777, 0.841305045876439, 0.586700121415945, 0.254604924460494, 73.4472727272727, 72.2881290322581, 72.1672087912087, 71.5191783549
1/10/2018, 72.96, 73, 72.69, 72.82, 32177, 0.725726689355898, 1.91950166500252, 1.026047167214, 2.89080243085525, 1.88785535558267, 0.848241882392045, 0.639008473611165, 0.20923340878088, 73.460909090909, 72.5537849462366, 72.2212283272283, 71.6087492143306
1/11/2018, 72.95, 73.32, 72.87, 73.3, 47763, 0.719032014228536, 2.07406850624029, 1.28024414587938, 2.99784980810257, 1.87541760010194, 0.882300749948229, 0.687666928878578, 0.194633821069651, 73.5610909090909, 72.8735268817205, 72.2970525030525, 71.7043510543511
1/12/2018, 73.53, 74.49, 73.53, 74.34, 31186, 0.753561935846167, 2.63252783143842, 1.47443147155787, 3.25095146325479, 1.9712151153594, 0.981893301452956, 0.746512203393454, 0.235381098059502, 73.8987272727273, 73.2683440860215, 72.4066129426129, 71.8144456233422
1/16/2018, 75, 75.03, 74, 74.12, 16823, 0.787490617852993, 2.34914983953007, 1.21702985540883, 3.09695625895814, 1.92388958748471, 1.0311821289686, 0.803446188508482, 0.227735940460113, 74.0332727272728, 73.6247096774193, 72.510354090354, 71.9195841010792
1/17/2018, 74.33, 74.71, 73.97, 74.54, 21694, 0.793538561383159, 2.50975231105241, 1.26552314395762, 3.08634168133728, 1.96176751746117, 1.09155164193419, 0.861067279193623, 0.230484362740565, 74.3598181818182, 73.9737849462365, 72.6321269841269, 72.0295660755231
1/18/2018, 74.73, 75.22, 74.73, 75.05, 15571, 0.794041920682553, 2.65653410977606, 1.43409471386337, 3.11779976379643, 2.01114032718356, 1.1670941191359, 0.922272647182078, 0.244821471953818, 74.7918181818182, 74.3256559139785, 72.7722295482295, 72.1456697200138
1/19/2018, 75.56, 75.96, 75.56, 75.94, 14514, 0.805414851723259, 2.93655289016624, 1.77806023192141, 3.11787404753036, 2.09269397039727, 1.28397675376247, 0.994613468498157, 0.289363285264316, 75.3745454545455, 74.7590752688172, 72.9630085470085, 72.2735157232704
1/22/2018, 76.07, 76.42, 75.95, 76.42, 13280, 0.791743570372561, 3.14500646858905, 2.00860936213427, 3.39833307025373, 2.17618963051685, 1.39920985207375, 1.07553274521328, 0.323677106860476, 76.0134545454546, 75.1869892473118, 73.1751941391941, 72.4067513122429
1/23/2018, 75.89, 76.28, 75.61, 76.21, 30436, 0.807371624005742, 2.81738736697199, 1.75649576801123, 3.40101861738276, 2.10535089470245, 1.45679464588375, 1.15178512534737, 0.305009520536376, 76.4569090909092, 75.5578924731183, 73.3618705738705, 72.5349674748669
1/24/2018, 76.6, 77.1, 76.6, 76.87, 15029, 0.818307556812849, 2.93666504261099, 1.9570798489379, 3.44629196199763, 2.11563991628425, 1.53795886159375, 1.22901987259665, 0.308938988997104, 76.957090909091, 75.97, 73.5693797313796, 72.671208563922
1/25/2018, 76.88, 77.02, 76.5, 76.5, 19671, 0.815139043105797, 2.41298196427915, 1.99027535884603, 3.17977018879807, 2.04560949883363, 1.55450679285835, 1.29411725664899, 0.260389536209361, 77.0605454545456, 76.2940215053764, 73.7568742368742, 72.8000524330023
1/26/2018, 76.57, 77.21, 76.5, 77.14, 32661, 0.813977572695278, 3.2221543253908, 2.36454103641626, 3.21731380417068, 2.12298559132118, 1.60081065019833, 1.35545593535885, 0.245354714839471, 77.2803636363637, 76.6546666666667, 73.9678095238095, 72.936556794713
1/29/2018, 77.85, 77.89, 77.41, 77.51, 22398, 0.817968242289099, 3.38713704215918, 2.43194150982698, 3.36750655416313, 2.15878170240835, 1.64836141420886, 1.41403703112886, 0.234324383080007, 77.6265454545456, 77.0124086021506, 74.1971355311355, 73.0766160994944
1/30/2018, 77.33, 77.33, 76.57, 76.76, 22918, 0.845892164367336, 2.74971236906799, 2.2715871375203, 3.02198737264896, 2.14140505259477, 1.60700248100676, 1.45263012110444, 0.154372359902322, 77.4967272727274, 77.2488172043011, 74.3941904761904, 73.2090058767255
1/31/2018, 77.11, 77.16, 76.27, 76.6, 28989, 0.863370083681396, 2.90013209273554, 1.97271953118327, 2.90347338117403, 2.10184973884092, 1.54352180706202, 1.47080845829595, 0.0727133487660665, 77.2516363636366, 77.4368387096775, 74.581155067155, 73.340712860462
2/1/2018, 76.83, 77.33, 76.68, 77.07, 60459, 0.862559244706049, 3.06155449799418, 2.08241440707583, 2.9596939554787, 2.10685464296272, 1.51368912169721, 1.47938459097621, 0.0343045307210059, 77.1585454545456, 77.7284516129032, 74.7820463980464, 73.4772193521936
2/2/2018, 75.98, 76.36, 75.5, 75.79, 40314, 0.936846139860409, 1.97532799120547, 1.65762274185596, 2.39172930946518, 2.01022500323375, 1.37095765456868, 1.4576992036947, -0.0867415491260171, 76.6910909090911, 77.7783010752688, 74.9051501831501, 73.5929974033074
2/5/2018, 74.94, 75.12, 72.84, 73.07, 62849, 1.12499507996468, 0.63350993447307, 0.548866310218311, 1.46914199285591, 1.56289312712057, 1.02652750049853, 1.37146486305547, -0.344937362556936, 75.388181818182, 77.4532043010752, 74.8979829059828, 73.664344130108
2/6/2018, 72.5, 74.55, 72.07, 74.4, 35075, 1.21630673344581, 0.852835377288854, 0.854609400790735, 1.76559143108953, 1.6603711975095, 0.851073362688609, 1.2673865629821, -0.416313200293487, 74.6854545454548, 77.281569892473, 74.9509792429791, 73.7561588082548
2/7/2018, 74.03, 74.6, 73.71, 73.93, 14030, 1.22302935100703, 0.475625185809377, 0.718529902640828, 1.67263726580265, 1.54032726934202, 0.666417575370986, 1.14719276545987, -0.480775190088888, 74.0510909090911, 77.0037634408602, 74.9887179487178, 73.8404329643297
2/8/2018, 74.03, 74.23, 71, 71, 81361, 1.4372905904782, -0.27433697482018, 0.208592752053483, 0.955804850892529, 1.11989219204956, 0.280417541713362, 0.973837720710572, -0.69342017899721, 72.4909090909093, 76.3371612903226, 74.8894896214895, 73.8814183408501
2/9/2018, 72, 72.04, 70, 71.84, 45881, 1.49144279409458, -0.0784717901135546, 0.334372556214544, 1.06066228874358, 1.20661373290201, 0.0418087684293198, 0.787431930254321, -0.745623161825002, 71.6489090909094, 75.790258064516, 74.8316654456653, 73.9356550498839
2/12/2018, 72.03, 73, 72, 72.87, 26278, 1.47643732415764, 0.046886071572826, 0.627629844107163, 1.13465241897013, 1.29988896988264, -0.0634466381998351, 0.61725621656349, -0.680702854763325, 71.5258181818185, 75.3733548387096, 74.8289694749694, 73.9993054530546
2/13/2018, 72.74, 73.4, 72.74, 73.37, 27736, 1.43803446123482, 0.0725672456230681, 0.662106521847564, 1.14535476188349, 1.37575749348126, -0.10530262187568, 0.472744448875656, -0.578047070751336, 71.6785454545457, 75.0285376344085, 74.8523711843711, 74.0675394287276
2/14/2018, 72.85, 75.36, 72.76, 75.34, 28719, 1.50296202548127, 0.437300418504706, 1.0623260370401, 1.36567467608644, 1.49826403200138, 0.0202552555506799, 0.382246610210661, -0.361991354659981, 72.6647272727276, 74.9892258064515, 74.9558021978021, 74.1635889025557
2/15/2018, 75.75, 75.75, 74.9, 75.73, 27935, 1.47658128944633, 0.569753623345149, 1.21308301524746, 1.41898204853968, 1.51166453303453, 0.149507093926871, 0.335698706953903, -0.186191613027032, 73.948363636364, 74.9983440860213, 75.0726813186812, 74.2649074757414
2/16/2018, 75.59, 76.65, 75.59, 76.56, 70401, 1.45677149944204, 0.625551126915173, 1.32348346807154, 1.6532684036555, 1.62140565153924, 0.315279820928993, 0.331614929748921, -0.0163351088199284, 75.3358181818185, 75.0864086021504, 75.2173479853478, 74.3790706573732
2/20/2018, 76.62, 77.28, 76.36, 76.38, 38022, 1.4474195430403, 0.407655971879914, 1.3590338864928, 1.66128675925454, 1.62374491161693, 0.427206831304687, 0.350733310060074, 0.076473521244613, 76.0750909090913, 75.1527311827955, 75.3667277167276, 74.4942675960093
2/21/2018, 76.67, 77.36, 76.4, 76.54, 51003, 1.4361929639737, 0.47760774899742, 1.3344799685602, 1.63165184101478, 1.56728521893653, 0.522794012296416, 0.385145450507343, 0.137648561789073, 76.9550909090913, 75.2409892473115, 75.5157704517703, 74.6181754817548
2/22/2018, 76.46, 76.77, 76.17, 76.28, 25818, 1.40836259818327, 0.35331634817366, 1.2795002285422, 1.51052693965409, 1.60459451332756, 0.570985746551514, 0.422313509716177, 0.148672236835337, 77.5345454545459, 75.2725806451611, 75.6483858363857, 74.7328309416428
2/23/2018, 76.78, 77.12, 76.5, 77.12, 34837, 1.3778320025927, 0.407984609305361, 1.38604040783689, 1.65470759106999, 1.63908218590735, 0.669244390237964, 0.471699685820534, 0.197544704417429, 77.6900000000004, 75.3685591397847, 75.8179804639803, 74.8565677190105
2/26/2018, 77.6, 77.87, 77.26, 77.87, 39388, 1.34449061047838, 0.380371170844265, 1.49650461981876, 1.69913066468286, 1.67490418569259, 0.798430001214683, 0.537045748899364, 0.261384252315319, 77.9387272727278, 75.5639569892471, 76.0193064713064, 74.9836766434331
2/27/2018, 77.76, 77.76, 76.84, 76.98, 24659, 1.35893361452395, 0.136136963221755, 1.33302638902306, 1.46104794239842, 1.65575773099544, 0.819547730598543, 0.5935461452392, 0.226001585359343, 77.7570909090914, 75.6862795698923, 76.1685103785103, 75.0941650949842
2/28/2018, 77.05, 77.3, 75.72, 75.79, 81864, 1.41549246818513, -0.0350630469220565, 1.04890104307788, 1.21200264567983, 1.56926580917383, 0.731824609966537, 0.621201838184668, 0.11062277178187, 77.0401818181823, 75.6259139784944, 76.2597924297924, 75.1873718737187
3/1/2018, 75.6, 75.66, 74.3, 74.85, 94340, 1.46113781503759, -0.312510153516085, 0.842849553724338, 1.08176564424228, 1.42291315938746, 0.579770032719637, 0.612915477091661, -0.0331454443720247, 76.260545454546, 75.4635053763438, 76.3045079365078, 75.2657673910072
3/2/2018, 74.79, 75.46, 74.34, 75.46, 12857, 1.45107152375809, -0.140906226271733, 0.731993030746887, 1.15354916208903, 1.41718525427624, 0.502692856441058, 0.590870952961541, -0.0881780965204826, 75.7963636363642, 75.4104946236557, 76.3739731379731, 75.3512357523575
3/5/2018, 75.07, 75.45, 74.92, 74.98, 38215, 1.42335241829349, -0.33546256749006, 0.764442207817477, 1.10276837156072, 1.49075425239905, 0.398285463556803, 0.552353855080593, -0.15406839152379, 75.3470909090915, 75.3532688172041, 76.4295091575091, 75.4258871122045
3/6/2018, 76.24, 76.57, 76, 76.34, 14607, 1.43223495032046, -0.155435038062119, 0.956691056947662, 1.15252070217299, 1.66116502733889, 0.420435962424619, 0.525970276549399, -0.105534314124779, 75.4178181818188, 75.5067956989244, 76.5469523809523, 75.5219573595736
3/7/2018, 76.34, 76.8, 76.03, 76.34, 24246, 1.4110554794615, -0.0316981773588974, 0.956691056947662, 1.16512720472653, 1.56545369428622, 0.432999048860381, 0.507376031011595, -0.0743769821512139, 75.5227272727279, 75.6468387096771, 76.645404151404, 75.6195541888752
3/8/2018, 76.55, 77.17, 76.55, 77.17, 44214, 1.37986233687944, 0.134289302432097, 1.14015108725534, 1.26928003847066, 1.57992363603989, 0.504118286964058, 0.506724482202088, -0.00260619523802985, 75.8732727272734, 75.9353548387093, 76.7764542124541, 75.7285715457155
3/9/2018, 77.41, 78.03, 77.41, 77.99, 40628, 1.3522217939497, 0.190613763274388, 1.24466093686338, 1.33552989943661, 1.63966799989292, 0.619506655427472, 0.529280916847165, 0.0902257385803071, 76.6265454545461, 76.3013118279566, 76.9477753357752, 75.8489520295203
3/12/2018, 78, 78.46, 77.81, 78, 25446, 1.32611267723884, 0.413830875728665, 1.20413375029276, 1.30351915494028, 1.61546072915736, 0.703648463705903, 0.564154426218912, 0.139494037486991, 77.4858181818189, 76.7015913978491, 77.106586080586, 75.969372967063
3/13/2018, 78.25, 78.25, 77.5, 77.59, 28599, 1.31479506873822, 0.929373430459988, 1.12131192456344, 1.29464639056221, 1.53676081370946, 0.728846194252185, 0.597092779825567, 0.131753414426618, 78.0183636363643, 77.0689677419351, 77.2458485958485, 76.083516468498
3/14/2018, 77.97, 77.99, 77.56, 77.99, 101129, 1.27021671899254, 0.755916634000493, 1.12689630154357, 1.3478458372943, 1.57152362689432, 0.772190898306931, 0.63211240352184, 0.140078494785091, 78.4178181818189, 77.4365806451609, 77.4112014652014, 76.2055151018176
3/15/2018, 77.86, 78.11, 77.8, 77.93, 19413, 1.22752459667031, 0.847197020263987, 0.955012117181975, 1.34268236137328, 1.57082789781531, 0.792564203212422, 0.664202763459956, 0.128361439752466, 78.4885454545462, 77.7779784946233, 77.573387057387, 76.323266639333
3/16/2018, 78.3, 78.7, 78.17, 78.58, 18702, 1.20549684687696, 2.10366136843772, 1.00366732345948, 1.40971293732051, 1.64664911911374, 0.851345975395205, 0.701631405847006, 0.149714569548199, 78.7378181818189, 78.2246021505373, 77.7567643467642, 76.4486256662566
3/19/2018, 78.4, 78.41, 77.77, 78, 21698, 1.20566083482323, 1.69032415144766, 0.924407783768983, 1.24957852031807, 1.52100933870529, 0.841430315704869, 0.729591187818579, 0.111839127886291, 78.5205454545462, 78.5025591397846, 77.9010329670328, 76.5696372830394
3/20/2018, 78.17, 78.32, 78.03, 78.08, 6907, 1.16469605353997, 1.4582179882132, 0.869127522418597, 1.21728208541107, 1.509479512683, 0.830454453375324, 0.749763840929928, 0.0806906124453967, 78.4381818181826, 78.5950752688169, 78.0367667887667, 76.6880650539838
3/21/2018, 78.59, 79.16, 78.38, 78.97, 42200, 1.16237171669471, 1.53378826895882, 0.938247922180436, 1.43295260253469, 1.57931192680068, 0.883388413619983, 0.776488755467939, 0.106899658152044, 78.5683636363645, 78.8568602150534, 78.2202197802196, 76.8167019270192
3/22/2018, 78.15, 78.66, 77.56, 77.61, 21800, 1.21444233660626, 0.664768486327622, 0.723716020306645, 1.21943458292203, 1.47585351414059, 0.806303756676414, 0.782451755709634, 0.02385200096678, 78.2512727272736, 78.885268817204, 78.3359902319901, 76.9196463031297
3/23/2018, 78.08, 78.2, 76.38, 76.45, 28598, 1.29025802821205, 0.218661470812515, 0.595083302185262, 0.985880504464672, 1.37417965431559, 0.644185535348242, 0.754798511637356, -0.110612976289113, 77.6734545454554, 78.5474193548384, 78.3864175824174, 77.0059136258029
3/26/2018, 77.58, 77.94, 76.9, 77.94, 64752, 1.29789857510868, 0.374558142447652, 0.726890257136299, 1.20992924071214, 1.49114833250339, 0.62868908803587, 0.729576626917058, -0.100887538881189, 77.6963636363645, 78.419462365591, 78.485658119658, 77.1099980866475
3/27/2018, 78.06, 78.27, 77.01, 77.11, 62669, 1.32797697051967, 0.207903704314939, 0.452266818280744, 1.06599841078777, 1.38700550221986, 0.543172622614094, 0.692295826056466, -0.149123203442372, 77.3538181818191, 78.2155053763437, 78.5448278388277, 77.2074213475468
3/28/2018, 77.19, 77.8, 77.19, 77.44, 22427, 1.30075269869491, 0.249101069718305, 0.532874531825996, 1.01870503035902, 1.40880773072578, 0.496307327795151, 0.653098126404203, -0.156790798609052, 77.2314545454554, 78.059397849462, 78.6055433455432, 77.306311603116
3/29/2018, 77.8, 78.61, 77.77, 78.35, 42348, 1.29602775414916, 0.528182900740773, 0.597104282927121, 1.09721780403951, 1.41528399497618, 0.526526172848179, 0.627783735692998, -0.101257562844819, 77.4414545454554, 78.1238279569889, 78.7233406593405, 77.4194634413012
4/2/2018, 78.39, 78.47, 76.59, 76.92, 28883, 1.37632066836593, -0.0188111929567818, 0.3133800602537, 0.911378373990885, 1.31924987296469, 0.430127533811685, 0.588252495316735, -0.15812496150505, 77.2645454545464, 78.013397849462, 78.7740366300364, 77.5051701517015
4/3/2018, 77.35, 78.25, 77.35, 78.25, 34113, 1.37026525904373, 0.113469956361635, 0.369009692627076, 1.11608475261733, 1.43790037743059, 0.455796662386376, 0.561761328730664, -0.105964666344287, 77.5216363636373, 78.1193763440856, 78.8729230769229, 77.6063821238212
4/4/2018, 77.34, 79.09, 77.28, 79.07, 29029, 1.40270764758016, 0.498733919503523, 0.412189276496199, 1.2521100570786, 1.43977391910154, 0.536126644461874, 0.556634391876906, -0.020507747415032, 78.0643636363646, 78.3064946236555, 79.0183418803417, 77.7155235752358
4/5/2018, 79.41, 80.11, 79.39, 79.85, 43162, 1.38467738271077, 0.977449180903912, 0.545160445992761, 1.25439205782466, 1.45128830824726, 0.655175756977272, 0.576342664896979, 0.078833092080293, 79.0005454545464, 78.5858924731179, 79.1884932844931, 77.8330228235616
4/6/2018, 79.63, 80.21, 79.27, 79.75, 28475, 1.37602714180542, 1.22241727144611, 0.440799441638801, 1.25463927952735, 1.57090593700465, 0.733004255307279, 0.607674982979039, 0.12532927232824, 79.5821818181828, 78.8139139784942, 79.3504517704516, 77.9502815361488
4/9/2018, 79.99, 80.19, 79.5, 79.6, 122587, 1.35303085843007, 1.03621921633686, 0.472848248829651, 1.29645863905286, 1.60069666859644, 0.773661862200498, 0.640872358823331, 0.132789503377168, 79.7632727272737, 79.0565161290319, 79.4835335775334, 78.0671991253246
4/10/2018, 80.32, 80.43, 79.9, 80.2, 333416, 1.32750864731274, 1.31099779343525, 0.464284157530516, 1.44325132141254, 1.63296634967533, 0.844562701080378, 0.68161042727474, 0.162952273805637, 80.2778181818192, 79.4092473118276, 79.6394456654455, 78.1893237665711
4/11/2018, 79.68, 80.3, 79.58, 79.89, 26359, 1.3110887950777, 0.928059932949715, 0.37128074021237, 1.38888268438818, 1.61899218660658, 0.865757800475379, 0.718439901914868, 0.147317898560511, 80.3960000000011, 79.6482795698921, 79.7620879120877, 78.310290829575
4/12/2018, 79.93, 80.29, 79.88, 80.25, 49513, 1.26549208282642, 1.01695792582746, 0.526263302648131, 1.47999213811359, 1.6351261436483, 0.901215410537262, 0.754995003639347, 0.146220406897915, 80.5529090909102, 79.8348817204297, 79.8994529914528, 78.4378335383354
4/13/2018, 80.58, 80.78, 80.34, 80.56, 48058, 1.23048600626215, 0.891444115302184, 0.590439632546571, 1.38270661319241, 1.69790977869208, 0.94345467300127, 0.792686937511731, 0.150767735489538, 80.8456363636375, 79.9693763440857, 80.031526251526, 78.5670720240537
4/16/2018, 80.95, 81.22, 80.64, 81.18, 40352, 1.20068434381935, 0.839906747256717, 0.60662464597427, 1.44659713576022, 1.67451573636603, 1.01525518150726, 0.837200586310836, 0.178054595196421, 80.9460000000013, 80.1863655913975, 80.172813186813, 78.7052032253657
4/17/2018, 81.54, 82.47, 81.49, 82.15, 97825, 1.20569661935109, 1.05887928749203, 0.925743736030382, 1.58800713172674, 1.79545154274828, 1.13731819892355, 0.89722410883338, 0.240094090090172, 81.4150909090922, 80.4575268817202, 80.3500586080584, 78.8491286046195
4/18/2018, 82.73, 82.9, 82.5, 82.68, 50890, 1.18342499293309, 1.30283385318565, 1.52266260754058, 1.551222802337, 1.79568487618913, 1.26226992825056, 0.970233272716816, 0.292036655533745, 82.0185454545468, 80.8403440860212, 80.533399267399, 79.0008798687988
4/19/2018, 82.57, 82.68, 81.9, 82.32, 25071, 1.17654639814045, 1.10337181224879, 1.27176386412154, 1.52799235805376, 1.72986535325798, 1.31706379107656, 1.03959937638877, 0.277464414687798, 82.4567272727286, 81.136580645161, 80.6970720390718, 79.1460650539839
4/20/2018, 82.03, 82.1, 81.5, 81.86, 25687, 1.17408544490809, 0.997255393675142, 1.28173679299372, 1.45261950340761, 1.70840067254848, 1.30828902501629, 1.09333730611427, 0.214951718902022, 82.5812727272741, 81.391204301075, 80.8320634920633, 79.2822123821239
4/23/2018, 81.74, 81.92, 81.35, 81.56, 48553, 1.15442744965875, 0.762314426255793, 1.99385956276775, 1.52165833118531, 1.80218290693548, 1.26257330773242, 1.1271845064379, 0.135388801294523, 82.4570909090923, 81.6321720430105, 80.9475189255187, 79.4086773267733
4/24/2018, 81.88, 82.16, 81.12, 81.42, 34539, 1.16245821241045, 0.886676590206398, 1.81438005545263, 1.48212776844639, 1.80282013673603, 1.20119975934497, 1.14198755701932, 0.0592122023256576, 82.2976363636378, 81.8330107526879, 81.0485250305248, 79.5346945469456
4/25/2018, 81.02, 81.49, 80.51, 81.39, 388667, 1.16494631123892, 0.858025624425322, 1.62784516306376, 1.56231754700381, 1.75529197558486, 1.13703302189789, 1.14099664999503, -0.00396362809713913, 81.9992727272743, 81.9806451612901, 81.13957020757, 79.6579363126965
4/26/2018, 81.37, 81.37, 80.79, 81.09, 26953, 1.14778926203168, 0.56403256625948, 1.47421457774464, 1.4843925742771, 1.71464117501023, 1.04987067179664, 1.12277145435535, -0.0729007825587131, 81.5874545454561, 82.0923655913976, 81.2175482295479, 79.776126827935
4/27/2018, 81.32, 81.4, 80.7, 81.04, 27321, 1.13426110186626, 0.974065604616029, 1.15638673505966, 1.55474092220716, 1.64133926281172, 0.965628139132718, 1.09134279131083, -0.125714652178108, 81.1745454545471, 82.1737419354836, 81.2907887667884, 79.8918034713681
4/30/2018, 81.1, 81.33, 80.33, 80.35, 38367, 1.14902916876764, 1.16591584805753, 0.936378752599115, 1.53055216848221, 1.57976957823281, 0.833579110531275, 1.03979005515492, -0.206210944623641, 80.6210909090926, 82.1908387096772, 81.3546544566541, 79.9953207598743
5/1/2018, 80.3, 80.31, 79.5, 80.07, 49081, 1.14847344854447, 0.694575022079061, 0.722569598500385, 1.47926124069436, 1.49808212937964, 0.698286235011267, 0.971489291126186, -0.273203056114919, 80.2101818181836, 82.1223225806448, 81.3856361416358, 80.0925526855269
5/2/2018, 80.31, 81.05, 80.3, 80.5, 61028, 1.14609137358643, 1.14275841438051, 0.840626110342531, 1.58151782130346, 1.51765388717772, 0.61863185977468, 0.900917804855885, -0.282285945081205, 80.1672727272745, 82.1003440860212, 81.4296239316236, 80.1922755227553
5/3/2018, 80.5, 80.85, 80.1, 80.3, 28445, 1.13819847814474, 0.963078933619118, 0.769191655158927, 1.5168587948776, 1.50617711303264, 0.53322023405056, 0.82737829069482, -0.29415805664426, 80.1021818181836, 82.096709677419, 81.4576898656894, 80.2901131611317
5/4/2018, 80.02, 80.73, 80.02, 80.34, 28865, 1.12493740235588, 0.696736644083587, 0.830894974860966, 1.51463057984516, 1.44650663046613, 0.463416592995472, 0.754585951154951, -0.291169358159479, 80.0690909090927, 81.9989032258061, 81.4729157509153, 80.3896506765068
5/7/2018, 80.46, 80.71, 80.36, 80.64, 29636, 1.087656217262, 1.52183860920653, 0.726918845981763, 1.53236741478344, 1.48007771010537, 0.427377653787133, 0.689144291681387, -0.261766637894254, 80.1625454545473, 81.8442150537631, 81.4959438339434, 80.4935629356294
5/8/2018, 80.54, 80.93, 80.44, 80.57, 55426, 1.06457946496224, 1.08607744675593, 0.567351779839226, 1.51935374554428, 1.48547172622998, 0.388687571458235, 0.629052947636757, -0.240365376178522, 80.2540000000019, 81.7529462365587, 81.5140024420019, 80.5935049883832
5/9/2018, 80.78, 81.34, 80.75, 81.28, 30942, 1.04988323225156, 1.04503215837706, 0.895300142429674, 1.60002237643722, 1.5596598274581, 0.410583517537219, 0.585359061616849, -0.17477554407963, 80.6310909090928, 81.6794623655911, 81.5580879120874, 80.7019989066558
5/10/2018, 81.51, 81.93, 81.29, 81.76, 87038, 1.03128404674091, 0.933023752861751, 1.27748627881966, 1.60125051438848, 1.64447262255798, 0.461350044892114, 0.560557258271902, -0.0992072133797878, 81.120000000002, 81.6619784946233, 81.6228107448103, 80.8122637693045
5/11/2018, 81.76, 81.99, 81.6, 81.67, 46128, 1.00467606806, 0.939382303560245, 1.502357012993, 1.55408742155604, 1.64062939844404, 0.488687352137205, 0.546183277044963, -0.0574959249077576, 81.5312727272748, 81.6658709677416, 81.6991452991449, 80.9205655323221
5/14/2018, 81.74, 81.88, 81.28, 81.42, 59726, 0.994218862128922, 0.888033384866346, 1.31686838653829, 1.36135950416645, 1.57957761278882, 0.484593363772106, 0.533865294390392, -0.0492719306182855, 81.6838181818203, 81.5212903225802, 81.7640439560435, 81.025532048654
5/15/2018, 81.32, 81.67, 81.1, 81.67, 22638, 0.976513221094772, 0.737600670087379, 1.48978728807314, 1.48603893262207, 1.63784890389173, 0.495806411477247, 0.526253517807763, -0.0304471063305157, 81.8083636363658, 81.4680645161286, 81.8315360195356, 81.1291682383492
5/16/2018, 81.74, 82.44, 81.74, 82.22, 25787, 0.968307504603132, 1.15124827547346, 1.34426473422036, 1.54367662946738, 1.69555454240703, 0.542815991172432, 0.529566012480697, 0.0132499786917356, 82.1216363636386, 81.5172258064512, 81.9256043956039, 81.2438390050568
5/17/2018, 81.92, 82.25, 81.65, 81.96, 35854, 0.959413505088409, 0.844270952067092, 1.28431410949969, 1.51097025314486, 1.6228860617449, 0.552720180492898, 0.534196846083137, 0.018523334409761, 82.211272727275, 81.5650752688168, 82.0096361416357, 81.3530271969388
5/18/2018, 81.72, 82.22, 81.72, 82.18, 110128, 0.939423878476439, 0.801392113263795, 1.15571979800186, 1.58799759050108, 1.67922603453106, 0.571730925054609, 0.541703661877431, 0.030027263177178, 82.2943636363659, 81.6205591397845, 82.0961855921852, 81.4687921279214
5/21/2018, 82.49, 82.82, 82.34, 82.77, 39621, 0.924752466069035, 0.785162821639174, 1.10333919238164, 1.64389711854824, 1.72219808278722, 0.627175457972712, 0.558798021096488, 0.068377436876224, 82.5409090909114, 81.7252258064512, 82.1945763125759, 81.5962547492143
5/22/2018, 82.86, 82.86, 82.33, 82.36, 21148, 0.91506403030242, 0.122614721140668, 1.00553923336262, 1.55692976232487, 1.68158583853229, 0.630761055467246, 0.573190627970639, 0.0575704274966071, 82.5156363636388, 81.7974193548382, 82.278422466422, 81.7146139128059
5/23/2018, 81.81, 81.84, 81.34, 81.79, 30694, 0.937723925405574, -0.458561946719364, 0.971888970376745, 1.46966800213026, 1.63062078573006, 0.580912038627162, 0.574734910101944, 0.00617712852521768, 82.3378181818207, 81.7626881720425, 82.3538266178261, 81.8219032390325
5/24/2018, 81.6, 82.08, 81.43, 81.95, 66674, 0.928756776888051, -0.186441117045745, 0.916989404480775, 1.44378657724786, 1.68825471432264, 0.547999993654145, 0.569387926812384, -0.0213879331582394, 82.2834545454571, 81.7599999999995, 82.4258778998775, 81.927433921006
5/25/2018, 81.8, 81.86, 81.44, 81.58, 30511, 0.917578290912932, -0.140753585301002, 0.846090089225427, 1.26319004312788, 1.70801991959493, 0.486453519744757, 0.552801045398859, -0.066347525654102, 82.0729090909117, 81.7200645161285, 82.4853528693524, 82.0261738417385
5/29/2018, 80.96, 80.96, 80, 80.41, 49432, 0.982629463052396, -0.526110587490137, 0.429452997999522, 1.06934535787337, 1.68254212813593, 0.339356384690433, 0.510112113257173, -0.170755728566741, 81.4130909090935, 81.5664301075264, 82.4998608058604, 82.1071135711358
5/30/2018, 80.5, 81.87, 80.5, 81.84, 23616, 1.00638530508115, 0.177583985767598, 0.839342628017265, 1.23826547502265, 1.7278178036907, 0.334316106403548, 0.474952911886448, -0.1406368054829, 81.3523636363663, 81.6638709677414, 82.5927277167273, 82.2042238622387
5/31/2018, 81.7, 81.7, 80.72, 80.98, 23686, 1.03537224869658, -0.133921860945892, 0.633566744726388, 1.07487696469593, 1.64329353464028, 0.257953311661353, 0.431552991841429, -0.173599680180076, 81.0952727272754, 81.6895268817199, 82.6543467643463, 82.2856140494739
6/1/2018, 81.4, 81.98, 81.13, 81.95, 39168, 1.03297403861472, 0.316202088087421, 0.642043697004681, 1.13582924176753, 1.71918859722597, 0.272564189721905, 0.399755231417525, -0.12719104169562, 81.1889090909119, 81.8252258064511, 82.7503589743585, 82.3849692496926
6/4/2018, 82.1, 82.84, 81.98, 82.69, 78870, 1.02635882623356, 0.573555675226846, 1.11729993246913, 1.22288015311238, 1.701128058361, 0.33993665327678, 0.387791515789376, -0.0478548625125956, 81.58272727273, 82.0265376344081, 82.889179487179, 82.4895487221539
6/5/2018, 82.6, 82.66, 82.42, 82.56, 16548, 0.992927940578852, 0.790229512610283, 1.40121845889969, 1.25237365567822, 1.7670781910421, 0.378477054600097, 0.38592862355152, -0.0074515689514229, 82.021818181821, 82.1859999999995, 83.009831501831, 82.5922834495012
6/6/2018, 82.92, 83.86, 82.92, 83.76, 20916, 1.00737015562895, 1.23222339594109, 1.34611162659465, 1.31946189881779, 1.84316917131619, 0.500085892621499, 0.408760077365516, 0.0913258152559831, 82.8049090909119, 82.4819354838705, 83.1927203907199, 82.7122082820829
6/7/2018, 83.88, 83.88, 82.56, 83.26, 53549, 1.04201847254031, 0.912858526451095, 1.45432262161015, 1.13402383788662, 1.82929285005199, 0.549778447850542, 0.436963751462521, 0.112814696388021, 83.224909090912, 82.6973333333328, 83.3571257631253, 82.8188612819463
6/8/2018, 83.42, 83.44, 83.12, 83.28, 53109, 1.0088921124222, 0.989920966348941, 1.38065606484416, 1.16540796452473, 1.7965136982777, 0.584041521630013, 0.466379305496019, 0.117662216133994, 83.6036363636393, 82.8832043010748, 83.5015262515258, 82.9221973486403
6/11/2018, 83.42, 83.71, 82.75, 82.75, 176974, 1.02259224611958, 0.790842028743986, 1.05280738351006, 1.04885468208947, 1.71901694014384, 0.561950864088203, 0.485493617214456, 0.0764572468737469, 83.6527272727303, 82.9843655913973, 83.6144273504269, 83.0205381987155
6/12/2018, 82.65, 82.76, 82.33, 82.73, 123767, 0.997685639406205, 0.688237954387516, 1.49451962081066, 0.982773405120791, 1.69159196612574, 0.536643928816574, 0.49572367953488, 0.0409202492816939, 83.397090909094, 83.0259569892468, 83.7323931623927, 83.120753587536
6/13/2018, 83.08, 83.08, 81.5, 81.56, 38168, 1.0582590277179, 0.318178582163734, 0.865011136325793, 0.73114595673831, 1.53241862175971, 0.417367624215515, 0.480052468471007, -0.0626848442554915, 82.8967272727304, 82.8850752688167, 83.7666251526247, 83.194614186142
6/14/2018, 81.45, 81.45, 80.6, 80.84, 47733, 1.07367671926816, -0.111495151827034, 0.474161921903709, 0.585735569922021, 1.52723591102837, 0.261725304380334, 0.436387035652872, -0.174661731272538, 81.9909090909123, 82.6718924731178, 83.7047130647126, 83.2511357113573
6/15/2018, 80.62, 80.89, 80.29, 80.51, 24008, 1.06143615310342, -0.35718245045331, 0.19388138508766, 0.572823702377723, 1.5195815679488, 0.110475905029347, 0.371204809528167, -0.260728904498821, 81.1727272727305, 82.4013118279565, 83.6522393162388, 83.3090318436519
6/18/2018, 79.79, 80.3, 79.58, 80.3, 36424, 1.06890925843136, -0.393694986404479, 0.165734555767263, 0.467320163783071, 1.47539444294774, -0.0260354580522488, 0.291756756012084, -0.317792214064333, 80.5085454545488, 82.1053978494619, 83.575665445665, 83.3656684433513
6/19/2018, 78.5, 78.84, 78.04, 78.33, 58679, 1.1852641743832, -0.797973913402221, -0.268563686141394, 0.272967017983495, 1.23476875903684, -0.289843101970291, 0.175436784415609, -0.4652798863859, 79.2681818181851, 81.5797849462361, 83.343201465201, 83.3916167828346
6/20/2018, 78.35, 78.41, 77.47, 77.59, 62922, 1.19731480397557, -1.05544877793229, -0.579348624270543, 0.10814277312029, 1.14662756240639, -0.552258286214098, 0.0298977702896676, -0.582156056503766, 78.2429090909124, 80.9705161290318, 83.0916874236869, 83.407011616783
6/21/2018, 77.27, 77.59, 76.51, 76.77, 79597, 1.21993842462474, -1.42493205931766, -0.692196616682272, -0.0336308243642972, 1.10183544828976, -0.816973791975343, -0.139476542163334, -0.677497249812009, 77.1709090909125, 80.3237634408597, 82.8230061050056, 83.412311056444
6/22/2018, 76.8, 77.28, 76.8, 77.22, 121580, 1.18521029805127, -1.21526191262434, -0.665942791812205, 0.109603201315777, 1.08975788340372, -0.979164301708778, -0.307414094072423, -0.671750207636355, 76.6123636363671, 79.7952043010747, 82.5822490842485, 83.422627032937
6/25/2018, 76.99, 77.19, 76.15, 76.78, 62708, 1.20208182149965, -1.39490187495105, -0.838120462838592, 0.0761781450032897, 1.0288902978828, -1.13017778595339, -0.471966832448617, -0.658210953504776, 76.1263636363672, 79.2341075268812, 82.3632161172156, 83.4248071614051
6/26/2018, 76.86, 77.75, 76.86, 77.68, 122013, 1.19118241686414, -1.26997899611082, -0.755153372291873, 0.127110112797075, 1.0783675144479, -1.16381880311422, -0.610337226581739, -0.553481576532486, 76.2729090909127, 78.8020860215049, 82.191135531135, 83.4369965832993
6/27/2018, 77.71, 78.22, 76.91, 77.03, 99306, 1.22620404563035, -1.331940569798, -1.13737785375011, 0.204517724056785, 0.956968230111131, -1.2287646848999, -0.734022718245371, -0.494741966654529, 76.2363636363672, 78.3283870967737, 82.0076581196576, 83.4444865381989
6/28/2018, 76.82, 77.47, 76.82, 77.47, 19944, 1.20022941465291, -1.06568618667305, -1.15283216299904, 0.6251654147904, 0.958176184315529, -1.23054547906362, -0.833327270409021, -0.397218208654601, 76.4549090909128, 77.9771182795693, 81.8390695970691, 83.4584958316251
6/29/2018, 77.65, 78.4, 77.48, 78.12, 119286, 1.19025453296854, -0.919243869075446, -0.909556733171281, 0.53533764091797, 1.03907664881007, -1.16606552601166, -0.89987492152955, -0.266190604482114, 77.0158181818219, 77.7216344086017, 81.7016507936502, 83.4803192565261
7/2/2018, 77.1, 77.54, 76.95, 77.34, 96282, 1.21778575006113, -1.01590954867042, -0.979063045338401, 0.497343556106001, 0.979551700186336, -1.16448077047511, -0.952796091318662, -0.211684679156447, 77.3956363636402, 77.4066236559134, 81.5232014652009, 83.4878677053439
7/3/2018, 77.86, 78.24, 77.72, 77.95, 46736, 1.20557244918847, -0.589678114547934, -0.765499513160078, 1.05291958623579, 1.00548473701641, -1.10130774809775, -0.98249842267448, -0.118809325423273, 77.7536363636402, 77.2395698924726, 81.3893064713059, 83.5030015033485
7/5/2018, 78.91, 78.91, 77.71, 78, 23523, 1.22148274094268, -1.0045909633338, -0.723959383310281, 0.938876979133001, 0.996282623730317, -1.03527409525968, -0.99305355719152, -0.0422205380681603, 78.0016363636403, 77.0826236559135, 81.2736556776551, 83.5161601749353
7/6/2018, 78.25, 78.85, 78.09, 78.61, 101477, 1.20546840228791, -0.61128334504024, -0.573867042216553, 0.875084225721156, 0.9998882193921, -0.923079363318053, -0.979058718416827, 0.0559793550987742, 78.2740000000039, 76.9932043010748, 81.1647960927956, 83.5396493098267
7/9/2018, 79.03, 79.4, 79.03, 79.25, 40166, 1.18578899115028, -0.707462015476124, -0.365086549540152, 0.888169977964868, 1.01179268453824, -0.773603953810294, -0.93796776549552, 0.164363811685226, 78.7570909090949, 77.0161720430102, 81.056273504273, 83.5713726937272
7/10/2018, 78.95, 79.31, 78.79, 79.24, 34305, 1.15945341584082, -0.931637453398938, -0.356658407669614, 0.619323327953949, 0.995112299798623, -0.648475311559949, -0.880069274708406, 0.231593963148457, 79.0380000000041, 77.0306236559135, 80.9238901098896, 83.6062224955585
