Date,XLF_Open,XLF_High,XLF_Low,XLF_Close,XLF_Volume,XLF_ATRPercentOfClose20,XLF_SQN25,XLF_SQN50,XLF_SQN100,XLF_SQN200,XLF_MACD,XLF_MACD_Avg,XLF_MACD_Diff,XLF_LinReg10,XLF_LinReg30,XLF_LinReg90,XLF_LinReg270
1/3/2017, 23.61, 23.67, 23.26, 23.51, 71259897, 0, 0, 0, 0, 0, 0, 0, 0, 23.51, 23.51, 23.51, 23.51
1/4/2017, 23.58, 23.73, 23.51, 23.7, 45092157, 0, 0, 0, 0, 0, 0.0151566951566977, 0.00303133903133954, 0.0121253561253582, 23.7, 23.7, 23.7, 23.7
1/5/2017, 23.63, 23.66, 23.24, 23.46, 62201101, 0, 0, 0, 0, 0, 0.00771357375345971, 0.00396778597576358, 0.00374578777769614, 23.5316666666667, 23.5316666666667, 23.5316666666667, 23.5316666666667
1/6/2017, 23.55, 23.64, 23.42, 23.54, 38060761, 0, 0, 0, 0, 0, 0.008175930787921, 0.00480941493819506, 0.00336651584972594, 23.53, 23.53, 23.53, 23.53
1/9/2017, 23.48, 23.53, 23.33, 23.38, 34022403, 0, 0, 0, 0, 0, -0.00431852943622246, 0.00298382606331156, -0.00730235549953402, 23.434, 23.434, 23.434, 23.434
1/10/2017, 23.42, 23.63, 23.31, 23.43, 46212104, 0, 0, 0, 0, 0, -0.010069818450166, 0.000373097160616052, -0.010442915610782, 23.4119047619048, 23.4119047619048, 23.4119047619048, 23.4119047619048
1/11/2017, 23.46, 23.58, 23.3, 23.58, 48001233, 0, 0, 0, 0, 0, -0.0024952463847363, -0.000200571548454419, -0.00229467483628189, 23.4703571428571, 23.4703571428571, 23.4703571428571, 23.4703571428571
1/12/2017, 23.47, 23.5, 23.18, 23.38, 57418139, 0, 0, 0, 0, 0, -0.0124867326994575, -0.00265780377865504, -0.0098289289208025, 23.4241666666667, 23.4241666666667, 23.4241666666667, 23.4241666666667
1/13/2017, 23.54, 23.79, 23.41, 23.51, 72479684, 0, 0, 0, 0, 0, -0.00980215094946146, -0.00408667321281633, -0.00571547773664513, 23.4435555555555, 23.4435555555555, 23.4435555555555, 23.4435555555555
1/17/2017, 23.34, 23.35, 22.94, 22.95, 96657836, 0, 0, 0, 0, 0, -0.052259505408017, -0.0137212396518565, -0.0385382657561606, 23.264, 23.264, 23.264, 23.264
1/18/2017, 23.07, 23.17, 22.85, 23.14, 68289123, 0, 0, 0, 0, 0, -0.0697715693808654, -0.0249313055976583, -0.0448402637832071, 23.1721818181818, 23.1972727272727, 23.1972727272727, 23.1972727272727
1/19/2017, 23.19, 23.25, 22.96, 23.04, 56729679, 0, 0, 0, 0, 0, -0.0906739377997035, -0.0380798320380673, -0.0525941057616362, 23.104, 23.12, 23.12, 23.12
1/20/2017, 23.11, 23.23, 23.03, 23.15, 74805151, 0, 0, 0, 0, 0, -0.0972421872697353, -0.0499123030844009, -0.0473298841853344, 23.0618181818182, 23.0932967032967, 23.0932967032967, 23.0932967032967
1/23/2017, 23.05, 23.19, 22.92, 23, 46651232, 0, 0, 0, 0, 0, -0.11324589056084, -0.0625790205796888, -0.0506668699811515, 23.0007272727273, 23.0354285714286, 23.0354285714286, 23.0354285714286
1/24/2017, 23.11, 23.38, 23.01, 23.29, 45229461, 0, 0, 0, 0, 0, -0.101359949942072, -0.0703352064521654, -0.0310247434899067, 23.0372727272727, 23.0613333333333, 23.0613333333333, 23.0613333333333
1/25/2017, 23.54, 23.69, 23.43, 23.68, 92850136, 0, 0, 0, 0, 0, -0.0597813930476825, -0.0682244437712689, 0.00844305072358637, 23.2234545454545, 23.1719117647059, 23.1719117647059, 23.1719117647059
1/26/2017, 23.72, 23.8, 23.61, 23.74, 70704365, 0, 0, 0, 0, 0, -0.0217380063862898, -0.058927156294273, 0.0371891499079833, 23.4467272727272, 23.2749019607843, 23.2749019607843, 23.2749019607843
1/27/2017, 23.74, 23.75, 23.58, 23.65, 43944530, 0, 0, 0, 0, 0, 0.00113630517332908, -0.0469144640007526, 0.0480507691740817, 23.5901818181818, 23.3411111111111, 23.3411111111111, 23.3411111111111
1/30/2017, 23.5, 23.51, 23.25, 23.46, 46168751, 0, 0, 0, 0, 0, 0.00388812984057196, -0.0367539452324877, 0.0406420750730597, 23.6792727272727, 23.3590526315789, 23.3590526315789, 23.3590526315789
1/31/2017, 23.34, 23.52, 23.18, 23.31, 56477262, 0, 0, 0, 0, 0, -0.00596600331005348, -0.0305963568480009, 0.0246303535379474, 23.6072727272727, 23.3462857142857, 23.3462857142857, 23.3462857142857
2/1/2017, 23.49, 23.61, 23.27, 23.34, 72132221, 0, 0, 0, 0, 0, -0.0112253269658424, -0.0267221508715692, 0.0154968239057267, 23.564, 23.3409523809524, 23.3409523809524, 23.3409523809524
2/2/2017, 23.21, 23.36, 23.1, 23.25, 39396487, 1.37917204301075, 0, 0, 0, 0, -0.0223974429130749, -0.0258572092798703, 0.00345976636679544, 23.4587272727272, 23.3212252964427, 23.3212252964427, 23.3212252964427
2/3/2017, 23.65, 23.74, 23.44, 23.72, 86346618, 1.38754057757167, 0, 0, 0, 0, 0.00659759379963987, -0.0193662486639683, 0.0259638424636082, 23.5263636363636, 23.3810869565217, 23.3810869565217, 23.3810869565217
2/6/2017, 23.58, 23.78, 23.56, 23.61, 34952083, 1.37089535684032, 0, 0, 0, 0, 0.020464387875986, -0.0114001213559774, 0.0318645092319635, 23.494909090909, 23.4154666666667, 23.4154666666667, 23.4154666666667
2/7/2017, 23.75, 23.76, 23.52, 23.55, 50838490, 1.35662409368365, 0, 0, 0, 0, 0.0263091480454776, -0.00385826747568642, 0.030167415521164, 23.4674545454545, 23.4362153846154, 23.4362153846154, 23.4362153846154
2/8/2017, 23.48, 23.48, 23.28, 23.39, 54341095, 1.3553258886677, -0.0869249264857939, 0, 0, 0, 0.0178250239840203, 0.000478390816254921, 0.0173466331677654, 23.4485454545454, 23.4310256410256, 23.4310256410256, 23.4310256410256
2/9/2017, 23.46, 23.74, 23.33, 23.71, 76813699, 1.35664356428261, 0.0327035361026524, 0, 0, 0, 0.0365018495884719, 0.00768308257069832, 0.0288187670177736, 23.5679999999999, 23.4713227513228, 23.4713227513228, 23.4713227513228
2/10/2017, 23.85, 23.86, 23.69, 23.78, 55078737, 1.32076189922976, 0.313722359151094, 0, 0, 0, 0.0563027602519206, 0.0174070181069428, 0.0388957421449778, 23.6952727272727, 23.5162315270936, 23.5162315270936, 23.5162315270936
2/13/2017, 23.93, 24.16, 23.89, 24.05, 76687038, 1.31963958692305, 0.472641242971601, 0, 0, 0, 0.092713128888505, 0.0324682402632552, 0.0602448886252498, 23.8707272727272, 23.5912413793104, 23.5912413793104, 23.5912413793104
2/14/2017, 24.03, 24.36, 23.99, 24.33, 75954279, 1.31526779540585, 0.850665349400577, 0, 0, 0, 0.142519393445504, 0.0544784708997049, 0.0880409225457989, 24.0807272727272, 23.693247311828, 23.693247311828, 23.693247311828
2/15/2017, 24.45, 24.57, 24.27, 24.52, 76869353, 1.30099682663594, 0.960739694297476, 0, 0, 0, 0.195073938116138, 0.0825975643429916, 0.112476373773147, 24.3067272727272, 23.8257204301075, 23.8073588709678, 23.8073588709678
2/16/2017, 24.49, 24.53, 24.31, 24.46, 64048170, 1.28395012590587, 0.779509020431235, 0, 0, 0, 0.229239761569016, 0.111926003788196, 0.117313757780819, 24.4296363636363, 23.9567311827957, 23.9020454545455, 23.9020454545455
2/17/2017, 24.28, 24.47, 24.25, 24.47, 54156555, 1.26420715470677, 0.98412617321313, 0, 0, 0, 0.254193158729318, 0.140379434776421, 0.113813723952898, 24.584, 24.0681075268817, 23.9879144385027, 23.9879144385027
2/21/2017, 24.6, 24.65, 24.51, 24.59, 55216106, 1.23173613753115, 0.971260179417323, 0, 0, 0, 0.280419402558849, 0.168387428332906, 0.112031974225942, 24.7169090909091, 24.1935268817205, 24.0784369747899, 24.0784369747899
2/22/2017, 24.49, 24.68, 24.45, 24.61, 50438917, 1.21592734826479, 1.78515418591224, 0, 0, 0, 0.299366808379034, 0.194583304342132, 0.104783504036902, 24.7912727272727, 24.3040430107527, 24.1620476190476, 24.1620476190476
2/23/2017, 24.62, 24.67, 24.47, 24.61, 53509388, 1.19576486951469, 1.58857737175994, 0, 0, 0, 0.310800054438968, 0.217826654361499, 0.0929734000774685, 24.7758181818182, 24.4099569892473, 24.2374174174174, 24.2374174174174
2/24/2017, 24.35, 24.48, 24.31, 24.42, 61686780, 1.20624016244139, 1.47491946865129, 0, 0, 0, 0.301059149734478, 0.234473153436095, 0.0665859962983829, 24.6921818181818, 24.4941505376344, 24.2857610241821, 24.2857610241821
2/27/2017, 24.45, 24.6, 24.44, 24.55, 39655008, 1.17651998079339, 1.48727657554439, 0, 0, 0, 0.300366883658487, 0.247651899480573, 0.0527149841779139, 24.6287272727273, 24.5760860215054, 24.3425506072875, 24.3425506072875
2/28/2017, 24.46, 24.55, 24.38, 24.54, 48912989, 1.15278676658737, 1.6770160949054, 0, 0, 0, 0.295603804725353, 0.257242280529529, 0.0383615241958236, 24.5738181818182, 24.657870967742, 24.3930128205128, 24.3930128205128
3/1/2017, 25.01, 25.29, 24.98, 25.24, 92150012, 1.21334856931265, 1.78272046286412, 0, 0, 0, 0.34434379923956, 0.274662584271535, 0.0696812149680247, 24.79, 24.7844946236559, 24.5062317073171, 24.5062317073171
3/2/2017, 25.29, 25.3, 24.84, 24.85, 69446222, 1.26332684084421, 1.04776543129947, 0, 0, 0, 0.34749514765679, 0.289229096948586, 0.0582660507082038, 24.8598181818182, 24.8595268817204, 24.5729616724739, 24.5729616724739
3/3/2017, 24.87, 25.03, 24.86, 24.97, 57652782, 1.23043605908009, 1.09459330142462, 0, 0, 0, 0.355576743736883, 0.302498626306246, 0.0530781174306372, 24.9410909090909, 24.9320860215054, 24.6448947951274, 24.6448947951274
3/6/2017, 24.82, 24.86, 24.67, 24.78, 49017181, 1.23840956317467, 1.00061204258129, 0, 0, 0, 0.342699626776991, 0.310538826400395, 0.0321608003765961, 24.9309090909091, 24.9754193548387, 24.6936363636364, 24.6936363636364
3/7/2017, 24.82, 24.82, 24.65, 24.71, 53726499, 1.21422094401841, 1.12884625481724, 0, 0, 0, 0.323121263041724, 0.313055313728661, 0.0100659493130634, 24.9036363636364, 24.9893548387097, 24.7320303030303, 24.7320303030303
3/8/2017, 24.98, 25.06, 24.71, 24.72, 104601047, 1.22383614685923, 1.29457723807133, 0, 0, 0, 0.304897516376865, 0.311423754258302, -0.0065262378814363, 24.8772727272727, 25.0128602150538, 24.767961352657, 24.767961352657
3/9/2017, 24.82, 24.94, 24.7, 24.81, 60804082, 1.20679436005007, 1.3454484213068, 0, 0, 0, 0.294324523788987, 0.308003908164439, -0.0136793843754517, 24.876, 25.064559139785, 24.8083996299723, 24.8083996299723
3/10/2017, 24.93, 24.95, 24.63, 24.79, 62148618, 1.21192172929407, 1.42133613177866, 0, 0, 0, 0.281091272914853, 0.302621381114522, -0.0215301081996682, 24.8189090909091, 25.1104301075269, 24.8438563829787, 24.8438563829787
3/13/2017, 24.82, 24.88, 24.7, 24.85, 49418405, 1.18476308594527, 1.12328323316151, 0, 0, 0, 0.272306346755176, 0.296558374242653, -0.0242520274874765, 24.7883636363637, 25.1511397849462, 24.88125, 24.88125
3/14/2017, 24.75, 24.8, 24.6, 24.78, 49511126, 1.17914828698358, 1.17315487299665, 0, 0, 0, 0.256736318034577, 0.288593963001037, -0.0318576449664608, 24.7152727272728, 25.1625591397849, 24.9101142857143, 24.9101142857143
3/15/2017, 24.82, 24.92, 24.63, 24.74, 86455125, 1.18061155310753, 1.19778250568701, 0, 0, 0, 0.238420924386986, 0.278559355278227, -0.040138430891241, 24.7552727272728, 25.1503870967742, 24.9335294117647, 24.9335294117647
3/16/2017, 24.84, 24.97, 24.77, 24.78, 89233679, 1.16617890769517, 1.43142358279547, 0.872596666851, 0, 0, 0.224545092618797, 0.267756502746341, -0.043211410127544, 24.7583636363637, 25.136064516129, 24.9580618401207, 24.9580618401207
3/17/2017, 24.75, 24.76, 22, 24.45, 83056828, 1.6913299658917, 0.75283082058652, 0.520686422262991, 0, 0, 0.184790009693646, 0.251163204135802, -0.0663731944421558, 24.6752727272727, 25.0645806451613, 24.9559651669086, 24.9559651669086
3/20/2017, 24.4, 24.47, 24.25, 24.27, 78676416, 1.66400357572103, 0.497926651608316, 0.567713000858109, 0, 0, 0.137178021536407, 0.228366167615923, -0.0911881460795163, 24.5203636363636, 24.9938494623656, 24.9404612159329, 24.9404612159329
3/21/2017, 24.36, 24.38, 23.51, 23.57, 192257047, 1.81230795263521, -0.374685550706762, 0.0531386395388194, 0, 0, 0.0424714436749092, 0.19118722282772, -0.148715779152811, 24.1374545454545, 24.8234193548387, 24.8751851851852, 24.8751851851852
3/22/2017, 23.4, 23.63, 23.23, 23.52, 133199544, 1.81038662931256, -0.669162974506682, 0.120761289895236, 0, 0, -0.0362014756601674, 0.145709483130143, -0.18191095879031, 23.8014545454545, 24.6429032258065, 24.8101428571429, 24.8101428571429
3/23/2017, 23.49, 23.84, 23.44, 23.57, 85238878, 1.8010725008638, -0.79792796876957, 0.120578451130281, 0, 0, -0.0934386463567627, 0.0978798572327617, -0.191318503589524, 23.5661818181818, 24.4582580645161, 24.7522932330827, 24.7522932330827
3/24/2017, 23.61, 23.73, 23.38, 23.54, 97583434, 1.78754098993593, -0.77362160405839, 0.0100040639613033, 0, 0, -0.139610918026669, 0.0503817021808756, -0.189992620207545, 23.3841818181818, 24.2899784946237, 24.6956321839081, 24.6956321839081
3/27/2017, 23.04, 23.46, 22.98, 23.45, 103962988, 1.82408439905915, -0.861526606499546, 0.077884333174818, 0, 0, -0.181374254314758, 0.00403051088174892, -0.185404765196507, 23.2512727272727, 24.1160430107527, 24.6360549386324, 24.6360549386324
3/28/2017, 23.37, 23.86, 23.37, 23.77, 82301069, 1.81262264198739, -0.653441987409026, 0.192516554859564, 0, 0, -0.186500808337446, -0.03407575296209, -0.152425055375356, 23.2912727272727, 24.0028387096774, 24.6008983050848, 24.6008983050848
3/29/2017, 23.73, 23.77, 23.6, 23.62, 76524085, 1.76891355588646, -0.793101644370734, 0.470403778260522, 0, 0, -0.200357785895541, -0.0673321595487802, -0.133025626346761, 23.3265454545454, 23.8910752688172, 24.5578196721312, 24.5578196721312
3/30/2017, 23.64, 23.99, 23.61, 23.93, 92566017, 1.73809658506211, -0.510737679799528, 0.538051853955685, 0, 0, -0.18420176790378, -0.09070608121978, -0.0934956866839995, 23.538, 23.8358924731183, 24.536837652036, 24.536837652036
3/31/2017, 23.84, 23.91, 23.73, 23.73, 70540021, 1.70724899774587, -0.522103375015619, 0.474348399677325, 0, 0, -0.185399169558057, -0.109644698887435, -0.0757544706706214, 23.6607272727272, 23.7551397849462, 24.5042703533026, 24.5042703533026
4/3/2017, 23.77, 23.83, 23.4, 23.68, 93489066, 1.71610505830592, -0.669519662628741, 0.371992594144737, 0, 0, -0.188213097696785, -0.125358378649305, -0.0628547190474797, 23.7694545454545, 23.6734193548387, 24.4702380952381, 24.4702380952381
4/4/2017, 23.58, 23.7, 23.54, 23.65, 105795928, 1.6661944774482, -0.686223786164126, 0.452289177040646, 0, 0, -0.190666026036855, -0.138419908126815, -0.0522461179100394, 23.76, 23.6009892473118, 24.4360721153846, 24.4360721153846
4/5/2017, 23.87, 23.96, 23.47, 23.47, 104651195, 1.69941305590402, -1.70145742361872, 0.14976045221594, 0, 0, -0.204773978143326, -0.151690722130117, -0.0530832560132084, 23.674, 23.5131182795699, 24.3927692307692, 24.3927692307692
4/6/2017, 23.45, 23.72, 23.33, 23.62, 80802117, 1.68674696024403, -1.21494680888447, -0.00762687008758048, 0, 0, -0.201527798418841, -0.161658137387862, -0.0398696610309788, 23.6525454545454, 23.4516344086022, 24.3605020352782, 24.3605020352782
4/7/2017, 23.44, 23.68, 23.4, 23.52, 61525690, 1.66874638779404, -1.45525736422695, -0.113145381114709, 0, 0, -0.20466509010571, -0.170259527931432, -0.0344055621742783, 23.5878181818182, 23.3711827956989, 24.3239552238806, 24.3239552238806
4/10/2017, 23.52, 23.67, 23.38, 23.46, 60428984, 1.65117089892882, -1.34208599968425, -0.0938948288463669, 0, 0, -0.209577041255187, -0.178123030596183, -0.0314540106590044, 23.4854545454545, 23.2975913978495, 24.285716112532, 24.285716112532
4/11/2017, 23.34, 23.43, 23.15, 23.39, 83801181, 1.63957442601225, -1.34594681990471, -0.0151773352289465, 0, 0, -0.216621139263978, -0.185822652329742, -0.0307984869342363, 23.4223636363636, 23.2214838709677, 24.2453333333333, 24.2453333333333
4/12/2017, 23.36, 23.38, 23.14, 23.2, 74023032, 1.62423118677609, -1.54594576725125, -0.042219706073099, 0, 0, -0.234828097655321, -0.195623741394858, -0.039204356260463, 23.2843636363636, 23.1753548387097, 24.1962374245473, 24.1962374245473
4/13/2017, 23.11, 23.37, 22.9, 22.9, 120159316, 1.66585394570065, -1.92059351776922, -0.25989276619508, 0, 0, -0.270348328900333, -0.210568658895953, -0.0597796700043803, 23.1276363636363, 23.0783225806452, 24.1329107981221, 24.1329107981221
4/17/2017, 22.96, 23.31, 22.89, 23.3, 86681175, 1.64552157033123, -1.32662606691541, 0.0655189023790975, 0, 0, -0.263187845358384, -0.221092496188439, -0.0420953491699455, 23.1252727272727, 23.052623655914, 24.0943264840183, 24.0943264840183
4/18/2017, 23.14, 23.25, 22.94, 23.08, 74890353, 1.65613604676264, -1.5777795421593, -0.389625331629484, 0, 0, -0.272128345770149, -0.231299666104781, -0.0408286796653679, 23.0603636363636, 22.9971182795699, 24.0457089966679, 24.0457089966679
4/19/2017, 23.23, 23.32, 22.98, 23.01, 55583806, 1.65199647811029, -1.58246493826648, -0.365331183150944, 0, 0, -0.281615879189399, -0.241362908721705, -0.0402529704676944, 22.998, 22.9390322580645, 23.9956108108108, 23.9956108108108
4/20/2017, 23.18, 23.45, 23.09, 23.4, 85720393, 1.63725713731845, -1.08666597860082, -0.0620353069704119, 0, 0, -0.254728722988645, -0.244036071575093, -0.0106926514135523, 23.0692727272727, 22.942064516129, 23.9681754385965, 23.9681754385965
4/21/2017, 23.34, 23.43, 23.15, 23.16, 94675256, 1.63196140598399, -1.3121563942109, -0.113033607460398, 0, 0, -0.249905694934053, -0.245209996246885, -0.00469569868716857, 23.0914545454545, 22.9291612903226, 23.9295762132604, 23.9295762132604
4/24/2017, 23.69, 23.81, 23.59, 23.68, 98770606, 1.65356481648901, -0.555079274209559, 0.0166035725950236, 0, 0, -0.201797559621376, -0.236527508921783, 0.0347299493004072, 23.2983636363636, 22.9915483870968, 23.9191808191808, 23.9191808191808
4/25/2017, 23.89, 24.01, 23.86, 23.89, 71026149, 1.62614458399903, -0.257161029233772, 0.100785289589172, 0, 0, -0.145054176574448, -0.218232842452316, 0.0731786658778685, 23.5570909090909, 23.0917419354839, 23.9197955209348, 23.9197955209348
4/26/2017, 23.86, 24.09, 23.82, 23.87, 71691249, 1.60268807734185, 0.291017603827224, -0.0738979528634244, 0, 0, -0.100539512630849, -0.194694176488023, 0.0941546638571734, 23.7714545454545, 23.1909247311828, 23.9193765822785, 23.9193765822785
4/27/2017, 23.92, 23.92, 23.62, 23.76, 68871770, 1.59273384620549, 0.237412356248093, -0.312554540406907, 0, 0, -0.0732925307647179, -0.170413847343362, 0.0971213165786438, 23.8836363636363, 23.2793548387097, 23.9135648148148, 23.9135648148148
4/28/2017, 23.77, 23.79, 23.53, 23.53, 64091925, 1.5831359276052, -0.0109343194343968, -0.567656774848414, 0, 0, -0.0694575161315392, -0.150222581100997, 0.080765064969458, 23.8258181818181, 23.3475913978495, 23.8968383017163, 23.8968383017163
5/1/2017, 23.65, 23.8, 23.55, 23.68, 69086646, 1.55146237152546, 0.145680649550508, -0.436609609270665, 0, 0, -0.0536955244259829, -0.130917169765994, 0.0772216453400114, 23.8654545454545, 23.4209247311828, 23.8879900088157, 23.8879900088157
5/2/2017, 23.68, 23.71, 23.52, 23.65, 76511460, 1.51592801310092, 0.198617828436351, -0.460998515007233, 0, 0, -0.0431276332102222, -0.11335926245484, 0.0702316292446178, 23.83, 23.4834193548387, 23.8780808950086, 23.8780808950086
5/3/2017, 23.57, 23.84, 23.55, 23.84, 78115437, 1.48947620110507, 0.0855581054840898, -0.413570186223877, 0, 0, -0.0191997682040288, -0.0945273636046777, 0.0753275954006489, 23.8150909090909, 23.5273548387097, 23.8774593837535, 23.8774593837535
5/4/2017, 23.99, 24.07, 23.78, 23.88, 64482819, 1.4733524707968, 0.256235195018648, -0.400930010448439, 0, 0, 0.00295681854673902, -0.0750305271743944, 0.0779873457211334, 23.8467272727272, 23.5712903225807, 23.8787058823529, 23.8787058823529
5/5/2017, 23.95, 23.96, 23.76, 23.84, 46881451, 1.44397962049061, -0.0607602099445304, -0.425119163220842, 0, 0, 0.0170913885817043, -0.0566061440231746, 0.073697532604879, 23.7903636363636, 23.6111612903226, 23.878067361668, 23.878067361668
5/8/2017, 23.87, 23.91, 23.78, 23.82, 45893018, 1.40022042169905, 0.107240365879088, -0.327367020190266, 0, 0, 0.026375266659457, -0.0400098618866483, 0.0663851285461053, 23.794, 23.6447526881721, 23.8765438871473, 23.8765438871473
5/9/2017, 23.88, 23.96, 23.65, 23.73, 65737851, 1.40057260525191, 0.0694787832761722, -0.460894936798767, 0, 0, 0.0261689002912036, -0.0267741094510779, 0.0529430097422815, 23.800909090909, 23.6591182795699, 23.8710520939734, 23.8710520939734
5/10/2017, 23.69, 23.81, 23.65, 23.81, 51192670, 1.35967276465756, 0.173160108629952, -0.40513131124214, 0, 0, 0.0320907625349776, -0.0150011350538668, 0.0470918975888444, 23.8401818181818, 23.7031612903226, 23.8693033707865, 23.8693033707865
5/11/2017, 23.72, 23.76, 23.47, 23.66, 77266708, 1.37172942097091, 0.203483970109529, -1.00549170440977, 0, 0, 0.0243988795346901, -0.00712113213615545, 0.0315200116708456, 23.808909090909, 23.7179139784946, 23.8610598290598, 23.8610598290598
5/12/2017, 23.55, 23.57, 23.43, 23.56, 55787188, 1.35748566193392, -0.0354976790177492, -0.846931388864334, 0, 0, 0.0101172175881992, -0.00367346219128453, 0.0137906797794837, 23.7025454545454, 23.7403870967742, 23.8424249084249, 23.8488007644529
5/15/2017, 23.61, 23.79, 23.6, 23.74, 52192101, 1.32827481404401, 0.230774206271801, -0.796264208956864, 0, 0, 0.0131715597373834, -0.000304457805550946, 0.0134760175429343, 23.6867272727272, 23.7747526881721, 23.8358437118437, 23.844698457223
5/16/2017, 23.79, 23.83, 23.67, 23.81, 51529642, 1.29175060399557, 0.354270424600943, -0.62596759009869, 0, 0, 0.0209985051848882, 0.00395613479253689, 0.0170423703923513, 23.6858181818181, 23.8146021505376, 23.8269597069597, 23.8437085335163
5/17/2017, 23.31, 23.49, 22.97, 23.06, 141192783, 1.44920870715863, -0.233007191027434, -0.981676352425136, 0, 0, -0.0329376316318495, -0.00342261849234039, -0.0295150131395091, 23.4550909090908, 23.7564516129032, 23.7868131868132, 23.8113415453527
5/18/2017, 23.03, 23.29, 23, 23.15, 101656920, 1.43403089191032, -0.0126784234334229, -0.927800017554641, 0, 0, -0.0676404438770817, -0.0162661835692886, -0.051374260307793, 23.3059999999999, 23.7015268817204, 23.7473968253968, 23.7838815789474
5/19/2017, 23.19, 23.48, 23.18, 23.35, 69775647, 1.42132438502517, 0.393102188773109, -0.84778640950721, 0, 0, -0.0781040096660561, -0.0286337487886421, -0.049470260877414, 23.2578181818181, 23.6840430107527, 23.7180024420024, 23.7656164089347
5/22/2017, 23.48, 23.48, 23.25, 23.41, 79181862, 1.39592175014186, 0.118780053582494, -0.797502351482245, 0, 0, -0.0806255610999678, -0.0390321112509073, -0.0415934498490605, 23.2530909090908, 23.669247311828, 23.6946227106227, 23.750441826215
5/23/2017, 23.43, 23.66, 23.32, 23.59, 65577828, 1.38807129132174, 0.46328432036919, -0.716076611368396, 0, 0, -0.0673233514131475, -0.0446903592833553, -0.0226329921297922, 23.314909090909, 23.674, 23.6747912087912, 23.7430426716141
5/24/2017, 23.62, 23.64, 23.48, 23.58, 60004715, 1.35315401501976, 0.517038569212771, -0.681750030644971, 0, 0, -0.056931895374607, -0.0471386665016057, -0.00979322887300131, 23.396909090909, 23.6719784946237, 23.6572576312576, 23.7355090909091
5/25/2017, 23.63, 23.73, 23.56, 23.62, 49362388, 1.31930580399905, 0.222615576176403, -0.633522480890305, 0, 0, -0.0449507614939861, -0.0467010855000818, 0.00175032400609562, 23.4752727272726, 23.6611397849462, 23.6289768009768, 23.7298178217822
5/26/2017, 23.56, 23.68, 23.56, 23.61, 42601706, 1.27928432596081, 0.443512678422099, -0.663389170532143, 0.09220503521512, 0, -0.0358492946474165, -0.0445307273295487, 0.00868143268213222, 23.5323636363635, 23.6263225806452, 23.6039902319902, 23.7239370995923
5/30/2017, 23.54, 23.57, 23.4, 23.45, 46584183, 1.26838839186089, -0.219568812445289, -0.576206542780913, -0.0661723791979439, 0, -0.0410735095722146, -0.0438392837780819, 0.00276577420586732, 23.5674545454544, 23.5932903225806, 23.5694432234432, 23.7120788121074
5/31/2017, 23.45, 23.46, 23.1, 23.25, 115877876, 1.29275365159919, -0.653718425378478, -0.59221744565001, -0.049213635151678, 0, -0.060652897224724, -0.0472020064674103, -0.0134508907573137, 23.5632727272726, 23.519247311828, 23.5282979242979, 23.6929705003734
6/1/2017, 23.38, 23.56, 23.22, 23.54, 81187583, 1.28520375019953, -0.306908886567657, 0.011840647716373, 0.0472279124119131, 0, -0.0521677690638711, -0.0481951589867025, -0.00397261007716863, 23.5398181818181, 23.4762365591398, 23.4964224664224, 23.6855
6/2/2017, 23.37, 23.57, 23.32, 23.45, 83704479, 1.27893439086193, -0.288858274590153, -0.0148916984420313, 0.0788816645126859, 0, -0.0521048593188844, -0.0489770990531389, -0.00312776026574556, 23.4770909090908, 23.4443870967742, 23.4666617826618, 23.6749038634322
6/5/2017, 23.46, 23.64, 23.46, 23.49, 44055796, 1.25336146838768, -0.020303420096926, -0.0214907748743153, 0.074293455069015, 0, -0.0482709002956732, -0.0488358593016457, 0.000564959005972566, 23.4518181818181, 23.4012903225807, 23.447199023199, 23.6661505907248
6/6/2017, 23.31, 23.45, 23.26, 23.39, 60397338, 1.24495031414302, -0.279987567854098, -0.0682133393266896, -0.0389256134468239, 0, -0.0526941984934908, -0.0496075271400147, -0.00308667135347603, 23.3963636363635, 23.3780430107527, 23.4248376068376, 23.6540031152648
6/7/2017, 23.43, 23.63, 23.39, 23.57, 83049054, 1.22458287888905, -0.0601099652992987, 0.111689592856381, 0.133155979281826, 0, -0.0412002674690619, -0.0479260752058242, 0.00672580773676227, 23.4401818181817, 23.3935053763441, 23.4086007326007, 23.6488294257561
6/8/2017, 23.57, 24.01, 23.55, 23.84, 77986983, 1.24665467838273, 0.0214790817918218, 0.0780607808585673, 0.194790136849175, 0, -0.0101870705984304, -0.0403782742843454, 0.030191203685915, 23.5763636363635, 23.4439569892473, 23.4000024420024, 23.6536030025021
6/9/2017, 23.99, 24.33, 23.97, 24.29, 133216200, 1.26324558073331, 0.390750083618618, 0.456747208950441, 0.65557489152812, 0, 0.0501245459879485, -0.0222777102298866, 0.0724022562178351, 23.8618181818181, 23.5443655913979, 23.4074627594628, 23.6743783783784
6/12/2017, 24.34, 24.51, 24.2, 24.34, 86644404, 1.26129923575232, 0.471798562145793, 0.294523951075863, 0.590783619218898, 0, 0.100794621136959, 0.00233675604348254, 0.0984578650934767, 24.1259999999999, 23.6323655913979, 23.4170573870574, 23.6962918275418
6/13/2017, 24.47, 24.55, 24.4, 24.47, 94978649, 1.23477818668986, 0.60309567510598, 0.509186329911413, 0.694857935976069, 0, 0.149715111682347, 0.0318124271712555, 0.117902684511092, 24.3632727272726, 23.7416344086022, 23.429601953602, 23.7221159924147
6/14/2017, 24.26, 24.54, 24.13, 24.51, 117605841, 1.25476422345515, 0.723771225656634, 0.567759053407306, 0.661679912829096, 0, 0.189527859412408, 0.063355513619486, 0.126172345792922, 24.5187272727272, 23.8488817204301, 23.4534456654457, 23.7485514671635
6/15/2017, 24.33, 24.54, 24.31, 24.41, 59547702, 1.24402120282841, 0.559481289462833, 0.522846619639937, 0.688668758236634, 0, 0.210583113509607, 0.0928010335975102, 0.117782079912097, 24.628909090909, 23.950559139785, 23.469894993895, 23.7707246376812
6/16/2017, 24.31, 24.37, 24.22, 24.29, 53818768, 1.22676943939849, 0.59181478493648, 0.567195387653404, 0.502923025142208, 0, 0.215106938075678, 0.117262214493144, 0.0978447235825343, 24.6321818181817, 24.036, 23.4791794871795, 23.7881124437781
6/19/2017, 24.45, 24.59, 24.42, 24.54, 58041293, 1.21468289318826, 0.895784917812421, 0.623501832242512, 0.437184518630601, 0, 0.236142903897239, 0.141038352373963, 0.0951045515232761, 24.6839999999999, 24.1478494623656, 23.4952942612943, 23.813492484527
6/20/2017, 24.46, 24.48, 24.32, 24.33, 45689645, 1.209120521533, 0.542184407750513, 0.552562853945477, 0.31404050735834, 0, 0.233180849724416, 0.159466851844053, 0.0737139978803626, 24.5859999999999, 24.2272043010753, 23.5084981684982, 23.8310328842532
6/21/2017, 24.37, 24.38, 24.11, 24.13, 51938219, 1.21413208348334, 0.301367300530366, 0.461816095262055, 0.264764270504052, 0, 0.21224840443546, 0.170023162362335, 0.0422252420731252, 24.4036363636362, 24.2718924731183, 23.5140610500611, 23.8413630536961
6/22/2017, 24.04, 24.11, 23.95, 23.98, 58380184, 1.19817167705298, 1.09823621536182, 0.410998409522729, 0.285012748027954, 0, 0.181463743261084, 0.172311278542085, 0.00915246471899916, 24.1929090909089, 24.3003010752688, 23.5188107448108, 23.8464117647059
6/23/2017, 24.08, 24.09, 23.81, 23.89, 85352592, 1.20115315926931, 0.880039285918579, 0.480452787510291, 0.314348198242725, 0, 0.148097256662805, 0.167468474166229, -0.0193712175034239, 24.0334545454544, 24.3061935483871, 23.5258998778999, 23.848349862259
6/26/2017, 23.94, 24.12, 23.86, 24.02, 60302320, 1.1890412791922, 0.803793094317012, 0.776317739329936, 0.359201419593684, 0, 0.130638074779103, 0.160102394288804, -0.0294643195097004, 23.9507272727271, 24.3204301075269, 23.5432161172161, 23.8544750033871
6/27/2017, 24.11, 24.32, 24.05, 24.14, 75943411, 1.18611155550484, 0.866985860550006, 0.601197685500041, 0.455685156502054, 0, 0.125043125157639, 0.153090540462571, -0.0280474153049319, 23.9529090909089, 24.3589247311828, 23.5648107448108, 23.8643102758897
6/28/2017, 24.3, 24.56, 24.28, 24.52, 90097595, 1.19498761429007, 1.02642702823407, 0.992582414407287, 0.410749357573981, 0, 0.149548015053554, 0.152382035380767, -0.00283402032721314, 24.1123636363634, 24.4477204301076, 23.6034725274726, 23.8860739575138
6/29/2017, 25.02, 25.02, 24.51, 24.69, 119176691, 1.23070236886484, 1.20875224595104, 1.14900740730161, 0.537620851969143, 0, 0.180604005541198, 0.158026429412854, 0.0225775761283448, 24.3099999999998, 24.5035053763441, 23.6521953601954, 23.9126438709678
6/30/2017, 24.87, 24.88, 24.62, 24.67, 72754878, 1.22281067745883, 1.14137158052773, 0.895160614751251, 0.55691941889102, 0, 0.201282015119368, 0.166677546554156, 0.0346044685652115, 24.4614545454543, 24.5522365591398, 23.7004151404152, 23.93784
7/3/2017, 24.81, 25.19, 24.78, 25.03, 61454445, 1.24883749269931, 1.45727153429921, 1.2943367336743, 0.785634835656693, 0, 0.243906871454179, 0.182123411534161, 0.061783459920018, 24.7665454545452, 24.6501720430108, 23.7643272283273, 23.9736307961505
7/5/2017, 25.1, 25.13, 24.92, 25.07, 78100184, 1.22638541364781, 1.70798753061459, 1.01676749010839, 0.660438606860472, 0, 0.277713731870865, 0.201241475601502, 0.076472256269363, 25.016727272727, 24.7463440860215, 23.8254578754579, 24.0096825787402
7/6/2017, 25.06, 25.17, 24.88, 24.88, 98353765, 1.23224309502183, 1.74337500824924, 0.730805918332536, 0.542356897663346, 0, 0.285879064312759, 0.218168993343753, 0.0677100709690059, 25.1209090909088, 24.8196989247312, 23.880695970696, 24.0388808139535
7/7/2017, 25.01, 25.1, 24.88, 25.05, 59432444, 1.20659871432878, 1.64261507146644, 0.859238428964931, 0.495027456055891, 0, 0.302579777031475, 0.235051150081298, 0.0675286269501777, 25.2129090909088, 24.9056344086022, 23.9429010989011, 24.0724949314252
7/10/2017, 25.01, 25.08, 24.93, 25.02, 55022450, 1.17761922079293, 1.72684058355196, 0.921547919625441, 0.356024118903389, 0, 0.309823016032961, 0.25000552327163, 0.059817492761331, 25.2181818181815, 24.9809462365591, 24.0189768009768, 24.1042889019378
7/11/2017, 25, 25.01, 24.73, 24.8, 49857176, 1.18713029270271, 1.39146195869816, 0.93942799151069, 0.17113686447278, 0, 0.294417314213234, 0.258887881459951, 0.0355294327532831, 25.1118181818179, 25.0186451612903, 24.0769304029304, 24.1285877862596
7/12/2017, 24.77, 24.9, 24.73, 24.88, 47818560, 1.15831148296125, 1.60249125685555, 0.888062584542355, 0.234095038223005, 0, 0.285373903223842, 0.264185085812729, 0.0211888174111129, 25.0145454545451, 25.0481505376344, 24.1410842490843, 24.154632034632
7/13/2017, 24.88, 25.03, 24.86, 25.03, 48875853, 1.12776069561614, 1.56735937408441, 1.01194312643556, 0.295882880022614, 0, 0.287002297426184, 0.26874852813542, 0.0182537692907639, 25.0047272727269, 25.0741290322581, 24.2076385836386, 24.1844439456851
7/14/2017, 24.72, 24.96, 24.59, 24.92, 61742329, 1.16438433790965, 1.17714858150601, 0.798960848881894, 0.192862826947535, 0, 0.27623249462259, 0.270245321432854, 0.00598717318973585, 24.9630909090906, 25.094, 24.2676459096459, 24.2102222222222
7/17/2017, 24.85, 24.9, 24.74, 24.84, 43257045, 1.14595953364223, 0.669123764134284, 0.712320845071085, 0.148181352016764, 0, 0.25826489989473, 0.26784923712523, -0.00958433723049962, 24.8772727272724, 25.0888172043011, 24.3242246642247, 24.2329782135076
7/18/2017, 24.67, 24.84, 24.64, 24.8, 63210692, 1.13074004334231, 0.561256176294489, 0.713477001880027, 0.130326760030558, 0, 0.238053651604872, 0.261890120021158, -0.023836468416286, 24.8403636363633, 25.0722580645162, 24.380967032967, 24.2539738085015
7/19/2017, 24.85, 24.92, 24.72, 24.81, 48259409, 1.11407639746654, 0.421694191891645, 0.735295187744919, 0.221104049721545, 0, 0.220303486687122, 0.253572793354351, -0.0332693066672288, 24.8274545454541, 25.0418494623656, 24.4377094017094, 24.2747096159949
7/20/2017, 24.83, 24.94, 24.75, 24.8, 40163535, 1.09710579234224, 0.362000321266729, 0.796224030416503, 0.157719711465952, 0, 0.20308836047878, 0.243475906779237, -0.0403875463004565, 24.7872727272723, 25.0130107526882, 24.4953333333333, 24.2946199562089
7/21/2017, 24.73, 24.88, 24.73, 24.8, 43888447, 1.072492438209, 0.486122126203257, 0.738198230236003, 0.162256629244111, 0, 0.187286328714649, 0.232237991166319, -0.0449516624516705, 24.7854545454541, 24.9942365591398, 24.5514383394383, 24.3140154162384
7/24/2017, 24.79, 24.94, 24.79, 24.91, 26364776, 1.04447699093553, 0.769764002960795, 0.93078699522811, -0.111508777221562, 0, 0.181546431136319, 0.222099679160319, -0.0405532480240005, 24.8292727272723, 25.0132258064517, 24.6114481074481, 24.3360212765957
7/25/2017, 25.19, 25.32, 25.15, 25.22, 75786820, 1.0613412272797, 0.818035605601883, 1.2051453287113, 0.216782071503904, 0, 0.199709799915269, 0.217621703311309, -0.0179119033960404, 24.9421818181814, 25.0708817204302, 24.6857728937729, 24.3661682149635
7/26/2017, 25.25, 25.29, 24.99, 25.05, 56086548, 1.07499698460656, 0.883454074967608, 0.953640835656789, 0.0802118627325677, 0, 0.198103210782936, 0.213718004805634, -0.0156147940226987, 24.9894545454541, 25.1099569892474, 24.745010989011, 24.3908204471585
7/27/2017, 25.1, 25.11, 24.8, 24.91, 67826171, 1.08921078848553, 0.980327839040749, 0.80204405500648, 0.104189166448571, 0, 0.183418809488003, 0.207658165742108, -0.0242393562541048, 25.0090909090904, 25.1301935483872, 24.7936898656898, 24.410979020979
7/28/2017, 24.87, 24.98, 24.77, 24.91, 43735806, 1.07690199534788, 1.19991983833288, 1.61786383201745, 0.137586658017763, 0, 0.169823693835415, 0.20009127136077, -0.0302675775253546, 25.0132727272722, 25.141182795699, 24.8263443223443, 24.4306312260536
7/31/2017, 25, 25.18, 24.97, 25.09, 43039260, 1.06952360577561, 1.54171541645787, 1.67706130790439, 0.217328029360108, 0, 0.171595911556768, 0.194392199399969, -0.0227962878432014, 25.0641818181813, 25.1637849462366, 24.8647741147741, 24.4547066603684
8/1/2017, 25.26, 25.29, 25.14, 25.27, 60987497, 1.04838266345328, 1.58424899120087, 1.6534209072803, 0.258224377182192, 0, 0.185387866619863, 0.192591332843948, -0.00720346622408535, 25.1556363636358, 25.2207311827957, 24.911032967033, 24.4830696114062
8/2/2017, 25.3, 25.33, 25.18, 25.31, 43341507, 1.02402206282858, 1.48518402593555, 1.63342265477449, 0.28623318692866, 0, 0.197271730368783, 0.193527412348915, 0.00374431801986808, 25.2372727272722, 25.2640430107528, 24.9571282051282, 24.5118183489612
8/3/2017, 25.27, 25.31, 25.18, 25.22, 40816841, 1.00206576089142, 0.972963366358727, 1.40570294813311, 0.215996247962571, 0, 0.197154851763305, 0.194252900231793, 0.00290195153151174, 25.2585454545449, 25.2762795698925, 24.9959926739926, 24.5374623616905
8/4/2017, 25.45, 25.49, 25.34, 25.39, 50792914, 0.998759100637952, 0.967644585893284, 1.54561311510391, 0.327287000497341, 0, 0.208377754830085, 0.197077871151451, 0.0112998836786338, 25.3156363636358, 25.2930537634409, 25.0481025641026, 24.5670040268456
8/7/2017, 25.39, 25.4, 25.31, 25.35, 39486769, 0.968069778577425, 0.939639518997113, 1.47548367924579, 0.327743826512589, 0, 0.211605069143605, 0.199983310749882, 0.011621758393723, 25.3487272727267, 25.2896559139786, 25.0939438339438, 24.5947823399558
8/8/2017, 25.31, 25.59, 25.27, 25.28, 52736465, 0.985503973203751, 0.392582316597684, 1.42331167956651, 0.276401574351445, 0, 0.206138092390454, 0.201214267077996, 0.00492382531245725, 25.3956363636358, 25.276623655914, 25.1423467643467, 24.6200618682468
8/9/2017, 25.07, 25.3, 25.07, 25.28, 46567038, 0.981719280872678, 0.331895745338397, 1.58385941250374, 0.437655676632185, 0, 0.199505696445502, 0.200872552951498, -0.00136685650599522, 25.4052727272721, 25.2634623655915, 25.1853162393162, 24.6447394220846
8/10/2017, 25.12, 25.18, 24.83, 24.83, 71130286, 1.04015184250657, -0.0499407431599577, 1.31694800628402, 0.308289008100894, 0, 0.156138369748508, 0.1919257163109, -0.035787346562392, 25.2189090909085, 25.211182795699, 25.2063687423687, 24.6571819030643
8/11/2017, 24.83, 24.96, 24.67, 24.73, 50477789, 1.05077322025743, -0.410830663762389, 1.01284047787635, 0.633519745848281, 0, 0.112404556869112, 0.176021484422542, -0.0636169275534299, 25.002363636363, 25.1555483870968, 25.2215409035409, 24.6667465437788
8/14/2017, 24.93, 25.14, 24.92, 25.07, 49472883, 1.06646751695724, 0.0767137700567908, 1.3297662144506, 0.819085427812831, 0, 0.103981717070507, 0.161613530952135, -0.0576318138816281, 24.9490909090903, 25.1414623655915, 25.2467838827838, 24.6847617866005
8/15/2017, 25.28, 25.31, 25.09, 25.09, 48535038, 1.06016435303356, 0.379786870846634, 1.31200452980844, 0.803025807172683, 0, 0.0977930908229325, 0.148849442926295, -0.0510563521033621, 24.9398181818175, 25.1513333333334, 25.2750622710622, 24.7028588926996
8/16/2017, 25.2, 25.24, 25, 25.04, 35084074, 1.05709055258512, 0.216784408824556, 1.36146238706351, 0.794054963667906, 0, 0.0878413968589022, 0.136647833712816, -0.0488064368539139, 24.9310909090903, 25.1571397849463, 25.2978559218559, 24.7192687253084
8/17/2017, 24.98, 25.02, 24.6, 24.61, 76613078, 1.1111771663915, -0.456993514900115, 0.829130117793623, 0.617946969079363, 0, 0.0447414497718839, 0.11826655692463, -0.0735251071527459, 24.7705454545448, 25.0959139784947, 25.2994065934065, 24.7245091951278
8/18/2017, 24.49, 24.8, 24.48, 24.62, 71725883, 1.12017735831235, -0.323995188165843, 0.636547198979557, 0.465840812946154, 0, 0.0112615316863618, 0.0968655518769762, -0.0856040201906144, 24.6807272727266, 25.0490322580646, 25.2989963369963, 24.7298592767295
8/21/2017, 24.6, 24.63, 24.45, 24.55, 45047234, 1.1038626571718, -0.31387170783313, 0.239602410320439, 0.509000221556567, 0, -0.02068155549388, 0.0733561304028049, -0.0940376858966849, 24.6007272727266, 24.9940430107528, 25.2904029304029, 24.7333346273292
8/22/2017, 24.65, 24.84, 24.62, 24.82, 42644026, 1.09568238605517, 0.0403203555242591, 0.41078093988834, 0.485017388156852, 0, -0.023934041968495, 0.0538980959285449, -0.07783213789704, 24.6436363636357, 24.9616774193549, 25.285956043956, 24.7433563377041
8/23/2017, 24.64, 24.88, 24.62, 24.74, 36612709, 1.09681062978152, -0.0572087187281348, 0.242368096689538, 0.550011371352629, 0, -0.032591300124178, 0.0366002167180004, -0.0691915168421783, 24.6839999999993, 24.9243655913979, 25.2854945054945, 24.7511815496478
8/24/2017, 24.85, 24.85, 24.69, 24.74, 31067169, 1.07430639578638, -0.0463868403502206, 0.210111072678028, 0.57601226319409, 0, -0.0390026414128286, 0.0214796450918346, -0.0604822865046632, 24.6638181818175, 24.8979569892474, 25.2790891330891, 24.7588156516534
8/25/2017, 24.79, 24.92, 24.78, 24.81, 37177271, 1.05398723176813, 0.0295093535828688, 0.347695773851881, 0.625941189298951, 0, -0.0379972519220253, 0.00958426568906259, -0.0475815176110879, 24.6527272727265, 24.8749677419356, 25.2729719169719, 24.767955654102
8/28/2017, 24.83, 24.84, 24.59, 24.65, 36486934, 1.05849704093951, -0.260251056102736, 0.316138850947587, 0.640972337628863, 0, -0.0495400692506323, -0.00224060129887638, -0.0472994679517559, 24.6499999999993, 24.827053763441, 25.2672087912087, 24.7730354143848
8/29/2017, 24.37, 24.61, 24.35, 24.57, 42814209, 1.06989639626378, -0.721508756792594, 0.0494301393858183, 0.523949888026556, 0, -0.064400794288705, -0.0146726398968421, -0.0497281543918629, 24.6465454545447, 24.7675483870969, 25.2516996336996, 24.7760745977924
8/30/2017, 24.61, 24.78, 24.59, 24.67, 35176115, 1.05484340224528, -0.417229991688108, 0.307381973681116, 0.62609184107316, 0, -0.067332692318093, -0.0252046503810923, -0.0421280419370007, 24.6959999999992, 24.7228817204302, 25.2510842490842, 24.7814007698888
8/31/2017, 24.75, 24.78, 24.62, 24.7, 44225193, 1.03327276909803, -0.225756501651958, 0.507493325342835, 0.672722303744845, 0, -0.0664692769015929, -0.0334575756851924, -0.0330117012164005, 24.6899999999992, 24.6822580645162, 25.2557216117216, 24.7873013524937
9/1/2017, 24.73, 24.91, 24.67, 24.77, 42132639, 1.0272808044766, -0.143765384135078, 0.701011557943136, 0.744507185497219, 0, -0.0594512816105883, -0.0386563168702716, -0.0207949647403167, 24.7052727272719, 24.6511612903227, 25.2623809523809, 24.7946996171249
9/5/2017, 24.58, 24.62, 24.17, 24.24, 96579242, 1.12101725456027, -0.845891633066834, 0.303460036685914, 0.564588312172609, 0, -0.0955545470479962, -0.0500359629058165, -0.0455185841421796, 24.5152727272719, 24.5603440860216, 25.2427692307692, 24.7895624355005
9/6/2017, 24.33, 24.42, 24.22, 24.3, 77593850, 1.10348910856025, -0.982480324277085, 0.247921738967221, 0.757771053512851, 0, -0.117965315729183, -0.0636218334704898, -0.0543434822586933, 24.4169090909083, 24.5021290322582, 25.2203174603174, 24.7858982728138
9/7/2017, 24.34, 24.36, 23.79, 23.88, 87667847, 1.18609908170491, -1.36865838852336, -0.169920465638542, 0.337803482227666, 0, -0.167683549701859, -0.0844341767167638, -0.0832493729850956, 24.1858181818173, 24.3852258064517, 25.1822759462759, 24.7726031724694
9/8/2017, 23.9, 24.19, 23.85, 24.1, 68639461, 1.18704745923476, -1.0273285803374, -0.297287448259713, 0.563247017314464, 0, -0.187175800823447, -0.1049825015381, -0.0821932992853462, 24.0776363636355, 24.2944516129033, 25.1530378510378, 24.764596372334
9/11/2017, 24.38, 24.59, 24.33, 24.52, 73305743, 1.20829737272348, -0.72578373611564, -0.0961301026173619, 0.794498245637937, 0, -0.166810176479128, -0.117348036526306, -0.0494621399528222, 24.1634545454537, 24.2621935483872, 25.1460512820512, 24.766300821018
9/12/2017, 24.61, 24.83, 24.59, 24.81, 66350629, 1.19693990327371, -0.421702127259909, 0.127935694251828, 0.741242524807097, 0, -0.125819329183955, -0.119042295057836, -0.00677703412611902, 24.3332727272719, 24.281247311828, 25.1521318681318, 24.7745227272727
9/13/2017, 24.77, 24.86, 24.68, 24.85, 51049443, 1.17147988129617, -0.3309933115216, -0.103487467903216, 0.8906320697207, 0, -0.0890792712839357, -0.113049690303056, 0.02397041901912, 24.4921818181809, 24.319182795699, 25.1583907203907, 24.7834630200308
9/14/2017, 24.86, 24.92, 24.75, 24.8, 47163158, 1.14942384264916, -0.37256350736301, -0.169052063585499, 0.617246861494169, 0, -0.0632677812336766, -0.10309330848918, 0.0398255272555033, 24.6385454545446, 24.3561505376345, 25.1612796092796, 24.7910867771218
9/15/2017, 24.66, 24.79, 24.63, 24.77, 59250192, 1.12759086527308, -0.0311063956173621, -0.053854976348732, 0.494065665840016, 0, -0.0447172658810935, -0.0914180999675626, 0.0467008340864691, 24.7734545454536, 24.3866021505377, 25.1601391941392, 24.7978727010231
9/18/2017, 24.86, 25.07, 24.84, 25.06, 44010385, 1.11867136656718, 0.309672972830527, 0.0349667500051171, 0.645201099322195, 0, -0.00653988472586775, -0.0744424569192236, 0.0679025721933559, 25.0187272727264, 24.4680860215054, 25.172691086691, 24.8109329608938
9/19/2017, 25.06, 25.31, 25.02, 25.25, 58443318, 1.11216670193524, 0.18187304524162, 0.191812057724274, 0.795360503326791, 0, 0.0386023926433374, -0.0518334870067114, 0.0904358796500488, 25.2078181818173, 24.5731397849463, 25.1892991452991, 24.8279079189686
9/20/2017, 25.27, 25.49, 25.15, 25.4, 70595545, 1.11724798278235, 0.294202532206284, 0.459431230957472, 0.995404265545206, 0, 0.0854961724323893, -0.0243675551188913, 0.109863727551281, 25.4056363636355, 24.6932043010753, 25.2090769230769, 24.8478240543986
9/21/2017, 25.34, 25.52, 25.32, 25.46, 51050081, 1.09816157991116, 0.390828602294531, 0.444127739110123, 0.947432421451902, 0, 0.126048322723729, 0.00571562044963286, 0.120332702274097, 25.4801818181809, 24.8201075268818, 25.2341294261294, 24.8686470906142
9/22/2017, 25.36, 25.46, 25.29, 25.43, 42306550, 1.07790932494342, 0.812405029305274, 0.315425080589114, 0.948566916452537, 0, 0.153990339929496, 0.0353705643456056, 0.118619775583891, 25.5021818181809, 24.9120430107527, 25.258166056166, 24.8884034212401
9/25/2017, 25.4, 25.49, 25.23, 25.4, 39774597, 1.07640442624589, 0.772909667584314, 0.375038070421555, 0.83654566780976, 0, 0.171734195689801, 0.0626432906144447, 0.109090905075356, 25.5252727272718, 24.9896344086022, 25.2630378510378, 24.9071186839012
9/26/2017, 25.44, 25.48, 25.32, 25.39, 46811004, 1.05449542360431, 0.835452944730297, 0.427227208749934, 0.810514923560677, 0, 0.182881271334601, 0.086690886758476, 0.0961903845761251, 25.5549090909082, 25.0843010752689, 25.2677582417582, 24.9252467306015
9/27/2017, 25.71, 25.83, 25.6, 25.7, 65919146, 1.07529015039096, 0.858582361687912, 0.665215687831748, 0.975277636205139, 0, 0.214259962835971, 0.112204701973975, 0.102055260861996, 25.6679999999991, 25.2175698924732, 25.2888327228327, 24.9496279684894
9/28/2017, 25.79, 25.8, 25.61, 25.74, 37718872, 1.05684572734247, 0.97981922184161, 0.685764125352906, 1.00523992315227, 0, 0.239593581957152, 0.13768247797061, 0.101911103986542, 25.7385454545445, 25.3486451612904, 25.3112673992673, 24.9743833200591
9/29/2017, 25.74, 25.86, 25.7, 25.86, 42740827, 1.03028030049132, 1.09073499653715, 0.774617361775755, 1.11085197411645, 0, 0.266284097428649, 0.163402801862218, 0.102881295566431, 25.7932727272718, 25.4617634408603, 25.3412405372405, 25.0011921648091
10/2/2017, 25.81, 26.08, 25.81, 26.08, 52773978, 1.02227362508321, 1.21287088080643, 0.91813438856574, 1.17012439853065, 0, 0.301710750890035, 0.191064391667781, 0.110646359222253, 25.9225454545445, 25.5953978494624, 25.378945054945, 25.0321052631578
10/3/2017, 26.06, 26.17, 26.01, 26.17, 48062892, 0.998389428164376, 1.48042687181473, 0.901543765785947, 1.29573505170316, 0, 0.333207863990665, 0.219493086132358, 0.113714777858307, 26.0652727272718, 25.7263655913979, 25.419641025641, 25.0643102783135
10/4/2017, 26.1, 26.18, 26.04, 26.05, 39283783, 0.979710509340063, 1.44055059247227, 0.610427143720763, 1.29087845283073, 0, 0.344515199166477, 0.244497508739182, 0.100017690427295, 26.1463636363627, 25.8496559139786, 25.4530012210011, 25.0934129581151
10/5/2017, 26.08, 26.41, 26.01, 26.32, 61260377, 0.997165115117523, 1.566082413387, 0.913218217456226, 1.32035576281442, 0, 0.370986584855032, 0.269795323962352, 0.10119126089268, 26.2972727272718, 25.9939354838711, 25.4928205128205, 25.1275469559585
10/6/2017, 26.39, 26.46, 26.21, 26.35, 66077803, 0.993666661798806, 1.56416731831035, 1.04104702987888, 1.29828435313654, 0, 0.389891669541452, 0.293814593078172, 0.09607707646328, 26.4056363636354, 26.1318279569893, 25.5274041514041, 25.1616596335665
10/9/2017, 26.42, 26.42, 26.19, 26.25, 31340231, 0.991388979484899, 1.39069839446911, 0.96907011197924, 1.79202073716425, 0, 0.392282927691308, 0.313508260000799, 0.0787746676905091, 26.4232727272717, 26.2513118279571, 25.5617899877899, 25.1930911974623
10/10/2017, 26.29, 26.37, 26.22, 26.37, 35822514, 0.965975073033928, 2.43916475068334, 0.925257677272714, 1.80042936809399, 0, 0.399258609401979, 0.330658329881035, 0.0686002795209439, 26.433999999999, 26.3660645161291, 25.5974358974358, 25.2263809523809
10/11/2017, 26.31, 26.35, 26.21, 26.32, 33748617, 0.949814762238201, 2.28890169122827, 0.765598543387402, 1.66459979740489, 0, 0.396185327444215, 0.343763729393671, 0.0524215980505436, 26.435999999999, 26.4580430107528, 25.6296459096458, 25.2580430954107
10/12/2017, 26.39, 26.4, 26.09, 26.12, 53834797, 0.968574590926645, 2.95614108978765, 0.5925597881049, 1.51597818526459, 0, 0.373308136993618, 0.349672610913661, 0.0236355260799574, 26.3430909090899, 26.5200215053764, 25.648818070818, 25.2850915243808
10/13/2017, 25.99, 26.22, 25.89, 26.13, 69561357, 0.982939529248135, 2.70212165144792, 0.665054796560708, 1.42298187116248, 0, 0.351927909295924, 0.350123670590113, 0.00180423870581053, 26.2569090909081, 26.5759139784947, 25.6704273504273, 25.3118405157098
10/16/2017, 26.15, 26.31, 26.14, 26.3, 42000717, 0.961977163661258, 2.64016519829806, 0.661131652601499, 1.51310333144189, 0, 0.344727697745924, 0.349044476021275, -0.00431677827535149, 26.2587272727263, 26.6488172043011, 25.7035921855921, 25.341488442211
10/17/2017, 26.39, 26.4, 26.11, 26.17, 37844216, 0.973824968822183, 2.05923440334007, 0.598022380734968, 1.41872742188144, 0, 0.324787615218199, 0.34419310386066, -0.0194054886424613, 26.2216363636353, 26.6600215053764, 25.7392722832722, 25.3680149253731
10/18/2017, 26.28, 26.35, 26.17, 26.31, 52201500, 0.954418451629521, 2.18737468661919, 0.742155614090146, 1.49432753702989, 0.705917792124823, 0.316631851240999, 0.338680853336728, -0.0220490020957292, 26.208909090908, 26.6805376344087, 25.7808058608058, 25.3968223240234
10/19/2017, 26.12, 26.34, 26.08, 26.33, 34671617, 0.95538214923107, 2.32075783806089, 0.755827147740527, 1.60482276977397, 0.664058907278381, 0.308229109079477, 0.332590504485278, -0.0243613954058008, 26.242909090908, 26.662623655914, 25.8246593406592, 25.4255011461737
10/20/2017, 26.61, 26.66, 26.52, 26.64, 56083775, 0.958988415532709, 2.68875204879738, 1.33812392791916, 1.87712298001404, 0.793155889068841, 0.322862526370827, 0.330644908862388, -0.00778238249156088, 26.3894545454535, 26.6829032258065, 25.8815897435897, 25.4597261663285
10/23/2017, 26.65, 26.7, 26.56, 26.62, 43555183, 0.938019489868588, 2.3442593768734, 1.40531899638933, 1.7173800865052, 0.768738095895207, 0.329052667822783, 0.330326460654467, -0.00127379283168388, 26.4932727272717, 26.7122580645162, 25.9338632478632, 25.4929521759923
10/24/2017, 26.71, 26.86, 26.69, 26.81, 61259191, 0.929562658682831, 2.33475356257371, 1.30922575138273, 1.86579529714573, 0.851454415522279, 0.34530930095098, 0.333323028713769, 0.0119862722372107, 26.6665454545444, 26.7715053763442, 25.9901562881562, 25.5292682926829
10/25/2017, 26.89, 26.92, 26.5, 26.65, 68653530, 0.967185596072134, 1.80497015123498, 1.16878362752451, 1.7523934056788, 0.802370869977456, 0.341347297835451, 0.334927882538106, 0.00641941529734552, 26.7505454545444, 26.8002150537635, 26.0431648351648, 25.5618601378921
10/26/2017, 26.75, 26.92, 26.75, 26.8, 41832594, 0.964056765990906, 1.90949475201874, 1.31121391154134, 1.88893452486654, 0.798036637517337, 0.346318978610064, 0.337206101752497, 0.00911287685756679, 26.8283636363625, 26.8330107526882, 26.0965177045176, 25.5967549238201
10/27/2017, 26.75, 26.83, 26.61, 26.78, 56694352, 0.95761334063213, 1.92890541788428, 1.73200632589101, 1.78004743184317, 0.846111081992073, 0.344672073477806, 0.338699296097559, 0.00597277738024699, 26.8641818181807, 26.8483655913979, 26.1427423687423, 25.6306569746043
10/30/2017, 26.65, 26.79, 26.6, 26.67, 48157525, 0.949105399288415, 1.78745624365264, 1.63036361471442, 1.57891964091487, 0.788912173826134, 0.330678947536832, 0.337095226385414, -0.00641627884858181, 26.8605454545443, 26.8561290322581, 26.1788840048839, 25.6618769651401
10/31/2017, 26.67, 26.77, 26.57, 26.6, 39890794, 0.941616877784621, 1.68944706576764, 1.6353740688694, 1.32202521657269, 0.933892513944163, 0.310363205588356, 0.331748822226002, -0.0213856166376463, 26.7865454545443, 26.8572903225807, 26.207995115995, 25.6912281651997
11/1/2017, 26.71, 26.83, 26.61, 26.64, 40921865, 0.936361054865516, 1.40972360086522, 1.47164912141265, 1.31429662175546, 0.894771316237472, 0.294100294311477, 0.324219116643097, -0.0301188223316203, 26.7309090909079, 26.8648172043011, 26.2397582417582, 25.7208204417418
11/2/2017, 26.67, 26.93, 26.54, 26.89, 51098312, 0.95379046398425, 1.64063260331875, 1.71567083258152, 1.36446827167114, 0.976068572587655, 0.297950146794705, 0.318965322673419, -0.021015175878714, 26.7476363636352, 26.9000645161291, 26.2831965811965, 25.754582779697
11/3/2017, 26.8, 26.82, 26.7, 26.78, 42386958, 0.945297023812908, 1.29477911576341, 1.62267557152261, 1.28067530772443, 0.922199257855312, 0.288796040942021, 0.312931466327139, -0.0241354253851181, 26.757818181817, 26.9101290322581, 26.3282564102563, 25.7857140976701
11/6/2017, 26.71, 26.8, 26.66, 26.75, 33642145, 0.925207535806512, 0.973784570872109, 1.54132010300767, 1.32499409989285, 0.956311318871052, 0.275939735320211, 0.305533120125754, -0.0295933848055424, 26.7459999999988, 26.9056774193549, 26.3741269841269, 25.8157539665289
11/7/2017, 26.77, 26.85, 26.31, 26.38, 70325500, 0.993625341307164, 0.281310847995922, 1.34679638725798, 1.17826645979504, 0.794138563768461, 0.233206849316566, 0.291067865963916, -0.0578610166473497, 26.6372727272715, 26.8449032258065, 26.4018705738705, 25.8384431524547
11/8/2017, 26.33, 26.34, 26.16, 26.25, 55844924, 0.990523606799956, 0.26937762957871, 1.30950502019639, 0.973174591320669, 0.668862433400745, 0.186698669691872, 0.270194026709507, -0.0834953570176357, 26.4750909090897, 26.7819139784947, 26.4306788766788, 25.8583474142344
11/9/2017, 26.08, 26.25, 25.89, 26.16, 94577042, 1.01304214237668, -0.199967888799367, 1.16094263881788, 1.05154063024896, 0.632267890661888, 0.140953529875464, 0.244345927342699, -0.103392397467235, 26.3336363636351, 26.7066236559141, 26.4555482295481, 25.8762562888428
11/10/2017, 26.18, 26.23, 26.06, 26.08, 53209576, 0.997934176470292, -0.346293429573788, 1.07469788381362, 1.13119015837238, 0.636867439293208, 0.0971252462030563, 0.21490179111477, -0.117776544911714, 26.1954545454533, 26.6264731182796, 26.4718998778998, 25.8923928616312
11/13/2017, 25.92, 26.18, 25.9, 26.12, 50579178, 1.00018442405161, -0.16058704919019, 1.05017847151901, 1.24653929347148, 0.697016818547679, 0.0648708900927311, 0.184895610910362, -0.120024720817631, 26.0872727272715, 26.5646451612904, 26.4928986568986, 25.9089701120796
11/14/2017, 26.02, 26.12, 25.93, 26.11, 54101775, 0.986923642222005, -0.340024804661205, 1.61787496334395, 1.29687549202334, 0.735034996574095, 0.0380633929682013, 0.15552916732193, -0.117465774353729, 25.9916363636351, 26.5072903225807, 26.5120097680097, 25.9250761003701
11/15/2017, 25.88, 26.27, 25.86, 26.18, 64952279, 1.01337461739861, -0.175764138523644, 1.62212213979994, 1.25991378483807, 0.743455694219502, 0.0222106428795463, 0.128865462433453, -0.106654819553907, 25.9549090909078, 26.4512043010753, 26.5284932844932, 25.9421584933349
11/16/2017, 26.3, 26.36, 26.17, 26.19, 53648093, 0.998611688022945, 0.112435187054911, 2.18923552808193, 1.19635845759233, 0.769953764433957, 0.0103350051419469, 0.105159370975152, -0.0948243658332052, 25.9967272727259, 26.4135483870969, 26.5461807081806, 25.9591237425766
11/17/2017, 26.06, 26.22, 26.03, 26.16, 41938651, 0.986084025376716, 0.0559044435761583, 1.97194607400553, 0.978036629812695, 0.648568905740411, -0.00148020966833684, 0.0838314548464543, -0.0853116645147911, 26.0443636363623, 26.3749247311829, 26.5649304029303, 25.9752614509929
11/20/2017, 26.21, 26.32, 26.13, 26.28, 35232374, 0.968651453525957, -0.015150110593382, 1.79468265078548, 0.946260330230731, 0.706149734990769, -0.00114762628985687, 0.0668356386191921, -0.0679832649090489, 26.1612727272714, 26.3460860215055, 26.5856532356532, 25.9932488095238
11/21/2017, 26.37, 26.4, 26.3, 26.36, 35972390, 0.940187867554212, 0.287603474476744, 1.6282914959159, 1.0021927333165, 0.740960802346938, 0.00550778947721398, 0.0545700687907964, -0.0490622793135825, 26.2574545454531, 26.3352043010753, 26.6070989010988, 26.0123425762045
11/22/2017, 26.36, 26.43, 26.23, 26.23, 30959362, 0.935729492157551, -0.102526462545665, 1.43603961991873, 0.730089568243163, 0.75323484594328, 0.000289009357654635, 0.0437138569041681, -0.0434248475465134, 26.2838181818168, 26.304559139785, 26.6208595848595, 26.0288285057112
11/24/2017, 26.33, 26.38, 26.2, 26.22, 12172481, 0.92360699276613, -0.145967430334619, 1.48261225826883, 0.700700206833236, 0.670212921075128, -0.00460079283696047, 0.0340509269559424, -0.0386517197929028, 26.2898181818167, 26.2598924731184, 26.6333577533577, 26.0448585671226
11/27/2017, 26.2, 26.34, 26.18, 26.2, 42346421, 0.908630785603494, -0.702185896078477, 1.49533108989573, 0.80775730601573, 0.647056926903077, -0.00997484535026771, 0.0252457724947004, -0.0352206178449681, 26.2696363636349, 26.2127096774194, 26.6437264957264, 26.0602673714854
11/28/2017, 26.23, 26.91, 26.21, 26.88, 86506957, 0.973430813008592, 0.295286738467876, 1.6119397971374, 1.02690429318867, 0.723644976947714, 0.0401734023427309, 0.0282312984643065, 0.0119421038784245, 26.4858181818167, 26.2626881720431, 26.6827936507936, 26.0872143535219
11/29/2017, 27.14, 27.52, 27.07, 27.34, 135340640, 1.02624466865353, 0.53263585761053, 1.73812184532186, 1.25234453068596, 0.75295620455539, 0.115700680138179, 0.045725174799081, 0.069975505339098, 26.817454545453, 26.358623655914, 26.7428888888888, 26.121673630717
11/30/2017, 27.58, 27.88, 27.38, 27.52, 135241711, 1.06666616202537, 0.867582356296784, 1.74955737438437, 1.47202931579993, 0.745925909734569, 0.187914921372357, 0.0741631241137362, 0.113751797258621, 27.1581818181803, 26.479182795699, 26.8159609279609, 26.1586822660098
12/1/2017, 27.56, 27.71, 26.95, 27.58, 148119604, 1.14890935968061, 0.781540459158443, 1.74573661441511, 1.45808716810513, 0.774381707572987, 0.247137874802299, 0.108758074251449, 0.13837980055085, 27.4485454545439, 26.6008817204302, 26.8861929181929, 26.1961351191357
12/4/2017, 28.04, 28.2, 28, 28, 99820365, 1.18580621903541, 1.13476965996647, 2.01995377078581, 1.55919967122954, 0.858139029202233, 0.324225512107212, 0.151851561822601, 0.172373950284611, 27.8021818181803, 26.7884731182796, 26.9698192918192, 26.2401639705073
12/5/2017, 28.1, 28.15, 27.78, 27.85, 77706195, 1.19901060776812, 1.09794265845999, 1.91573870496394, 1.54449328648093, 0.795412984327525, 0.368961119544309, 0.195273473366943, 0.173687646177366, 28.0276363636348, 26.9469247311829, 27.0446251526251, 26.2809612656846
12/6/2017, 27.75, 27.91, 27.67, 27.75, 60299083, 1.18640804162252, 1.07080752804378, 1.84066820569645, 1.53884905046958, 0.768238736480137, 0.391828491530138, 0.234584476999582, 0.157244014530556, 28.1489090909075, 27.0974193548388, 27.1169059829059, 26.319433826181
12/7/2017, 27.63, 27.94, 27.58, 27.84, 59625533, 1.18809920967219, 1.11322880015886, 1.69615944458125, 1.60510971338624, 0.787683010064598, 0.412458728937494, 0.270159327387164, 0.14229940155033, 28.199454545453, 27.2426021505377, 27.1951721611721, 26.3588253593649
12/8/2017, 27.98, 28.01, 27.78, 28.01, 55001592, 1.16290067466655, 1.0447011324639, 1.78357568186161, 1.67882612066534, 0.872659663501456, 0.43748288953941, 0.303624039817614, 0.133858849721797, 28.2189090909075, 27.4116774193549, 27.2798754578754, 26.4004598801545
12/11/2017, 28.01, 28.05, 27.86, 27.94, 43278359, 1.14152489271795, 1.09011362677638, 1.63176285555512, 1.64878027176211, 0.825595832479397, 0.446519107794025, 0.332203053412896, 0.114316054381129, 28.1125454545439, 27.5627311827957, 27.3575409035408, 26.4402865581378
12/12/2017, 28.05, 28.33, 27.95, 28.22, 69517086, 1.14278863314715, 1.34747672982979, 1.65493049679201, 1.77210489977284, 0.886035369677186, 0.470846411465942, 0.359931725023505, 0.110914686442437, 28.1439999999984, 27.7344946236559, 27.4492307692307, 26.4841600418409
12/13/2017, 28.19, 28.25, 27.85, 27.87, 97335327, 1.17104486781636, 1.40189211393426, 1.27714942222058, 1.52221940543435, 0.653385888009762, 0.456620265779087, 0.379269433174621, 0.0773508326044653, 28.0734545454529, 27.847182795699, 27.5226593406593, 26.5215698478561
12/14/2017, 27.97, 28.01, 27.66, 27.69, 76969978, 1.18292414022173, 1.3531477060838, 1.23372064395119, 1.28065541053996, 0.714655221826687, 0.425911801029795, 0.388597906745656, 0.0373138942841385, 27.9478181818165, 27.9315053763441, 27.584818070818, 26.5554397997325
12/15/2017, 27.73, 28, 27.63, 27.81, 111826079, 1.18545167100334, 1.56090337363147, 1.13097945029567, 1.43417979363164, 0.711678690300933, 0.406571416385425, 0.39219260867361, 0.0143788077118153, 27.866363636362, 28.0409462365592, 27.6504566544566, 26.5907631874298
12/18/2017, 28.04, 28.2, 27.99, 28.06, 61275464, 1.18563935930409, 1.86064572284009, 1.27312864652931, 1.62655565875469, 0.815046132735402, 0.406728420822052, 0.395099771103298, 0.0116286497187537, 27.9427272727256, 28.1688387096774, 27.7151697191697, 26.6296397490386
12/19/2017, 28.22, 28.24, 27.94, 27.94, 57366287, 1.18488147462309, 1.68877257153904, 1.262307163306, 1.56554938990314, 0.805618060319188, 0.392643698704628, 0.394608556623564, -0.00196485791893636, 27.9443636363619, 28.271247311828, 27.7700488400488, 26.665975577116
12/20/2017, 28.17, 28.22, 27.87, 27.89, 69680335, 1.1904018996386, 1.64860126925522, 1.13676567147171, 1.44928348706911, 0.79177081183054, 0.373145483955028, 0.390315942089857, -0.017170458134829, 27.9038181818165, 28.3349677419355, 27.8279462759462, 26.7009527127924
12/21/2017, 28.04, 28.21, 28.01, 28.13, 46123492, 1.17811210564787, 1.77654314965649, 1.33343859691162, 1.46583641239707, 0.820957539685387, 0.372762033835482, 0.386805160438982, -0.0140431266035003, 27.9565454545437, 28.4107311827957, 27.894713064713, 26.7392824462657
12/22/2017, 28.21, 28.25, 27.92, 28.05, 43020251, 1.18122206257686, 1.68464326985623, 1.4445908892926, 1.40501225941161, 0.807978608035274, 0.361831843185293, 0.381810496988244, -0.0199786538029515, 27.9998181818164, 28.4582150537635, 27.9546446886446, 26.7757529058377
12/26/2017, 28.05, 28.14, 27.86, 27.97, 33710115, 1.17542420137707, 1.63555274081105, 1.37554883551149, 1.41512225424906, 0.774958354394653, 0.342763097311948, 0.374001017052985, -0.0312379197410366, 27.9992727272709, 28.4780215053764, 27.9993186813186, 26.8103973960357
12/27/2017, 27.99, 28.01, 27.91, 28, 29420966, 1.1333137202461, 1.55141643222206, 1.27450108057928, 1.34359155905388, 0.799472098605975, 0.326310226928996, 0.364462859028187, -0.0381526320991913, 28.0634545454527, 28.4921075268817, 28.0430647130647, 26.8450049799196
12/28/2017, 28.07, 28.12, 28, 28.11, 28129661, 1.0937796143204, 1.57202187537364, 1.46106455802184, 1.41682933844539, 0.833728394621966, 0.318476095125494, 0.355265506247649, -0.0367894111221548, 28.1076363636345, 28.5073548387097, 28.0875873015872, 26.8808484462151
12/29/2017, 28.2, 28.2, 27.91, 27.91, 55169774, 1.09848934828445, 1.50310726073281, 1.19765708401385, 1.35250144650033, 0.777715447268402, 0.292754469409068, 0.342763298879933, -0.050008829470864, 28.0336363636345, 28.4889892473118, 28.1267594627594, 26.912994687915
1/2/2018, 28.09, 28.09, 27.79, 27.92, 55436075, 1.09691603958052, 1.52237490710417, 1.1895583597254, 1.35733133620528, 0.869005488228736, 0.270063686076728, 0.328223376319292, -0.0581596902425634, 27.975090909089, 28.4613978494624, 28.1623272283272, 26.9448227617792
1/3/2018, 27.97, 28.09, 27.88, 28.07, 56906235, 1.0739081237561, 1.67099497338576, 1.08301345075068, 1.7174604815751, 0.950146267873312, 0.261174169949371, 0.314813535045307, -0.0536393650959369, 28.0123636363617, 28.4396774193548, 28.202122100122, 26.9785384830848
1/4/2018, 28.23, 28.54, 28.18, 28.33, 62246955, 1.09380059944024, 1.50842612787947, 1.26964781002113, 1.89338479079147, 1.2280956002538, 0.271973846260423, 0.306245597288331, -0.0342717510279079, 28.1149090909071, 28.446623655914, 28.252398046398, 27.0158304770727
1/5/2018, 28.48, 28.48, 28.23, 28.41, 37989521, 1.080183119783, 1.22340644663854, 1.19118138098237, 1.76946571613884, 1.26037580861752, 0.283717480449877, 0.30173997392064, -0.0180224934707632, 28.2138181818162, 28.4558279569892, 28.3000366300366, 27.053828737745
1/8/2018, 28.38, 28.43, 28.27, 28.37, 44252096, 1.05581960914287, 0.981499966862653, 1.29468592715508, 1.73775903192922, 1.23730845724796, 0.286494202615973, 0.298690819659706, -0.0121966170437333, 28.3185454545434, 28.438064516129, 28.3413943833943, 27.0906566147859
1/9/2018, 28.49, 28.74, 28.44, 28.59, 51418697, 1.06001826498125, 1.13554189335489, 1.33156235765497, 1.86719150247327, 1.29345488585975, 0.302954663542508, 0.299543588436267, 0.00341107510624106, 28.4701818181798, 28.4337419354839, 28.391807081807, 27.1303574337163
1/10/2018, 28.68, 28.95, 28.63, 28.83, 64670892, 1.0610692364212, 0.994513500119209, 1.50274269941548, 2.28636442727516, 1.37054687463248, 0.331543860410388, 0.305943642831091, 0.0256002175792972, 28.6592727272706, 28.443247311828, 28.4505054945054, 27.1731893687707
1/11/2018, 28.95, 29, 28.81, 28.97, 42361715, 1.03593699626241, 1.36271508782773, 1.68960939130731, 2.34750019695156, 1.32184696875431, 0.361332617381976, 0.317021437741268, 0.0443111796407078, 28.8558181818161, 28.4988817204301, 28.5138534798534, 27.2175625185625
1/12/2018, 29.14, 29.25, 28.96, 29.23, 44537496, 1.02499281705905, 1.77019249884731, 1.9105545865643, 2.50724902807832, 1.42044744932346, 0.401294377204366, 0.333876025633888, 0.067418351570478, 29.1112727272706, 28.604688172043, 28.5737118437118, 27.2652855879752
1/16/2018, 29.48, 29.53, 28.99, 29.15, 67563816, 1.06903989847356, 1.55026036487332, 1.81818425808401, 2.32844064445152, 1.32497249583591, 0.421648526612739, 0.351430525829658, 0.0702180007830808, 29.2379999999979, 28.7001505376344, 28.6277509157508, 27.3111198853499
1/17/2018, 29.23, 29.45, 28.99, 29.37, 54311955, 1.08629170543, 1.58581613353797, 1.79031799254776, 2.47935517546585, 1.43145740893801, 0.450340255902915, 0.371212471844309, 0.0791277840586062, 29.3750909090888, 28.8170107526882, 28.6785201465201, 27.3596514091661
1/18/2018, 29.47, 29.48, 29.29, 29.33, 49247357, 1.06577456594119, 1.63133687229765, 1.85409316910095, 2.45832821726884, 1.43658161252079, 0.464496565108576, 0.389869290497163, 0.0746272746114129, 29.4492727272705, 28.9452473118279, 28.7284078144077, 27.4069020048392
1/19/2018, 29.43, 29.55, 29.37, 29.54, 60727800, 1.04252571489852, 1.56974463317099, 2.01314174504545, 2.51279888837439, 1.48966552311947, 0.487046419157355, 0.409304716229201, 0.0777417029281542, 29.5792727272705, 29.0815483870967, 28.7929768009767, 27.4566595197255
1/22/2018, 29.55, 29.79, 29.51, 29.78, 46868889, 1.02942911810602, 2.54856168454928, 2.57044921216941, 2.72760431776274, 1.59427916310072, 0.518308596327685, 0.431105492248898, 0.0872031040787872, 29.7421818181796, 29.2307311827957, 28.8708034188033, 27.5093315363881
1/23/2018, 29.71, 29.86, 29.57, 29.81, 60861986, 1.02561486683453, 3.02215593981079, 2.72702462119845, 2.79548220777137, 1.56090633981171, 0.539288266802128, 0.452742047159544, 0.0865462196425839, 29.832727272725, 29.3766236559139, 28.9471892551892, 27.5617284784996
1/24/2018, 29.95, 30.08, 29.77, 30.01, 66370993, 1.01949017731824, 3.08855772722902, 2.95621093910311, 2.82794677015161, 1.63242866105491, 0.56553401128436, 0.475300439984507, 0.0902335712998525, 29.9578181818159, 29.5465161290322, 29.0275726495726, 27.6163871652971
1/25/2018, 30.13, 30.13, 29.85, 29.95, 45423660, 1.01720050785491, 2.67665867103048, 2.98644842703772, 2.77788702983925, 1.63630778388517, 0.574865759681728, 0.495213503923951, 0.0796522557577768, 30.032727272725, 29.6912258064516, 29.1008498168497, 27.6694104755035
1/26/2018, 30.04, 30.18, 29.9, 30.17, 33871918, 1.00569762843029, 3.23493016841518, 3.09769039977967, 2.83399604522681, 1.70249569468135, 0.593175639369903, 0.514805931013142, 0.0783697083567615, 30.1505454545431, 29.8695483870968, 29.1863931623931, 27.724965716646
1/29/2018, 30.19, 30.33, 30.03, 30.05, 41037716, 1.00914484450099, 3.07400275649312, 2.99654795219008, 3.25386563344501, 1.73410987861271, 0.591188500785197, 0.530082444967553, 0.0611060558176443, 30.2134545454522, 29.9967311827957, 29.2671697191696, 27.7780013666803
1/30/2018, 29.83, 30.02, 29.66, 29.66, 67316874, 1.03703851815212, 1.88797760095943, 2.53089814821915, 2.94835223879747, 1.73369920588139, 0.55178332382242, 0.534422620738526, 0.0173607030838936, 30.0809090909067, 30.0483655913978, 29.3307155067154, 27.8314413010796
1/31/2018, 29.74, 29.89, 29.64, 29.74, 49722319, 1.02456739495536, 2.11812113697384, 2.57975270668077, 3.37858111944, 1.65550696045787, 0.521003959263865, 0.531738888443594, -0.010734929179729, 29.9921818181794, 30.105440860215, 29.3959706959706, 27.8869629629629
2/1/2018, 29.68, 30.05, 29.67, 30.02, 60824211, 1.02755171917634, 2.53178679785148, 2.77457063439184, 3.38053597330706, 1.7843100411072, 0.513287887780507, 0.528048688310977, -0.0147608005304698, 29.9719999999976, 30.2022580645161, 29.4696630036629, 27.9443367500341
2/2/2018, 29.96, 30.04, 29.34, 29.36, 73085959, 1.11732791141655, 1.29489548841666, 2.01781807590929, 2.6772485619094, 1.62149201393583, 0.448743525361575, 0.512187655721096, -0.0634441303595213, 29.7281818181794, 30.194688172043, 29.5104761904761, 27.9920415470821
2/5/2018, 28.73, 29.21, 27.6, 27.88, 147871518, 1.43344727780597, -0.0975116695616064, 0.773751807908224, 1.41462399015905, 1.08006593279245, 0.27499801605487, 0.464749727787851, -0.189751711732982, 29.0309090909066, 29.9868387096774, 29.4834725274724, 28.0162793494601
2/6/2018, 27.24, 28.46, 27.17, 28.39, 159006394, 1.56450456498658, 0.294385159618584, 1.05612836551883, 1.57941012446461, 1.24157032439483, 0.176422497184323, 0.407084281667145, -0.230661784482823, 28.6194545454521, 29.8597634408602, 29.4838266178265, 28.0480322536558
2/7/2018, 28.34, 28.81, 28.22, 28.41, 102699437, 1.58906970679234, 0.299687924250193, 1.07035214544163, 1.61189639708317, 1.13176716518211, 0.0987758941127055, 0.345422604156257, -0.246646710043552, 28.3323636363611, 29.7282150537634, 29.483973137973, 28.0807842011753
2/8/2018, 28.46, 28.51, 27.14, 27.16, 135270547, 1.83130327140913, -0.379554440101093, 0.445596216638066, 0.992250539609175, 0.764186807732122, -0.0628990899931239, 0.263758265326381, -0.326657355319505, 27.6887272727247, 29.4304086021505, 29.4301904761904, 28.0932425857592
2/9/2018, 27.57, 27.89, 26.76, 27.68, 149504929, 1.91117366361627, -0.247642623112277, 0.376950897943134, 1.05654505841753, 0.86705283238888, -0.147369244606029, 0.181532763339899, -0.328902007945928, 27.4209090909065, 29.2058064516129, 29.4030744810744, 28.1140150334836
2/12/2018, 27.96, 28.35, 27.7, 28.07, 83571825, 1.90973361804252, -0.105807291416452, 0.344741526952337, 1.1151556521695, 0.966406312945949, -0.180759032469634, 0.109074404177992, -0.289833436647627, 27.3996363636337, 29.0400860215054, 29.3938339438338, 28.1360431870985
2/13/2018, 27.91, 28.25, 27.83, 28.19, 43365499, 1.88101850037357, -0.0361292526256354, 0.318926962693354, 1.09915594297987, 1.04667254584034, -0.19528654110956, 0.0482022151204819, -0.243488756230042, 27.4498181818155, 28.8765161290322, 29.3857802197801, 28.1608268416017
2/14/2018, 28.17, 28.87, 28.07, 28.86, 57379663, 1.88408232672399, 0.15413166080247, 0.546590332029495, 1.28192536522429, 1.12619641025731, -0.15099571122791, 0.00836262985080347, -0.159358341078714, 27.8276363636337, 28.7968172043011, 29.4114456654456, 28.1943266365996
2/15/2018, 29.1, 29.14, 28.7, 29.02, 66976040, 1.85581961239806, 0.120801335879182, 0.444798363754597, 1.34713185876418, 1.16284659708028, -0.101810636976158, -0.0136720235145887, -0.0881386134615688, 28.3647272727246, 28.7413548387097, 29.4429108669108, 28.2305212518791
2/16/2018, 28.88, 29.23, 28.84, 28.98, 47508240, 1.83274985832305, 0.0470904994927686, 0.490193087285026, 1.34511621265173, 1.11293643152511, -0.06530597040312, -0.023998812892295, -0.041307157510825, 28.8105454545427, 28.6920215053763, 29.4684493284492, 28.2645340986743
2/20/2018, 28.92, 29.21, 28.8, 28.89, 58236090, 1.81749520074392, -0.096531713412825, 0.495741259551709, 1.31746390023231, 1.08628022995506, -0.0431407077558319, -0.0278271918650024, -0.0153135158908295, 28.9499999999973, 28.6324086021505, 29.4907203907203, 28.2988787754544
2/21/2018, 28.9, 29.4, 28.87, 28.93, 44578761, 1.81583354759825, -0.0474612301807239, 0.475123195273918, 1.21841737123079, 1.10321182141868, -0.0220922460491977, -0.0266802027018414, 0.00458795665264376, 29.1501818181791, 28.5721075268817, 29.5117826617826, 28.3362424490911
2/22/2018, 29, 29.16, 28.62, 28.69, 47602660, 1.83358178129719, -0.23623773940165, 0.313057826762722, 1.1164985505596, 1.05988389559273, -0.024494821680193, -0.0262431264975118, 0.00174830481731874, 29.2419999999972, 28.4924086021505, 29.5159975579975, 28.3700841875085
2/23/2018, 28.78, 29.12, 28.77, 29.12, 41187335, 1.79001333242258, -0.0407523910990588, 0.502001648764786, 1.20747130881943, 1.15620087128264, 0.00820395606395863, -0.0193537099852177, 0.0275576660491763, 29.2170909090881, 28.482623655914, 29.5373479853479, 28.409188465218
2/26/2018, 29.33, 29.56, 29.14, 29.56, 55124197, 1.749625467799, 0.0517840376709901, 0.554096729519243, 1.26340321224129, 1.21301648551389, 0.0688288792986782, -0.00171719212843851, 0.0705460714271167, 29.3412727272699, 28.5361290322581, 29.5795189255188, 28.4529192291923
2/27/2018, 29.58, 29.77, 29.26, 29.28, 72752079, 1.76512917987471, -0.151785795519879, 0.588623101456648, 1.1327306137756, 1.19394372242217, 0.0932064814991129, 0.0172675425970718, 0.0759389389020411, 29.344181818179, 28.5676344086021, 29.6041733821733, 28.4909134891349
2/28/2018, 29.43, 29.54, 28.87, 28.87, 65254660, 1.81672439443695, -0.321735618067825, 0.500672010502413, 1.03286682857754, 1.13482228101468, 0.0785370076504606, 0.0295214356077495, 0.049015572042711, 29.1634545454517, 28.5414623655914, 29.6117387057386, 28.5225999726664
3/1/2018, 28.88, 29.11, 28.21, 28.37, 82467921, 1.91492391977529, -0.589697016367445, 0.26048792654687, 0.76070222136222, 0.993078587796077, 0.0262627816134753, 0.0288697048088947, -0.00260692319541941, 28.9069090909062, 28.4683225806452, 29.596017094017, 28.5457999179992
3/2/2018, 28.17, 28.52, 27.89, 28.44, 78991163, 1.92545963515555, -0.538515464114282, 0.191601670647131, 0.773122235698188, 0.990573479019421, -0.00940805396095357, 0.021214153054925, -0.0306222070158786, 28.7332727272698, 28.4078494623656, 29.5887496947496, 28.5730927975946
3/5/2018, 28.22, 29, 28.21, 28.84, 58952137, 1.94077907151985, -0.457785697634193, 0.384712618358075, 0.935157453047635, 1.26435589832583, -0.00533924361088367, 0.0159034737217633, -0.021242717332647, 28.7214545454516, 28.4178709677419, 29.5972039072038, 28.6050769441028
3/6/2018, 29, 29.02, 28.66, 28.96, 49746126, 1.89825500695791, -0.366282872164955, 0.447805278090919, 0.931427761892647, 1.26570479155536, 0.00748206641964444, 0.0142191922613395, -0.00673712584169509, 28.7407272727243, 28.4636344086021, 29.6134993894993, 28.6379557195572
3/7/2018, 28.6, 28.97, 28.57, 28.91, 41530226, 1.87564136117004, -0.242918820503866, 0.339145732484858, 0.93305405143493, 1.21101278740871, 0.0134533826382075, 0.0140660303367131, -0.000612647698505619, 28.7469090909061, 28.5103440860215, 29.6224786324785, 28.6684690446904
3/8/2018, 28.98, 29.04, 28.69, 29, 50803041, 1.83667421254671, -0.238191759674154, 0.402765349856981, 1.03654024847316, 1.21390744192589, 0.0251579365685508, 0.0162844115830807, 0.00887352498547015, 28.7372727272697, 28.5876129032258, 29.6370695970695, 28.7022260489271
3/9/2018, 29.31, 29.72, 29.19, 29.7, 54595689, 1.82492843621757, -0.0703092793085587, 0.670927513010579, 1.23145824562431, 1.28515384106585, 0.089881926837986, 0.0310039146340617, 0.0588780122039243, 29.0385454545425, 28.7562150537634, 29.6802026862026, 28.7463807571409
3/12/2018, 29.7, 29.81, 29.55, 29.6, 51784453, 1.78345796715807, 0.136635491550259, 0.62423384328542, 1.14108336912225, 1.26867511802587, 0.131590102384262, 0.0511211521841018, 0.0804689502001603, 29.3616363636333, 28.9284086021505, 29.7143809523809, 28.7905767391007
3/13/2018, 29.74, 29.77, 29.2, 29.27, 47049369, 1.81075633879347, 0.698762802969355, 0.464769656490294, 1.07888541055626, 1.1945032890927, 0.136443059266565, 0.0681855336005944, 0.0682575256659704, 29.5125454545424, 29.0544086021505, 29.7304322344321, 28.8315298619653
3/14/2018, 29.4, 29.4, 28.85, 28.94, 57278946, 1.83485819401039, 0.300418617206247, 0.42021001707383, 0.921787257828073, 1.13161910068998, 0.112365540479008, 0.0770215349762771, 0.0353440055027307, 29.467999999997, 29.1175698924731, 29.7309914529914, 28.8686234795681
3/15/2018, 29.05, 29.11, 28.86, 28.95, 47451563, 1.78569106486796, 0.295479824040981, 0.420079386926549, 0.918004968529666, 1.1715750121631, 0.0930185894006748, 0.0802209458611566, 0.0127976435395181, 29.3230909090878, 29.1919784946236, 29.7358583638583, 28.905057537242
3/16/2018, 28.91, 29.15, 28.87, 28.87, 61278207, 1.74960057192695, 1.10401240846279, 0.337066077177373, 0.789291242389111, 1.20499977143998, 0.0704189144600988, 0.0782605395809451, -0.00784162512084623, 29.132909090906, 29.2799999999999, 29.7332747252747, 28.9400188601886
3/19/2018, 28.83, 28.93, 28.39, 28.66, 52145040, 1.76850733028453, 0.660849246063478, 0.168073480711495, 0.727844284882395, 1.10133550593863, 0.0351579849259132, 0.0696400286499387, -0.0344820437240255, 28.9267272727242, 29.3047956989247, 29.7193137973137, 28.9724143774771
3/20/2018, 28.77, 28.85, 28.66, 28.73, 37146544, 1.70905496281437, 0.461644843837347, 0.164183895492848, 0.686179878830451, 1.13559417540985, 0.0127152853202013, 0.0582550799839912, -0.0455397946637899, 28.7785454545423, 29.2443225806451, 29.6987912087911, 29.005655596556
3/21/2018, 28.78, 29.1, 28.62, 28.72, 53291400, 1.70773299538907, 0.375794506279355, 0.17505849389037, 0.738774904433802, 1.12453995404305, -0.00581065067083131, 0.0454419338530267, -0.051252584523858, 28.6294545454514, 29.2110967741935, 29.6732210012209, 29.0384116441164
3/22/2018, 28.34, 28.45, 27.56, 27.66, 85160298, 1.89420777462745, -0.677666149722449, -0.264878551885389, 0.331677505817014, 0.913421126969259, -0.104817459203172, 0.0153900552417869, -0.120207514444959, 28.1425454545423, 29.0425806451612, 29.5975067155067, 29.0538064780648
3/23/2018, 27.69, 27.8, 26.77, 26.82, 89289521, 2.04787836293384, -1.16488031155228, -0.615595606673395, 0.0729672415233957, 0.700285473835712, -0.248200942136453, -0.0373281442338611, -0.210872797902592, 27.5785454545422, 28.6889892473117, 29.4821978021977, 29.0575230285636
3/26/2018, 27.36, 27.77, 27.1, 27.69, 84145032, 2.05590078761976, -0.574554278646325, -0.343873282298567, 0.36577244872037, 0.788307012533627, -0.288308218598289, -0.0875241591067466, -0.200784059491542, 27.4521818181786, 28.4826451612902, 29.4052649572649, 29.0737969113024
3/27/2018, 27.78, 27.9, 26.93, 27.15, 78827371, 2.17058925115034, -0.774073470337848, -0.59105048637923, 0.226583180442178, 0.598279435949066, -0.359522657779522, -0.141923858841302, -0.21759879893822, 27.1774545454513, 28.2337204301075, 29.3033553113553, 29.0870419570862
3/28/2018, 27.22, 27.47, 26.85, 27.2, 84244472, 2.17223982574614, -0.767850085045986, -0.550628645911542, 0.229272273942276, 0.597222538215078, -0.407231718018043, -0.19498543067665, -0.212246287341393, 26.9696363636331, 28.0050752688171, 29.2044249084248, 29.0979781331147
3/29/2018, 27.32, 27.76, 27.2, 27.57, 59266808, 2.13749282180923, -0.473169306711482, -0.494684287076361, 0.262146524329469, 0.635574454527101, -0.410454124552292, -0.238079169451778, -0.172374955100513, 26.9865454545421, 27.8744301075268, 29.1211428571428, 29.115061637283
4/2/2018, 27.57, 27.6, 26.55, 26.96, 74363891, 2.27129611433295, -0.943033457284483, -0.665299102179868, 0.116906757537341, 0.512962462560792, -0.456962230816416, -0.281855781724706, -0.17510644909171, 26.8519999999967, 27.6853763440859, 29.0095189255189, 29.1215375153752
4/3/2018, 27.13, 27.39, 26.89, 27.33, 75160424, 2.2199940022062, -0.964521642043184, -0.605347222979877, 0.231956782028562, 0.596959896634991, -0.458676989504081, -0.317220023280581, -0.1414569662235, 26.9074545454512, 27.5538924731182, 28.9161489621489, 29.1327672543392
4/4/2018, 26.84, 27.7, 26.82, 27.62, 70326960, 2.24615547705578, -0.699841116647094, -0.582944892748903, 0.423737201760885, 0.670730812273969, -0.431659470076987, -0.340107912639862, -0.091551557437125, 27.149636363633, 27.4638494623655, 28.8364639804639, 29.1481287412874
4/5/2018, 27.87, 28.04, 27.75, 27.84, 45378315, 2.19241643543343, -0.423086259544364, -0.522033144588896, 0.524151410174744, 0.660134198965583, -0.388022844086223, -0.349690898929134, -0.0383319451570884, 27.5263636363603, 27.4125806451612, 28.7625836385836, 29.1671603116031
4/6/2018, 27.52, 27.7, 26.92, 27.17, 88521048, 2.30346079809876, -0.498651143729412, -0.771736692307511, 0.356565321577905, 0.578429139133792, -0.402859985044046, -0.360324716152116, -0.0425352688919293, 27.507636363633, 27.2673333333332, 28.6580146520146, 29.1759242859095
4/9/2018, 27.32, 27.87, 27.27, 27.32, 54633200, 2.30438427489481, -0.459338642877115, -0.707420326727317, 0.422250551414034, 0.644613705009773, -0.397927716734142, -0.367845316268522, -0.03008240046562, 27.3994545454512, 27.1795913978494, 28.5588620268619, 29.187147464808
4/10/2018, 27.76, 27.89, 27.55, 27.73, 68783202, 2.25957408837432, -0.446563901656084, -0.638988645119921, 0.522456045288569, 0.743108789204041, -0.356822062454484, -0.365640665505714, 0.00881860305123039, 27.579636363633, 27.184817204301, 28.4919218559218, 29.2036900369004
4/11/2018, 27.48, 27.61, 27.33, 27.4, 52480824, 2.24544124076967, -0.642665861641597, -0.702369353287395, 0.432669423470801, 0.702217404428827, -0.346875215797152, -0.361887575564001, 0.0150123597668499, 27.5356363636329, 27.1413118279569, 28.4201562881562, 29.2148325816592
4/12/2018, 27.61, 28.06, 27.59, 27.88, 63289118, 2.21480758598402, -0.393974275468209, -0.44655306933086, 0.540948037368062, 0.755010636535456, -0.29683851011637, -0.348877762474475, 0.0520392523581054, 27.6538181818147, 27.143505376344, 28.3733284493284, 29.2331250512505
4/13/2018, 28.22, 28.24, 27.31, 27.46, 70103895, 2.30558607874627, -0.605662442142502, -0.588989150449422, 0.421686740326409, 0.657247736354161, -0.287757461390783, -0.336653702257737, 0.0488962408669541, 27.6638181818147, 27.0654623655913, 28.3092112332112, 29.2425310919776
4/16/2018, 27.62, 27.78, 27.5, 27.58, 44633622, 2.23878984903024, -0.882778117637831, -0.631972182329982, 0.46278883105715, 0.606857219849556, -0.267790742743777, -0.322881110354945, 0.0550903676111674, 27.5992727272692, 27.0131827956988, 28.2597606837606, 29.2521249145825
4/17/2018, 27.82, 27.85, 27.48, 27.58, 50750123, 2.19392794903703, -0.840275341971986, -0.45851213395432, 0.428680888865956, 0.574748101448802, -0.249095555852318, -0.308123999454419, 0.0590284436021017, 27.5749090909056, 26.9931182795697, 28.2072844932844, 29.256262129288
4/18/2018, 27.65, 27.76, 27.39, 27.45, 66795512, 2.16149749335954, -0.764113640670205, -0.0865387610428553, 0.370437374166899, 0.55604855036792, -0.241980004232488, -0.294895200410033, 0.0529151961775451, 27.5499999999965, 26.9726881720428, 28.1471013431013, 29.2577848845155
4/19/2018, 27.5, 27.93, 27.48, 27.87, 76142031, 2.10859170732269, -0.423902963991092, -0.114308310426207, 0.518989388580572, 0.559127756011054, -0.200143261462166, -0.27594481262046, 0.0758015511582935, 27.723454545451, 27.0119569892472, 28.1074969474969, 29.2655435287686
4/20/2018, 27.92, 28.04, 27.76, 27.88, 49800356, 2.05265883568613, -0.423737751607675, -0.11747644592816, 0.524508128337592, 0.55331151492052, -0.164286630955935, -0.253613176287555, 0.0893265453316197, 27.7647272727237, 27.0652043010751, 28.0720854700854, 29.2728746754134
4/23/2018, 27.96, 27.99, 27.76, 27.85, 45689166, 1.99341909953259, -0.402972386899709, 0.301333279632562, 0.522163772681997, 0.584722940426093, -0.136714779351841, -0.230233496900412, 0.0935187175485709, 27.7869090909055, 27.1685376344084, 28.0339023199023, 29.2787412874129
4/24/2018, 28, 28.17, 27.48, 27.67, 69592858, 2.0307512044049, -0.393235121251674, 0.0456211679157459, 0.285846578057016, 0.521981146977659, -0.12791387248992, -0.209769572018314, 0.0818556995283939, 27.7999999999964, 27.2543010752687, 27.9941391941391, 29.2839655596556
4/25/2018, 27.64, 27.79, 27.37, 27.65, 51818979, 2.00655846418045, -0.432793039873984, -0.106132899693714, 0.152196452503777, 0.524233427700933, -0.121156308737817, -0.192046919362214, 0.0708906106243976, 27.7434545454509, 27.3279784946235, 27.9461269841269, 29.2874642613093
4/26/2018, 27.63, 27.81, 27.52, 27.66, 33456163, 1.95796364634345, -0.423952691428405, -0.146507401522174, 0.104883635580106, 0.56844608480663, -0.113683501709961, -0.176374235831764, 0.0626907341218029, 27.7727272727236, 27.3913763440859, 27.894713064713, 29.2930761240946
4/27/2018, 27.61, 27.77, 27.57, 27.7, 47185230, 1.89348053194826, 0.0562096476489556, -0.388380893008457, 0.0992871675052266, 0.560127150329553, -0.103342316697137, -0.161767852004838, 0.0584255353077009, 27.7438181818145, 27.4687741935482, 27.8477362637362, 29.2974899548996
4/30/2018, 27.77, 27.92, 27.44, 27.45, 41731358, 1.9026207722484, 0.384696240151423, -0.542376538815852, -0.0862392880603089, 0.488423343807771, -0.114005578391396, -0.15221539728215, 0.0382098188907541, 27.6394545454508, 27.5171827956988, 27.7954676434676, 29.29752466858
5/1/2018, 27.39, 27.48, 27.17, 27.46, 46372385, 1.86327724647879, -0.115453698089086, -0.523839838829774, -0.042405004343658, 0.511122473818764, -0.120263056033433, -0.145824929032407, 0.0255618729989731, 27.5456363636326, 27.5620215053762, 27.7414163614163, 29.2971753450868
5/2/2018, 27.36, 27.47, 27.11, 27.15, 45430348, 1.85662296607338, 0.0278450984070311, -0.607223695828163, -0.101144216718509, 0.47172028293627, -0.148524463803881, -0.146364835986701, -0.00215962781717932, 27.325272727269, 27.5799354838708, 27.6730549450549, 29.2906130927976
5/3/2018, 27.02, 27.06, 26.46, 26.92, 68947893, 1.90701886524694, -0.156249253951573, -0.709396334908022, -0.19042490155003, 0.438728993584312, -0.187321584264442, -0.15455618564225, -0.0327653986221925, 27.1258181818144, 27.5781935483869, 27.6005152625152, 29.2814716413831
5/4/2018, 26.76, 27.42, 26.67, 27.27, 40575562, 1.92592960982124, -0.167406228402672, -0.481387007022396, -0.137238604899682, 0.49615335894894, -0.187663241784662, -0.161177596870732, -0.0264856449139301, 27.1010909090871, 27.5618064516127, 27.5423833943833, 29.27647533142
5/7/2018, 27.37, 27.56, 27.26, 27.45, 36873637, 1.87228034378266, 0.374320485253754, -0.575142884137784, -0.0679499544265416, 0.52849966957221, -0.171433335377031, -0.163228744571992, -0.00820459080503946, 27.1658181818144, 27.5147741935482, 27.4909133089132, 29.2733789804565
5/8/2018, 27.47, 27.83, 27.46, 27.64, 47718493, 1.83518055951491, 0.248993900041347, -0.668998745924005, -0.0916398733363742, 0.560362431049195, -0.141607245338268, -0.158904444725247, 0.0172971993869795, 27.2819999999962, 27.5457849462364, 27.448796092796, 29.2722361623617
5/9/2018, 27.77, 28.12, 27.67, 28.05, 43817010, 1.80349986209421, 0.326224202370426, -0.405561087741755, 0.11537339972925, 0.606445947001669, -0.0839189155889422, -0.143907338897986, 0.0599884233090439, 27.5374545454507, 27.5931397849461, 27.4273089133089, 29.2753778871122
5/10/2018, 28, 28.34, 27.96, 28.28, 41445454, 1.76657576291215, 0.330564936698142, -0.172075981631214, 0.226569190459312, 0.587748658942912, -0.0194175869752087, -0.119009388513431, 0.0995918015382219, 27.8525454545416, 27.6672043010751, 27.4114749694749, 29.2792882328823
5/11/2018, 28.3, 28.45, 28.2, 28.26, 25893973, 1.72366682400558, 0.899076904077981, 0.00447825720773647, 0.188391959767627, 0.616564868894222, 0.0297434834426795, -0.0892588141222086, 0.119002297564888, 28.1349090909052, 27.7564301075267, 27.3947179487179, 29.2854257209239
5/14/2018, 28.34, 28.39, 28.19, 28.24, 31292920, 1.67405393852967, 0.762527536475121, -0.0298376000014613, 0.115008420042097, 0.639851691830203, 0.0663255929331257, -0.0581419327111418, 0.124467525644267, 28.3298181818143, 27.7979999999998, 27.3801709401709, 29.2892321989887
5/15/2018, 28.2, 28.34, 28.08, 28.19, 54655751, 1.63928765742724, 0.407334486194628, -0.203396150034709, 0.134142212133455, 0.631510219854003, 0.0902423386258349, -0.0284650784437464, 0.118707417069581, 28.4663636363597, 27.849634408602, 27.3690915750915, 29.291360393604
5/16/2018, 28.16, 28.32, 28.1, 28.24, 31984886, 1.59351781550036, 0.763573337461942, -0.229727490910074, 0.161279037608245, 0.606614149563166, 0.111940730964843, -0.00038391656202854, 0.112324647526872, 28.5183636363597, 27.9213978494622, 27.3620781440781, 29.2966893535602
5/17/2018, 28.21, 28.28, 28, 28.18, 45070410, 1.5667457755232, 0.30639842066513, -0.234069494502948, 0.0797322933109876, 0.5636059731623, 0.122878893270734, 0.0242686454045239, 0.0986102478662099, 28.4441818181779, 27.9962150537633, 27.3516776556776, 29.2989596829302
5/18/2018, 28.18, 28.19, 27.94, 27.95, 33266115, 1.54537929003691, 0.525006074254807, -0.356546518300391, 0.0390954251966369, 0.517193357007773, 0.111700770937507, 0.0417550705111205, 0.0699457004263861, 28.2918181818142, 27.9949892473117, 27.3362515262515, 29.3012816728168
5/21/2018, 28.11, 28.26, 28.1, 28.15, 29647924, 1.51274186851527, 0.598143145376841, -0.560989734748998, 0.115174227490719, 0.566869956906537, 0.117624455480563, 0.0569289475050089, 0.0606955079755538, 28.2074545454505, 28.0241075268816, 27.3353699633699, 29.3077556375564
5/22/2018, 28.17, 28.5, 28.17, 28.34, 52841403, 1.48922016297706, 0.779538870707443, -0.445173964747169, 0.158163445734071, 0.566910011030314, 0.136081764390585, 0.0727595108821242, 0.0633222535084612, 28.1885454545414, 28.0993118279568, 27.3464029304029, 29.3165313653137
5/23/2018, 28.15, 28.24, 27.86, 28.16, 44968489, 1.50902963238037, 0.727512077793541, -0.393058734189377, 0.0799973920369861, 0.544113886749744, 0.13463285525296, 0.0851341797562914, 0.0494986754966685, 28.1512727272686, 28.1257419354837, 27.355807081807, 29.3214738280717
5/24/2018, 28.07, 28.09, 27.66, 27.94, 43245202, 1.53434361937866, 0.0908914429900656, -0.355275792212184, 0.0746790963345534, 0.519904063905469, 0.114413534928577, 0.0909900507907485, 0.0234234841378284, 28.0779999999959, 28.1513548387095, 27.3546007326007, 29.321110564439
5/25/2018, 27.81, 27.9, 27.72, 27.85, 39312481, 1.50183420786958, -0.0145842921844273, -0.395667131329822, 0.0474999387392219, 0.504758115631258, 0.09008884196869, 0.0908098090263368, -0.000720967057646738, 27.9881818181777, 28.1371612903224, 27.3552356532356, 29.3201708350417
5/29/2018, 27.46, 27.5, 26.72, 26.92, 126469714, 1.68591302209173, -0.694556938857387, -0.698002977382241, -0.239298400662751, 0.424779445771904, -0.00418365356362571, 0.0718111165083443, -0.07599477007197, 27.5954545454504, 28.0104516129031, 27.3154432234431, 29.3049654229876
5/30/2018, 27.18, 27.52, 27.11, 27.41, 65843728, 1.68243486417271, -0.160992132333421, -0.418518535384399, -0.17231975917802, 0.523257975559269, -0.0389078748090164, 0.0496673182448722, -0.0885751930538885, 27.4339999999958, 27.9501720430106, 27.3035018315018, 29.2981183545169
5/31/2018, 27.35, 27.39, 27.1, 27.18, 66686937, 1.66886543950056, -0.308745050106237, -0.530616880824992, -0.25395003298772, 0.423454551110623, -0.0840176450176955, 0.0229303255923586, -0.106947970610054, 27.2456363636321, 27.8531397849461, 27.2884004884004, 29.2878862921963
6/1/2018, 27.51, 27.63, 27.4, 27.48, 62934254, 1.64999179451761, -0.0979475417740733, -0.408574865264775, -0.162528938803005, 0.469013733382448, -0.0944709676026392, -0.000549933046640926, -0.0939210345559982, 27.206727272723, 27.8239139784945, 27.2889841269841, 29.2815071750718
6/4/2018, 27.61, 27.67, 27.52, 27.57, 44196942, 1.59683299919031, -0.0629975284629167, 0.00841070629020428, -0.195393987177002, 0.492940638125784, -0.094404813301928, -0.0193209090976983, -0.0750839042042296, 27.1910909090866, 27.8092903225805, 27.2996532356532, 29.2760073800738
6/5/2018, 27.48, 27.52, 27.31, 27.45, 44996769, 1.57098183964637, 0.0261702283123493, 0.318218538363699, -0.288742131337758, 0.554535145177952, -0.102849794253768, -0.0360266861289122, -0.0668231081248554, 27.194727272723, 27.7794408602149, 27.3055311355311, 29.2677654776548
6/6/2018, 27.61, 27.97, 27.58, 27.95, 61959987, 1.55875774323357, 0.349623389431507, 0.157217597146493, -0.189646276334832, 0.63189006074957, -0.0684081150080154, -0.0425029719047328, -0.0259051431032825, 27.4472727272684, 27.8036129032256, 27.3399853479853, 29.2671775317754
6/7/2018, 28.07, 28.18, 27.85, 28.04, 65166111, 1.53491137579206, 0.629271908505917, 0.456236544094112, -0.231744651051182, 0.659518535525984, -0.0334648265390314, -0.0406953428315925, 0.00723051629256116, 27.7161818181775, 27.8360645161289, 27.3773333333333, 29.2664649446495
6/8/2018, 28.01, 28.11, 27.86, 28.08, 47713396, 1.50060431724889, 0.828590948146025, 0.450895827634583, -0.201568123236578, 0.617380294210834, -0.00251535749308474, -0.033059345763891, 0.0305439882708062, 27.9614545454501, 27.8717419354837, 27.4092356532356, 29.2652417657511
6/11/2018, 28.17, 28.27, 28.02, 28.02, 47319625, 1.47323771473702, 0.553212252593134, 0.250714050393394, -0.272219587667177, 0.622421162900001, 0.0169751422721802, -0.0230524481566767, 0.040027590428857, 28.1603636363592, 27.89976344086, 27.4414505494505, 29.2640973076398
6/12/2018, 28.1, 28.17, 27.81, 27.95, 55517218, 1.46748174341985, 0.377892313198259, 0.531879739804541, -0.280446956891857, 0.610923127654065, 0.0264679823472775, -0.0131483620558859, 0.0396163444031634, 28.1398181818138, 27.9001720430106, 27.4780879120879, 29.2620891075578
6/13/2018, 27.96, 28.18, 27.82, 27.85, 61095759, 1.46374538571474, 0.173943706839474, 0.298715699961873, -0.358887298570833, 0.581593334098537, 0.0256265552568564, -0.00539337859333742, 0.0310199338501938, 28.126545454541, 27.8853333333332, 27.4972039072039, 29.252712587126
6/14/2018, 27.9, 27.95, 27.51, 27.59, 70635531, 1.48340136073026, -0.307723788089638, 0.0207979221393422, -0.485848477402971, 0.567875650149247, 0.00393453625146378, -0.00352779562437718, 0.00746233187584096, 27.9534545454501, 27.814322580645, 27.4731721611721, 29.2397794177943
6/15/2018, 27.3, 27.56, 27.11, 27.47, 63387564, 1.50275541919987, -0.5684368038323, -0.151767757710466, -0.524657405098815, 0.562742506852516, -0.0226781229265711, -0.00735786108481597, -0.0153202618417552, 27.776545454541, 27.7099139784944, 27.4554407814408, 29.2261957086238
6/18/2018, 27.23, 27.46, 27.14, 27.42, 49824557, 1.49039594446205, -0.591128657929903, 0.170057338510621, -0.58751501609309, 0.536033765245153, -0.0472586607677457, -0.0153380210214019, -0.0319206397463437, 27.6009090909046, 27.618946236559, 27.4366422466422, 29.2119819598197
6/19/2018, 27.14, 27.42, 27.13, 27.35, 50214730, 1.47251641525747, -0.628594934414371, 0.0499656786900401, -0.59151962444212, 0.518797123186412, -0.0715624022584933, -0.0265828972688202, -0.0449795049896731, 27.3852727272682, 27.5301290322579, 27.3877313797314, 29.197741424081
6/20/2018, 27.6, 27.6, 27.25, 27.28, 42833585, 1.46662968326347, -0.64450344044133, -0.217681138803401, -0.664765927187598, 0.494234052195653, -0.0953723147967303, -0.0403407807744022, -0.055031534022328, 27.2509090909045, 27.4457419354837, 27.347177045177, 29.1820871942054
6/21/2018, 27.19, 27.36, 27.01, 27.2, 75190888, 1.46173437027412, -0.741671404275864, -0.081638065432204, -0.65723893405263, 0.583868535854461, -0.119321707072597, -0.0561369660340412, -0.063184741038556, 27.1434545454499, 27.3808602150536, 27.3120854700854, 29.1652472324724
6/22/2018, 27.39, 27.42, 27.05, 27.07, 61978929, 1.46365778086011, -0.794214743793739, -0.444651200562015, -0.599539477122195, 0.550270916878894, -0.147096054786481, -0.0743287837845291, -0.0727672710019515, 27.0449090909045, 27.3203010752686, 27.2746153846153, 29.1461243679104
6/25/2018, 26.95, 27, 26.6, 26.78, 80746078, 1.49328436600034, -0.839298737457954, -0.379782723462455, -0.696132714281437, 0.582776955674381, -0.19031417843939, -0.0975258627155013, -0.0927883157238889, 26.8892727272681, 27.2294193548385, 27.2401782661782, 29.1212600792675
6/26/2018, 26.8, 26.83, 26.52, 26.69, 56480350, 1.48147799008672, -1.06948137031314, -0.507450773326523, -0.791616246876896, 0.525511870520818, -0.229185196361872, -0.123857729444775, -0.105327466917096, 26.7561818181771, 27.1353333333331, 27.2068864468864, 29.093315293153
6/27/2018, 26.68, 26.88, 26.35, 26.36, 78099192, 1.52555444528239, -1.45844505811812, -0.697794582148486, -0.72724184766408, 0.389117262018889, -0.283352686798445, -0.155756720915509, -0.127595965882935, 26.5578181818135, 27.0060430107525, 27.1599877899878, 29.0623747437475
6/28/2018, 26.36, 26.7, 26.31, 26.59, 78544814, 1.51007651067174, -1.12304305057579, -0.476648073563747, -0.311493536324913, 0.375266088939384, -0.304214935011725, -0.185448363734752, -0.118766571276973, 26.4681818181771, 26.921075268817, 27.1230622710622, 29.0339248325817
6/29/2018, 26.92, 27.07, 26.55, 26.59, 77208627, 1.53235380586023, -0.972072506893784, -0.745794125558093, -0.461447202264357, 0.367811555665998, -0.317093164409464, -0.211777323869695, -0.105315840539769, 26.4090909090861, 26.8427526881718, 27.0887106227106, 29.0055137351374
7/2/2018, 26.37, 26.73, 26.35, 26.72, 66202782, 1.5197613515319, -0.801793520200941, -0.66810024747912, -0.42756016787289, 0.399644005689658, -0.313198977591057, -0.232061654613967, -0.0811373229770898, 26.4329090909043, 26.7758494623654, 27.0564224664224, 28.9780229602297
7/3/2018, 26.79, 26.87, 26.42, 26.48, 30717772, 1.54182863093979, -0.402468744070438, -0.791154654982894, -0.156935101126924, 0.36300209243256, -0.325724056549959, -0.250794135001165, -0.0749299215487932, 26.3979999999952, 26.69976344086, 27.0246422466422, 28.9480565805659
7/5/2018, 26.62, 26.68, 26.45, 26.54, 40668535, 1.50475663300382, -0.926009688700802, -0.650685708274213, -0.304752715672027, 0.320233149581784, -0.327038872753658, -0.266043082551664, -0.0609957902019939, 26.4172727272679, 26.6547311827955, 27.0071965811965, 28.9207355473556
7/6/2018, 26.47, 26.78, 26.37, 26.67, 41287510, 1.4994161600272, -0.541828690542261, -0.556429445027665, -0.38669778853179, 0.308010582038312, -0.313971690317768, -0.275628804104885, -0.0383428862128832, 26.5058181818133, 26.6258064516127, 26.9914236874236, 28.8984417110839
7/9/2018, 26.81, 27.31, 26.78, 27.28, 73447360, 1.50989580419828, -0.165183920122159, -0.17760058359651, -0.22083785261576, 0.382615210164421, -0.251494875699134, -0.270802018423735, 0.0193071427246008, 26.8079999999951, 26.6692258064514, 26.9951159951159, 28.8853100997678
7/10/2018, 27.3, 27.39, 27.1, 27.18, 51260559, 1.49302647761599, -0.341136639037767, -0.255154007301136, -0.464438837282715, 0.354856974970136, -0.207656973924426, -0.258173009523873, 0.0505160355994472, 27.0061818181769, 26.6982150537632, 26.9844908424908, 28.8714270876043
