Date,XOP_Open,XOP_High,XOP_Low,XOP_Close,XOP_Volume,XOP_ATRPercentOfClose20,XOP_SQN25,XOP_SQN50,XOP_SQN100,XOP_SQN200,XOP_MACD,XOP_MACD_Avg,XOP_MACD_Diff,XOP_LinReg10,XOP_LinReg30,XOP_LinReg90,XOP_LinReg270
1/3/2017, 42.12, 42.67, 41.16, 42.01, 13870781, 0, 0, 0, 0, 0, 0, 0, 0, 42.01, 42.01, 42.01, 42.01
1/4/2017, 42.02, 42.26, 41.57, 42.21, 10627480, 0, 0, 0, 0, 0, 0.0159544159544183, 0.00319088319088365, 0.0127635327635346, 42.21, 42.21, 42.21, 42.21
1/5/2017, 42.38, 42.52, 41.65, 42.08, 10328993, 0, 0, 0, 0, 0, 0.0179021274177984, 0.0061331320362666, 0.0117689953815318, 42.135, 42.135, 42.135, 42.135
1/6/2017, 42.19, 42.27, 41.58, 41.77, 9601540, 0, 0, 0, 0, 0, -0.00550524539485764, 0.00380545655004175, -0.00931070194489939, 41.89, 41.89, 41.89, 41.89
1/9/2017, 41.33, 41.4, 40.57, 40.6, 10811104, 0, 0, 0, 0, 0, -0.117114950642438, -0.0203786248884543, -0.0967363257539842, 41.082, 41.082, 41.082, 41.082
1/10/2017, 40.78, 41.08, 40.47, 40.6, 10441686, 0, 0, 0, 0, 0, -0.203223808592625, -0.0569476616292885, -0.146276146963337, 40.6742857142857, 40.6742857142857, 40.6742857142857, 40.6742857142857
1/11/2017, 40.63, 41.09, 40.44, 41, 14038315, 0, 0, 0, 0, 0, -0.236463240791856, -0.0928507774618021, -0.143612463330054, 40.6389285714286, 40.6389285714286, 40.6389285714286, 40.6389285714286
1/12/2017, 41.46, 41.47, 40.59, 40.72, 13206998, 0, 0, 0, 0, 0, -0.282146975525826, -0.130710017074607, -0.151436958451219, 40.5116666666667, 40.5116666666667, 40.5116666666667, 40.5116666666667
1/13/2017, 40.42, 40.79, 40.37, 40.47, 13104835, 0, 0, 0, 0, 0, -0.334666745183192, -0.171501362696324, -0.163165382486868, 40.3426666666666, 40.3426666666666, 40.3426666666666, 40.3426666666666
1/17/2017, 41.05, 41.42, 40.9, 41.11, 18222497, 0, 0, 0, 0, 0, -0.320946715767363, -0.201390433310532, -0.119556282456831, 40.4554545454545, 40.4554545454545, 40.4554545454545, 40.4554545454545
1/18/2017, 40.67, 41.37, 40.58, 41.05, 8098239, 0, 0, 0, 0, 0, -0.311326217327412, -0.223377590113908, -0.0879486272135044, 40.5345454545454, 40.5231818181818, 40.5231818181818, 40.5231818181818
1/19/2017, 41.15, 41.26, 40.68, 40.94, 7728676, 0, 0, 0, 0, 0, -0.30901584142913, -0.240505240376952, -0.0685106010521773, 40.668, 40.5452564102564, 40.5452564102564, 40.5452564102564
1/20/2017, 41.33, 41.51, 40.95, 41.13, 10541944, 0, 0, 0, 0, 0, -0.288527474654934, -0.250109687232549, -0.0384177874223856, 40.9103636363636, 40.6178021978022, 40.6178021978022, 40.6178021978022
1/23/2017, 40.86, 41.02, 40.5, 40.7, 10918050, 0, 0, 0, 0, 0, -0.303489267357143, -0.260785603257468, -0.0427036640996759, 40.994, 40.566, 40.566, 40.566
1/24/2017, 40.99, 41.6, 40.92, 41.34, 9845634, 0, 0, 0, 0, 0, -0.26069877141321, -0.260768236888616, 6.94654754058721E-05, 41.1230909090909, 40.6825, 40.6825, 40.6825
1/25/2017, 41.3, 41.94, 41.27, 41.61, 10041090, 0, 0, 0, 0, 0, -0.202664066369806, -0.249147402784854, 0.0464833364150481, 41.3050909090909, 40.8388235294117, 40.8388235294117, 40.8388235294117
1/26/2017, 41.98, 42.13, 41.69, 41.8, 7867182, 0, 0, 0, 0, 0, -0.13972902320053, -0.227263726867989, 0.0875347036674591, 41.5776363636363, 41.0074509803921, 41.0074509803921, 41.0074509803921
1/27/2017, 41.53, 41.75, 41.16, 41.3, 9019140, 0, 0, 0, 0, 0, -0.128714627290691, -0.20755390695253, 0.0788392796618388, 41.5778181818181, 41.0438596491228, 41.0438596491228, 41.0438596491228
1/30/2017, 41.07, 41.07, 39.59, 40.16, 13426432, 0, 0, 0, 0, 0, -0.209558452406455, -0.207954816043315, -0.00160363636314007, 41.1025454545454, 40.8525263157895, 40.8525263157895, 40.8525263157895
1/31/2017, 40.22, 40.25, 39.61, 40.08, 11517770, 0, 0, 0, 0, 0, -0.276891267498215, -0.221742106334295, -0.0551491611639199, 40.7445454545454, 40.6785714285714, 40.6785714285714, 40.6785714285714
2/1/2017, 40.33, 40.55, 39.31, 39.78, 13896741, 0, 0, 0, 0, 0, -0.350421065447627, -0.247477898156961, -0.102943167290666, 40.3270909090909, 40.4796536796537, 40.4796536796537, 40.4796536796537
2/2/2017, 39.81, 40.3, 39.31, 40.05, 10847595, 2.08692883895131, 0, 0, 0, 0, -0.382498017511146, -0.274481922027798, -0.108016095483348, 40.0501818181818, 40.3576679841897, 40.3576679841897, 40.3576679841897
2/3/2017, 40.22, 40.84, 39.95, 40.68, 12517919, 2.06126905113078, 0, 0, 0, 0, -0.353014170637714, -0.290188371749781, -0.0628257988879323, 40.0774545454545, 40.3571739130435, 40.3571739130435, 40.3571739130435
2/6/2017, 40.76, 40.96, 39.92, 40.06, 9173750, 2.11831761732401, 0, 0, 0, 0, -0.375350026555822, -0.307220702710989, -0.0681293238448322, 39.8290909090909, 40.2607, 40.2607, 40.2607
2/7/2017, 39.93, 40.06, 38.77, 39.09, 20531929, 2.22734237816577, 0, 0, 0, 0, -0.465951052969658, -0.338966772762723, -0.126984280206935, 39.4085454545454, 40.0319076923077, 40.0319076923077, 40.0319076923077
2/8/2017, 38.8, 39.45, 38.16, 39.18, 19233836, 2.27573948147971, -1.12203429292877, 0, 0, 0, -0.524445292433832, -0.376062476696945, -0.148382815736887, 39.1958181818181, 39.8467521367521, 39.8467521367521, 39.8467521367521
2/9/2017, 39.65, 40.03, 39.48, 39.9, 11810011, 2.22945612130718, -0.853261154843793, 0, 0, 0, -0.506861630561779, -0.402222307469912, -0.104639323091868, 39.4023636363636, 39.786746031746, 39.786746031746, 39.786746031746
2/10/2017, 40.51, 40.67, 40.18, 40.35, 10000393, 2.18977780119327, -0.614243972504572, 0, 0, 0, -0.451411620484684, -0.412060170072866, -0.039351450411818, 39.768, 39.7961083743842, 39.7961083743842, 39.7961083743842
2/13/2017, 40.15, 40.43, 39.86, 40.03, 6612869, 2.16811535259158, -0.622432465581046, 0, 0, 0, -0.428350653951526, -0.415318266848598, -0.0130323871029276, 39.8469090909091, 39.7635862068965, 39.7635862068965, 39.7635862068965
2/14/2017, 40.21, 40.44, 39.69, 40.35, 7162815, 2.13631164029812, -0.0736359858067168, 0, 0, 0, -0.37987439066827, -0.408229491612533, 0.0283551009442625, 40.0274545454545, 39.7763655913978, 39.7763655913978, 39.7763655913978
2/15/2017, 40.27, 40.48, 39.98, 40.19, 11307275, 2.09978019287702, -0.139865218875575, 0, 0, 0, -0.350328892190859, -0.396649371728198, 0.0463204795373389, 40.078, 39.7915698924731, 39.7690524193548, 39.7690524193548
2/16/2017, 40.26, 40.41, 39.42, 39.52, 14277155, 2.15386279489224, -0.573069087790321, 0, 0, 0, -0.376635651022625, -0.392646627587083, 0.0160109765644588, 39.9287272727273, 39.7468387096774, 39.6834659090909, 39.6834659090909
2/17/2017, 39.41, 39.62, 39.12, 39.32, 12198854, 2.12015831056547, -0.545206614824832, 0, 0, 0, -0.40890863129227, -0.395899028328121, -0.0130096029641495, 39.8652727272727, 39.6854193548387, 39.5843315508022, 39.5843315508022
2/21/2017, 39.81, 40.03, 39.57, 39.81, 10266046, 2.07853286945145, -0.234106174418704, 0, 0, 0, -0.390445483283671, -0.394808319319231, 0.0043628360355602, 39.9212727272727, 39.6833118279569, 39.5510924369748, 39.5510924369748
2/22/2017, 39.47, 39.52, 38.61, 38.66, 12292768, 2.18854303818467, -0.903606799816982, 0, 0, 0, -0.46326842449308, -0.408500340354001, -0.0547680841390794, 39.3996363636364, 39.4699354838709, 39.3959523809524, 39.3959523809524
2/23/2017, 39.37, 39.47, 38.08, 38.63, 18325487, 2.26064251005458, -0.893000135078274, 0, 0, 0, -0.517437185560354, -0.430287709395271, -0.0871494761650825, 38.9090909090909, 39.2652688172043, 39.2530480480481, 39.2530480480481
2/24/2017, 38.35, 38.47, 37.71, 37.87, 16755737, 2.3121782190451, -1.11541350124748, 0, 0, 0, -0.614607158640872, -0.467151599244392, -0.147455559396481, 38.33, 39.0035483870967, 39.0451778093883, 39.0451778093883
2/27/2017, 38.03, 38.39, 37.74, 38.17, 8824315, 2.26445060774105, -1.05997226904877, 0, 0, 0, -0.659801785314876, -0.505681636458489, -0.154120148856387, 38.0552727272727, 38.7814193548386, 38.8871255060728, 38.8871255060728
2/28/2017, 37.84, 38.15, 37.7, 37.86, 10648890, 2.23091325178558, -1.02907610612694, 0, 0, 0, -0.712420916921978, -0.547029492551187, -0.165391424370792, 37.7283636363636, 38.5197419354838, 38.7131538461538, 38.7131538461538
3/1/2017, 38.29, 38.96, 38.24, 38.89, 15306117, 2.20466075924331, -0.812848712843922, 0, 0, 0, -0.663362733230429, -0.570296140687035, -0.0930665925433936, 37.9396363636364, 38.448258064516, 38.6541341463415, 38.6541341463415
3/2/2017, 38.45, 38.74, 37.92, 37.95, 10012758, 2.27410524586623, -1.19887748645064, 0, 0, 0, -0.692352900044966, -0.594707492558621, -0.0976454074863449, 37.8738181818182, 38.2678279569891, 38.5125087108014, 38.5125087108014
3/3/2017, 38.06, 38.27, 37.68, 37.86, 9879236, 2.24345428886932, -1.30005667923365, 0, 0, 0, -0.71435541934359, -0.618637077915615, -0.0957183414279752, 37.7650909090909, 38.0886451612902, 38.3750055370986, 38.3750055370986
3/6/2017, 37.89, 38.15, 37.62, 38.1, 13134278, 2.18740998445571, -1.05005406745314, 0, 0, 0, -0.704307758744584, -0.635771214081409, -0.0685365446631747, 37.7898181818182, 37.9724516129031, 38.2708773784355, 38.2708773784355
3/7/2017, 38.25, 38.32, 37.49, 37.56, 10129392, 2.21840533512712, -0.909849092628011, 0, 0, 0, -0.731486283816643, -0.654914228028456, -0.0765720557881875, 37.7925454545454, 37.7786236559139, 38.1282727272727, 38.1282727272727
3/8/2017, 37.26, 37.56, 35.9, 35.95, 26439887, 2.43274378770531, -1.29934658575971, 0, 0, 0, -0.872877022447845, -0.698506786912334, -0.174370235535511, 37.1318181818181, 37.4434408602149, 37.8589371980676, 37.8589371980676
3/9/2017, 35.77, 36.32, 35.27, 36.2, 27299266, 2.44017354170181, -1.112106435879, 0, 0, 0, -0.95376290573499, -0.749558010676865, -0.204204895058125, 36.6992727272727, 37.1927526881719, 37.6315541165587, 37.6315541165587
3/10/2017, 36.52, 36.57, 35.8, 36.11, 14491941, 2.43056128770771, -1.23603514060529, 0, 0, 0, -1.01344543075216, -0.802335494691924, -0.211109936060233, 36.2161818181818, 36.9782150537633, 37.4142287234043, 37.4142287234043
3/13/2017, 36.04, 36.66, 36.04, 36.36, 12960824, 2.37841555814546, -1.37378656732578, 0, 0, 0, -1.02871298817869, -0.847610993389277, -0.181101994789413, 35.9754545454545, 36.7987741935483, 37.2335459183674, 37.2335459183674
3/14/2017, 35.74, 36, 35, 35.88, 23724829, 2.479242759461, -1.3524054172091, 0, 0, 0, -1.06724212304929, -0.891537219321279, -0.175704903728011, 35.6056363636363, 36.5143010752687, 37.0284489795918, 37.0284489795918
3/15/2017, 36.3, 37.08, 36.02, 36.97, 25657985, 2.44813277519577, -0.627655190754675, 0, 0, 0, -0.998314896830536, -0.912892754823131, -0.0854221420074051, 35.9263636363636, 36.3904086021504, 36.9230117647059, 36.9230117647059
3/16/2017, 37.13, 37.13, 36.54, 36.57, 16291940, 2.4318319733125, -0.782555801952929, -1.29179197060827, 0, 0, -0.964844108233727, -0.92328302550525, -0.041561082728477, 36.0256363636363, 36.2158279569891, 36.795173453997, 36.795173453997
3/17/2017, 36.76, 36.87, 36.34, 36.44, 12223780, 2.39120445940824, -1.08142624249319, -1.37608292088341, 0, 0, -0.937995551831854, -0.926225530770571, -0.011770021061283, 36.1372727272726, 36.0634623655913, 36.6670101596517, 36.6670101596517
3/20/2017, 36.01, 36.56, 35.88, 36.49, 18780511, 2.36170775488612, -1.22295034124332, -1.33169308219843, 0, 0, -0.90228234608302, -0.921436893833061, 0.0191545477500411, 36.3916363636363, 35.9827311827955, 36.5517610062893, 36.5517610062893
3/21/2017, 36.6, 36.62, 35.52, 35.69, 15317017, 2.44801849753445, -1.36683620864169, -1.44992041085963, 0, 0, -0.927837158147803, -0.922716946696009, -0.00512021145179342, 36.3494545454545, 35.7861935483869, 36.3871313131313, 36.3871313131313
3/22/2017, 35.45, 35.76, 35.03, 35.31, 20890086, 2.45401560940681, -1.61197500034487, -1.31879846767031, 0, 0, -0.967598482037324, -0.931693253764272, -0.0359052282730521, 35.9559999999999, 35.5049677419353, 36.2068051948052, 36.2068051948052
3/23/2017, 35.2, 35.62, 35.05, 35.17, 11402202, 2.42162998606047, -1.6119696424389, -1.35814654366709, 0, 0, -0.998891844263731, -0.945132971864164, -0.0537588723995671, 35.5990909090908, 35.2363655913977, 36.0287218045113, 36.0287218045113
3/24/2017, 35.29, 35.48, 35.06, 35.21, 12460037, 2.35757711670717, -1.4021610613895, -1.45406545703499, 0, 0, -1.00883516972016, -0.957873411435364, -0.0509617582848001, 35.2941818181817, 35.0467096774192, 35.8650272232305, 35.8650272232305
3/27/2017, 34.63, 35.47, 34.56, 35.37, 14313379, 2.35820683532079, -1.27421192836238, -1.33896704141021, 0, 0, -0.992365294568131, -0.964771788061918, -0.0275935065062134, 35.1436363636363, 34.9376129032256, 35.7227060198714, 35.7227060198714
3/28/2017, 35.52, 36.41, 35.33, 36.29, 29429699, 2.33230330606315, -1.05571543218695, -0.98393501383018, 0, 0, -0.894762226633432, -0.950769875776221, 0.0560076491427886, 35.268909090909, 34.9560430107525, 35.650406779661, 35.650406779661
3/29/2017, 36.26, 37.37, 36.19, 37.26, 20053662, 2.31635326430971, -0.390719784927757, -0.860479492637317, 0, 0, -0.730716948603295, -0.906759290341635, 0.176042341738341, 35.9249090909089, 35.143010752688, 35.6462349726776, 35.6462349726776
3/30/2017, 37.56, 37.7, 36.94, 36.94, 20043931, 2.32246769076261, -0.480911416805992, -0.925063616021346, 0, 0, -0.619391252726658, -0.84928568281864, 0.229894430091982, 36.3745454545453, 35.2986451612901, 35.6227075621364, 35.6227075621364
3/31/2017, 36.85, 37.54, 36.77, 37.44, 15009599, 2.27971043461358, -0.0927005637658371, -0.766671968504614, 0, 0, -0.485225636268019, -0.776473673508516, 0.291248037240497, 36.9507272727271, 35.4940215053762, 35.6328264208909, 35.6328264208909
4/3/2017, 37.39, 37.55, 36.68, 37.29, 20578579, 2.2910898562171, -0.234796477297302, -0.847489804470407, 0, 0, -0.386546299882845, -0.698488198783382, 0.311941898900537, 37.4305454545453, 35.670451612903, 35.6339136904762, 35.6339136904762
4/4/2017, 37.37, 37.83, 37.03, 37.79, 15687665, 2.25358570260437, 0.0207863519453331, -0.623802454697942, 0, 0, -0.264942303571004, -0.611779019740906, 0.346836716169902, 37.8794545454544, 35.9560860215052, 35.6662596153846, 35.6662596153846
4/5/2017, 38.22, 38.64, 36.87, 36.9, 37799302, 2.43238085410157, -0.588349890445271, -0.976443727831648, 0, 0, -0.237646382773171, -0.536952492347359, 0.299306109574188, 37.8303636363635, 36.0651612903224, 35.6441258741259, 35.6441258741259
4/6/2017, 37.21, 37.65, 37.1, 37.41, 17515958, 2.37950042343038, -0.135067591420843, -0.903533482289892, 0, 0, -0.172868708270329, -0.464135735531953, 0.291267027261624, 37.8427272727271, 36.2483010752686, 35.6540886476707, 35.6540886476707
4/7/2017, 37.56, 37.63, 37.05, 37.22, 17518617, 2.34997999189963, -0.168091191729223, -0.992005251268693, 0, 0, -0.135303650374709, -0.398369318500504, 0.263065668125795, 37.6752727272725, 36.3645376344084, 35.6531474978051, 35.6531474978051
4/10/2017, 37.54, 37.97, 37.38, 37.84, 11054858, 2.29500376674363, -0.0408054330868328, -0.726184813642382, 0, 0, -0.0548717258083471, -0.329669799962073, 0.274798074153726, 37.6443636363635, 36.5836344086019, 35.6886061381074, 35.6886061381074
4/11/2017, 37.84, 37.89, 37.26, 37.89, 14295625, 2.26051188722354, 0.148028338994547, -0.480691729967912, 0, 0, 0.0127586621089861, -0.261184107547861, 0.273942769656847, 37.6799999999998, 36.7905376344084, 35.7257805383023, 35.7257805383023
4/12/2017, 37.88, 38.32, 37.12, 37.21, 20100970, 2.34797784564781, 0.517200483916715, -0.620226344685919, 0, 0, 0.0113550211654854, -0.206676281805192, 0.218031302970677, 37.5874545454544, 36.9796344086019, 35.7237102615694, 35.7237102615694
4/13/2017, 37.31, 37.35, 36.22, 36.33, 20409392, 2.44012779671696, 0.0851324525741937, -0.753248247529721, 0, 0, -0.0600735296724793, -0.177355731378649, 0.11728220170617, 37.1296363636362, 37.0052473118277, 35.6737910798122, 35.6737910798122
4/17/2017, 36.37, 36.49, 36.06, 36.49, 9977524, 2.36687724614938, 0.176365601215128, -0.775609016353201, 0, 0, -0.10258793811051, -0.162402172725021, 0.0598142346145115, 36.8603636363635, 37.0556129032256, 35.6355441400304, 35.6355441400304
4/18/2017, 36.22, 36.6, 35.71, 35.94, 14985786, 2.40676080067867, -0.113257311552062, -1.05726275904562, 0, 0, -0.178602498133351, -0.165642237806687, -0.0129602603266638, 36.4229090909089, 37.0610322580643, 35.5701406886338, 35.5701406886338
4/19/2017, 36.05, 36.14, 34.86, 34.95, 25750064, 2.53430712496629, -0.2868318692166, -1.14655153132246, 0, 0, -0.315097067973092, -0.195533203839968, -0.119563864133124, 35.8170909090907, 36.9187741935481, 35.4558918918919, 35.4558918918919
4/20/2017, 35.12, 35.39, 34.98, 34.99, 21277279, 2.4677145560644, -0.708823641147161, -0.939865809747249, 0, 0, -0.415255525050114, -0.239477668081997, -0.175777856968116, 35.2019999999998, 36.6910967741933, 35.3495298245614, 35.3495298245614
4/21/2017, 35.1, 35.37, 34.73, 35.11, 21830495, 2.42745843636737, -0.518143055308126, -0.929307309335823, 0, 0, -0.47942234441188, -0.287466603347974, -0.191955741063906, 34.8345454545453, 36.5015053763438, 35.2547265892003, 35.2547265892003
4/24/2017, 35.45, 35.67, 35.14, 35.38, 11456857, 2.36762754143063, -0.362336373819275, -1.03913951626997, 0, 0, -0.502693529445608, -0.330511988567501, -0.172181540878107, 34.647818181818, 36.347204301075, 35.1784615384615, 35.1784615384615
4/25/2017, 35.42, 36.12, 35.22, 36.09, 13319841, 2.32968493474716, -0.105245618071464, -0.946783383758656, 0, 0, -0.45855906154388, -0.356121403162777, -0.102437658381104, 34.9307272727271, 36.3043655913976, 35.141817591691, 35.141817591691
4/26/2017, 35.83, 36.74, 35.76, 35.87, 15575590, 2.36337922582307, 0.10511069968911, -0.930960267981796, 0, 0, -0.436304887985045, -0.37215810012723, -0.0641467878578149, 35.2430909090907, 36.2033548387094, 35.0963639240507, 35.0963639240507
4/27/2017, 35.57, 35.58, 34.65, 35.25, 20205681, 2.45775013301447, 0.0148815350397659, -1.15304289927594, 0, 0, -0.463355835903513, -0.390397647282487, -0.0729581886210264, 35.3154545454544, 36.0964086021503, 35.0229537037037, 35.0229537037037
4/28/2017, 35.57, 35.63, 34.87, 34.95, 12603091, 2.46363111814941, -0.0454763719833684, -1.19219373833351, 0, 0, -0.50320081406295, -0.41295828063858, -0.0902425334243703, 35.2150909090907, 35.935827956989, 34.9386269196025, 34.9386269196025
5/1/2017, 34.83, 35.07, 34.7, 34.89, 10700257, 2.39749820006752, -0.0833219715376942, -1.06695495926115, 0, 0, -0.533470232118773, -0.437060670934618, -0.0964095611841549, 35.2012727272726, 35.7694193548384, 34.8554687040846, 34.8554687040846
5/2/2017, 34.93, 35.42, 34.4, 34.67, 17266586, 2.43917728844356, -0.227021012972207, -1.0778224836188, 0, 0, -0.56865601285061, -0.463379739317817, -0.105276273532793, 35.0887272727271, 35.5884301075266, 34.765843373494, 34.765843373494
5/3/2017, 34.69, 35, 34.27, 34.69, 19703114, 2.42110010841226, -0.604497418414599, -1.19546653373961, 0, 0, -0.588147367978401, -0.488333265049934, -0.0998141029284672, 34.8543636363634, 35.3683870967739, 34.6813193277311, 34.6813193277311
5/4/2017, 34.3, 36.49, 33.01, 33.51, 30432058, 2.900285425926, -1.45427048245484, -1.22722387881538, 0, 0, -0.690846892731187, -0.528835990586184, -0.162010902145003, 34.2345454545453, 34.9797419354836, 34.54614500684, 34.54614500684
5/5/2017, 33.66, 34.86, 33.55, 34.83, 20716402, 2.84464933653865, -0.669569179040876, -0.81113684415813, 0, 0, -0.658137438987865, -0.554696280266521, -0.103441158721344, 34.1754545454543, 34.7608602150535, 34.4772093023256, 34.4772093023256
5/8/2017, 34.86, 35.42, 34.61, 35.29, 12937039, 2.78195464925075, -0.674049472301594, -0.536449606400255, 0, 0, -0.588315075639244, -0.561420039341065, -0.0268950362981787, 34.3445454545452, 34.605204301075, 34.4322701149425, 34.4322701149425
5/9/2017, 35.34, 35.43, 34.77, 34.84, 15670858, 2.77171126846889, -0.774041181071067, -0.710125477576862, 0, 0, -0.562803935401561, -0.561696818553164, -0.00110711684839682, 34.5050909090907, 34.4026021505373, 34.3694484167518, 34.3694484167518
5/10/2017, 35.24, 35.87, 35.09, 35.64, 16484635, 2.71852131211513, -0.641271064936943, -0.439411440390789, 0, 0, -0.472585190937259, -0.543874493029983, 0.0712893020927241, 34.9661818181816, 34.3662580645158, 34.3448764044944, 34.3448764044944
5/11/2017, 35.9, 35.95, 35.27, 35.43, 14116895, 2.69386662674553, -0.449004029645422, -0.73370116127286, 0, 0, -0.413267539964515, -0.51775310241689, 0.104485562452375, 35.2432727272726, 34.3721290322577, 34.3125152625153, 34.3125152625153
5/12/2017, 35.45, 35.59, 35.15, 35.29, 11006127, 2.63166647368417, -0.675526039176981, -0.572182842408901, 0, 0, -0.373252086467758, -0.488852899227064, 0.115600812759305, 35.4021818181816, 34.350709677419, 34.2839877899878, 34.2757668418539
5/15/2017, 36.22, 36.28, 35.34, 35.55, 15402028, 2.62103894130798, -0.519546636859429, -0.486381410950449, 0, 0, -0.31690662191653, -0.454463643764957, 0.137557021848427, 35.6203636363635, 34.4062580645158, 34.276192918193, 34.2519495091165
5/16/2017, 35.7, 35.7, 34.96, 35.21, 14837732, 2.61911495726566, -0.859603322612783, -0.623707961312577, 0, 0, -0.296272350579628, -0.422825385127891, 0.126553034548264, 35.6410909090907, 34.4208602150534, 34.2555262515263, 34.2150469000229
5/17/2017, 34.9, 35.33, 34.66, 34.69, 17343184, 2.62202611020633, -1.05119180326362, -0.628491431567954, 0, 0, -0.318211057075452, -0.401902519517403, 0.0836914624419516, 35.4567272727271, 34.4162365591394, 34.2102735042735, 34.1581343784995
5/18/2017, 34.56, 34.88, 34.22, 34.69, 11556509, 2.58605308373897, -0.842709863097738, -0.276761735782133, 0, 0, -0.331773165502938, -0.38787664871451, 0.0561034832115725, 35.0363636363635, 34.3722795698921, 34.1442075702076, 34.1036973684211
5/19/2017, 34.99, 35.62, 34.83, 35.52, 16431258, 2.53025541669931, -0.239924539448775, -0.116778352161042, 0, 0, -0.272407032042963, -0.364782725380201, 0.0923756933372376, 35.1023636363635, 34.4818924731179, 34.1187521367522, 34.0856679553265
5/22/2017, 35.81, 35.81, 35.08, 35.24, 12240002, 2.52641710502558, -0.392066386072474, -0.165324330067172, 0, 0, -0.245126932813143, -0.340851566866789, 0.0957246340536462, 35.1259999999998, 34.5555053763437, 34.0936678876679, 34.0573027561541
5/23/2017, 35.27, 35.33, 34.88, 35.21, 15797356, 2.46604350588033, -0.218967497254242, -0.236145665180251, 0, 0, -0.223353328769122, -0.317351919247256, 0.0939985904781342, 35.0519999999999, 34.6794193548383, 34.0652698412699, 34.0291156462585
5/24/2017, 35.1, 35.46, 34.52, 34.75, 18333162, 2.50900495683292, -0.0382468259541238, -0.234938818238797, 0, 0, -0.240444056896813, -0.301970346777167, 0.0615262898803545, 34.958909090909, 34.765268817204, 34.0152454212455, 33.9839818181819
5/25/2017, 34.57, 35.45, 33.6, 33.85, 28479704, 2.72019279578868, -0.37557989130294, -0.756722103952676, 0, 0, -0.322888997089194, -0.306154076839573, -0.0167349202496215, 34.5614545454544, 34.7118494623653, 33.9442930402931, 33.9053128712872
5/26/2017, 33.97, 34.03, 33.57, 33.93, 12902336, 2.64587680019377, -0.389225138512372, -0.63729828626895, -1.35097502160377, 0, -0.377421198127792, -0.320407501097216, -0.0570136970305751, 34.2498181818181, 34.6315913978491, 33.880822954823, 33.8328246942342
5/30/2017, 33.61, 33.66, 32.97, 32.98, 20677190, 2.73153031652656, -0.801146703862369, -0.838630550973521, -1.54866730412577, 0, -0.491628236569689, -0.354651648191711, -0.136976588377978, 33.7361818181817, 34.4569462365588, 33.7785982905984, 33.726443936798
5/31/2017, 32.58, 32.8, 32.07, 32.57, 21133484, 2.76731889306397, -1.23355314395701, -0.95874737628014, -1.60682134613423, 0, -0.608210637211407, -0.40536344599565, -0.202847191215757, 33.1530909090908, 34.2162580645158, 33.6685054945056, 33.6083028379388
6/1/2017, 32.8, 33.34, 32.46, 33.01, 20025268, 2.72720380277912, -0.968583653345417, -0.646478128989795, -1.4623697746482, 0, -0.657519234441104, -0.455794603684741, -0.201724630756363, 32.7619999999999, 33.9871397849459, 33.5743614163614, 33.5111318681319
6/2/2017, 32.69, 32.71, 31.99, 32.32, 18469722, 2.80395258828131, -1.00413052490535, -0.730192393677778, -1.42553905244264, 0, -0.74370096464169, -0.513375875876131, -0.230325088765559, 32.2241818181817, 33.6856559139781, 33.4699120879121, 33.3916064690027
6/5/2017, 32.13, 32.49, 31.98, 32.22, 12083758, 2.75116574396615, -0.940679945423333, -0.722540565892678, -1.44605430791364, 0, -0.810724246540808, -0.572845550009066, -0.237878696531742, 31.9470909090908, 33.396709677419, 33.3736996336997, 33.2726185857874
6/6/2017, 32.17, 33.13, 32, 33.04, 22882365, 2.71974673901513, -0.579804527662858, -0.492525751307925, -1.32560249075753, 0, -0.788583236672139, -0.615993087341681, -0.172590149330458, 32.0772727272726, 33.2484516129029, 33.3244322344322, 33.1880633437176
6/7/2017, 32.81, 33.05, 31.57, 31.68, 28473795, 2.92826422488027, -0.896676642187662, -0.841290211617242, -1.50212155921517, 0, -0.870739616556541, -0.666942393184653, -0.203797223371889, 31.8516363636363, 32.9900645161286, 33.2110231990232, 33.0568943255182
6/8/2017, 31.54, 31.98, 31.37, 31.43, 26648552, 2.90101941177208, -0.985447817230305, -1.14965436885875, -1.5126854627992, 0, -0.94512721200379, -0.72257935694848, -0.22254785505531, 31.6401818181817, 32.7137419354835, 33.0684004884005, 32.9211943286072
6/9/2017, 31.6, 32.79, 31.48, 32.61, 27990091, 2.86476811120505, -0.227604434177652, -1.03143649117933, -1.34245719183983, 0, -0.898506357017979, -0.75776475696238, -0.140741600055599, 31.8374545454544, 32.5744516129028, 32.9819755799756, 32.8324471744472
6/12/2017, 33.03, 33.37, 32.62, 32.82, 24546041, 2.81989895493836, -0.616342333396554, -0.906938439052643, -1.29205552640841, 0, -0.834988520695553, -0.773209509709015, -0.0617790109865386, 32.190909090909, 32.458838709677, 32.9035360195361, 32.7542857142857
6/13/2017, 32.86, 33.68, 32.72, 33.66, 23594652, 2.75465328330431, -0.463403303170978, -0.79430597650779, -1.10260999141753, 0, -0.708699748412222, -0.760307557449656, 0.0516078090374341, 32.7050909090908, 32.4595483870964, 32.8729133089134, 32.7084908343869
6/14/2017, 33.34, 33.42, 32.1, 32.2, 33877755, 2.97781205093857, -0.729688341085987, -1.05541457778511, -1.35288732756837, 0, -0.718146439661325, -0.75187533389199, 0.0337288942306651, 32.5958181818181, 32.2682795698921, 32.7971526251527, 32.61344201211
6/15/2017, 32.09, 32.36, 31.17, 31.41, 25871090, 3.08950240809331, -1.21856228147701, -1.33845734687882, -1.42524661809254, 0, -0.78038363149853, -0.757576993413298, -0.0228066380852321, 32.3218181818181, 31.9940430107523, 32.6792942612943, 32.4942639206713
6/16/2017, 31.67, 31.67, 31.18, 31.65, 14470439, 2.99018031931438, -1.07436001752057, -1.11070475586065, -1.47823722920242, 0, -0.801106404231398, -0.766282875576918, -0.0348235286544794, 32.0799999999999, 31.6927526881716, 32.5567081807082, 32.3872548725637
6/19/2017, 31.8, 31.93, 31.46, 31.56, 15067724, 2.92323342050017, -1.0631882480201, -1.24912193057575, -1.53538213220895, 0, -0.815392264301515, -0.776104753321838, -0.0392875109796774, 31.8236363636363, 31.4800430107523, 32.4376385836386, 32.2807161803714
6/20/2017, 31.01, 31.37, 30.39, 31.19, 29794571, 2.99757564647117, -1.2598230361071, -1.29791441847516, -1.63021196214236, 0, -0.846808339692053, -0.790245470595881, -0.0565628690961726, 31.6394545454544, 31.272150537634, 32.3239780219781, 32.1651803563668
6/21/2017, 31.04, 31.42, 29.9, 30.17, 40115298, 3.19587885955466, -1.44044187866374, -1.65892972531412, -1.72808023107992, 0, -0.943139357850537, -0.820824248046812, -0.122315109803725, 30.9318181818181, 30.9312903225802, 32.1821123321124, 32.0192323030908
6/22/2017, 30.39, 30.74, 30.13, 30.21, 20245787, 3.13302489020609, -1.28662903052927, -1.65889318910768, -1.57644869958912, 0, -1.00467346771431, -0.857594091980311, -0.147079375733994, 30.2703636363635, 30.6789677419351, 32.0423418803419, 31.8791974789916
6/23/2017, 30.34, 31.03, 30.2, 31.02, 18280918, 3.03243867944776, -0.982301489486563, -1.28963708950268, -1.38773735149952, 0, -0.976819297747575, -0.881439133133764, -0.0953801646138114, 30.1912727272726, 30.5504516129028, 31.9522832722833, 31.7702079889807
6/26/2017, 31.2, 31.58, 30.85, 31.1, 20386058, 2.99076962844521, -1.22157181153508, -1.10565436976218, -1.32978537771078, 0, -0.937482619879081, -0.892647830482827, -0.0448347893962536, 30.2685454545454, 30.4512043010748, 31.8690012210013, 31.6672876304024
6/27/2017, 31.31, 31.61, 31.09, 31.13, 15385390, 2.92201377039556, -1.13519472231913, -1.13288415386005, -1.36498073895611, 0, -0.893586560353864, -0.892835576457034, -0.00075098389682926, 30.6179999999999, 30.4001290322576, 31.778800976801, 31.5685965613755
6/28/2017, 31.11, 31.72, 30.93, 31.31, 17161847, 2.88611224014031, -1.06691788688244, -0.977382125413553, -1.42862338355768, 0, -0.834652763741758, -0.881199013913979, 0.0465462501722211, 30.8756363636363, 30.3777419354834, 31.698170940171, 31.4788014686599
6/29/2017, 31.53, 32.15, 31.45, 31.7, 19537537, 2.84056673586289, -0.816061068110842, -0.682750313084224, -1.2670189294132, 0, -0.747856737749462, -0.854530558681076, 0.106673820931614, 31.1585454545454, 30.3953333333329, 31.6513455433456, 31.4042761290323
6/30/2017, 31.92, 32.27, 31.51, 31.92, 17627862, 2.79898706925159, -0.515073353208684, -0.637034350619546, -1.09421343816956, 0, -0.653781711826731, -0.814380789310207, 0.160599077483476, 31.5496363636363, 30.4601290322576, 31.5945225885226, 31.339100952381
7/3/2017, 32.18, 32.78, 32.11, 32.61, 9018922, 2.7346361204534, -0.321028929401267, -0.49050313568513, -0.972869157034083, 0, -0.517582968305192, -0.755021225109204, 0.237438256804012, 32.1463636363636, 30.6856774193544, 31.5721318681319, 31.2976890388701
7/5/2017, 32.32, 32.32, 31.37, 31.5, 21279149, 2.88627491090749, -0.372176377573823, -0.784294000571228, -1.26280650714876, 0, -0.493523178158064, -0.702721615718976, 0.209198437560912, 32.2283636363636, 30.7704946236555, 31.4887423687424, 31.2231766732284
7/6/2017, 31.85, 31.9, 30.68, 30.79, 23737114, 3.00330551181899, -0.459863980439431, -1.10073077159242, -1.45102387416117, 0, -0.525686896097966, -0.667314671794774, 0.141627775696808, 31.8441818181818, 30.7873548387092, 31.3856507936508, 31.1290697674419
7/7/2017, 30.56, 30.69, 29.92, 30.66, 22767459, 3.00711636899744, -0.629049888437475, -1.08716311910111, -1.43049984169385, 0, -0.55526602672213, -0.644904942780245, 0.0896389160581154, 31.3892727272727, 30.7855698924727, 31.2753943833944, 31.0338223017293
7/10/2017, 30.5, 31.25, 30.43, 31.13, 13950869, 2.94533499774457, -0.294036478224339, -0.844271046810619, -1.38401791067211, 0, -0.534619863801208, -0.622847926984438, 0.0882280631832302, 31.2341818181818, 30.8098064516125, 31.2138461538462, 30.9557240164416
7/11/2017, 31.13, 31.72, 30.83, 31.41, 11417141, 2.91479989034699, -0.180991216912715, -0.714001787513496, -1.30770082988452, 0, -0.490015378734373, -0.596281417334425, 0.106266038600052, 31.1858181818181, 30.8924516129028, 31.1493333333334, 30.8884559333796
7/12/2017, 31.86, 32.2, 31.25, 31.4, 20042070, 2.92121564738882, -0.432821152001152, -0.703697313280744, -1.21899162810265, 0, -0.450282344807544, -0.567081602829049, 0.116799258021505, 31.1230909090909, 30.9267526881716, 31.0871746031747, 30.8229630895421
7/13/2017, 31.43, 31.67, 31.13, 31.64, 12910813, 2.83943940460204, 0.0357912639502164, -0.600298028441303, -1.14512131963151, 0, -0.394875753043703, -0.53264043287198, 0.137764679828277, 31.1645454545454, 30.9743655913974, 31.0455726495727, 30.7666199079789
7/14/2017, 31.78, 32.01, 31.63, 31.91, 10043849, 2.73418582336346, 0.205112187151376, -0.540644856883464, -1.16930219870168, 0, -0.325427560031649, -0.491197858303913, 0.165770298272265, 31.3592727272727, 31.0915698924727, 31.0085054945055, 30.7200066334992
7/17/2017, 31.82, 32.24, 31.7, 31.89, 8824828, 2.68377159430391, -0.204239540015228, -0.305796505761415, -1.02053947898417, 0, -0.268903448013301, -0.446738976245791, 0.17783552823249, 31.5796363636363, 31.1673333333329, 30.9389255189256, 30.674302832244
7/18/2017, 32.21, 32.23, 31.29, 31.5, 15343668, 2.73035562968997, -0.411199135660766, -0.726384328946732, -1.08457822910074, 0, -0.252664859417571, -0.407924152880147, 0.155259293462576, 31.8049090909091, 31.1897204301071, 30.8608278388279, 30.6187140403607
7/19/2017, 31.53, 32.7, 31.4, 32.66, 23633359, 2.70073154373767, -0.274071419646321, -0.520567260149439, -0.745723964190641, 0, -0.14452733434209, -0.355244789172536, 0.210717454830446, 32.2694545454545, 31.4186021505372, 30.8348791208792, 30.5983243414789
7/20/2017, 32.9, 32.97, 31.97, 32.04, 20447602, 2.77139817751401, -0.0154337952625627, -0.564903204544979, -0.894425402984831, 0, -0.107615856469938, -0.305719002632016, 0.198103146162078, 32.3145454545455, 31.4806021505372, 30.7899120879122, 30.5609571473257
7/21/2017, 32.02, 32.15, 31.52, 31.65, 18306222, 2.76479676863101, 0.133450994408287, -0.842199813602903, -0.916201848782754, 0, -0.10858132700919, -0.266291467507451, 0.157710140498261, 32.1307272727273, 31.4741290322576, 30.7203956043957, 30.5137029804728
7/24/2017, 31.83, 31.93, 31.43, 31.62, 9641757, 2.70811280331476, 0.0297711444586357, -0.804649092258407, -1.08884596814482, 0, -0.110493518149525, -0.235131877635866, 0.124638359486341, 31.9765454545455, 31.5410967741931, 30.6768888888889, 30.4670516717326
7/25/2017, 32.21, 32.98, 32.12, 32.63, 19641030, 2.70147105420693, 0.422977477252483, -0.513083369814247, -0.761802380848023, 0, -0.0301626876395389, -0.1941380396366, 0.163975351997062, 32.2005454545455, 31.7566021505371, 30.6725616605617, 30.4501748077115
7/26/2017, 32.9, 33.26, 32.42, 32.58, 22370189, 2.69924955413854, 0.544727402685432, -0.580329364892119, -0.757084356718272, 0, 0.0291297030750037, -0.14948449109428, 0.178614194169283, 32.3387272727273, 32.0229892473113, 30.6660463980465, 30.4325893824486
7/27/2017, 32.63, 32.98, 32.29, 32.91, 13272395, 2.64340543756128, 1.13015172772966, -0.433204598912956, -0.734877599789715, 0, 0.101576679240814, -0.0992722570272608, 0.200848936268075, 32.5745454545455, 32.2408817204296, 30.6778949938951, 30.4248339160839
7/28/2017, 32.87, 33.54, 32.58, 32.84, 15980718, 2.66275119679156, 1.08460784483944, -0.341188555066167, -0.668821472366367, 0, 0.151595516074529, -0.0490987024069028, 0.200694218481432, 32.7709090909092, 32.3926451612898, 30.6715286935288, 30.4156053639847
7/31/2017, 32.77, 32.85, 32.1, 32.52, 15875463, 2.66981893719259, 0.649711672693327, -0.412986633165894, -0.495252500500425, 0, 0.163529413695535, -0.00657307918641521, 0.17010249288195, 32.8020000000001, 32.5105806451608, 30.6448180708182, 30.3981209258385
8/1/2017, 32.48, 32.66, 32.06, 32.28, 12999177, 2.64812225048413, 0.517338746827323, -0.657083978504308, -0.57861844606754, 0, 0.151870451276722, 0.0251156269062121, 0.126754824370509, 32.6378181818182, 32.5864516129027, 30.6065494505495, 30.3748001118256
8/2/2017, 32.03, 32.09, 31.26, 31.66, 28810175, 2.72606812802737, 0.249912884308806, -0.737228898585181, -0.671979435444697, 0, 0.091546529708971, 0.0384018074667639, 0.0531447222422071, 32.4489090909092, 32.554344086021, 30.5441855921857, 30.3355828277257
8/3/2017, 31.7, 31.73, 30.41, 30.55, 21877774, 2.89990019923663, -0.236462910715191, -0.965483801617775, -0.898505041567295, 0, -0.0453060758464936, 0.0216602308041124, -0.066966306650606, 31.807090909091, 32.3103655913973, 30.439457875458, 30.2678369308907
8/4/2017, 30.66, 31.36, 30.55, 31.27, 14514765, 2.82098987951216, -0.106809542825359, -0.688196245055585, -0.684620056080891, 0, -0.0945745722122098, -0.00158672979915203, -0.0929878424130577, 31.4172727272728, 32.1579569892468, 30.3901782661783, 30.2210523489933
8/7/2017, 31.11, 31.12, 30.54, 30.76, 10471964, 2.84303432560884, -0.361311230531354, -0.625247389896265, -0.95954098973045, 0, -0.172781233784068, -0.0358256305961353, -0.136955603187933, 30.8660000000001, 31.9879999999995, 30.3438388278389, 30.1621306843267
8/8/2017, 30.58, 31.23, 30.48, 30.71, 14786197, 2.82739007043118, -0.638373625043125, -0.65450179969386, -0.908372545679972, 0, -0.236073846311491, -0.0758752737392065, -0.160198572572285, 30.5463636363637, 31.8187096774188, 30.2929645909647, 30.103495120251
8/9/2017, 30.85, 31.16, 30.6, 30.82, 22102753, 2.76728395878632, -0.225940826750903, -0.432912220231596, -0.867315086458658, 0, -0.27419684648185, -0.115539588287735, -0.158657258194115, 30.3594545454546, 31.6678924731178, 30.262573870574, 30.0493059855522
8/10/2017, 31.05, 31.22, 30.34, 30.37, 15997569, 2.81275294795208, -0.131717455913118, -0.448302244253726, -0.95597581592741, 0, -0.336837979418945, -0.159799266513977, -0.177038712904968, 30.179090909091, 31.4739784946231, 30.2140293040294, 29.9849350649351
8/11/2017, 30.36, 30.56, 30.12, 30.43, 13911070, 2.73914366341898, -0.0543097287719854, -0.536565655831853, -0.825340769804038, 0, -0.377290855886255, -0.203297584388433, -0.173993271497822, 30.1440000000001, 31.3197419354833, 30.1842881562882, 29.9237955592795
8/14/2017, 30.53, 30.65, 30.05, 30.1, 9882718, 2.73038320910124, -0.386334578024315, -0.465615537975897, -0.826421458094911, 0, -0.431009880401827, -0.248840043591112, -0.182169836810716, 30.0623636363637, 31.1464946236554, 30.1257362637363, 29.8558263027295
8/15/2017, 30.02, 30.06, 29.61, 29.97, 14735117, 2.68686379260094, -0.559466123279741, -0.474709312433585, -0.828423810502626, 0, -0.478556012083232, -0.294783237289536, -0.183772774793696, 30.0198181818182, 31.0144946236554, 30.0778168498169, 29.7863016495182
8/16/2017, 30.01, 30.26, 29.42, 29.55, 13580330, 2.73093206331768, -0.726005420542615, -0.783121364803819, -0.912991469289499, 0, -0.543857898590513, -0.344598169549731, -0.199259729040782, 29.8341818181819, 30.7722365591393, 30.0127667887669, 29.7079472708216
8/17/2017, 29.4, 29.9, 29.1, 29.1, 13738942, 2.77196186761119, -1.01085870265668, -0.610394905765927, -1.02357915760631, 0, -0.624719970371533, -0.400622529714092, -0.224097440657442, 29.3861818181819, 30.4381290322575, 29.9474432234433, 29.6202603295916
8/18/2017, 29.18, 29.7, 28.98, 29.46, 14955025, 2.72338376884289, -0.954766535868017, -0.447574326753396, -1.11176939214801, 0, -0.652236180794027, -0.450945259930079, -0.201290920863948, 29.2856363636364, 30.1519354838704, 29.90536996337, 29.5436894654088
8/21/2017, 29.36, 29.37, 28.96, 29.09, 13323821, 2.70606192982488, -1.09689602439167, -0.883249143796967, -1.35422053626849, 0, -0.695877243879526, -0.499931656719968, -0.195945587159558, 29.0540000000001, 29.8578709677414, 29.8381880341881, 29.4598447204969
8/22/2017, 29.19, 29.46, 29.19, 29.34, 9063881, 2.61190778669651, -0.835298565524416, -0.864200933415106, -1.25248817212952, 0, -0.702195715027653, -0.540384468381505, -0.161811246646148, 28.9898181818183, 29.6273548387091, 29.7683272283273, 29.3841890959282
8/23/2017, 29.27, 29.86, 29.1, 29.62, 8450624, 2.58614806679918, -1.32693221576657, -1.01917347378621, -1.27808480113865, 0, -0.676807671453936, -0.567669108995991, -0.109138562457945, 29.119090909091, 29.4450537634403, 29.7193821733823, 29.3172309323639
8/24/2017, 29.49, 29.84, 29.44, 29.69, 7228407, 2.51841092797784, -1.05047030685106, -0.675021313113246, -1.24059800783919, 0, -0.643619800603261, -0.582859247317445, -0.0607605532858159, 29.2480000000001, 29.2991182795693, 29.6663076923078, 29.2536256172378
8/25/2017, 29.84, 29.92, 29.68, 29.76, 10019385, 2.4271854646868, -0.848780463577607, -0.442363610808821, -1.30994900516583, 0, -0.604699163320213, -0.587227230517999, -0.0174719328022137, 29.4501818181819, 29.1926451612897, 29.5988717948719, 29.1932815964523
8/28/2017, 29.78, 29.98, 29.23, 29.58, 12061685, 2.44663243602519, -0.921063520782326, -0.569694062802144, -1.21682267476407, 0, -0.581673602334121, -0.586116504881223, 0.00444290254710256, 29.5607272727274, 29.0758709677414, 29.5282588522589, 29.1301044176707
8/29/2017, 29.34, 29.62, 29, 29.54, 8978045, 2.43239059190061, -1.61980163504117, -0.555990800859768, -1.31205980056257, 0, -0.560195757090497, -0.580932355323078, 0.0207365982325809, 29.6598181818183, 28.9429247311822, 29.4625274725276, 29.0675131664382
8/30/2017, 29.37, 29.8, 29.14, 29.62, 6925041, 2.41594116071933, -1.54140380428959, -0.424570761572552, -1.26561628210155, 0, -0.530602621847308, -0.570866408627924, 0.0402637867806162, 29.7260000000001, 28.9101075268811, 29.4103736263737, 29.0083404619333
8/31/2017, 29.9, 30.3, 29.76, 30.16, 13260178, 2.36678276927989, -1.35518885338239, 0.0491063813914801, -1.2549519935497, 0, -0.4582934404249, -0.548351814987319, 0.0900583745624197, 29.8849090909092, 28.9240860215048, 29.4018217338218, 28.9633502395041
9/1/2017, 30.17, 30.7, 29.94, 30.61, 10229970, 2.33953152255496, -1.04204082026373, 0.177352894061345, -1.16891086925717, 0, -0.360520794690252, -0.510785610927906, 0.150264816237653, 30.2134545454547, 28.98129032258, 29.4123956043957, 28.9300556909155
9/5/2017, 30.9, 31.02, 30.15, 30.42, 10839191, 2.37943480966919, -0.992287699406899, -0.139597648839051, -1.10440196510469, 0, -0.294966490542702, -0.467621786850865, 0.172655296308163, 30.3396363636365, 29.0190967741929, 29.40473992674, 28.893221878225
9/6/2017, 30.7, 31.17, 30.65, 30.93, 12273976, 2.34443215533883, -0.598310359580823, -0.000986663871027086, -0.867796445004379, 0, -0.199561078569065, -0.414009645194505, 0.21444856662544, 30.6194545454547, 29.1966881720424, 29.4162490842492, 28.8691717666259
9/7/2017, 30.88, 30.91, 30.36, 30.76, 9310526, 2.33217237439527, -0.409018057091316, -0.0632026787136838, -0.926749123108821, 0, -0.136100301910869, -0.358427776537778, 0.222327474626909, 30.8098181818183, 29.3603440860209, 29.421938949939, 28.8418954160506
9/8/2017, 30.68, 30.68, 29.53, 29.89, 18340425, 2.48580599279286, -0.321279791095958, -0.37857047821852, -0.995808401228899, 0, -0.154231029008738, -0.31758842703197, 0.163357398023232, 30.6514545454547, 29.4473548387091, 29.3877362637363, 28.7954295395655
9/11/2017, 29.95, 30.38, 29.88, 30.17, 14894577, 2.42246284615014, -0.590052736148729, -0.40863754680652, -0.786718630211315, 0, -0.144342213726343, -0.282939184370845, 0.138596970644501, 30.5929090909092, 29.5847096774187, 29.3697191697193, 28.7564761904762
9/12/2017, 30.3, 31.16, 30.23, 30.83, 19073069, 2.41263116655635, 0.0679354564317699, -0.263866573728336, -0.657743832045232, 0, -0.0823000682631978, -0.242811361149315, 0.160511292886117, 30.7040000000001, 29.8016989247305, 29.3576410256411, 28.7334545454546
9/13/2017, 31.02, 31.91, 31, 31.69, 27141568, 2.40020031308569, 0.51049903793243, -0.203609559203705, -0.506955671878299, 0, 0.0358503313818659, -0.187079022643079, 0.222929354024945, 31.0360000000001, 30.1227096774187, 29.4144517704519, 28.7304661016949
9/14/2017, 31.98, 32.33, 31.58, 31.85, 16892029, 2.38647505574886, 0.532260127796228, 0.157511445866905, -0.522592598667411, 0, 0.140773290290312, -0.121508560056401, 0.262281850346713, 31.3220000000001, 30.4264946236553, 29.4907789987791, 28.7313178442202
9/15/2017, 31.9, 31.94, 31.51, 31.83, 13729747, 2.3361221803117, 0.767701186393685, 0.374715194268417, -0.647408241268749, 0, 0.219778192109864, -0.0532512096231479, 0.273029401733012, 31.5874545454547, 30.6525161290316, 29.5587521367522, 28.7319006967548
9/18/2017, 31.72, 32.15, 31.7, 32.11, 13845285, 2.27003520863766, 0.869721889033402, 0.500582559964279, -0.559750326307352, 0, 0.301508207015665, 0.0177006737046147, 0.28380753331105, 31.9485454545456, 30.9538064516122, 29.6589474969476, 28.7388677839851
9/19/2017, 32.18, 32.31, 31.97, 32.18, 14015605, 2.20467026171185, 1.09641466064326, 0.376497730473542, -0.448194968865934, 0, 0.367689749098385, 0.0876984887833689, 0.279991260315017, 32.2140000000001, 31.2245591397843, 29.7601221001222, 28.7474309392265
9/20/2017, 32.31, 33.08, 32.31, 32.86, 26452375, 2.18803939655487, 1.45407428938604, 0.487586944063372, -0.272595131687792, 0, 0.469596202307365, 0.164078031488168, 0.305518170819197, 32.7203636363638, 31.5690967741929, 29.8902905982907, 28.7709185841783
9/21/2017, 32.79, 32.94, 32.52, 32.91, 8995824, 2.13928975515811, 1.76206995742413, 0.50538842977227, -0.253742667476441, 0, 0.548074520892097, 0.240877329368954, 0.307197191523143, 33.1047272727274, 31.9134408602144, 30.0302026862028, 28.7952296883445
9/22/2017, 32.8, 33.2, 32.72, 33.04, 11882962, 2.09696805539167, 2.18498866294492, 0.470505573833245, -0.194124745118782, 0, 0.613684889915554, 0.315438841478274, 0.29824604843728, 33.2427272727274, 32.230795698924, 30.1701758241759, 28.8220765027323
9/25/2017, 33.33, 34.04, 33.28, 33.98, 27868098, 2.08415636617521, 2.30382087074636, 0.642715873323519, -0.0314680254766607, 0, 0.733081220177056, 0.39896731721803, 0.334113902959025, 33.5896363636365, 32.6541935483864, 30.3412722832724, 28.8688613396005
9/26/2017, 33.73, 34.18, 33.57, 34.12, 12128753, 2.06121487856102, 2.68831365147196, 0.687117185495115, 0.191118908867348, 0, 0.829439242801577, 0.48506170233474, 0.344377540466837, 33.909090909091, 33.0504516129025, 30.5190085470086, 28.9179424585876
9/27/2017, 34.23, 34.38, 33.63, 34.37, 15356798, 2.05301772108458, 2.66867721711836, 0.876625561144932, 0.00354472783802887, 0, 0.915424140951252, 0.571134190058042, 0.34428995089321, 34.3074545454547, 33.4438279569885, 30.7265347985349, 28.9716088781554
9/28/2017, 34.45, 34.69, 33.85, 34.2, 14342156, 2.08286865847933, 2.39138926952329, 0.510676550518295, -0.105809822848062, 0, 0.958797788892433, 0.64866690982492, 0.310130879067513, 34.5329090909092, 33.7592473118272, 30.9212503052504, 29.0208362726135
9/29/2017, 34.01, 34.27, 33.81, 34.09, 14456290, 2.05257854837176, 2.27913304353173, 0.681564294980463, -0.0484972746539726, 0, 0.973078592391737, 0.713549246338284, 0.259529346053453, 34.5881818181819, 34.0007096774186, 31.1112527472529, 29.0669942586964
10/2/2017, 33.5, 34.3, 33.25, 34.29, 13769679, 2.09168219825878, 2.33947917013974, 0.873116003343388, -0.153169158053248, 0, 0.989132457328317, 0.76866588853629, 0.220466568792027, 34.6452727272728, 34.259354838709, 31.300595848596, 29.1166622110833
10/3/2017, 34.13, 34.37, 34.02, 34.27, 6285964, 2.03932283190484, 2.46111533986798, 0.876948887219941, -0.120873762504507, 0, 0.988842665386009, 0.812701243906234, 0.176141421479775, 34.5905454545456, 34.4596344086014, 31.4694017094018, 29.1651600992009
10/4/2017, 34.28, 34.5, 33.89, 34.07, 9148152, 2.03825106477576, 2.36021456322302, 0.513050522554234, -0.132326658635288, 0, 0.961392342178947, 0.842439463560777, 0.11895287861817, 34.4887272727274, 34.6177849462358, 31.6309352869354, 29.2087729057592
10/5/2017, 34.12, 34.5, 34.1, 34.35, 7258666, 1.98314565030756, 2.45152579956548, 0.616779418336412, -0.127105729602125, 0, 0.951265822946297, 0.864204735437881, 0.0870610875084162, 34.4276363636365, 34.7996129032251, 31.7834945054946, 29.2575345423144
10/6/2017, 33.8, 34.06, 33.49, 33.58, 9773100, 2.05524122792321, 1.66310243393584, 0.259367750179094, -0.203937677474606, 0, 0.871066802773186, 0.865577148904942, 0.00548965386824374, 34.0480000000002, 34.8578924731176, 31.892280830281, 29.2897302494525
10/9/2017, 33.68, 33.81, 33.45, 33.69, 6903993, 1.99953251445468, 1.50676326348526, 0.316103986035064, -0.0950888734480555, 0, 0.807081054172905, 0.853877929958534, -0.0467968757856299, 33.8649090909092, 34.9096989247305, 32.0149133089134, 29.3237446471055
10/10/2017, 34.07, 34.21, 33.58, 33.64, 7824638, 1.99601777322769, 1.59325389141835, 0.405183924657302, -0.104099545516918, 0, 0.743763660777553, 0.831855076122338, -0.0880914153447852, 33.7083636363638, 34.9178064516122, 32.1195286935288, 29.3562773417059
10/11/2017, 33.73, 33.86, 33.33, 33.84, 10641232, 1.96331962165515, 1.45412332722743, 0.547255976219705, -0.215488140562081, 0, 0.701634493179739, 0.805810959533818, -0.104176466354079, 33.6970909090911, 34.9224301075261, 32.2296971916973, 29.3924235988812
10/12/2017, 33.39, 33.73, 33.15, 33.59, 11456893, 1.98174454292855, 1.41752563726462, 0.685658441693084, -0.212478812864275, 0, 0.64068845596573, 0.772786458820201, -0.132098002854471, 33.5943636363638, 34.8729247311821, 32.3459731379733, 29.4230318412552
10/13/2017, 33.94, 34.05, 33.56, 33.6, 7716439, 1.95501366777147, 2.16508123627347, 1.16235024189817, -0.205427431532961, 0, 0.586435139561985, 0.735516194968558, -0.149081055406573, 33.5063636363638, 34.8350752688165, 32.4320610500612, 29.4534384041419
10/16/2017, 33.81, 33.99, 33.52, 33.63, 7830087, 1.92548427818214, 2.0137084369284, 0.926710474409494, -0.120147905736618, 0, 0.53963912084609, 0.696340780144064, -0.156701659297974, 33.4954545454547, 34.8088387096767, 32.5124981684983, 29.4840452261307
10/17/2017, 33.66, 33.85, 33.29, 33.67, 8003873, 1.91019704370365, 1.7282807497645, 1.16790325379964, 0.047189123067143, 0, 0.500016723039096, 0.657075968723071, -0.157059245683975, 33.5303636363638, 34.7555268817197, 32.6192942612944, 29.5150447761194
10/18/2017, 33.69, 34.01, 33.35, 33.35, 12702316, 1.93105000714923, 1.10994138744909, 1.06017738805695, -0.0267529350859643, -0.663578662843181, 0.437748272073058, 0.613210429393068, -0.17546215732001, 33.4474545454547, 34.6746451612896, 32.7159926739928, 29.5393157972514
10/19/2017, 33.07, 33.35, 32.94, 33.14, 8255779, 1.9079810456097, 0.85787722079791, 0.933941348955623, 0.109925600096248, -0.699165232627812, 0.367221727617356, 0.564012689037926, -0.19679096142057, 33.3872727272729, 34.54017204301, 32.8217899877901, 29.5591679266449
10/20/2017, 33.16, 33.39, 33.03, 33.3, 10598209, 1.85792694471262, 0.971582558511534, 1.19636079759732, 0.219557072614131, -0.673533519519024, 0.320544557714818, 0.515319062773304, -0.194774505058486, 33.2943636363638, 34.3526451612896, 32.9025177045179, 29.5819342219647
10/23/2017, 33.41, 33.47, 32.49, 32.51, 9298571, 1.95864407554549, 0.259110948915285, 0.832761744360995, -0.0161491331803374, -0.722572519887576, 0.217301253002404, 0.455715500819124, -0.23841424781672, 32.9658181818183, 34.061548387096, 32.9303516483518, 29.5890583452893
10/24/2017, 32.68, 32.87, 32.3, 32.53, 16431297, 1.94717930990423, 0.229841328621722, 0.980456519739958, 0.120133343135612, -0.635758059423792, 0.135531697994075, 0.391678740254114, -0.256147042260039, 32.6985454545456, 33.8018924731175, 32.9635873015875, 29.5965702107507
10/25/2017, 32.41, 32.52, 31.81, 32.25, 15265803, 1.97750870708916, -0.353248897172301, 0.923977883641382, 0.0850650185313357, -0.663097570584587, 0.0475865287084147, 0.322860297944975, -0.27527376923656, 32.4350909090911, 33.5530752688164, 32.9819389499391, 29.598677360349
10/26/2017, 32.27, 32.43, 31.67, 32.42, 12506646, 1.9859939239187, -0.27588322695728, 1.17609817802801, -0.0432381765291415, -0.67840130264159, -0.00829742476278028, 0.256628753403424, -0.264926178166204, 32.2670909090911, 33.3328817204293, 32.998993894994, 29.6041285767373
10/27/2017, 32.23, 33.43, 32.05, 33.37, 18440520, 2.03975507530033, 0.200988341701634, 1.66979787869346, 0.416115930385412, -0.556896214682938, 0.0237968843382816, 0.210062379590395, -0.186265495252114, 32.4930909090911, 33.2282150537626, 33.0340073260075, 29.627743375046
10/30/2017, 33.48, 33.99, 33.41, 33.75, 13756327, 2.00780134872988, -0.106036631755404, 1.66021005749625, 0.541560217270993, -0.500311208392139, 0.0789841990546307, 0.183846743483242, -0.104862544428612, 32.8689090909093, 33.1804946236551, 33.084175824176, 29.6583007518797
10/31/2017, 33.71, 34.39, 33.54, 34.28, 12534160, 2.0018999633504, 0.113953288566801, 2.00828049552512, 0.409031163544451, -0.500682180280934, 0.163601221136616, 0.179797639013917, -0.0161964178773007, 33.4292727272729, 33.1941075268809, 33.1729181929183, 29.6984883773415
11/1/2017, 34.56, 35.43, 34.55, 35.3, 28990023, 2.0097414789368, 0.470285596571765, 2.16156895163749, 0.554996810066534, -0.397394252839483, 0.309399728794737, 0.205718056970081, 0.103681671824656, 34.2447272727275, 33.3689247311819, 33.3056361416363, 29.7573240633104
11/2/2017, 35.13, 35.33, 34.49, 34.88, 15907310, 2.0526571243161, 0.349601678062875, 1.89147763986871, 0.311816092746186, -0.426002018455498, 0.386599132472242, 0.241894272070513, 0.144704860401728, 34.7667272727275, 33.4780430107518, 33.417584859585, 29.8074342280096
11/3/2017, 34.9, 35.63, 34.67, 35.35, 15492526, 2.05988250272527, 0.609411195027095, 2.00425457607067, 0.717922377934094, -0.397444617755593, 0.480170185125878, 0.289549454681586, 0.190620730444292, 35.388181818182, 33.6427526881712, 33.551330891331, 29.865596946163
11/6/2017, 35.59, 36.85, 35.53, 36.83, 31085781, 2.0818898763989, 1.00137355785191, 2.25265939135664, 1.15068486486331, -0.228783871203922, 0.666071492075297, 0.364853862160328, 0.301217629914968, 36.2510909090911, 34.0430107526873, 33.7554774114776, 29.9503890458596
11/7/2017, 36.78, 36.87, 36.43, 36.65, 13526285, 2.04753626031058, 0.939236381731381, 2.26740478152835, 1.06584107384043, -0.293335777292773, 0.789771131513447, 0.449837316030952, 0.339933815482495, 36.820181818182, 34.4113763440851, 33.9528864468866, 30.0305852713178
11/8/2017, 36.46, 36.64, 35.8, 36.1, 21841688, 2.09252337239235, 0.799127811533034, 2.08878549481156, 0.977980258689105, -0.359678430655479, 0.83381191874831, 0.526632236574424, 0.307179682173886, 36.9185454545457, 34.7103010752679, 34.1381221001223, 30.0994743130227
11/9/2017, 35.9, 36.66, 35.84, 36.6, 15326528, 2.07276199607091, 0.866016876413948, 2.19171605062475, 1.15051749051745, -0.330310590616787, 0.898700718789883, 0.601045933017516, 0.297654785772367, 37.0136363636366, 35.0501720430098, 34.3179902319904, 30.176509110895
11/10/2017, 36.52, 36.89, 36.13, 36.49, 12434078, 2.07919798858278, 1.18211586665, 1.99226040372389, 1.38740805377633, -0.30294645664401, 0.930522989833399, 0.666941344380692, 0.263581645452707, 37.0327272727275, 35.3532688172033, 34.4735360195362, 30.2504046751288
11/13/2017, 36.45, 36.61, 35.86, 35.88, 14999260, 2.11333438888563, 0.875066412688865, 1.64605940477923, 1.25242556021705, -0.27043512223565, 0.896189749313834, 0.712791025367321, 0.183398723946513, 36.7469090909093, 35.5768172043001, 34.595352869353, 30.3121531755915
11/14/2017, 35.68, 35.75, 34.59, 34.62, 24111284, 2.26704552222864, 0.384452914150019, 1.27125387644992, 0.814734595752103, -0.36932218007166, 0.758564677689513, 0.721945755831759, 0.036618921857754, 36.0156363636366, 35.6289032258055, 34.6687130647132, 30.3502620320856
11/15/2017, 34.19, 34.42, 33.85, 34.18, 16085396, 2.29405676362135, 0.160113441775093, 0.992984464086304, 0.708612756903306, -0.385042701574516, 0.606994440061456, 0.698955492677699, -0.0919610526162427, 35.3178181818184, 35.6095698924721, 34.7265054945056, 30.3799498593616
11/16/2017, 34.28, 34.52, 33.96, 34.3, 11171439, 2.25336201666323, 0.289847133868205, 1.08038621925272, 0.725608734042625, -0.395260811660218, 0.490898163400601, 0.657344026822279, -0.166445863421678, 34.6385454545457, 35.6234193548377, 34.787291819292, 30.4114075061609
11/17/2017, 34.61, 35.07, 34.51, 35, 12459811, 2.20788003751347, 0.515144877694989, 1.58591533569402, 0.817377021750196, -0.380240590921041, 0.450185716861178, 0.615912364830059, -0.165726647968881, 34.3267272727275, 35.6750752688162, 34.8818852258854, 30.4549323350416
11/20/2017, 34.71, 34.76, 34.15, 34.58, 12300607, 2.24586498690928, 0.361792760698446, 1.36649611241135, 0.653873216949008, -0.370581462574416, 0.37965390584754, 0.568660673033555, -0.189006767186015, 34.1849090909093, 35.6716129032248, 34.9616581196583, 30.4904154761905
11/21/2017, 34.79, 35.07, 34.46, 34.7, 15690824, 2.21408964509962, 0.387713701107156, 1.21020404030461, 0.631196584293714, -0.286966883676704, 0.329640049288741, 0.520856548284592, -0.191216498995851, 34.171272727273, 35.6743010752678, 35.0442759462761, 30.5275520157325
11/22/2017, 35.11, 35.35, 34.95, 35.29, 12397995, 2.16031354918416, 0.685839217798979, 1.1274489055473, 0.602748698089106, -0.240865273352476, 0.333764349143934, 0.483438108456461, -0.149673759312527, 34.3578181818185, 35.7583440860205, 35.1419584859587, 30.5745717515887
11/24/2017, 35.55, 35.62, 35.25, 35.32, 9085498, 2.10293295280786, 0.770639484872833, 1.08577676014123, 0.859939329537507, -0.295856714126646, 0.335585218271007, 0.45386753041937, -0.118282312148363, 34.6989090909094, 35.8201720430097, 35.2639536019538, 30.6214757709251
11/27/2017, 35.1, 35.17, 34.42, 34.42, 13789284, 2.18076154266458, 0.405859114681232, 0.807481422286883, 0.836781980980519, -0.407629250103663, 0.26139262037033, 0.415372548409562, -0.153979928039232, 34.7769090909094, 35.7573118279559, 35.3308815628817, 30.6520562322838
11/28/2017, 34.43, 34.83, 34.24, 34.69, 12288091, 2.1406376962695, 0.779045232887269, 0.798758082513402, 0.919178052327709, -0.359022651575093, 0.22182414485988, 0.376662867699626, -0.154838722839745, 34.9390909090912, 35.7254193548376, 35.3992014652016, 30.6869344978166
11/29/2017, 34.65, 35.15, 34.41, 34.86, 14899957, 2.12982746986258, 0.827547934992208, 0.824650124449274, 0.851431532377145, -0.368692590466713, 0.201856545586907, 0.341701603277082, -0.139845057690175, 34.9729090909094, 35.7109247311817, 35.4720586080588, 30.724298136646
11/30/2017, 35.14, 36.01, 35.14, 35.72, 28276542, 2.13559620155205, 1.18179225192186, 0.852888314044762, 0.948411189659967, -0.278909384916247, 0.252516044212513, 0.323864491464168, -0.0713484472516554, 35.2027272727276, 35.7765376344075, 35.6025787545789, 30.7759688013136
12/1/2017, 36.19, 36.93, 35.91, 36.43, 24239209, 2.15534783155276, 1.32494161835528, 1.01405296454708, 1.07745796218864, -0.166847351920157, 0.345967035509354, 0.328285000273205, 0.0176820352361484, 35.6178181818185, 35.902946236558, 35.7607594627596, 30.8390998224064
12/4/2017, 36.2, 36.92, 35.85, 35.96, 14684550, 2.2231188940015, 0.881952362368554, 0.84661020964889, 0.935195330374508, -0.190565787305696, 0.377748102360044, 0.338177620690573, 0.0395704816694713, 35.894363636364, 35.9591612903214, 35.9029084249086, 30.893342137119
12/5/2017, 35.77, 36.19, 35.58, 35.64, 9819561, 2.21650358184285, 0.652556505693922, 0.511160567670296, 0.817035827444643, -0.25597840854915, 0.372815911404203, 0.345105278833299, 0.0277106325709038, 35.9240000000003, 35.904946236558, 36.0272796092798, 30.941412256774
12/6/2017, 35.35, 35.37, 34.51, 34.55, 16107413, 2.33564047102851, 0.130307121299164, 0.169635609415484, 0.602441648492204, -0.260918330808678, 0.277751477904282, 0.331634518647496, -0.0538830407432138, 35.543272727273, 35.6935698924719, 36.0948424908427, 30.9704035340786
12/7/2017, 34.57, 34.98, 34.4, 34.8, 10305206, 2.28625170575671, -0.114229481782493, 0.168803710002416, 0.732476434750956, -0.236339113753375, 0.220048557322812, 0.309317326382559, -0.0892687690597468, 35.3750909090912, 35.4822150537623, 36.166512820513, 31.0032450118001
12/8/2017, 35.19, 35.63, 34.92, 35.3, 12606672, 2.2587388496407, 0.178004718659207, 0.344582544388672, 0.599053633551355, -0.132703711706295, 0.212218080430517, 0.289897477192151, -0.0776793967616333, 35.412363636364, 35.3291827956977, 36.2444151404153, 31.0440559514946
12/11/2017, 35.4, 36, 35.3, 35.73, 9481926, 2.21793471376157, 0.163954038804571, 0.483398751015538, 0.814655085175474, -0.119594703727806, 0.237966646051305, 0.279511310963982, -0.0415446649126765, 35.4192727272731, 35.2754623655902, 36.3137802197803, 31.0915164726979
12/12/2017, 35.9, 35.92, 35.09, 35.18, 17091655, 2.25794391576367, -0.527945219783814, 0.286718219738583, 0.791008140072959, -0.141568361938929, 0.211553509189521, 0.265919750609089, -0.0543662414195684, 35.2187272727276, 35.1620645161278, 36.3713089133091, 31.1292018828452
12/13/2017, 35.33, 35.33, 34.76, 34.83, 23850062, 2.24842789574326, -0.588202853812163, 0.201266188024047, 0.728000607280301, -0.256384592123518, 0.160528361970862, 0.244841472881444, -0.0843131109105824, 34.9045454545458, 35.0303655913967, 36.3993406593408, 31.1606061549101
12/14/2017, 34.7, 35.08, 34.46, 34.48, 10117788, 2.24759589409225, -0.531259193591277, 0.162934069044608, 0.452906801351033, -0.214032825175629, 0.090801783814122, 0.21403353506798, -0.123231751253858, 34.6430909090912, 34.9187096774181, 36.4079804639807, 31.1858451356264
12/15/2017, 34.78, 34.78, 34.05, 34.08, 11759579, 2.26737826017857, -0.859816749526083, -0.0146782872502064, 0.382153794240921, -0.242180769372663, 0.0032290882917323, 0.17187264571273, -0.168643557420998, 34.4530909090912, 34.7335913978482, 36.3988180708183, 31.2042107948169
12/18/2017, 34.29, 34.97, 34.25, 34.75, 11872441, 2.24053636119544, -0.552812868137945, 0.363534964207137, 0.444808806046663, -0.200524025881411, -0.0119715032234424, 0.135103815925496, -0.147075319148938, 34.5287272727276, 34.6699784946224, 36.4065543345545, 31.2333340079606
12/19/2017, 34.88, 35.27, 34.7, 34.81, 8758117, 2.20671377833853, -0.333905596723572, 0.349681570132352, 0.471201144326854, -0.1520399904723, -0.0189580463966053, 0.104291443461075, -0.123249489857681, 34.6270909090913, 34.716516129031, 36.415037851038, 31.2630779524925
12/20/2017, 35.05, 35.72, 34.73, 35.68, 16406123, 2.18399443085107, 0.431167827821948, 0.574749508525051, 0.700838890926783, 0.0570546691091768, 0.045185921731516, 0.0924703391151636, -0.0472844173836475, 34.8532727272731, 34.8744731182783, 36.4510085470087, 31.306574415132
12/21/2017, 35.58, 36.75, 35.49, 36.66, 21318344, 2.19118044812133, 0.921653541123088, 0.745391648481338, 0.923410741722576, 0.119982679646882, 0.173102866313577, 0.108596844554846, 0.0645060217587311, 35.406363636364, 35.1263655913965, 36.5228400488402, 31.3653500543103
12/22/2017, 36.83, 37.17, 36.47, 36.82, 12690635, 2.16763284809129, 0.932261140644856, 0.848692185336404, 1.09072818147401, 0.141113287123436, 0.284113545216186, 0.143700184687114, 0.140413360529072, 36.0132727272731, 35.4282795698911, 36.5874310134312, 31.4259279091028
12/26/2017, 36.98, 37.69, 36.86, 37.64, 15013796, 2.12995827293797, 0.950556684968646, 1.0227389059112, 1.50926801933041, 0.187692371478701, 0.433263068057641, 0.20161276136122, 0.231650306696422, 36.9065454545458, 35.8254838709664, 36.6725396825399, 31.4988554216868
12/27/2017, 37.55, 37.65, 37.26, 37.34, 12652910, 2.09194022291687, 1.0093114295511, 0.944060037757526, 1.30363466402039, 0.203988942116267, 0.521249012528209, 0.265540011594618, 0.255709000933591, 37.4820000000004, 36.1365376344072, 36.7462783882786, 31.5660253815261
12/28/2017, 37.3, 37.69, 37.29, 37.62, 8894237, 2.0257149263033, 1.05861065535048, 0.996445367013544, 1.47968264329519, 0.134688174454977, 0.606579891956393, 0.333747987666973, 0.27283190428942, 37.966363636364, 36.3896989247298, 36.8182612942615, 31.6367643027889
12/29/2017, 37.7, 37.82, 37.18, 37.18, 22806737, 2.03327126818595, 0.696854444018846, 0.97597435472424, 1.4032977480366, 0.131944478928018, 0.631422263110025, 0.393282842755583, 0.238139420354442, 38.0765454545458, 36.5383440860201, 36.8703174603177, 31.6996015936255
1/2/2018, 37.6, 38.23, 37.49, 38.22, 17130465, 2.01640958826782, 0.989770489850859, 1.24022096530368, 1.54827539180881, 0.228073048143169, 0.726652926969884, 0.459956859598443, 0.26669606737144, 38.3187272727277, 36.8075913978481, 36.9683125763128, 31.7780293619424
1/3/2018, 38.35, 38.88, 38.35, 38.6, 18418235, 1.98222320571027, 1.50818834744366, 1.28053663120256, 1.72576137213159, 0.254243802215544, 0.823296291225091, 0.532624745923773, 0.290671545301318, 38.600363636364, 37.1464301075255, 37.0781733821736, 31.8613974043759
1/4/2018, 38.78, 38.88, 38.19, 38.79, 15708825, 1.96282869176065, 1.4720326605965, 1.55611587704906, 1.74582689995678, 0.338380708408028, 0.90478842799228, 0.607057482337474, 0.297730945654805, 38.7496363636367, 37.458150537633, 37.1913675213678, 31.946642890227
1/5/2018, 38.54, 38.66, 38.2, 38.54, 12157604, 1.95332689947394, 1.31430443485282, 1.49146187481018, 1.7802854632514, 0.351625041691228, 0.938381544513668, 0.673322294772713, 0.265059249740955, 38.7694545454549, 37.7189892473104, 37.2830183150186, 32.0268700980392
1/8/2018, 38.5, 38.81, 38.19, 38.77, 7796203, 1.92461072402475, 1.11664124549426, 1.6228344690611, 1.85292260987574, 0.382315155825514, 0.972354709372155, 0.733128777692602, 0.239225931679553, 38.9087272727277, 38.0235698924717, 37.3772698412701, 32.1096218385214
1/9/2018, 38.84, 39.06, 38.63, 38.71, 12779439, 1.88675535732156, 0.854882608637564, 1.56356639058932, 1.95129477015437, 0.373996222888834, 0.983104571191511, 0.783123936392383, 0.199980634799128, 38.9441818181822, 38.3000860215039, 37.4639145299147, 32.1903655777758
1/10/2018, 38.82, 39.04, 38.47, 38.48, 10578851, 1.87719555321782, 0.963334579642817, 1.29258315700634, 2.02812018241123, 0.341482336161707, 0.961975778358344, 0.818894304785576, 0.143081473572768, 38.9610909090913, 38.4655483870953, 37.5458461538464, 32.2665146209333
1/11/2018, 38.75, 39.87, 38.59, 39.4, 19347757, 1.91809037166067, 1.37805562119576, 1.38223567208475, 2.09097139901677, 0.33531218037289, 1.00784950729693, 0.856685345287847, 0.151164162009085, 39.1900000000004, 38.7395483870953, 37.6718974358976, 32.3558054648055
1/12/2018, 39.33, 39.77, 39.21, 39.72, 14516311, 1.87799905869232, 2.14815145093694, 1.32391158772985, 2.24634435578161, 0.279419958134576, 1.0578320640745, 0.896914689045177, 0.160917375029319, 39.4730909090913, 39.0350967741921, 37.8012747252749, 32.4488328912467
1/16/2018, 39.72, 39.92, 38.96, 39, 17255558, 1.94011324309477, 1.66486580087425, 0.923534531025865, 2.0393531371281, 0.24908740130115, 1.02750122321277, 0.923031995878695, 0.104469227334072, 39.3049090909095, 39.2652688172028, 37.9036996336998, 32.529684127402
1/17/2018, 39.09, 39.67, 38.76, 39.33, 13782578, 1.94333068031175, 1.59378893972431, 1.10715127932631, 2.03252128034034, 0.233572486642163, 1.01835311458078, 0.942096219619113, 0.0762568949616708, 39.359454545455, 39.5634838709663, 38.0108595848598, 32.6145052680464
1/18/2018, 39.2, 39.38, 38.68, 38.88, 11861291, 1.95755236300998, 1.23235118921419, 0.887385965631715, 1.92783233514536, 0.210213569520143, 0.963683193406652, 0.946413614376621, 0.0172695790300316, 39.2740000000005, 39.7545591397835, 38.0727374847377, 32.6914319045973
1/19/2018, 38.62, 38.77, 38.38, 38.72, 13123465, 1.93192546694568, 1.43622106000035, 0.519086669243975, 1.88126250142072, 0.15602827726601, 0.89710495666445, 0.936551882834186, -0.0394469261697368, 39.1560000000005, 39.8851612903211, 38.1272576312579, 32.7649659805604
1/22/2018, 38.72, 39.71, 38.7, 39.69, 16903886, 1.9177109190257, 1.90611176437747, 0.780011725365853, 2.07471900967295, 0.307064665202648, 0.912098019539762, 0.931661110175302, -0.0195630906355394, 39.3269090909096, 40.0463010752673, 38.2325811965814, 32.8521242729466
1/23/2018, 39.91, 40.05, 39.38, 39.85, 12875018, 1.89857588600561, 2.16159624838288, 0.964373931438841, 2.11222658303247, 0.277074526388824, 0.926213974561286, 0.930571683052498, -0.00435770849121275, 39.5363636363641, 40.2112473118264, 38.3575189255192, 32.9405643321788
1/24/2018, 39.95, 40.2, 39.42, 39.72, 18111584, 1.90773757815854, 2.34113237910637, 0.810924530351314, 2.06971090142107, 0.282776944659955, 0.916347968101668, 0.927726940062332, -0.0113789719606643, 39.6300000000005, 40.3604516129017, 38.4743516483519, 33.0259433171223
1/25/2018, 39.93, 39.95, 38.76, 38.91, 17127742, 2.00299588214429, 1.65473996960908, 0.637736932347321, 1.79475869860289, 0.167127099274335, 0.833560094458356, 0.908893570941537, -0.0753334764831811, 39.3427272727278, 40.4070322580629, 38.549567765568, 33.0982186650392
1/26/2018, 39.03, 39.2, 38.78, 39.06, 6567085, 1.94930213224585, 1.68654618140222, 0.835703969869935, 1.72600971401878, 0.174985090180859, 0.771164351923474, 0.881347727137925, -0.110183375214451, 39.2678181818187, 40.4154623655898, 38.6323760683763, 33.1718033870302
1/29/2018, 38.63, 38.97, 38.24, 38.3, 17237851, 1.99563326948425, 1.04065323977446, 1.01995105774563, 1.62129666874856, 0.17019467475092, 0.652863820285909, 0.835650945767521, -0.182787125481613, 39.0129090909096, 40.2790967741919, 38.6784273504276, 33.2332680060135
1/30/2018, 37.78, 37.86, 36.76, 36.97, 38646681, 2.17233206681591, 0.149716417073063, 0.770398202254756, 1.24419243621363, 0.134932290210491, 0.446641308942681, 0.757849018402553, -0.311207709459873, 38.2320000000006, 39.9282580645145, 38.6769694749697, 33.3120092934263
1/31/2018, 36.99, 37.21, 36.57, 36.91, 23521907, 2.15376756122122, 0.0700837964295431, 0.723407977620919, 1.27068343824187, 0.116338149995373, 0.275194711064735, 0.66131815693499, -0.386123445870255, 37.6070909090915, 39.5270752688156, 38.6709890109892, 33.3917613776138
2/1/2018, 37, 37.38, 36.62, 37.09, 17782203, 2.13860292937291, -0.169056562165626, 0.590529336362044, 1.51788130840565, 0.178307941722312, 0.152093305763607, 0.559473186700713, -0.407379880937106, 37.0863636363642, 39.1751397849446, 38.6728351648354, 33.4736370097035
2/2/2018, 36.55, 36.61, 35.37, 35.51, 37168663, 2.36425636490902, -0.566171054380873, 0.287200846115712, 1.12325651579377, 0.130404944431847, -0.0721268072872903, 0.433153187903113, -0.505279995190403, 36.0854545454551, 38.6116344086004, 38.6235384615387, 33.5303476834769
2/5/2018, 35.09, 35.72, 34.03, 34.37, 28154032, 2.56639529653836, -0.991616561410566, -0.0189908663885286, 0.766203682170648, 0.0282771790243649, -0.337916049053234, 0.278939340511843, -0.616855389565077, 35.0598181818188, 37.9569677419338, 38.5264004884007, 33.5621096077628
2/6/2018, 34, 35.01, 33.46, 34.82, 22707864, 2.62914003517869, -0.698703627768376, -0.0517015529052242, 0.680526488876046, 0.0575120527453747, -0.506407152441902, 0.121870041921094, -0.628277194362996, 34.5118181818188, 37.4331827956972, 38.4543052503054, 33.601012163455
2/7/2018, 34.9, 35.35, 33.68, 33.71, 28583544, 2.82762750589368, -1.39629496912537, -0.314234272580675, 0.43526883318659, -0.0618243393455682, -0.721191838544797, -0.0467423341720841, -0.674449504372713, 33.8287272727279, 36.7910967741918, 38.3295824175826, 33.6269982233156
2/8/2018, 33.86, 34.1, 32.29, 32.38, 32446230, 3.07607649976814, -1.85908155139424, -0.415274518615186, 0.18660222080507, -0.23818752248967, -0.987348594453962, -0.23486358622846, -0.752485008225503, 32.8520000000007, 36.0549892473101, 38.1446373626375, 33.6319133524669
2/9/2018, 32.59, 32.7, 30.98, 32.39, 32281264, 3.18688450785328, -1.91932171898372, -0.475585607420669, 0.135260914068696, -0.219206297537574, -1.18382641068531, -0.42465615111983, -0.759170259565483, 32.2649090909098, 35.3340860215036, 37.9658266178268, 33.6358078447451
2/12/2018, 32.79, 33.55, 32.73, 33.23, 18049036, 3.12555009777007, -1.47564910065256, -0.303631677280938, 0.276338025415193, -0.090349023762409, -1.25726257541716, -0.591177435979296, -0.666085139437862, 32.1798181818189, 34.770365591396, 37.8246813186815, 33.6574812081455
2/13/2018, 32.86, 33.16, 32.6, 32.78, 10779980, 3.10612959919018, -1.68504584439637, -0.607478991120594, 0.0683768655890694, -0.105160186893946, -1.3363676893761, -0.740215486658658, -0.596152202717446, 31.9498181818189, 34.1485376344068, 37.6601831501834, 33.6727265272653
2/14/2018, 32.35, 34.1, 32.3, 34.02, 25856776, 3.10781839648388, -1.16476839039096, -0.452180723139574, 0.280322611100231, 0.0117841743279077, -1.28419799017726, -0.849011987362378, -0.435186002814883, 32.364727272728, 33.7817634408584, 37.5570549450552, 33.7061038677054
2/15/2018, 34.09, 34.2, 33.12, 34.09, 14692378, 3.10476922135414, -1.08694321599521, -0.340081901619439, 0.269231280465145, 0.0362530021713889, -1.22310551370892, -0.923830692631686, -0.29927482107723, 32.9974545454553, 33.476301075267, 37.4401172161174, 33.742487358207
2/16/2018, 33.85, 34.49, 33.8, 33.92, 11033488, 3.0660231019506, -1.41391239471592, -0.310747925004636, 0.0734284218433375, 0.0199730097845092, -1.1748637670319, -0.974037307511729, -0.200826459520172, 33.4190909090917, 33.1910322580626, 37.3178192918195, 33.7737583709171
2/20/2018, 34.02, 34.34, 33.63, 33.82, 14937550, 3.0263018461637, -1.53664372769971, -0.102918856320258, 0.0312727201062336, 0.111948747634765, -1.13165597385724, -1.00556104078083, -0.126094933076411, 33.6649090909098, 32.9078279569874, 37.1898705738708, 33.8088528085281
2/21/2018, 33.64, 33.99, 33, 33.01, 16883741, 3.09548779204463, -1.5810829154885, -0.341906729189973, -0.153911401155505, -0.0758137419294922, -1.14952273448841, -1.03435337952235, -0.115169354966066, 33.7509090909098, 32.5676344086002, 37.030827838828, 33.8346303129698
2/22/2018, 33.29, 34.31, 33.16, 33.73, 16254441, 3.07064777392896, -1.4117447853277, -0.28215534076723, 0.00423827156586915, -0.0500419111224538, -1.09298503715399, -1.04607971104868, -0.046905326105311, 33.9623636363644, 32.3519569892454, 36.8983101343103, 33.8731280579473
2/23/2018, 33.98, 34.65, 33.86, 34.64, 10884537, 2.97327661500845, -0.999989946912321, -0.1661153703375, 0.17916340516731, 0.0676815552999148, -0.963640857907308, -1.0295919404204, 0.0659510825130949, 34.2210909090917, 32.2685376344067, 36.80568986569, 33.9219907065738
2/26/2018, 34.8, 35.07, 34.49, 34.79, 9272338, 2.89579151614538, -0.919858801867775, -0.0179518947889465, 0.170301454824666, 0.0126464218814126, -0.8393553515698, -0.991544622650282, 0.152189271080482, 34.4103636363644, 32.2902580645142, 36.7195311355313, 33.9651649583163
2/27/2018, 34.67, 35.01, 33.94, 33.97, 14568890, 2.97490013259826, -1.39659584963355, -0.119424435904555, 0.0367191034591874, -0.0396748011448954, -0.797828469378651, -0.952801391995956, 0.154972922617305, 34.3534545454554, 32.2590107526862, 36.597567765568, 33.9961060543939
2/28/2018, 34.18, 34.45, 33.05, 33.06, 15498739, 3.11568329186766, -1.66341032144132, -0.240417426998717, -0.0826680523544199, -0.106544757482889, -0.828793693082119, -0.927999852213189, 0.0992061591310697, 33.851818181819, 32.1013978494604, 36.4284957264959, 34.0119190925243
3/1/2018, 33.13, 33.8, 33.07, 33.4, 16936590, 3.04054686070921, -1.52014567031068, -0.0797033951766454, -0.0708918589677929, -0.0979289458684047, -0.816486746489886, -0.905697231068528, 0.089210484578642, 33.7003636363645, 32.047247311826, 36.2698315018317, 34.0352923329234
3/2/2018, 33.14, 34.2, 32.81, 34.14, 14194250, 3.0294830664998, -1.10613594193668, -0.061192701886661, 0.182118971775711, -0.00474211184360148, -0.738508520567315, -0.872259488968286, 0.133750968400971, 33.8523636363645, 32.0952473118259, 36.1468791208793, 34.0747798277983
3/5/2018, 33.94, 34.99, 33.88, 34.76, 12014127, 2.98634132036214, -0.961650663316543, 0.0586825602846899, 0.265308793139293, 0.0915605335432278, -0.619539727943447, -0.821715536763318, 0.202175808819871, 34.1818181818191, 32.2418279569872, 36.0328571428573, 34.1193453601203
3/6/2018, 34.97, 35.06, 34.35, 34.44, 13030170, 2.96646234265385, -0.878912355819331, -0.192498198062531, 0.221372579866629, 0.0645902295233291, -0.544797343660434, -0.766331898142741, 0.221534554482307, 34.33490909091, 32.4380215053743, 35.9036434676436, 34.1524458111248
3/7/2018, 34.1, 34.69, 33.78, 34.09, 13503303, 2.980543119007, -0.68747527133503, -0.479283446159204, 0.130345522990655, -0.0351660910929179, -0.507950206758814, -0.714655559865956, 0.206705353107142, 34.1712727272737, 32.6343440860195, 35.7515091575093, 34.1814377477109
3/8/2018, 34.13, 34.29, 33.72, 34.03, 10095900, 2.9202579835616, -0.688742583303266, -0.525810863558736, 0.162192198465189, -0.0172105103609758, -0.478079085747474, -0.66734026504226, 0.189261179294785, 34.072000000001, 32.8515483870947, 35.5991819291821, 34.2152964329644
3/9/2018, 34.4, 34.83, 34.32, 34.77, 11224607, 2.83024331957352, -0.52239822825347, -0.530130696041351, 0.281105002808727, 0.0489233006641005, -0.390196252069096, -0.611911462447627, 0.221715210378531, 34.394000000001, 33.1453548387076, 35.4991330891333, 34.2638720787208
3/12/2018, 34.75, 35.1, 34.44, 34.81, 9266525, 2.78044189056285, -0.139950299518741, -0.461946815539428, 0.282545770534595, 0.0906160455391833, -0.313704615972718, -0.552270093152645, 0.238565477179927, 34.7527272727283, 33.4809462365571, 35.4082515262517, 34.3111242312423
3/13/2018, 34.94, 35.19, 34.5, 34.66, 11304706, 2.75238958741974, 0.134577836298296, -0.552052773733233, 0.251674075940864, 0.154710269715906, -0.26216610203997, -0.49424929493011, 0.23208319289014, 34.8945454545465, 33.774258064514, 35.3218144078146, 34.3589648763155
3/14/2018, 34.84, 34.91, 34.43, 34.53, 11280830, 2.69411908326005, -0.0363603613050787, -0.493457785984391, 0.284236628342839, 0.136692593467092, -0.229169646941209, -0.44123336533233, 0.212063718391121, 34.7718181818193, 33.9858924731162, 35.2520830280832, 34.4041716550499
3/15/2018, 34.69, 34.94, 33.86, 34.06, 12724602, 2.75327467256962, 0.157199907932933, -0.82620923737981, 0.242668040700145, 0.18000363134888, -0.238198981015493, -0.400626488468963, 0.162427507453469, 34.4745454545466, 34.1496344086, 35.153037851038, 34.4379551728851
3/16/2018, 34.06, 34.64, 33.83, 34.42, 14269941, 2.70591832017243, 0.765632543861519, -0.820972009075205, 0.274409287538533, 0.24821673906501, -0.213840778583496, -0.363269346491869, 0.149428567908373, 34.4136363636375, 34.3894408602129, 35.0807741147743, 34.4760087467542
3/19/2018, 34.23, 34.28, 33.31, 33.56, 16935712, 2.80187196517635, 0.444322896087339, -1.03834444221435, 0.267104017652712, 0.133667132960012, -0.260923773503343, -0.342800231894164, 0.0818764583908208, 34.1643636363648, 34.4320215053742, 35.0044884004886, 34.5054235342354
3/20/2018, 33.85, 34.34, 33.84, 34.07, 11607972, 2.73640393289558, 0.332156051439436, -0.865636283579681, 0.347277508367411, 0.240621375724446, -0.254154908856464, -0.325071167286624, 0.0709162584301603, 34.0927272727285, 34.4758924731161, 34.9488913308915, 34.5343460434604
3/21/2018, 34.37, 35.63, 34.21, 35.49, 18847541, 2.7153513072433, 0.896113575396443, -0.566237547274201, 0.612106267520093, 0.367584072576992, -0.132678961809972, -0.286592726191294, 0.153913764381321, 34.4618181818194, 34.7318709677398, 34.9450329670331, 34.5843433100998
3/22/2018, 35.04, 35.35, 34.7, 34.74, 13273880, 2.74897602185842, 0.278308362465135, -0.70046697698219, 0.465547458761344, 0.232194525816211, -0.0958225478925172, -0.248438690531538, 0.152616142639021, 34.4834545454558, 34.8143655913957, 34.9199487179489, 34.6179188191882
3/23/2018, 35.08, 35.74, 34.6, 34.7, 21097216, 2.77880275646667, 0.242478400346858, -0.666574920103354, 0.304989809332482, 0.354154292866778, -0.0690453284655348, -0.212560018118338, 0.143514689652803, 34.6005454545467, 34.7964731182774, 34.8920341880344, 34.6533839005057
3/26/2018, 35.06, 35.36, 34.44, 35.35, 15497119, 2.72144930316616, 0.498847935896301, -0.707847657348443, 0.343976818584263, 0.432019788752882, 0.00457266770619924, -0.16913348095343, 0.17370614865963, 34.9540000000013, 34.8467526881698, 34.8802881562883, 34.6964135574689
3/27/2018, 35.45, 35.48, 34.28, 34.49, 11054866, 2.82380606620985, 0.254615245020522, -0.931754845941107, 0.125539217542529, 0.250881565067844, -0.00640551384250898, -0.136587887531246, 0.130182373688737, 34.9509090909104, 34.8248172042989, 34.8033382173384, 34.7346084460845
3/28/2018, 34.66, 34.95, 34.11, 34.26, 15110643, 2.82321709464094, 0.452030797260644, -0.855212668618985, -0.0723571923054341, 0.211878387849606, -0.0332812342713567, -0.115926556879268, 0.0826453226079115, 34.8516363636377, 34.7355698924709, 34.7066520146522, 34.7628126281263
3/29/2018, 34.38, 35.37, 34.38, 35.22, 14849175, 2.76653170866777, 0.511184424777604, -0.701180210776695, 0.144867587418641, 0.2188457981566, 0.0226227595154, -0.0882166936003345, 0.110839453115735, 35.0047272727286, 34.8412473118257, 34.6545372405374, 34.8047962279623
4/2/2018, 34.94, 35.01, 33.35, 34.03, 21425940, 2.99486877579532, -0.137781851465627, -0.839208041699466, -0.109961816716068, 0.248965041162277, -0.0287643993071143, -0.0763262347416905, 0.0475618354345762, 34.7554545454559, 34.7928602150515, 34.5652869352871, 34.8312420390871
4/3/2018, 34.2, 34.66, 33.6, 34.61, 13213383, 2.9505811967148, -0.0048757576350219, -0.688205098205983, -0.248052996569395, 0.374456155574908, -0.0224293881360609, -0.0655468654205646, 0.0431174772845037, 34.5558181818196, 34.8071182795676, 34.4927667887669, 34.8625666256663
4/4/2018, 33.94, 34.67, 33.73, 34.63, 12807339, 2.93715375273994, 0.251487712035291, -0.869533317229263, -0.218240936299957, 0.353430535624098, -0.0156150131372499, -0.0555604949639016, 0.0399454818266517, 34.4078181818196, 34.8127956989225, 34.4237655677657, 34.8825018450185
4/5/2018, 34.77, 35.88, 34.74, 35.62, 23107089, 2.88820754448386, 0.845869035227923, -0.68489204391445, 0.0199423893600641, 0.444679123245396, 0.068876192495857, -0.0306731574719499, 0.0995493499678069, 34.8552727272741, 34.8848602150515, 34.4112014652016, 34.9189826431598
4/6/2018, 35.39, 35.62, 34.01, 34.66, 19568912, 3.05205006052479, 0.428237729568526, -0.8337282424539, -0.199628321338894, 0.39715464328074, 0.0577068955702771, -0.0129971468635045, 0.0707040424337816, 34.8140000000014, 34.8662795698902, 34.3570989010991, 34.9407008336751
4/9/2018, 35, 35.32, 34.68, 34.71, 16787465, 2.99034434868625, 0.221234961781612, -0.69278326182388, -0.175717673601709, 0.503331775446868, 0.0522869974596958, 5.96820011355484E-05, 0.0522273154585602, 34.7863636363651, 34.9087096774171, 34.2856654456656, 34.9651264179309
4/10/2018, 35.4, 36.48, 35.29, 36.17, 23067566, 2.97083521497801, 0.439740072224949, -0.41837482751185, 0.137463563425625, 0.616014899907922, 0.163912011789471, 0.0328301479588025, 0.131081863830668, 35.3925454545469, 35.1459354838686, 34.283838827839, 35.0076416564166
4/11/2018, 36.25, 37.07, 36.11, 36.83, 23555692, 2.90204600161464, 0.703992398649926, -0.174866505400779, 0.424114528103444, 0.592657014835646, 0.302149136842253, 0.0866939457354927, 0.21545519110676, 36.0100000000015, 35.403333333331, 34.3135555555557, 35.0679308459752
4/12/2018, 36.85, 36.97, 36.32, 36.76, 13314235, 2.85060491097643, 0.789888636802881, 0.03790022328453, 0.483012167658366, 0.579373807989112, 0.401427236107637, 0.149640603809921, 0.251786632297715, 36.4296363636379, 35.5727311827934, 34.3578803418805, 35.124237255706
4/13/2018, 36.91, 37.66, 36.91, 37.38, 17243313, 2.78354266188119, 0.965377184143786, 0.159331786788067, 0.552521861065758, 0.625046175378797, 0.52409324281291, 0.224531131610519, 0.299562111202391, 37.1190909090924, 35.8195913978471, 34.4443223443225, 35.1886994669948
4/16/2018, 37.33, 37.88, 37.05, 37.65, 24089123, 2.73562771490207, 0.836744100419356, 0.174672205891623, 0.484565057561079, 0.629213816407065, 0.635764977492954, 0.306777900787006, 0.328987076705948, 37.5460000000015, 36.1243655913955, 34.5314261294263, 35.2574328276617
4/17/2018, 37.65, 38.07, 37.42, 37.89, 12780199, 2.66815952211032, 0.888157857643359, 0.518167335051357, 0.584177111048992, 0.61180581349238, 0.735157191530114, 0.392453758935628, 0.342703432594486, 37.9743636363652, 36.4782795698901, 34.6206715506717, 35.3236810168102
4/18/2018, 38.39, 39.58, 38.34, 39.06, 33754164, 2.67515965381776, 1.19892299490415, 0.958072542957703, 0.722267055910832, 0.677502295049781, 0.897984057895066, 0.493559818727515, 0.40442423916755, 38.6320000000016, 36.9391182795675, 34.7351892551894, 35.4041713817139
4/19/2018, 39.15, 39.48, 38.76, 38.98, 25868610, 2.63897253140625, 1.2167315119664, 0.855148943907843, 0.623340575933211, 0.610267651369315, 1.00893976165227, 0.596635807312467, 0.412303954339805, 39.2183636363652, 37.3366666666643, 34.8484615384617, 35.4821385813859
4/20/2018, 38.71, 39.06, 38.35, 38.86, 16141021, 2.60611919224151, 1.33542796635264, 1.08559469615886, 0.602290950263752, 0.708899624181402, 1.07480032999023, 0.69226871184802, 0.382531618142212, 39.3880000000016, 37.6834408602126, 34.9645372405374, 35.5583217165506
4/23/2018, 38.55, 39.14, 38.25, 39.12, 16918291, 2.57311099744325, 1.29927424991683, 1.48587462690526, 0.781017541210453, 0.799654141311533, 1.13489279430071, 0.780793528338558, 0.354099265962153, 39.4283636363653, 38.0813763440836, 35.0989255189257, 35.6392212655461
4/24/2018, 39.21, 39.63, 38.29, 38.64, 26543629, 2.64821679888667, 1.46630787120711, 1.38207997046676, 0.671604440988666, 0.774537421463787, 1.13074993534966, 0.850784809740778, 0.279965125608878, 39.3543636363653, 38.3930107526857, 35.1976263736266, 35.7195563755639
4/25/2018, 38.56, 39.2, 38.26, 39.12, 19970178, 2.60508032345429, 1.44172619074552, 1.29676375567527, 0.710786537770515, 0.766360696087094, 1.15290866482847, 0.911209580758315, 0.241699084070151, 39.4434545454562, 38.730838709675, 35.3069963369965, 35.8139557195573
4/26/2018, 39.33, 39.7, 39.02, 39.65, 13570975, 2.5274957160367, 1.24086549345917, 1.50936025116483, 0.6550037725291, 0.779328682871131, 1.19941013476396, 0.968849691559444, 0.230560443204515, 39.576727272729, 39.0984731182771, 35.4286129426131, 35.9136405630724
4/27/2018, 39.5, 39.54, 38.86, 38.93, 19615313, 2.54699318992583, 1.28362093178445, 1.10844254724133, 0.450226065570826, 0.723679824608586, 1.16473852135429, 1.00802745751841, 0.156711063835875, 39.4276363636381, 39.3103870967717, 35.5060805860807, 36.0061992619927
4/30/2018, 38.81, 39.78, 38.8, 39.38, 24108258, 2.51642261654702, 1.42099404884245, 1.1793459213943, 0.582513009527747, 0.734900318670831, 1.16019821430848, 1.03846160887643, 0.121736605432053, 39.4034545454563, 39.5719784946211, 35.6145543345545, 36.1041544348778
5/1/2018, 39.08, 39.32, 38.65, 39.2, 19646896, 2.49469098233777, 1.17582749481491, 1.1827852572068, 0.60642419721173, 0.696072992874309, 1.12906038725768, 1.05658136455268, 0.0724790227050036, 39.270727272729, 39.7213978494599, 35.7131013431015, 36.2029900232337
5/2/2018, 39.07, 39.9, 39.07, 39.56, 14216755, 2.45329353342413, 1.62491353424115, 1.27648065698682, 0.832511681429471, 0.724852312529391, 1.1205158174913, 1.0693682551404, 0.0511475623508999, 39.4249090909109, 39.9141075268792, 35.843501831502, 36.3004212108789
5/3/2018, 39.28, 39.44, 38.51, 38.89, 20063902, 2.50577725824494, 1.47273310247004, 1.34406231054162, 0.697176540799261, 0.709935235155352, 1.04760464952629, 1.06501553401758, -0.0174108844912941, 39.3043636363654, 40.0810537634383, 35.9635506715509, 36.3915410687442
5/4/2018, 38.87, 39.72, 38.81, 39.61, 12659831, 2.45208769741198, 1.39677566427614, 1.32279976014106, 0.718412550394232, 0.661274615693933, 1.03597789799213, 1.05920800681249, -0.023230108820357, 39.4134545454564, 40.2674193548361, 36.1169938949941, 36.4917397840646
5/7/2018, 40, 41.01, 39.79, 39.85, 28696568, 2.49111252220236, 2.08092769140641, 1.17947876481929, 0.686115587324392, 0.738767353429095, 1.03420790293841, 1.05420798603767, -0.0200000830992622, 39.6165454545473, 40.4501505376319, 36.2971062271064, 36.5998709853767
5/8/2018, 39.79, 40.68, 38.81, 40.67, 44577891, 2.5487408976955, 2.11130668932285, 1.29641202315367, 0.880779643283505, 0.835706385101546, 1.08644841504232, 1.0606560718386, 0.0257923432037159, 39.9670909090927, 40.7470322580619, 36.5047765567767, 36.7202886428866
5/9/2018, 41.29, 42.07, 41.25, 41.39, 24994060, 2.54830702328611, 2.31629854175211, 1.65016270235644, 1.0292939208875, 0.889564187020781, 1.172432310109, 1.08301131949268, 0.0894209906163188, 40.5516363636382, 41.0436129032232, 36.7477020757023, 36.846048927156
5/10/2018, 41.61, 41.81, 41.17, 41.58, 18475475, 2.48678947352384, 2.09207509117723, 1.96448142998245, 1.11097540766096, 0.814488148107317, 1.24159425285231, 1.11472790616461, 0.1268663466877, 41.1840000000019, 41.3044516129006, 36.9863931623933, 36.9677471641384
5/11/2018, 41.59, 41.77, 41.13, 41.27, 16663664, 2.45773372894755, 2.56948370411633, 1.81055291059659, 1.13512666102633, 0.796120908870711, 1.25690239314577, 1.14316280356084, 0.113739589584925, 41.4600000000019, 41.5427311827931, 37.2314212454214, 37.0856329096625
5/14/2018, 41.44, 41.89, 41.44, 41.79, 13735796, 2.37997457391678, 2.73291047217628, 1.74662091300596, 1.09993595494219, 0.803208054284157, 1.29605375784125, 1.17374099441692, 0.122312763424328, 41.8780000000019, 41.7286236559114, 37.5053894993897, 37.2067136804702
5/15/2018, 41.77, 42.03, 41.29, 41.95, 14824686, 2.3405525762046, 2.53197200140697, 1.63863730102164, 1.11136201950795, 0.821198030674195, 1.32472159333953, 1.20393711420144, 0.120784479138083, 42.1838181818201, 41.923419354836, 37.7882368742371, 37.3223386633868
5/16/2018, 41.8, 42.34, 41.59, 42.23, 11993569, 2.2975816136205, 2.39008371248766, 1.78242109288282, 1.0190985431811, 0.871438309469399, 1.35442178817903, 1.23403404899696, 0.120387739182071, 42.5083636363656, 42.1077204301049, 38.0754529914532, 37.4418111247781
5/17/2018, 42.5, 43.65, 42.46, 43.52, 24393421, 2.28114724186659, 2.74228501643473, 2.09236087220618, 1.0334365470972, 0.979065845400663, 1.46516214837319, 1.28025966887221, 0.184902479500982, 42.998909090911, 42.472666666664, 38.4214652014654, 37.5805841191746
5/18/2018, 43.48, 43.62, 42.99, 43.16, 14526909, 2.25814994364533, 2.30956816104254, 2.02922137889601, 0.962700655200943, 1.01489127838487, 1.50650958558088, 1.32550965221394, 0.180999933366938, 43.2565454545474, 42.6769677419328, 38.7469279609282, 37.7153636736368
5/21/2018, 43.5, 44.22, 43.32, 44.22, 13824785, 2.21367399342709, 2.48143678001316, 2.04533164570456, 0.973798681988196, 1.20323059732976, 1.60629450549482, 1.38166662287012, 0.2246278826247, 43.7347272727293, 42.9642580645134, 39.1103540903543, 37.8703813038131
5/22/2018, 44.24, 44.75, 42.86, 43.08, 30176152, 2.37799978620888, 1.79671376351487, 1.76937721481126, 0.867784928084629, 1.05100264941846, 1.57522805237331, 1.42037890877076, 0.154849143602557, 43.7447272727293, 43.1428817204274, 39.4401880341882, 38.0063072297391
5/23/2018, 42.84, 43.1, 42.04, 42.84, 24365425, 2.39547197129749, 1.37672576066539, 1.75796790859408, 0.796785365055137, 1.08613401430346, 1.51379162269266, 1.43906145155514, 0.0747301711375274, 43.6843636363657, 43.2904731182768, 39.7639462759465, 38.1335134618014
5/24/2018, 42.07, 42.6, 41.82, 42.21, 24341745, 2.4304884692695, 1.15696849075105, 1.65492940673429, 0.779469208035619, 1.04405718494324, 1.39815007097486, 1.43087917543908, -0.0327291044642184, 43.3652727272748, 43.3146881720402, 40.0418803418805, 38.2485934126009
5/25/2018, 41.06, 41.15, 40.05, 40.88, 39766514, 2.64827231833347, 0.683998438900439, 1.47022756569046, 0.455325480394434, 0.92885495430961, 1.18551751540138, 1.38180684343154, -0.196289328030163, 42.4903636363657, 43.1763225806424, 40.2666593406595, 38.3430389503897
5/29/2018, 40.39, 41.33, 40.38, 41.06, 21979817, 2.62051397357035, 0.655763988824304, 1.42476812247692, 0.425938976522754, 0.987932224073876, 1.01977386057427, 1.30940024686009, -0.289626386285819, 41.8029090909112, 43.0562150537607, 40.4881709401712, 38.4380155801559
5/30/2018, 41.33, 42.78, 41.3, 42.58, 26868443, 2.6025924980521, 1.19689422792629, 1.89022797164465, 0.588037431418327, 1.08093799657929, 0.999549927469566, 1.24743018298198, -0.247880255512417, 41.7123636363658, 43.1229677419327, 40.7709719169721, 38.5550102501027
5/31/2018, 42.21, 43.22, 42.15, 42.25, 17989710, 2.61840163641907, 0.953936198789807, 1.71244504050045, 0.58095743524384, 1.09077029170525, 0.94598929694628, 1.18714200577484, -0.241152708828563, 41.5294545454567, 43.1955913978467, 41.0580757020759, 38.6577553642205
6/1/2018, 42.21, 42.75, 41.72, 42.15, 15725940, 2.61556573384983, 0.770323608257143, 1.43477712223501, 0.536962983705358, 1.0967552057088, 0.885268127197882, 1.12676723005945, -0.241499102861568, 41.5689090909113, 43.229612903223, 41.3424884004886, 38.7680882875497
6/4/2018, 42.3, 42.57, 40.92, 41.17, 15175881, 2.7443233154647, 0.69816908711155, 1.41302783334916, 0.418772125938313, 1.06581862303004, 0.749429397312973, 1.05129966351016, -0.301870266197182, 41.2725454545477, 43.1108387096746, 41.5794896214898, 38.866790214569
6/5/2018, 40.83, 41.48, 40.62, 41.07, 14705950, 2.71815440352563, 0.536983861387865, 1.40228544299346, 0.437419411028362, 1.10630385111074, 0.626485328060554, 0.966336796420235, -0.339851468359681, 41.262181818184, 42.9818064516101, 41.7930573870576, 38.9602033620338
6/6/2018, 41.33, 41.48, 40.67, 41.17, 14680404, 2.6743471286169, 0.621198872292109, 1.28251076983442, 0.327083369891185, 1.0779031964903, 0.530999401118507, 0.879269317359889, -0.348269916241382, 41.2301818181841, 42.8208817204273, 42.0127472527474, 39.0605048517154
6/7/2018, 41.36, 42.43, 41.35, 42.21, 15878195, 2.6272856602914, 0.785258680841649, 1.69637881768097, 0.414583049789328, 1.1865969543632, 0.533100177433219, 0.810035489374555, -0.276935311941336, 41.6136363636386, 42.8075913978466, 42.2594627594629, 39.1741194478613
6/8/2018, 42.15, 42.34, 41.51, 42.04, 16929765, 2.60472981291282, 0.954654567830714, 1.7205501126803, 0.490885754057127, 1.14934362788942, 0.515109615543793, 0.751050314608403, -0.23594069906461, 41.8467272727295, 42.7881290322552, 42.4663272283274, 39.2836364630315
6/11/2018, 41.83, 42.58, 41.8, 42.34, 10396687, 2.54907178243062, 0.83443146003401, 1.58111879583811, 0.484017356931717, 1.14253128618908, 0.519075874854998, 0.704655426657722, -0.185579551802724, 41.9267272727296, 42.7433118279541, 42.6812576312578, 39.3989457427909
6/12/2018, 42.34, 42.73, 41.98, 42.18, 11142799, 2.51970873173795, 0.716157152309462, 1.92046653165595, 0.525404673567893, 1.12404074956184, 0.503504415627539, 0.664425224451686, -0.160920808824147, 41.9078181818205, 42.6861935483842, 42.8892161172163, 39.5088224682249
6/13/2018, 42, 42.43, 41.74, 42.16, 17883074, 2.47668995705577, 0.478238974343708, 1.77821238635142, 0.544832511324446, 1.11561166658254, 0.483971170755567, 0.628334413712462, -0.144363242956895, 42.1249090909114, 42.5964731182767, 43.0574603174605, 39.6139811398116
6/14/2018, 42.41, 42.66, 41.58, 41.7, 20890683, 2.50830662254191, 0.132148486396832, 1.66501902117536, 0.356930928873186, 1.10026075198811, 0.426456848753247, 0.587958900720619, -0.161502051967372, 42.1400000000023, 42.4532903225777, 43.1753919413921, 39.7117501708352
6/15/2018, 41.27, 41.37, 40.31, 40.42, 20260117, 2.6302960626422, -0.282148711290895, 1.13164959275219, 0.169871490692846, 1.00441740769847, 0.274427601044842, 0.525252640785463, -0.250825039740622, 41.7229090909114, 42.0892258064487, 43.2420024420026, 39.7962345223454
6/18/2018, 40.48, 41.85, 40.36, 41.29, 22781071, 2.62656184328888, 0.0500069693532959, 1.57503777755823, 0.298227372126577, 1.05599823037767, 0.221590696418083, 0.464520251911987, -0.242929555493904, 41.5047272727296, 41.8736774193519, 43.3178730158732, 39.891060543939
6/19/2018, 40.62, 41.84, 40.51, 41.65, 13846031, 2.63333017008231, 0.00659095453339506, 1.6367897806363, 0.452512699701985, 1.03018744912542, 0.206386959785519, 0.412893593486694, -0.206506633701175, 41.384363636366, 41.7089677419325, 43.3743711843713, 39.9904720513874
6/20/2018, 42.18, 42.47, 41.61, 42.36, 17264939, 2.56124389765656, 0.152762655189304, 1.49509586798652, 0.519924174234064, 1.0358704050709, 0.248761388808035, 0.380067152550962, -0.131305763742927, 41.4976363636387, 41.6773978494594, 43.4553357753359, 40.0964083640838
6/21/2018, 41.94, 42.16, 41.09, 41.26, 15869960, 2.65195290667705, -0.200953279898446, 1.06674700973841, 0.483851669947567, 0.972282375448334, 0.191376552414752, 0.34232903252372, -0.150952480108968, 41.3740000000024, 41.5433548387067, 43.4995799755801, 40.178847888479
6/22/2018, 42.85, 43.1, 42.43, 42.59, 24092998, 2.65669401462832, -0.181833706308829, 1.32639342467791, 0.836279942869731, 1.01122737431598, 0.25033285948652, 0.32392979791628, -0.0735969384297605, 41.7276363636388, 41.5915698924701, 43.5860781440783, 40.2808670220038
6/25/2018, 42.58, 42.64, 41.24, 41.47, 22288664, 2.76081910245646, -0.361239885376908, 0.933327551532093, 0.699976257357306, 0.945391474979839, 0.204326172896181, 0.30000907291226, -0.0956829000160792, 41.724363636366, 41.4704946236529, 43.643987789988, 40.3586382397159
6/26/2018, 41.65, 42.62, 41.32, 42.46, 21554741, 2.71471054568831, -0.368982095289059, 1.05706341074986, 0.793105898255612, 1.09889318172194, 0.244926903654211, 0.28899263906065, -0.0440657354064397, 42.0785454545479, 41.5084086021475, 43.74126984127, 40.447261719284
6/27/2018, 42.94, 43.87, 42.88, 43.04, 21277536, 2.7080222881373, 0.0376608932834414, 1.11328704556671, 1.10966486732187, 1.11049910858645, 0.320213209477124, 0.295236753143945, 0.0249764563331793, 42.6138181818206, 41.6262580645131, 43.8539951159953, 40.5468785021185
6/28/2018, 43.2, 43.3, 42.44, 42.91, 15744836, 2.68062492000368, 0.0645988890736605, 0.856801391524587, 1.28372141564978, 1.04208439712754, 0.365178683162007, 0.309225139147558, 0.0559535440144497, 42.9641818181843, 41.7392473118249, 43.9521343101345, 40.6386464397979
6/29/2018, 43.14, 43.84, 42.97, 43.06, 12906595, 2.64571143872481, 0.259779606896251, 0.904297865302723, 1.2343184415411, 0.977188507314635, 0.408212274417551, 0.329022566201556, 0.0791897082159945, 43.0443636363662, 41.952881720427, 44.0321709401711, 40.7310151701519
7/2/2018, 42.68, 42.68, 41.86, 42.24, 12323508, 2.70426415302831, 0.408577828900974, 0.757589869090114, 1.31682836355073, 0.904055461062008, 0.371862953897903, 0.337590643740826, 0.0342723101570774, 42.8712727272753, 42.0414408602119, 44.0850012210014, 40.8164881782153
7/3/2018, 43, 43.47, 42.41, 42.68, 11504979, 2.68666147921087, 0.473315977814843, 0.78736503105248, 1.62892596699487, 0.935449036790733, 0.374246102164292, 0.344921735425519, 0.0293243667387735, 42.8703636363662, 42.2624301075237, 44.1710525030527, 40.8976151428183
7/5/2018, 43.01, 43.19, 42.3, 42.62, 11899351, 2.66033262168193, 0.0528327626053717, 0.883956597888164, 1.6190846225942, 0.906264319750645, 0.367062003487945, 0.349349789038004, 0.0177122144499406, 42.934545454548, 42.4097419354808, 44.2519242979245, 40.9751042777096
7/6/2018, 42.36, 43.53, 42.25, 43.41, 10325454, 2.62875391659248, 0.363194145025293, 0.929992140013737, 1.58496275588082, 0.95131256958605, 0.420270336394076, 0.363533898509219, 0.0567364378848571, 43.0374545454571, 42.644258064513, 44.3433699633702, 41.0720554872217
7/9/2018, 43.65, 44.58, 43.61, 44.52, 14932683, 2.56645321525866, 0.668785229238733, 1.01585634235945, 1.79704373468176, 0.962582736034936, 0.545715379709208, 0.399970194749216, 0.145745184959991, 43.672545454548, 42.9739354838678, 44.456197802198, 41.1860300669675
7/10/2018, 44.9, 45.45, 44.23, 44.45, 17459800, 2.57920297606637, 0.958166659512537, 1.16901171919634, 1.60755191756087, 0.953583462060317, 0.632195509033494, 0.446415257606072, 0.185780251427422, 43.9541818181844, 43.1911612903194, 44.565125763126, 41.3042361623618
